outcome,feature_set,model,fpr,tpr,threshold,auc
high_debt_burden,app,"Logistic (app, calibrated)",0.0,0.0,inf,0.6700771994190935
high_debt_burden,app,"Logistic (app, calibrated)",0.0,0.0009070294784580499,0.9428571428571428,0.6700771994190935
high_debt_burden,app,"Logistic (app, calibrated)",0.0009630818619582664,0.0009070294784580499,0.8730458221024259,0.6700771994190935
high_debt_burden,app,"Logistic (app, calibrated)",0.0012841091492776886,0.0013605442176870747,0.8639285714285714,0.6700771994190935
high_debt_burden,app,"Logistic (app, calibrated)",0.0016051364365971107,0.0013605442176870747,0.8598516185060102,0.6700771994190935
high_debt_burden,app,"Logistic (app, calibrated)",0.0016051364365971107,0.0018140589569160999,0.856292697833605,0.6700771994190935
high_debt_burden,app,"Logistic (app, calibrated)",0.0016051364365971107,0.0036281179138321997,0.8130952380952381,0.6700771994190935
high_debt_burden,app,"Logistic (app, calibrated)",0.0016051364365971107,0.0045351473922902496,0.7952680443246481,0.6700771994190935
high_debt_burden,app,"Logistic (app, calibrated)",0.002568218298555377,0.0045351473922902496,0.7819783487996532,0.6700771994190935
high_debt_burden,app,"Logistic (app, calibrated)",0.002568218298555377,0.004988662131519274,0.7603414776016908,0.6700771994190935
high_debt_burden,app,"Logistic (app, calibrated)",0.0032102728731942215,0.004988662131519274,0.7364911330330159,0.6700771994190935
high_debt_burden,app,"Logistic (app, calibrated)",0.003531300160513644,0.005442176870748299,0.732295918367347,0.6700771994190935
high_debt_burden,app,"Logistic (app, calibrated)",0.003531300160513644,0.0058956916099773245,0.7253130572592489,0.6700771994190935
high_debt_burden,app,"Logistic (app, calibrated)",0.0038523274478330658,0.007709750566893424,0.7211939702505741,0.6700771994190935
high_debt_burden,app,"Logistic (app, calibrated)",0.0038523274478330658,0.00816326530612245,0.7202728864609835,0.6700771994190935
high_debt_burden,app,"Logistic (app, calibrated)",0.004173354735152488,0.00816326530612245,0.7175998287900966,0.6700771994190935
high_debt_burden,app,"Logistic (app, calibrated)",0.004173354735152488,0.008616780045351474,0.7160128828140924,0.6700771994190935
high_debt_burden,app,"Logistic (app, calibrated)",0.0044943820224719105,0.008616780045351474,0.713819577373378,0.6700771994190935
high_debt_burden,app,"Logistic (app, calibrated)",0.0044943820224719105,0.009523809523809525,0.7134600422960519,0.6700771994190935
high_debt_burden,app,"Logistic (app, calibrated)",0.004815409309791332,0.009523809523809525,0.7084955575521613,0.6700771994190935
high_debt_burden,app,"Logistic (app, calibrated)",0.004815409309791332,0.010884353741496598,0.7056292517006802,0.6700771994190935
high_debt_burden,app,"Logistic (app, calibrated)",0.005136436597110754,0.010884353741496598,0.7042532613585245,0.6700771994190935
high_debt_burden,app,"Logistic (app, calibrated)",0.005457463884430177,0.012244897959183673,0.7041666666666666,0.6700771994190935
high_debt_burden,app,"Logistic (app, calibrated)",0.005778491171749599,0.012244897959183673,0.7032428645560315,0.6700771994190935
high_debt_burden,app,"Logistic (app, calibrated)",0.006099518459069021,0.012698412698412698,0.7018288908854947,0.6700771994190935
high_debt_burden,app,"Logistic (app, calibrated)",0.006099518459069021,0.013151927437641724,0.7016701607267646,0.6700771994190935
high_debt_burden,app,"Logistic (app, calibrated)",0.006420545746388443,0.013151927437641724,0.698697705802969,0.6700771994190935
high_debt_burden,app,"Logistic (app, calibrated)",0.006741573033707865,0.014058956916099773,0.6960460577673693,0.6700771994190935
high_debt_burden,app,"Logistic (app, calibrated)",0.007383627608346709,0.015873015873015872,0.695203081232493,0.6700771994190935
high_debt_burden,app,"Logistic (app, calibrated)",0.007383627608346709,0.017233560090702947,0.6866033269757204,0.6700771994190935
high_debt_burden,app,"Logistic (app, calibrated)",0.007383627608346709,0.018140589569160998,0.6859992931045563,0.6700771994190935
high_debt_burden,app,"Logistic (app, calibrated)",0.007383627608346709,0.018594104308390022,0.680102317962298,0.6700771994190935
high_debt_burden,app,"Logistic (app, calibrated)",0.0077046548956661316,0.018594104308390022,0.6799025347844055,0.6700771994190935
high_debt_burden,app,"Logistic (app, calibrated)",0.0077046548956661316,0.019954648526077097,0.6698244663663492,0.6700771994190935
high_debt_burden,app,"Logistic (app, calibrated)",0.008025682182985553,0.02040816326530612,0.6675340136054422,0.6700771994190935
high_debt_burden,app,"Logistic (app, calibrated)",0.009309791332263243,0.021768707482993196,0.6649699110413396,0.6700771994190935
high_debt_burden,app,"Logistic (app, calibrated)",0.009630818619582664,0.021768707482993196,0.6638673950164554,0.6700771994190935
high_debt_burden,app,"Logistic (app, calibrated)",0.009630818619582664,0.022222222222222223,0.6636365777080062,0.6700771994190935
high_debt_burden,app,"Logistic (app, calibrated)",0.009951845906902087,0.022222222222222223,0.6633167177667114,0.6700771994190935
high_debt_burden,app,"Logistic (app, calibrated)",0.009951845906902087,0.025396825396825397,0.6578800957400758,0.6700771994190935
high_debt_burden,app,"Logistic (app, calibrated)",0.010272873194221509,0.025396825396825397,0.6576909598510119,0.6700771994190935
high_debt_burden,app,"Logistic (app, calibrated)",0.010914927768860353,0.02585034013605442,0.6575966391519386,0.6700771994190935
high_debt_burden,app,"Logistic (app, calibrated)",0.01187800963081862,0.027664399092970523,0.6571921433202345,0.6700771994190935
high_debt_burden,app,"Logistic (app, calibrated)",0.020545746388443017,0.039909297052154194,0.6562633058186054,0.6700771994190935
high_debt_burden,app,"Logistic (app, calibrated)",0.021829855537720707,0.04353741496598639,0.654905839755257,0.6700771994190935
high_debt_burden,app,"Logistic (app, calibrated)",0.02247191011235955,0.04353741496598639,0.6528616943638317,0.6700771994190935
high_debt_burden,app,"Logistic (app, calibrated)",0.024719101123595506,0.045351473922902494,0.6520451864956509,0.6700771994190935
high_debt_burden,app,"Logistic (app, calibrated)",0.024719101123595506,0.04580498866213152,0.6518134485133404,0.6700771994190935
high_debt_burden,app,"Logistic (app, calibrated)",0.025682182985553772,0.04625850340136054,0.6518098645230588,0.6700771994190935
high_debt_burden,app,"Logistic (app, calibrated)",0.025682182985553772,0.04671201814058957,0.6496814792199764,0.6700771994190935
high_debt_burden,app,"Logistic (app, calibrated)",0.026324237560192615,0.04671201814058957,0.6492633058186053,0.6700771994190935
high_debt_burden,app,"Logistic (app, calibrated)",0.026324237560192615,0.047165532879818596,0.6486809771420313,0.6700771994190935
high_debt_burden,app,"Logistic (app, calibrated)",0.02696629213483146,0.047165532879818596,0.6479058397552568,0.6700771994190935
high_debt_burden,app,"Logistic (app, calibrated)",0.02696629213483146,0.047619047619047616,0.6469175251837319,0.6700771994190935
high_debt_burden,app,"Logistic (app, calibrated)",0.027287319422150885,0.048072562358276644,0.6467650339250859,0.6700771994190935
high_debt_burden,app,"Logistic (app, calibrated)",0.02825040128410915,0.048072562358276644,0.6466063037663558,0.6700771994190935
high_debt_burden,app,"Logistic (app, calibrated)",0.02825040128410915,0.04852607709750567,0.646576354679803,0.6700771994190935
high_debt_burden,app,"Logistic (app, calibrated)",0.030497592295345103,0.05170068027210884,0.6457635718916631,0.6700771994190935
high_debt_burden,app,"Logistic (app, calibrated)",0.030818619582664526,0.05170068027210884,0.6456735229701228,0.6700771994190935
high_debt_burden,app,"Logistic (app, calibrated)",0.03113964686998395,0.05215419501133787,0.6451816830416631,0.6700771994190935
high_debt_burden,app,"Logistic (app, calibrated)",0.03113964686998395,0.05396825396825397,0.6448098645230587,0.6700771994190935
high_debt_burden,app,"Logistic (app, calibrated)",0.03178170144462279,0.05442176870748299,0.6424653959412374,0.6700771994190935
high_debt_burden,app,"Logistic (app, calibrated)",0.03178170144462279,0.055328798185941046,0.6395715512748275,0.6700771994190935
high_debt_burden,app,"Logistic (app, calibrated)",0.03210272873194221,0.05668934240362812,0.6395574234656641,0.6700771994190935
high_debt_burden,app,"Logistic (app, calibrated)",0.03210272873194221,0.05714285714285714,0.6389372721718678,0.6700771994190935
high_debt_burden,app,"Logistic (app, calibrated)",0.03242375601926164,0.05714285714285714,0.6382608254802087,0.6700771994190935
high_debt_burden,app,"Logistic (app, calibrated)",0.03306581059390048,0.06031746031746032,0.6381999574023157,0.6700771994190935
high_debt_burden,app,"Logistic (app, calibrated)",0.033386837881219905,0.06031746031746032,0.6378886653194904,0.6700771994190935
high_debt_burden,app,"Logistic (app, calibrated)",0.035955056179775284,0.06349206349206349,0.6367446400475635,0.6700771994190935
high_debt_burden,app,"Logistic (app, calibrated)",0.036276083467094704,0.06394557823129252,0.6366316526610645,0.6700771994190935
high_debt_burden,app,"Logistic (app, calibrated)",0.036597110754414124,0.06394557823129252,0.6366051861604858,0.6700771994190935
high_debt_burden,app,"Logistic (app, calibrated)",0.036597110754414124,0.06439909297052154,0.6363943284187996,0.6700771994190935
high_debt_burden,app,"Logistic (app, calibrated)",0.03691813804173355,0.06439909297052154,0.6357733869552442,0.6700771994190935
high_debt_burden,app,"Logistic (app, calibrated)",0.03691813804173355,0.06485260770975057,0.6357640495520085,0.6700771994190935
high_debt_burden,app,"Logistic (app, calibrated)",0.038202247191011236,0.06848072562358276,0.6351039821701177,0.6700771994190935
high_debt_burden,app,"Logistic (app, calibrated)",0.038202247191011236,0.06938775510204082,0.6340655036208032,0.6700771994190935
high_debt_burden,app,"Logistic (app, calibrated)",0.038523274478330656,0.06938775510204082,0.6336999574023158,0.6700771994190935
high_debt_burden,app,"Logistic (app, calibrated)",0.04654895666131621,0.08888888888888889,0.6329751102717102,0.6700771994190935
high_debt_burden,app,"Logistic (app, calibrated)",0.04686998394863563,0.08888888888888889,0.6328543028935771,0.6700771994190935
high_debt_burden,app,"Logistic (app, calibrated)",0.0478330658105939,0.08934240362811792,0.6315394700153115,0.6700771994190935
high_debt_burden,app,"Logistic (app, calibrated)",0.051043338683788124,0.09523809523809523,0.6314745179326289,0.6700771994190935
high_debt_burden,app,"Logistic (app, calibrated)",0.051043338683788124,0.09569160997732426,0.6309173669467787,0.6700771994190935
high_debt_burden,app,"Logistic (app, calibrated)",0.051364365971107544,0.09614512471655329,0.629731711879058,0.6700771994190935
high_debt_burden,app,"Logistic (app, calibrated)",0.051364365971107544,0.09659863945578231,0.6296051861604857,0.6700771994190935
high_debt_burden,app,"Logistic (app, calibrated)",0.051685393258426963,0.09705215419501134,0.629582948276181,0.6700771994190935
high_debt_burden,app,"Logistic (app, calibrated)",0.051685393258426963,0.09750566893424037,0.6291633220119653,0.6700771994190935
high_debt_burden,app,"Logistic (app, calibrated)",0.05232744783306581,0.09750566893424037,0.6287881926964334,0.6700771994190935
high_debt_burden,app,"Logistic (app, calibrated)",0.05232744783306581,0.09886621315192744,0.6285235695073227,0.6700771994190935
high_debt_burden,app,"Logistic (app, calibrated)",0.05264847512038523,0.09931972789115646,0.6282311195399768,0.6700771994190935
high_debt_burden,app,"Logistic (app, calibrated)",0.05264847512038523,0.09977324263038549,0.6271338082969704,0.6700771994190935
high_debt_burden,app,"Logistic (app, calibrated)",0.052969502407704656,0.10022675736961452,0.6270540327574268,0.6700771994190935
high_debt_burden,app,"Logistic (app, calibrated)",0.052969502407704656,0.10158730158730159,0.6256163616442126,0.6700771994190935
high_debt_burden,app,"Logistic (app, calibrated)",0.053290529695024076,0.10158730158730159,0.6253112267038559,0.6700771994190935
high_debt_burden,app,"Logistic (app, calibrated)",0.05393258426966292,0.10294784580498866,0.6248381236260826,0.6700771994190935
high_debt_burden,app,"Logistic (app, calibrated)",0.05393258426966292,0.10340136054421768,0.6242277107129324,0.6700771994190935
high_debt_burden,app,"Logistic (app, calibrated)",0.05425361155698234,0.10385487528344671,0.6238106343647746,0.6700771994190935
high_debt_burden,app,"Logistic (app, calibrated)",0.05425361155698234,0.10430839002267574,0.622959460819441,0.6700771994190935
high_debt_burden,app,"Logistic (app, calibrated)",0.05682182985553772,0.11337868480725624,0.6213311062129769,0.6700771994190935
high_debt_burden,app,"Logistic (app, calibrated)",0.05714285714285714,0.11383219954648525,0.6205384856422341,0.6700771994190935
high_debt_burden,app,"Logistic (app, calibrated)",0.05746388443017657,0.11383219954648525,0.6202766975732974,0.6700771994190935
high_debt_burden,app,"Logistic (app, calibrated)",0.05810593900481541,0.11428571428571428,0.6198993038075444,0.6700771994190935
high_debt_burden,app,"Logistic (app, calibrated)",0.058426966292134834,0.11473922902494331,0.6198005583152071,0.6700771994190935
high_debt_burden,app,"Logistic (app, calibrated)",0.059069020866773674,0.11473922902494331,0.6194594346963623,0.6700771994190935
high_debt_burden,app,"Logistic (app, calibrated)",0.059069020866773674,0.11519274376417234,0.6193461685457781,0.6700771994190935
high_debt_burden,app,"Logistic (app, calibrated)",0.06003210272873194,0.11519274376417234,0.6187761052342162,0.6700771994190935
high_debt_burden,app,"Logistic (app, calibrated)",0.060674157303370786,0.11882086167800454,0.6186823271581687,0.6700771994190935
high_debt_burden,app,"Logistic (app, calibrated)",0.060995184590690206,0.11882086167800454,0.6185299857647977,0.6700771994190935
high_debt_burden,app,"Logistic (app, calibrated)",0.060995184590690206,0.11972789115646258,0.6177657476678837,0.6700771994190935
high_debt_burden,app,"Logistic (app, calibrated)",0.06131621187800963,0.11972789115646258,0.6177609743028571,0.6700771994190935
high_debt_burden,app,"Logistic (app, calibrated)",0.06131621187800963,0.12018140589569161,0.6174728028979605,0.6700771994190935
high_debt_burden,app,"Logistic (app, calibrated)",0.06163723916532905,0.1219954648526077,0.6173596212678619,0.6700771994190935
high_debt_burden,app,"Logistic (app, calibrated)",0.06163723916532905,0.12290249433106576,0.6165180978264212,0.6700771994190935
high_debt_burden,app,"Logistic (app, calibrated)",0.06195826645264847,0.12290249433106576,0.6160354639996591,0.6700771994190935
high_debt_burden,app,"Logistic (app, calibrated)",0.06260032102728733,0.12471655328798185,0.6156168204986912,0.6700771994190935
high_debt_burden,app,"Logistic (app, calibrated)",0.06324237560192617,0.12562358276643992,0.6155327068415641,0.6700771994190935
high_debt_burden,app,"Logistic (app, calibrated)",0.063884430176565,0.12562358276643992,0.6146416020556454,0.6700771994190935
high_debt_burden,app,"Logistic (app, calibrated)",0.06452648475120386,0.12607709750566892,0.614355620059014,0.6700771994190935
high_debt_burden,app,"Logistic (app, calibrated)",0.06581059390048154,0.127437641723356,0.6142844740886246,0.6700771994190935
high_debt_burden,app,"Logistic (app, calibrated)",0.06645264847512039,0.12789115646258503,0.6140205932241873,0.6700771994190935
high_debt_burden,app,"Logistic (app, calibrated)",0.06645264847512039,0.12834467120181406,0.6137615327856147,0.6700771994190935
high_debt_burden,app,"Logistic (app, calibrated)",0.06741573033707865,0.12834467120181406,0.6123975468603144,0.6700771994190935
high_debt_burden,app,"Logistic (app, calibrated)",0.06741573033707865,0.1287981859410431,0.6123401896367895,0.6700771994190935
high_debt_burden,app,"Logistic (app, calibrated)",0.06773675762439807,0.1287981859410431,0.6119685383564224,0.6700771994190935
high_debt_burden,app,"Logistic (app, calibrated)",0.0709470304975923,0.14285714285714285,0.6114778576059487,0.6700771994190935
high_debt_burden,app,"Logistic (app, calibrated)",0.0709470304975923,0.14331065759637188,0.6113383151883441,0.6700771994190935
high_debt_burden,app,"Logistic (app, calibrated)",0.07126805778491171,0.14467120181405896,0.6111122216663618,0.6700771994190935
high_debt_burden,app,"Logistic (app, calibrated)",0.07158908507223113,0.14467120181405896,0.6108918459264586,0.6700771994190935
high_debt_burden,app,"Logistic (app, calibrated)",0.07512038523274478,0.1528344671201814,0.6096125597163082,0.6700771994190935
high_debt_burden,app,"Logistic (app, calibrated)",0.07608346709470305,0.1546485260770975,0.6091721083757025,0.6700771994190935
high_debt_burden,app,"Logistic (app, calibrated)",0.07640449438202247,0.15510204081632653,0.6088404949685862,0.6700771994190935
high_debt_burden,app,"Logistic (app, calibrated)",0.07640449438202247,0.15555555555555556,0.6079950215931524,0.6700771994190935
high_debt_burden,app,"Logistic (app, calibrated)",0.07672552166934189,0.15555555555555556,0.6079197044615874,0.6700771994190935
high_debt_burden,app,"Logistic (app, calibrated)",0.07672552166934189,0.15600907029478459,0.607829832026491,0.6700771994190935
high_debt_burden,app,"Logistic (app, calibrated)",0.07736757624398073,0.1582766439909297,0.6076963450009067,0.6700771994190935
high_debt_burden,app,"Logistic (app, calibrated)",0.07865168539325842,0.16417233560090702,0.6076560379771777,0.6700771994190935
high_debt_burden,app,"Logistic (app, calibrated)",0.07865168539325842,0.16462585034013605,0.6069526323737809,0.6700771994190935
high_debt_burden,app,"Logistic (app, calibrated)",0.07897271268057784,0.16462585034013605,0.605492683113772,0.6700771994190935
high_debt_burden,app,"Logistic (app, calibrated)",0.07897271268057784,0.16689342403628118,0.6052278576059488,0.6700771994190935
high_debt_burden,app,"Logistic (app, calibrated)",0.08025682182985554,0.16825396825396827,0.6050589823635442,0.6700771994190935
high_debt_burden,app,"Logistic (app, calibrated)",0.08057784911717496,0.16825396825396827,0.6048405510640819,0.6700771994190935
high_debt_burden,app,"Logistic (app, calibrated)",0.08089887640449438,0.17052154195011338,0.6047988481484609,0.6700771994190935
high_debt_burden,app,"Logistic (app, calibrated)",0.08121990369181381,0.1709750566893424,0.6047516232005002,0.6700771994190935
high_debt_burden,app,"Logistic (app, calibrated)",0.08121990369181381,0.17188208616780046,0.6047432541500338,0.6700771994190935
high_debt_burden,app,"Logistic (app, calibrated)",0.08154093097913323,0.17188208616780046,0.6046763060689353,0.6700771994190935
high_debt_burden,app,"Logistic (app, calibrated)",0.08154093097913323,0.1727891156462585,0.6043686016679726,0.6700771994190935
high_debt_burden,app,"Logistic (app, calibrated)",0.08218298555377207,0.1727891156462585,0.6040215181355573,0.6700771994190935
high_debt_burden,app,"Logistic (app, calibrated)",0.08250401284109149,0.17324263038548754,0.6031757137298539,0.6700771994190935
high_debt_burden,app,"Logistic (app, calibrated)",0.08314606741573034,0.17369614512471657,0.6030683870644447,0.6700771994190935
high_debt_burden,app,"Logistic (app, calibrated)",0.08314606741573034,0.17414965986394557,0.6028227728648557,0.6700771994190935
high_debt_burden,app,"Logistic (app, calibrated)",0.08378812199036918,0.1746031746031746,0.602597164553174,0.6700771994190935
high_debt_burden,app,"Logistic (app, calibrated)",0.08443017656500802,0.1746031746031746,0.6025904949685861,0.6700771994190935
high_debt_burden,app,"Logistic (app, calibrated)",0.08475120385232744,0.17505668934240362,0.6024120799288422,0.6700771994190935
high_debt_burden,app,"Logistic (app, calibrated)",0.08507223113964688,0.1764172335600907,0.6014463450009068,0.6700771994190935
high_debt_burden,app,"Logistic (app, calibrated)",0.0853932584269663,0.1764172335600907,0.6012742906810703,0.6700771994190935
high_debt_burden,app,"Logistic (app, calibrated)",0.0853932584269663,0.17732426303854876,0.6009617415449918,0.6700771994190935
high_debt_burden,app,"Logistic (app, calibrated)",0.08571428571428572,0.17732426303854876,0.6002681441098253,0.6700771994190935
high_debt_burden,app,"Logistic (app, calibrated)",0.08571428571428572,0.1782312925170068,0.5992258054190381,0.6700771994190935
high_debt_burden,app,"Logistic (app, calibrated)",0.08667736757624397,0.18049886621315192,0.5990845624341752,0.6700771994190935
high_debt_burden,app,"Logistic (app, calibrated)",0.08667736757624397,0.18231292517006803,0.5988089823635441,0.6700771994190935
high_debt_burden,app,"Logistic (app, calibrated)",0.08667736757624397,0.18321995464852608,0.5984551566227214,0.6700771994190935
high_debt_burden,app,"Logistic (app, calibrated)",0.08699839486356341,0.18503401360544217,0.5983243789076292,0.6700771994190935
high_debt_burden,app,"Logistic (app, calibrated)",0.08699839486356341,0.1854875283446712,0.5977645456014975,0.6700771994190935
high_debt_burden,app,"Logistic (app, calibrated)",0.08956661316211878,0.19183673469387755,0.5977522160241084,0.6700771994190935
high_debt_burden,app,"Logistic (app, calibrated)",0.08956661316211878,0.19319727891156463,0.596797201233821,0.6700771994190935
high_debt_burden,app,"Logistic (app, calibrated)",0.08956661316211878,0.1945578231292517,0.5967525975907605,0.6700771994190935
high_debt_burden,app,"Logistic (app, calibrated)",0.0898876404494382,0.19591836734693877,0.5966203956338181,0.6700771994190935
high_debt_burden,app,"Logistic (app, calibrated)",0.0898876404494382,0.19682539682539682,0.5963294313572558,0.6700771994190935
high_debt_burden,app,"Logistic (app, calibrated)",0.09085072231139647,0.19773242630385487,0.5962834419859959,0.6700771994190935
high_debt_burden,app,"Logistic (app, calibrated)",0.09085072231139647,0.19863945578231293,0.5955217505466379,0.6700771994190935
high_debt_burden,app,"Logistic (app, calibrated)",0.09117174959871589,0.19909297052154196,0.5954303326480241,0.6700771994190935
high_debt_burden,app,"Logistic (app, calibrated)",0.09662921348314607,0.20816326530612245,0.5949510955759292,0.6700771994190935
high_debt_burden,app,"Logistic (app, calibrated)",0.09662921348314607,0.20861678004535147,0.5947117415449918,0.6700771994190935
high_debt_burden,app,"Logistic (app, calibrated)",0.09695024077046549,0.20861678004535147,0.5943579158041692,0.6700771994190935
high_debt_burden,app,"Logistic (app, calibrated)",0.09727126805778491,0.21043083900226758,0.5939830329964555,0.6700771994190935
high_debt_burden,app,"Logistic (app, calibrated)",0.09727126805778491,0.2113378684807256,0.5939449444990847,0.6700771994190935
high_debt_burden,app,"Logistic (app, calibrated)",0.09727126805778491,0.21179138321995464,0.5936673047829453,0.6700771994190935
high_debt_burden,app,"Logistic (app, calibrated)",0.09727126805778491,0.2126984126984127,0.5936292072556328,0.6700771994190935
high_debt_burden,app,"Logistic (app, calibrated)",0.09759229534510433,0.2145124716553288,0.5935225241473578,0.6700771994190935
high_debt_burden,app,"Logistic (app, calibrated)",0.09823434991974318,0.21768707482993196,0.5930041273846054,0.6700771994190935
high_debt_burden,app,"Logistic (app, calibrated)",0.0985553772070626,0.21768707482993196,0.5926672321953979,0.6700771994190935
high_debt_burden,app,"Logistic (app, calibrated)",0.09919743178170144,0.22040816326530613,0.5920743789076293,0.6700771994190935
high_debt_burden,app,"Logistic (app, calibrated)",0.09951845906902086,0.22131519274376418,0.5920532105020875,0.6700771994190935
high_debt_burden,app,"Logistic (app, calibrated)",0.09951845906902086,0.22267573696145124,0.5917205531668065,0.6700771994190935
high_debt_burden,app,"Logistic (app, calibrated)",0.0998394863563403,0.22267573696145124,0.5916300366300365,0.6700771994190935
high_debt_burden,app,"Logistic (app, calibrated)",0.0998394863563403,0.22312925170068026,0.5914041004557239,0.6700771994190935
high_debt_burden,app,"Logistic (app, calibrated)",0.10016051364365972,0.22312925170068026,0.5912602964126389,0.6700771994190935
high_debt_burden,app,"Logistic (app, calibrated)",0.10240770465489567,0.2308390022675737,0.591047605645475,0.6700771994190935
high_debt_burden,app,"Logistic (app, calibrated)",0.10240770465489567,0.23129251700680273,0.5910299421455826,0.6700771994190935
high_debt_burden,app,"Logistic (app, calibrated)",0.10272873194221509,0.23129251700680273,0.591021750546638,0.6700771994190935
high_debt_burden,app,"Logistic (app, calibrated)",0.10272873194221509,0.23265306122448978,0.5905576468452656,0.6700771994190935
high_debt_burden,app,"Logistic (app, calibrated)",0.10337078651685393,0.23265306122448978,0.5901173730873355,0.6700771994190935
high_debt_burden,app,"Logistic (app, calibrated)",0.10337078651685393,0.2331065759637188,0.5899832719973235,0.6700771994190935
high_debt_burden,app,"Logistic (app, calibrated)",0.10369181380417336,0.2331065759637188,0.5898857921779033,0.6700771994190935
high_debt_burden,app,"Logistic (app, calibrated)",0.10369181380417336,0.23401360544217686,0.5897136981438703,0.6700771994190935
high_debt_burden,app,"Logistic (app, calibrated)",0.1043338683788122,0.23401360544217686,0.589214406260236,0.6700771994190935
high_debt_burden,app,"Logistic (app, calibrated)",0.1043338683788122,0.236281179138322,0.5892059610729536,0.6700771994190935
high_debt_burden,app,"Logistic (app, calibrated)",0.10497592295345104,0.236281179138322,0.5888269365836332,0.6700771994190935
high_debt_burden,app,"Logistic (app, calibrated)",0.10497592295345104,0.23718820861678006,0.5883866382373844,0.6700771994190935
high_debt_burden,app,"Logistic (app, calibrated)",0.10529695024077046,0.23718820861678006,0.588279227155825,0.6700771994190935
high_debt_burden,app,"Logistic (app, calibrated)",0.10529695024077046,0.23764172335600908,0.5880797070444924,0.6700771994190935
high_debt_burden,app,"Logistic (app, calibrated)",0.10593900481540931,0.23764172335600908,0.5878637087018715,0.6700771994190935
high_debt_burden,app,"Logistic (app, calibrated)",0.10626003210272873,0.23764172335600908,0.5878143742440678,0.6700771994190935
high_debt_burden,app,"Logistic (app, calibrated)",0.10722311396468699,0.2399092970521542,0.5877601693362697,0.6700771994190935
high_debt_burden,app,"Logistic (app, calibrated)",0.10786516853932585,0.24126984126984127,0.5872484295405406,0.6700771994190935
high_debt_burden,app,"Logistic (app, calibrated)",0.10850722311396468,0.2417233560090703,0.5869897959183673,0.6700771994190935
high_debt_burden,app,"Logistic (app, calibrated)",0.10914927768860354,0.2453514739229025,0.5868946037997179,0.6700771994190935
high_debt_burden,app,"Logistic (app, calibrated)",0.10914927768860354,0.24580498866213152,0.5868628957731997,0.6700771994190935
high_debt_burden,app,"Logistic (app, calibrated)",0.10947030497592296,0.24580498866213152,0.5865791147054111,0.6700771994190935
high_debt_burden,app,"Logistic (app, calibrated)",0.11107544141252007,0.2471655328798186,0.5858036475971394,0.6700771994190935
high_debt_burden,app,"Logistic (app, calibrated)",0.11107544141252007,0.24852607709750568,0.5856112606171896,0.6700771994190935
high_debt_burden,app,"Logistic (app, calibrated)",0.11139646869983949,0.24852607709750568,0.5855783597980058,0.6700771994190935
high_debt_burden,app,"Logistic (app, calibrated)",0.11139646869983949,0.24897959183673468,0.585429887385897,0.6700771994190935
high_debt_burden,app,"Logistic (app, calibrated)",0.11171749598715891,0.2507936507936508,0.585324026162189,0.6700771994190935
high_debt_burden,app,"Logistic (app, calibrated)",0.11171749598715891,0.25124716553287985,0.5849683145174583,0.6700771994190935
high_debt_burden,app,"Logistic (app, calibrated)",0.11235955056179775,0.25124716553287985,0.5846186856658304,0.6700771994190935
high_debt_burden,app,"Logistic (app, calibrated)",0.11235955056179775,0.25170068027210885,0.5843737655647236,0.6700771994190935
high_debt_burden,app,"Logistic (app, calibrated)",0.11268057784911717,0.25170068027210885,0.5841826891886182,0.6700771994190935
high_debt_burden,app,"Logistic (app, calibrated)",0.11268057784911717,0.25215419501133784,0.5841167025655796,0.6700771994190935
high_debt_burden,app,"Logistic (app, calibrated)",0.11332263242375602,0.25351473922902495,0.5836310186588431,0.6700771994190935
high_debt_burden,app,"Logistic (app, calibrated)",0.11332263242375602,0.25396825396825395,0.5826621639267,0.6700771994190935
high_debt_burden,app,"Logistic (app, calibrated)",0.11364365971107544,0.254875283446712,0.5826173730873354,0.6700771994190935
high_debt_burden,app,"Logistic (app, calibrated)",0.11364365971107544,0.25578231292517006,0.5821226872997656,0.6700771994190935
high_debt_burden,app,"Logistic (app, calibrated)",0.11396468699839486,0.25578231292517006,0.5821189050414664,0.6700771994190935
high_debt_burden,app,"Logistic (app, calibrated)",0.1146067415730337,0.25578231292517006,0.582014410924715,0.6700771994190935
high_debt_burden,app,"Logistic (app, calibrated)",0.11492776886035314,0.25578231292517006,0.580824026162189,0.6700771994190935
high_debt_burden,app,"Logistic (app, calibrated)",0.11492776886035314,0.2566893424036281,0.5807899656456852,0.6700771994190935
high_debt_burden,app,"Logistic (app, calibrated)",0.11524879614767256,0.2571428571428571,0.5803734094975914,0.6700771994190935
high_debt_burden,app,"Logistic (app, calibrated)",0.11556982343499198,0.2571428571428571,0.5803531939091425,0.6700771994190935
high_debt_burden,app,"Logistic (app, calibrated)",0.11556982343499198,0.25804988662131517,0.5803170721840647,0.6700771994190935
high_debt_burden,app,"Logistic (app, calibrated)",0.11556982343499198,0.26031746031746034,0.5797194291388627,0.6700771994190935
high_debt_burden,app,"Logistic (app, calibrated)",0.11621187800963081,0.26031746031746034,0.579632468124949,0.6700771994190935
high_debt_burden,app,"Logistic (app, calibrated)",0.11653290529695023,0.26031746031746034,0.5793747276174948,0.6700771994190935
high_debt_burden,app,"Logistic (app, calibrated)",0.11653290529695023,0.26077097505668934,0.579328972735545,0.6700771994190935
high_debt_burden,app,"Logistic (app, calibrated)",0.11717495987158909,0.2612244897959184,0.5788437563420907,0.6700771994190935
high_debt_burden,app,"Logistic (app, calibrated)",0.11749598715890851,0.2621315192743764,0.5788219003163213,0.6700771994190935
high_debt_burden,app,"Logistic (app, calibrated)",0.11749598715890851,0.26258503401360545,0.5785725620399643,0.6700771994190935
high_debt_burden,app,"Logistic (app, calibrated)",0.11781701444622793,0.26303854875283444,0.5782038966963775,0.6700771994190935
high_debt_burden,app,"Logistic (app, calibrated)",0.11781701444622793,0.2634920634920635,0.5780640575922232,0.6700771994190935
high_debt_burden,app,"Logistic (app, calibrated)",0.11813804173354735,0.2639455782312925,0.5780121555104899,0.6700771994190935
high_debt_burden,app,"Logistic (app, calibrated)",0.11845906902086677,0.2639455782312925,0.5779888451975059,0.6700771994190935
high_debt_burden,app,"Logistic (app, calibrated)",0.12070626003210273,0.26621315192743766,0.5777773896443822,0.6700771994190935
high_debt_burden,app,"Logistic (app, calibrated)",0.12134831460674157,0.26621315192743766,0.5775304031201876,0.6700771994190935
high_debt_burden,app,"Logistic (app, calibrated)",0.12134831460674157,0.26666666666666666,0.5774203186467186,0.6700771994190935
high_debt_burden,app,"Logistic (app, calibrated)",0.12231139646869985,0.2680272108843537,0.5774182058783645,0.6700771994190935
high_debt_burden,app,"Logistic (app, calibrated)",0.12295345104333869,0.2680272108843537,0.5772704201929815,0.6700771994190935
high_debt_burden,app,"Logistic (app, calibrated)",0.12295345104333869,0.26893424036281177,0.5768011198658085,0.6700771994190935
high_debt_burden,app,"Logistic (app, calibrated)",0.1232744783306581,0.2693877551020408,0.576152357494722,0.6700771994190935
high_debt_burden,app,"Logistic (app, calibrated)",0.1232744783306581,0.2698412698412698,0.5759867842064925,0.6700771994190935
high_debt_burden,app,"Logistic (app, calibrated)",0.12359550561797752,0.2698412698412698,0.5758315449591814,0.6700771994190935
high_debt_burden,app,"Logistic (app, calibrated)",0.12423756019261638,0.2702947845804989,0.5756945107223352,0.6700771994190935
high_debt_burden,app,"Logistic (app, calibrated)",0.12487961476725522,0.27165532879818594,0.575547460130503,0.6700771994190935
high_debt_burden,app,"Logistic (app, calibrated)",0.12520064205457465,0.27165532879818594,0.5755344640071162,0.6700771994190935
high_debt_burden,app,"Logistic (app, calibrated)",0.12520064205457465,0.272108843537415,0.5754903026630166,0.6700771994190935
high_debt_burden,app,"Logistic (app, calibrated)",0.1258426966292135,0.272562358276644,0.5754897372621119,0.6700771994190935
high_debt_burden,app,"Logistic (app, calibrated)",0.1258426966292135,0.273015873015873,0.5753800394112809,0.6700771994190935
high_debt_burden,app,"Logistic (app, calibrated)",0.1258426966292135,0.27392290249433104,0.5751936343896802,0.6700771994190935
high_debt_burden,app,"Logistic (app, calibrated)",0.1261637239165329,0.27392290249433104,0.5751159615456551,0.6700771994190935
high_debt_burden,app,"Logistic (app, calibrated)",0.1261637239165329,0.2743764172335601,0.5750756799313994,0.6700771994190935
high_debt_burden,app,"Logistic (app, calibrated)",0.12648475120385233,0.2748299319727891,0.5750262136704583,0.6700771994190935
high_debt_burden,app,"Logistic (app, calibrated)",0.12680577849117175,0.2748299319727891,0.5748859333348104,0.6700771994190935
high_debt_burden,app,"Logistic (app, calibrated)",0.1274478330658106,0.2748299319727891,0.574844598126678,0.6700771994190935
high_debt_burden,app,"Logistic (app, calibrated)",0.12776886035313,0.27528344671201815,0.5742319313685604,0.6700771994190935
high_debt_burden,app,"Logistic (app, calibrated)",0.12776886035313,0.27573696145124715,0.5737433335213329,0.6700771994190935
high_debt_burden,app,"Logistic (app, calibrated)",0.12808988764044943,0.2761904761904762,0.5736388060416766,0.6700771994190935
high_debt_burden,app,"Logistic (app, calibrated)",0.12937399678972714,0.27709750566893426,0.5735779422679858,0.6700771994190935
high_debt_burden,app,"Logistic (app, calibrated)",0.12969502407704656,0.27709750566893426,0.5732773896443822,0.6700771994190935
high_debt_burden,app,"Logistic (app, calibrated)",0.12969502407704656,0.2780045351473923,0.5730514841694305,0.6700771994190935
high_debt_burden,app,"Logistic (app, calibrated)",0.13001605136436598,0.2780045351473923,0.5729958852896642,0.6700771994190935
high_debt_burden,app,"Logistic (app, calibrated)",0.13001605136436598,0.2784580498866213,0.5727040816326531,0.6700771994190935
high_debt_burden,app,"Logistic (app, calibrated)",0.1303370786516854,0.2789115646258503,0.5722745594832201,0.6700771994190935
high_debt_burden,app,"Logistic (app, calibrated)",0.1303370786516854,0.27936507936507937,0.5717963243963051,0.6700771994190935
high_debt_burden,app,"Logistic (app, calibrated)",0.13065810593900481,0.27936507936507937,0.5715182589571471,0.6700771994190935
high_debt_burden,app,"Logistic (app, calibrated)",0.1348314606741573,0.29070294784580497,0.5709422130731536,0.6700771994190935
high_debt_burden,app,"Logistic (app, calibrated)",0.13515248796147672,0.29070294784580497,0.5702926331662092,0.6700771994190935
high_debt_burden,app,"Logistic (app, calibrated)",0.13515248796147672,0.291609977324263,0.5696006400783424,0.6700771994190935
high_debt_burden,app,"Logistic (app, calibrated)",0.13579454253611556,0.29297052154195014,0.5695136416445822,0.6700771994190935
high_debt_burden,app,"Logistic (app, calibrated)",0.13611556982343498,0.29297052154195014,0.5694463538809527,0.6700771994190935
high_debt_burden,app,"Logistic (app, calibrated)",0.13611556982343498,0.2938775510204082,0.5694204923430537,0.6700771994190935
high_debt_burden,app,"Logistic (app, calibrated)",0.13643659711075443,0.2938775510204082,0.5691362608933774,0.6700771994190935
high_debt_burden,app,"Logistic (app, calibrated)",0.13643659711075443,0.2943310657596372,0.5688510785081702,0.6700771994190935
high_debt_burden,app,"Logistic (app, calibrated)",0.1377207062600321,0.29569160997732424,0.5688128566745879,0.6700771994190935
high_debt_burden,app,"Logistic (app, calibrated)",0.13804173354735153,0.29569160997732424,0.5686490102387662,0.6700771994190935
high_debt_burden,app,"Logistic (app, calibrated)",0.13804173354735153,0.2984126984126984,0.5686057209769153,0.6700771994190935
high_debt_burden,app,"Logistic (app, calibrated)",0.1402889245585875,0.30158730158730157,0.5684590309337654,0.6700771994190935
high_debt_burden,app,"Logistic (app, calibrated)",0.1402889245585875,0.3020408163265306,0.5681109932980367,0.6700771994190935
high_debt_burden,app,"Logistic (app, calibrated)",0.14093097913322633,0.3024943310657596,0.5676274301021645,0.6700771994190935
high_debt_burden,app,"Logistic (app, calibrated)",0.14093097913322633,0.3029478458049887,0.5674966126728758,0.6700771994190935
high_debt_burden,app,"Logistic (app, calibrated)",0.14157303370786517,0.3029478458049887,0.5671490222883411,0.6700771994190935
high_debt_burden,app,"Logistic (app, calibrated)",0.14253611556982343,0.3034013605442177,0.5671427869320531,0.6700771994190935
high_debt_burden,app,"Logistic (app, calibrated)",0.14317817014446227,0.3034013605442177,0.567097773781945,0.6700771994190935
high_debt_burden,app,"Logistic (app, calibrated)",0.1434991974317817,0.3034013605442177,0.5665327416515057,0.6700771994190935
high_debt_burden,app,"Logistic (app, calibrated)",0.14382022471910114,0.30385487528344673,0.566463741491566,0.6700771994190935
high_debt_burden,app,"Logistic (app, calibrated)",0.14382022471910114,0.3047619047619048,0.5659801546213408,0.6700771994190935
high_debt_burden,app,"Logistic (app, calibrated)",0.14414125200642056,0.3047619047619048,0.5658654239543579,0.6700771994190935
high_debt_burden,app,"Logistic (app, calibrated)",0.14414125200642056,0.3056689342403628,0.5657221363979292,0.6700771994190935
high_debt_burden,app,"Logistic (app, calibrated)",0.14446227929373998,0.3056689342403628,0.5656659512685074,0.6700771994190935
high_debt_burden,app,"Logistic (app, calibrated)",0.14446227929373998,0.3070294784580499,0.5654233643427428,0.6700771994190935
high_debt_burden,app,"Logistic (app, calibrated)",0.1447833065810594,0.3070294784580499,0.5654086879974718,0.6700771994190935
high_debt_burden,app,"Logistic (app, calibrated)",0.14574638844301765,0.3070294784580499,0.5651925005492108,0.6700771994190935
high_debt_burden,app,"Logistic (app, calibrated)",0.14606741573033707,0.3070294784580499,0.5651060401234863,0.6700771994190935
high_debt_burden,app,"Logistic (app, calibrated)",0.14606741573033707,0.30793650793650795,0.5646124562894111,0.6700771994190935
high_debt_burden,app,"Logistic (app, calibrated)",0.14606741573033707,0.309297052154195,0.5645720074945688,0.6700771994190935
high_debt_burden,app,"Logistic (app, calibrated)",0.1463884430176565,0.309297052154195,0.5644358627114129,0.6700771994190935
high_debt_burden,app,"Logistic (app, calibrated)",0.1463884430176565,0.31020408163265306,0.5634567563336447,0.6700771994190935
high_debt_burden,app,"Logistic (app, calibrated)",0.14670947030497591,0.31020408163265306,0.5632812672831171,0.6700771994190935
high_debt_burden,app,"Logistic (app, calibrated)",0.14703049759229533,0.31065759637188206,0.5626188927975243,0.6700771994190935
high_debt_burden,app,"Logistic (app, calibrated)",0.14703049759229533,0.3111111111111111,0.5620062260394068,0.6700771994190935
high_debt_burden,app,"Logistic (app, calibrated)",0.1476725521669342,0.31247165532879817,0.5616023781144138,0.6700771994190935
high_debt_burden,app,"Logistic (app, calibrated)",0.1476725521669342,0.3129251700680272,0.561599681239703,0.6700771994190935
high_debt_burden,app,"Logistic (app, calibrated)",0.14799357945425362,0.3129251700680272,0.5614436711007629,0.6700771994190935
high_debt_burden,app,"Logistic (app, calibrated)",0.14863563402889246,0.3138321995464853,0.5612151983595673,0.6700771994190935
high_debt_burden,app,"Logistic (app, calibrated)",0.14863563402889246,0.31473922902494333,0.5607620092169607,0.6700771994190935
high_debt_burden,app,"Logistic (app, calibrated)",0.15248796147672553,0.31927437641723355,0.5604081834761382,0.6700771994190935
high_debt_burden,app,"Logistic (app, calibrated)",0.15280898876404495,0.31927437641723355,0.5602076856948284,0.6700771994190935
high_debt_burden,app,"Logistic (app, calibrated)",0.15345104333868378,0.31927437641723355,0.55993040838536,0.6700771994190935
high_debt_burden,app,"Logistic (app, calibrated)",0.15345104333868378,0.32063492063492066,0.559590260024786,0.6700771994190935
high_debt_burden,app,"Logistic (app, calibrated)",0.15473515248796146,0.32108843537414966,0.5595765826445374,0.6700771994190935
high_debt_burden,app,"Logistic (app, calibrated)",0.1550561797752809,0.32108843537414966,0.5591275672993369,0.6700771994190935
high_debt_burden,app,"Logistic (app, calibrated)",0.1550561797752809,0.3219954648526077,0.5590979116978924,0.6700771994190935
high_debt_burden,app,"Logistic (app, calibrated)",0.1550561797752809,0.3238095238095238,0.5580289238497634,0.6700771994190935
high_debt_burden,app,"Logistic (app, calibrated)",0.15537720706260033,0.3238095238095238,0.5576442519686824,0.6700771994190935
high_debt_burden,app,"Logistic (app, calibrated)",0.15601926163723917,0.3251700680272109,0.5573749347491888,0.6700771994190935
high_debt_burden,app,"Logistic (app, calibrated)",0.1563402889245586,0.3251700680272109,0.5573115148996568,0.6700771994190935
high_debt_burden,app,"Logistic (app, calibrated)",0.1563402889245586,0.32653061224489793,0.5568084859538739,0.6700771994190935
high_debt_burden,app,"Logistic (app, calibrated)",0.1563402889245586,0.327437641723356,0.5566354995580609,0.6700771994190935
high_debt_burden,app,"Logistic (app, calibrated)",0.1563402889245586,0.32834467120181404,0.5560683424980362,0.6700771994190935
high_debt_burden,app,"Logistic (app, calibrated)",0.156661316211878,0.3287981859410431,0.5560569503813809,0.6700771994190935
high_debt_burden,app,"Logistic (app, calibrated)",0.15730337078651685,0.3310657596371882,0.5556235856221731,0.6700771994190935
high_debt_burden,app,"Logistic (app, calibrated)",0.15730337078651685,0.33197278911564626,0.5552330625039985,0.6700771994190935
high_debt_burden,app,"Logistic (app, calibrated)",0.15762439807383627,0.33242630385487526,0.5551149503934314,0.6700771994190935
high_debt_burden,app,"Logistic (app, calibrated)",0.15762439807383627,0.3333333333333333,0.5547789910275785,0.6700771994190935
high_debt_burden,app,"Logistic (app, calibrated)",0.1579454253611557,0.3333333333333333,0.5544930508088404,0.6700771994190935
high_debt_burden,app,"Logistic (app, calibrated)",0.1579454253611557,0.33378684807256237,0.5542880488088991,0.6700771994190935
high_debt_burden,app,"Logistic (app, calibrated)",0.1582664526484751,0.33378684807256237,0.5542334510787493,0.6700771994190935
high_debt_burden,app,"Logistic (app, calibrated)",0.15955056179775282,0.3346938775510204,0.5541950141936016,0.6700771994190935
high_debt_burden,app,"Logistic (app, calibrated)",0.16019261637239166,0.3346938775510204,0.5533504195990071,0.6700771994190935
high_debt_burden,app,"Logistic (app, calibrated)",0.16019261637239166,0.3351473922902494,0.5533032185206098,0.6700771994190935
high_debt_burden,app,"Logistic (app, calibrated)",0.1608346709470305,0.3351473922902494,0.5528910297244547,0.6700771994190935
high_debt_burden,app,"Logistic (app, calibrated)",0.1608346709470305,0.3356009070294785,0.5523194893277484,0.6700771994190935
high_debt_burden,app,"Logistic (app, calibrated)",0.16115569823434991,0.3356009070294785,0.5523149834728389,0.6700771994190935
high_debt_burden,app,"Logistic (app, calibrated)",0.16147672552166933,0.33696145124716553,0.5523084859538738,0.6700771994190935
high_debt_burden,app,"Logistic (app, calibrated)",0.16179775280898875,0.33741496598639453,0.5522532151757765,0.6700771994190935
high_debt_burden,app,"Logistic (app, calibrated)",0.16179775280898875,0.33877551020408164,0.551996161945586,0.6700771994190935
high_debt_burden,app,"Logistic (app, calibrated)",0.16243980738362762,0.33877551020408164,0.5516597933284153,0.6700771994190935
high_debt_burden,app,"Logistic (app, calibrated)",0.16243980738362762,0.3401360544217687,0.5505828545847044,0.6700771994190935
high_debt_burden,app,"Logistic (app, calibrated)",0.16308186195826646,0.3401360544217687,0.5503222732659696,0.6700771994190935
high_debt_burden,app,"Logistic (app, calibrated)",0.1637239165329053,0.34058956916099775,0.549956474015965,0.6700771994190935
high_debt_burden,app,"Logistic (app, calibrated)",0.1637239165329053,0.34104308390022675,0.5491357853516585,0.6700771994190935
high_debt_burden,app,"Logistic (app, calibrated)",0.16565008025682182,0.34512471655328797,0.5489894930304138,0.6700771994190935
high_debt_burden,app,"Logistic (app, calibrated)",0.16597110754414124,0.3464852607709751,0.5485397933468785,0.6700771994190935
high_debt_burden,app,"Logistic (app, calibrated)",0.16597110754414124,0.3469387755102041,0.548120442444873,0.6700771994190935
high_debt_burden,app,"Logistic (app, calibrated)",0.1662921348314607,0.3469387755102041,0.5476864259861918,0.6700771994190935
high_debt_burden,app,"Logistic (app, calibrated)",0.1662921348314607,0.34739229024943313,0.5475945003276917,0.6700771994190935
high_debt_burden,app,"Logistic (app, calibrated)",0.16725521669341895,0.34829931972789113,0.5474047303272916,0.6700771994190935
high_debt_burden,app,"Logistic (app, calibrated)",0.1682182985553772,0.3487528344671202,0.5462837506634335,0.6700771994190935
high_debt_burden,app,"Logistic (app, calibrated)",0.16886035313001604,0.3487528344671202,0.546270767433966,0.6700771994190935
high_debt_burden,app,"Logistic (app, calibrated)",0.16886035313001604,0.3492063492063492,0.5458064823025398,0.6700771994190935
high_debt_burden,app,"Logistic (app, calibrated)",0.16950240770465488,0.34965986394557824,0.5458032185206098,0.6700771994190935
high_debt_burden,app,"Logistic (app, calibrated)",0.16982343499197433,0.34965986394557824,0.5455062260394068,0.6700771994190935
high_debt_burden,app,"Logistic (app, calibrated)",0.16982343499197433,0.35011337868480724,0.5453371726156535,0.6700771994190935
high_debt_burden,app,"Logistic (app, calibrated)",0.17046548956661317,0.35011337868480724,0.5452524705642031,0.6700771994190935
high_debt_burden,app,"Logistic (app, calibrated)",0.17046548956661317,0.3505668934240363,0.5450608596306172,0.6700771994190935
high_debt_burden,app,"Logistic (app, calibrated)",0.17046548956661317,0.35147392290249435,0.544891167640402,0.6700771994190935
high_debt_burden,app,"Logistic (app, calibrated)",0.1707865168539326,0.3523809523809524,0.544855179234862,0.6700771994190935
high_debt_burden,app,"Logistic (app, calibrated)",0.1707865168539326,0.3532879818594104,0.5442925191777178,0.6700771994190935
high_debt_burden,app,"Logistic (app, calibrated)",0.171107544141252,0.35374149659863946,0.5440105846402675,0.6700771994190935
high_debt_burden,app,"Logistic (app, calibrated)",0.17142857142857143,0.35374149659863946,0.5432465602641717,0.6700771994190935
high_debt_burden,app,"Logistic (app, calibrated)",0.17142857142857143,0.3551020408163265,0.5425047074659477,0.6700771994190935
high_debt_burden,app,"Logistic (app, calibrated)",0.17142857142857143,0.3564625850340136,0.5419306345306152,0.6700771994190935
high_debt_burden,app,"Logistic (app, calibrated)",0.17142857142857143,0.3569160997732426,0.5419150108734986,0.6700771994190935
high_debt_burden,app,"Logistic (app, calibrated)",0.17174959871589085,0.3569160997732426,0.5413688788716522,0.6700771994190935
high_debt_burden,app,"Logistic (app, calibrated)",0.17174959871589085,0.3573696145124717,0.5412751683745599,0.6700771994190935
high_debt_burden,app,"Logistic (app, calibrated)",0.1727126805778491,0.35873015873015873,0.5412662189641697,0.6700771994190935
high_debt_burden,app,"Logistic (app, calibrated)",0.1727126805778491,0.35918367346938773,0.5409199479504884,0.6700771994190935
high_debt_burden,app,"Logistic (app, calibrated)",0.1727126805778491,0.36099773242630384,0.5409054352298657,0.6700771994190935
high_debt_burden,app,"Logistic (app, calibrated)",0.17495987158908508,0.364172335600907,0.5408598968717768,0.6700771994190935
high_debt_burden,app,"Logistic (app, calibrated)",0.1752808988764045,0.364172335600907,0.5403891909631503,0.6700771994190935
high_debt_burden,app,"Logistic (app, calibrated)",0.1752808988764045,0.36462585034013606,0.5403821217809985,0.6700771994190935
high_debt_burden,app,"Logistic (app, calibrated)",0.17560192616372391,0.36462585034013606,0.540204081632653,0.6700771994190935
high_debt_burden,app,"Logistic (app, calibrated)",0.17624398073836275,0.3655328798185941,0.5400282960401761,0.6700771994190935
high_debt_burden,app,"Logistic (app, calibrated)",0.17656500802568217,0.3655328798185941,0.5398789006087039,0.6700771994190935
high_debt_burden,app,"Logistic (app, calibrated)",0.17656500802568217,0.36643990929705217,0.5396165707744262,0.6700771994190935
high_debt_burden,app,"Logistic (app, calibrated)",0.1768860353130016,0.36643990929705217,0.5395174433409727,0.6700771994190935
high_debt_burden,app,"Logistic (app, calibrated)",0.1768860353130016,0.3678004535147392,0.5388896732141039,0.6700771994190935
high_debt_burden,app,"Logistic (app, calibrated)",0.1768860353130016,0.3682539682539683,0.5388633600265585,0.6700771994190935
high_debt_burden,app,"Logistic (app, calibrated)",0.177207062600321,0.3682539682539683,0.5387433125160777,0.6700771994190935
high_debt_burden,app,"Logistic (app, calibrated)",0.177207062600321,0.3687074829931973,0.5387250517968669,0.6700771994190935
high_debt_burden,app,"Logistic (app, calibrated)",0.17784911717495988,0.3687074829931973,0.538570907660948,0.6700771994190935
high_debt_burden,app,"Logistic (app, calibrated)",0.17849117174959872,0.36961451247165533,0.5385173245214707,0.6700771994190935
high_debt_burden,app,"Logistic (app, calibrated)",0.17881219903691814,0.37006802721088433,0.5382598457847332,0.6700771994190935
high_debt_burden,app,"Logistic (app, calibrated)",0.17881219903691814,0.3705215419501134,0.5379492337351396,0.6700771994190935
high_debt_burden,app,"Logistic (app, calibrated)",0.17913322632423756,0.3705215419501134,0.5379204236948676,0.6700771994190935
high_debt_burden,app,"Logistic (app, calibrated)",0.17913322632423756,0.3709750566893424,0.5379024796229599,0.6700771994190935
high_debt_burden,app,"Logistic (app, calibrated)",0.1797752808988764,0.3723356009070295,0.5375609216018422,0.6700771994190935
high_debt_burden,app,"Logistic (app, calibrated)",0.1797752808988764,0.37369614512471655,0.5371182803664174,0.6700771994190935
high_debt_burden,app,"Logistic (app, calibrated)",0.1810593900481541,0.3746031746031746,0.5363335215509129,0.6700771994190935
high_debt_burden,app,"Logistic (app, calibrated)",0.18170144462279295,0.37551020408163266,0.5355666637890701,0.6700771994190935
high_debt_burden,app,"Logistic (app, calibrated)",0.18202247191011237,0.37551020408163266,0.5351322751322751,0.6700771994190935
high_debt_burden,app,"Logistic (app, calibrated)",0.18202247191011237,0.3764172335600907,0.5349163996477551,0.6700771994190935
high_debt_burden,app,"Logistic (app, calibrated)",0.1826645264847512,0.3768707482993197,0.5343746470920384,0.6700771994190935
high_debt_burden,app,"Logistic (app, calibrated)",0.18298555377207062,0.3768707482993197,0.5343246857474041,0.6700771994190935
high_debt_burden,app,"Logistic (app, calibrated)",0.18298555377207062,0.3782312925170068,0.5341849974534592,0.6700771994190935
high_debt_burden,app,"Logistic (app, calibrated)",0.18330658105939004,0.3791383219954649,0.5340092472794984,0.6700771994190935
high_debt_burden,app,"Logistic (app, calibrated)",0.18362760834670946,0.3791383219954649,0.5339245579654787,0.6700771994190935
high_debt_burden,app,"Logistic (app, calibrated)",0.18362760834670946,0.3795918367346939,0.5337538075148578,0.6700771994190935
high_debt_burden,app,"Logistic (app, calibrated)",0.18394863563402888,0.3795918367346939,0.5335024650973892,0.6700771994190935
high_debt_burden,app,"Logistic (app, calibrated)",0.18491171749598717,0.3800453514739229,0.5334155774174272,0.6700771994190935
high_debt_burden,app,"Logistic (app, calibrated)",0.185553772070626,0.3800453514739229,0.5332240914387639,0.6700771994190935
high_debt_burden,app,"Logistic (app, calibrated)",0.18587479935794543,0.3800453514739229,0.5329133131364587,0.6700771994190935
high_debt_burden,app,"Logistic (app, calibrated)",0.18587479935794543,0.38095238095238093,0.532838550328617,0.6700771994190935
high_debt_burden,app,"Logistic (app, calibrated)",0.18587479935794543,0.38140589569161,0.5326719576719576,0.6700771994190935
high_debt_burden,app,"Logistic (app, calibrated)",0.18619582664526485,0.38231292517006804,0.5322532151757766,0.6700771994190935
high_debt_burden,app,"Logistic (app, calibrated)",0.18651685393258427,0.38276643990929704,0.5321701720005663,0.6700771994190935
high_debt_burden,app,"Logistic (app, calibrated)",0.1871589085072231,0.38276643990929704,0.5318222206906403,0.6700771994190935
high_debt_burden,app,"Logistic (app, calibrated)",0.1871589085072231,0.38412698412698415,0.5311015136612383,0.6700771994190935
high_debt_burden,app,"Logistic (app, calibrated)",0.18747993579454253,0.38412698412698415,0.5310385948682593,0.6700771994190935
high_debt_burden,app,"Logistic (app, calibrated)",0.18908507223113966,0.3859410430839002,0.5304664770638435,0.6700771994190935
high_debt_burden,app,"Logistic (app, calibrated)",0.18940609951845908,0.3859410430839002,0.5297833129846208,0.6700771994190935
high_debt_burden,app,"Logistic (app, calibrated)",0.19004815409309792,0.38639455782312926,0.5295716438486108,0.6700771994190935
high_debt_burden,app,"Logistic (app, calibrated)",0.19069020866773675,0.38639455782312926,0.5295235685544141,0.6700771994190935
high_debt_burden,app,"Logistic (app, calibrated)",0.1913322632423756,0.3873015873015873,0.5290494630454062,0.6700771994190935
high_debt_burden,app,"Logistic (app, calibrated)",0.19197431781701443,0.38866213151927437,0.5289915067425172,0.6700771994190935
high_debt_burden,app,"Logistic (app, calibrated)",0.19197431781701443,0.3891156462585034,0.5289679335283315,0.6700771994190935
high_debt_burden,app,"Logistic (app, calibrated)",0.1926163723916533,0.3904761904761905,0.5288753076988371,0.6700771994190935
high_debt_burden,app,"Logistic (app, calibrated)",0.1926163723916533,0.3909297052154195,0.5286954352336168,0.6700771994190935
high_debt_burden,app,"Logistic (app, calibrated)",0.1926163723916533,0.39183673469387753,0.5278603966510386,0.6700771994190935
high_debt_burden,app,"Logistic (app, calibrated)",0.19293739967897272,0.39183673469387753,0.5277668614983964,0.6700771994190935
high_debt_burden,app,"Logistic (app, calibrated)",0.1942215088282504,0.3927437641723356,0.527723890473125,0.6700771994190935
high_debt_burden,app,"Logistic (app, calibrated)",0.1942215088282504,0.39365079365079364,0.5266986911723753,0.6700771994190935
high_debt_burden,app,"Logistic (app, calibrated)",0.19454253611556982,0.39365079365079364,0.5265782626423048,0.6700771994190935
high_debt_burden,app,"Logistic (app, calibrated)",0.19550561797752808,0.39546485260770975,0.5259475915131894,0.6700771994190935
high_debt_burden,app,"Logistic (app, calibrated)",0.1958266452648475,0.39591836734693875,0.525825941518405,0.6700771994190935
high_debt_burden,app,"Logistic (app, calibrated)",0.1958266452648475,0.3981859410430839,0.525254311872153,0.6700771994190935
high_debt_burden,app,"Logistic (app, calibrated)",0.19678972712680579,0.3981859410430839,0.5251732439811367,0.6700771994190935
high_debt_burden,app,"Logistic (app, calibrated)",0.1971107544141252,0.3981859410430839,0.5251029969185949,0.6700771994190935
high_debt_burden,app,"Logistic (app, calibrated)",0.1971107544141252,0.3986394557823129,0.5250485677131517,0.6700771994190935
high_debt_burden,app,"Logistic (app, calibrated)",0.1971107544141252,0.39954648526077097,0.5249049501223413,0.6700771994190935
high_debt_burden,app,"Logistic (app, calibrated)",0.19743178170144463,0.39954648526077097,0.5247001782123895,0.6700771994190935
high_debt_burden,app,"Logistic (app, calibrated)",0.19743178170144463,0.4,0.5246829291566135,0.6700771994190935
high_debt_burden,app,"Logistic (app, calibrated)",0.19807383627608346,0.4,0.5243084859538738,0.6700771994190935
high_debt_burden,app,"Logistic (app, calibrated)",0.19807383627608346,0.400453514739229,0.5239978710254141,0.6700771994190935
high_debt_burden,app,"Logistic (app, calibrated)",0.19839486356340288,0.400453514739229,0.523912468919334,0.6700771994190935
high_debt_burden,app,"Logistic (app, calibrated)",0.19935794542536114,0.4009070294784581,0.5237381580625886,0.6700771994190935
high_debt_burden,app,"Logistic (app, calibrated)",0.19935794542536114,0.4013605442176871,0.523544732575578,0.6700771994190935
high_debt_burden,app,"Logistic (app, calibrated)",0.2,0.4018140589569161,0.523479438007546,0.6700771994190935
high_debt_burden,app,"Logistic (app, calibrated)",0.20064205457463885,0.4018140589569161,0.5233919881325008,0.6700771994190935
high_debt_burden,app,"Logistic (app, calibrated)",0.20064205457463885,0.40226757369614513,0.5233603966510386,0.6700771994190935
high_debt_burden,app,"Logistic (app, calibrated)",0.20096308186195827,0.40226757369614513,0.5226478371759452,0.6700771994190935
high_debt_burden,app,"Logistic (app, calibrated)",0.20096308186195827,0.4031746031746032,0.522449293607149,0.6700771994190935
high_debt_burden,app,"Logistic (app, calibrated)",0.20096308186195827,0.4036281179138322,0.5223044663063161,0.6700771994190935
high_debt_burden,app,"Logistic (app, calibrated)",0.2012841091492777,0.4036281179138322,0.5222268248992388,0.6700771994190935
high_debt_burden,app,"Logistic (app, calibrated)",0.2012841091492777,0.40453514739229024,0.5221161611470067,0.6700771994190935
high_debt_burden,app,"Logistic (app, calibrated)",0.2012841091492777,0.4054421768707483,0.5218405507940096,0.6700771994190935
high_debt_burden,app,"Logistic (app, calibrated)",0.20192616372391653,0.4054421768707483,0.521271566552412,0.6700771994190935
high_debt_burden,app,"Logistic (app, calibrated)",0.20224719101123595,0.40589569160997735,0.5211875130410288,0.6700771994190935
high_debt_burden,app,"Logistic (app, calibrated)",0.20224719101123595,0.40634920634920635,0.5210468129205809,0.6700771994190935
high_debt_burden,app,"Logistic (app, calibrated)",0.20256821829855537,0.40634920634920635,0.5206175201810248,0.6700771994190935
high_debt_burden,app,"Logistic (app, calibrated)",0.2028892455858748,0.4072562358276644,0.5204434780258811,0.6700771994190935
high_debt_burden,app,"Logistic (app, calibrated)",0.2032102728731942,0.4077097505668934,0.5203306140043426,0.6700771994190935
high_debt_burden,app,"Logistic (app, calibrated)",0.2032102728731942,0.40816326530612246,0.5200012911065542,0.6700771994190935
high_debt_burden,app,"Logistic (app, calibrated)",0.20353130016051366,0.40816326530612246,0.5199955552495824,0.6700771994190935
high_debt_burden,app,"Logistic (app, calibrated)",0.20353130016051366,0.4090702947845805,0.5199642267667418,0.6700771994190935
high_debt_burden,app,"Logistic (app, calibrated)",0.20385232744783308,0.4090702947845805,0.5198541731949972,0.6700771994190935
high_debt_burden,app,"Logistic (app, calibrated)",0.20385232744783308,0.4095238095238095,0.5197101449275362,0.6700771994190935
high_debt_burden,app,"Logistic (app, calibrated)",0.2041733547351525,0.4095238095238095,0.5195189580534408,0.6700771994190935
high_debt_burden,app,"Logistic (app, calibrated)",0.20481540930979134,0.41043083900226757,0.5195142005210653,0.6700771994190935
high_debt_burden,app,"Logistic (app, calibrated)",0.20481540930979134,0.4108843537414966,0.519434040490897,0.6700771994190935
high_debt_burden,app,"Logistic (app, calibrated)",0.20513643659711076,0.4122448979591837,0.519208833359937,0.6700771994190935
high_debt_burden,app,"Logistic (app, calibrated)",0.20545746388443017,0.4122448979591837,0.5191670928661595,0.6700771994190935
high_debt_burden,app,"Logistic (app, calibrated)",0.20545746388443017,0.4140589569160998,0.5185607196401799,0.6700771994190935
high_debt_burden,app,"Logistic (app, calibrated)",0.20609951845906901,0.4140589569160998,0.5180012385312249,0.6700771994190935
high_debt_burden,app,"Logistic (app, calibrated)",0.20609951845906901,0.4145124716553288,0.5178746470920383,0.6700771994190935
high_debt_burden,app,"Logistic (app, calibrated)",0.20642054574638843,0.41496598639455784,0.5176208916168348,0.6700771994190935
high_debt_burden,app,"Logistic (app, calibrated)",0.20642054574638843,0.4158730158730159,0.517581636018173,0.6700771994190935
high_debt_burden,app,"Logistic (app, calibrated)",0.20674157303370785,0.4158730158730159,0.5174467362702656,0.6700771994190935
high_debt_burden,app,"Logistic (app, calibrated)",0.20674157303370785,0.4163265306122449,0.5173144829619687,0.6700771994190935
high_debt_burden,app,"Logistic (app, calibrated)",0.20770465489566614,0.41678004535147395,0.5172909420942248,0.6700771994190935
high_debt_burden,app,"Logistic (app, calibrated)",0.20802568218298556,0.41768707482993195,0.5168947696037479,0.6700771994190935
high_debt_burden,app,"Logistic (app, calibrated)",0.20898876404494382,0.41859410430839,0.5166077565544496,0.6700771994190935
high_debt_burden,app,"Logistic (app, calibrated)",0.20898876404494382,0.41950113378684806,0.5165932039793126,0.6700771994190935
high_debt_burden,app,"Logistic (app, calibrated)",0.20930979133226324,0.41950113378684806,0.5163934915659053,0.6700771994190935
high_debt_burden,app,"Logistic (app, calibrated)",0.2102728731942215,0.42131519274376417,0.515763161959855,0.6700771994190935
high_debt_burden,app,"Logistic (app, calibrated)",0.2102728731942215,0.4217687074829932,0.5156220494544524,0.6700771994190935
high_debt_burden,app,"Logistic (app, calibrated)",0.21091492776886037,0.4217687074829932,0.5155875800612643,0.6700771994190935
high_debt_burden,app,"Logistic (app, calibrated)",0.21091492776886037,0.4222222222222222,0.515249311194508,0.6700771994190935
high_debt_burden,app,"Logistic (app, calibrated)",0.21252006420545747,0.4222222222222222,0.5139342364939612,0.6700771994190935
high_debt_burden,app,"Logistic (app, calibrated)",0.21252006420545747,0.4235827664399093,0.5135839370740147,0.6700771994190935
high_debt_burden,app,"Logistic (app, calibrated)",0.2131621187800963,0.42448979591836733,0.5131523488578872,0.6700771994190935
high_debt_burden,app,"Logistic (app, calibrated)",0.2131621187800963,0.4249433106575964,0.5129474011826953,0.6700771994190935
high_debt_burden,app,"Logistic (app, calibrated)",0.21348314606741572,0.4249433106575964,0.5128085022227531,0.6700771994190935
high_debt_burden,app,"Logistic (app, calibrated)",0.21412520064205456,0.4249433106575964,0.5126688821265427,0.6700771994190935
high_debt_burden,app,"Logistic (app, calibrated)",0.21412520064205456,0.4253968253968254,0.5126270469514775,0.6700771994190935
high_debt_burden,app,"Logistic (app, calibrated)",0.21476725521669343,0.42630385487528344,0.5124838974907624,0.6700771994190935
high_debt_burden,app,"Logistic (app, calibrated)",0.21476725521669343,0.4267573696145125,0.512157585280451,0.6700771994190935
high_debt_burden,app,"Logistic (app, calibrated)",0.21508828250401285,0.4272108843537415,0.5120559866689897,0.6700771994190935
high_debt_burden,app,"Logistic (app, calibrated)",0.21540930979133227,0.4272108843537415,0.5117591696118335,0.6700771994190935
high_debt_burden,app,"Logistic (app, calibrated)",0.21540930979133227,0.42811791383219955,0.5116110478782863,0.6700771994190935
high_debt_burden,app,"Logistic (app, calibrated)",0.2160513643659711,0.42811791383219955,0.5110569744132151,0.6700771994190935
high_debt_burden,app,"Logistic (app, calibrated)",0.21829855537720708,0.42993197278911566,0.5109181904594822,0.6700771994190935
high_debt_burden,app,"Logistic (app, calibrated)",0.2186195826645265,0.43219954648526077,0.510101708223354,0.6700771994190935
high_debt_burden,app,"Logistic (app, calibrated)",0.21894060995184592,0.43219954648526077,0.5099258480188256,0.6700771994190935
high_debt_burden,app,"Logistic (app, calibrated)",0.21990369181380418,0.4340136054421769,0.5096182414920094,0.6700771994190935
high_debt_burden,app,"Logistic (app, calibrated)",0.21990369181380418,0.4344671201814059,0.5092600852493033,0.6700771994190935
high_debt_burden,app,"Logistic (app, calibrated)",0.2202247191011236,0.4344671201814059,0.5091873659175746,0.6700771994190935
high_debt_burden,app,"Logistic (app, calibrated)",0.2202247191011236,0.43492063492063493,0.509043867505755,0.6700771994190935
high_debt_burden,app,"Logistic (app, calibrated)",0.22086677367576243,0.43492063492063493,0.5089713107706471,0.6700771994190935
high_debt_burden,app,"Logistic (app, calibrated)",0.22086677367576243,0.435827664399093,0.50895826166724,0.6700771994190935
high_debt_burden,app,"Logistic (app, calibrated)",0.22150882825040127,0.435827664399093,0.5083447248159068,0.6700771994190935
high_debt_burden,app,"Logistic (app, calibrated)",0.22150882825040127,0.436281179138322,0.5082425495496588,0.6700771994190935
high_debt_burden,app,"Logistic (app, calibrated)",0.2218298555377207,0.43718820861678004,0.5080977222488259,0.6700771994190935
high_debt_burden,app,"Logistic (app, calibrated)",0.22247191011235956,0.43718820861678004,0.5075768263154606,0.6700771994190935
high_debt_burden,app,"Logistic (app, calibrated)",0.22247191011235956,0.4376417233560091,0.5074718652059298,0.6700771994190935
high_debt_burden,app,"Logistic (app, calibrated)",0.22279293739967898,0.4380952380952381,0.5073344064260766,0.6700771994190935
high_debt_burden,app,"Logistic (app, calibrated)",0.2231139646869984,0.4380952380952381,0.5072908910399603,0.6700771994190935
high_debt_burden,app,"Logistic (app, calibrated)",0.2231139646869984,0.43900226757369615,0.5066673913271436,0.6700771994190935
high_debt_burden,app,"Logistic (app, calibrated)",0.22343499197431782,0.43900226757369615,0.5063178147955796,0.6700771994190935
high_debt_burden,app,"Logistic (app, calibrated)",0.22375601926163724,0.43945578231292515,0.5060155257798976,0.6700771994190935
high_debt_burden,app,"Logistic (app, calibrated)",0.22375601926163724,0.4399092970521542,0.5057117561868283,0.6700771994190935
high_debt_burden,app,"Logistic (app, calibrated)",0.22536115569823434,0.44081632653061226,0.5056249573767755,0.6700771994190935
high_debt_burden,app,"Logistic (app, calibrated)",0.22536115569823434,0.4417233560090703,0.5053216249166207,0.6700771994190935
high_debt_burden,app,"Logistic (app, calibrated)",0.2260032102728732,0.44263038548752837,0.504838550328617,0.6700771994190935
high_debt_burden,app,"Logistic (app, calibrated)",0.22632423756019263,0.44263038548752837,0.5047907647907647,0.6700771994190935
high_debt_burden,app,"Logistic (app, calibrated)",0.22632423756019263,0.4439909297052154,0.5042672727508385,0.6700771994190935
high_debt_burden,app,"Logistic (app, calibrated)",0.22664526484751205,0.4444444444444444,0.5039311514031846,0.6700771994190935
high_debt_burden,app,"Logistic (app, calibrated)",0.22664526484751205,0.4453514739229025,0.5030995505715838,0.6700771994190935
high_debt_burden,app,"Logistic (app, calibrated)",0.22664526484751205,0.44580498866213153,0.5026996370235934,0.6700771994190935
high_debt_burden,app,"Logistic (app, calibrated)",0.22728731942215089,0.44580498866213153,0.5023584315993556,0.6700771994190935
high_debt_burden,app,"Logistic (app, calibrated)",0.22728731942215089,0.4467120181405896,0.5021873110793663,0.6700771994190935
high_debt_burden,app,"Logistic (app, calibrated)",0.2276083467094703,0.4467120181405896,0.5015885790528786,0.6700771994190935
high_debt_burden,app,"Logistic (app, calibrated)",0.22792937399678972,0.4471655328798186,0.5015358903042084,0.6700771994190935
high_debt_burden,app,"Logistic (app, calibrated)",0.22857142857142856,0.4471655328798186,0.5015012385312249,0.6700771994190935
high_debt_burden,app,"Logistic (app, calibrated)",0.22857142857142856,0.44807256235827664,0.5014244703345312,0.6700771994190935
high_debt_burden,app,"Logistic (app, calibrated)",0.22889245585874798,0.44807256235827664,0.5012761458740018,0.6700771994190935
high_debt_burden,app,"Logistic (app, calibrated)",0.22889245585874798,0.4489795918367347,0.5012474830560214,0.6700771994190935
high_debt_burden,app,"Logistic (app, calibrated)",0.2292134831460674,0.4489795918367347,0.500952406680059,0.6700771994190935
high_debt_burden,app,"Logistic (app, calibrated)",0.22953451043338685,0.44988662131519275,0.5008716471035013,0.6700771994190935
high_debt_burden,app,"Logistic (app, calibrated)",0.22953451043338685,0.4507936507936508,0.5006912957096138,0.6700771994190935
high_debt_burden,app,"Logistic (app, calibrated)",0.22953451043338685,0.4512471655328798,0.5006235545457755,0.6700771994190935
high_debt_burden,app,"Logistic (app, calibrated)",0.22985553772070627,0.4512471655328798,0.5005477576503392,0.6700771994190935
high_debt_burden,app,"Logistic (app, calibrated)",0.2304975922953451,0.45170068027210886,0.5004315512794071,0.6700771994190935
high_debt_burden,app,"Logistic (app, calibrated)",0.23113964686998395,0.45170068027210886,0.5002940021751356,0.6700771994190935
high_debt_burden,app,"Logistic (app, calibrated)",0.23113964686998395,0.45215419501133786,0.5002572041745719,0.6700771994190935
high_debt_burden,app,"Logistic (app, calibrated)",0.23146067415730337,0.45215419501133786,0.5001400878144311,0.6700771994190935
high_debt_burden,app,"Logistic (app, calibrated)",0.23146067415730337,0.4526077097505669,0.49974044214751745,0.6700771994190935
high_debt_burden,app,"Logistic (app, calibrated)",0.2321027287319422,0.45351473922902497,0.49972749243647085,0.6700771994190935
high_debt_burden,app,"Logistic (app, calibrated)",0.2321027287319422,0.45396825396825397,0.4996533473136936,0.6700771994190935
high_debt_burden,app,"Logistic (app, calibrated)",0.23242375601926163,0.454421768707483,0.4995122928531169,0.6700771994190935
high_debt_burden,app,"Logistic (app, calibrated)",0.23242375601926163,0.455328798185941,0.49940001518948873,0.6700771994190935
high_debt_burden,app,"Logistic (app, calibrated)",0.23242375601926163,0.4557823129251701,0.49938999512681354,0.6700771994190935
high_debt_burden,app,"Logistic (app, calibrated)",0.23242375601926163,0.45714285714285713,0.4986379183204779,0.6700771994190935
high_debt_burden,app,"Logistic (app, calibrated)",0.23242375601926163,0.4575963718820862,0.49860175816526275,0.6700771994190935
high_debt_burden,app,"Logistic (app, calibrated)",0.23306581059390047,0.4580498866213152,0.4984203028939872,0.6700771994190935
high_debt_burden,app,"Logistic (app, calibrated)",0.23531300160513643,0.46439909297052157,0.49782100646896793,0.6700771994190935
high_debt_burden,app,"Logistic (app, calibrated)",0.23531300160513643,0.46485260770975056,0.49780631748887705,0.6700771994190935
high_debt_burden,app,"Logistic (app, calibrated)",0.23563402889245585,0.46530612244897956,0.497656987071238,0.6700771994190935
high_debt_burden,app,"Logistic (app, calibrated)",0.2365971107544141,0.46757369614512473,0.4975809104305526,0.6700771994190935
high_debt_burden,app,"Logistic (app, calibrated)",0.2365971107544141,0.46802721088435373,0.497152966641507,0.6700771994190935
high_debt_burden,app,"Logistic (app, calibrated)",0.2375601926163724,0.4684807256235828,0.49696406463860077,0.6700771994190935
high_debt_burden,app,"Logistic (app, calibrated)",0.23788121990369182,0.4684807256235828,0.496859865343431,0.6700771994190935
high_debt_burden,app,"Logistic (app, calibrated)",0.23788121990369182,0.4689342403628118,0.4965312807856396,0.6700771994190935
high_debt_burden,app,"Logistic (app, calibrated)",0.23852327447833066,0.46938775510204084,0.49641665990673756,0.6700771994190935
high_debt_burden,app,"Logistic (app, calibrated)",0.23852327447833066,0.4702947845804989,0.49600354135415065,0.6700771994190935
high_debt_burden,app,"Logistic (app, calibrated)",0.23852327447833066,0.473015873015873,0.4958471795989977,0.6700771994190935
high_debt_burden,app,"Logistic (app, calibrated)",0.23852327447833066,0.4743764172335601,0.49536039665103865,0.6700771994190935
high_debt_burden,app,"Logistic (app, calibrated)",0.2391653290529695,0.4743764172335601,0.4951570080490633,0.6700771994190935
high_debt_burden,app,"Logistic (app, calibrated)",0.2391653290529695,0.4748299319727891,0.49472208590561584,0.6700771994190935
high_debt_burden,app,"Logistic (app, calibrated)",0.23948635634028892,0.4748299319727891,0.49471659919028343,0.6700771994190935
high_debt_burden,app,"Logistic (app, calibrated)",0.24141252006420547,0.4775510204081633,0.4944937227424102,0.6700771994190935
high_debt_burden,app,"Logistic (app, calibrated)",0.24173354735152489,0.4775510204081633,0.4942536267039948,0.6700771994190935
high_debt_burden,app,"Logistic (app, calibrated)",0.24173354735152489,0.47891156462585033,0.49361007419890307,0.6700771994190935
high_debt_burden,app,"Logistic (app, calibrated)",0.2420545746388443,0.4793650793650794,0.4935377315952514,0.6700771994190935
high_debt_burden,app,"Logistic (app, calibrated)",0.2420545746388443,0.4798185941043084,0.493449225701814,0.6700771994190935
high_debt_burden,app,"Logistic (app, calibrated)",0.24237560192616373,0.4798185941043084,0.4931573833187885,0.6700771994190935
high_debt_burden,app,"Logistic (app, calibrated)",0.24237560192616373,0.48072562358276644,0.49312766236858635,0.6700771994190935
high_debt_burden,app,"Logistic (app, calibrated)",0.24269662921348314,0.48072562358276644,0.4930260973649263,0.6700771994190935
high_debt_burden,app,"Logistic (app, calibrated)",0.24333868378812198,0.48299319727891155,0.4930241438719998,0.6700771994190935
high_debt_burden,app,"Logistic (app, calibrated)",0.2436597110754414,0.48299319727891155,0.49301785376345564,0.6700771994190935
high_debt_burden,app,"Logistic (app, calibrated)",0.2436597110754414,0.4834467120181406,0.4929403674231261,0.6700771994190935
high_debt_burden,app,"Logistic (app, calibrated)",0.24398073836276082,0.4834467120181406,0.4928830313665971,0.6700771994190935
high_debt_burden,app,"Logistic (app, calibrated)",0.24430176565008024,0.4839002267573696,0.4926810122445168,0.6700771994190935
high_debt_burden,app,"Logistic (app, calibrated)",0.24430176565008024,0.48435374149659866,0.492471310770647,0.6700771994190935
high_debt_burden,app,"Logistic (app, calibrated)",0.2446227929373997,0.48435374149659866,0.4924250178568427,0.6700771994190935
high_debt_burden,app,"Logistic (app, calibrated)",0.2446227929373997,0.48480725623582765,0.49229243876403694,0.6700771994190935
high_debt_burden,app,"Logistic (app, calibrated)",0.24558587479935795,0.48480725623582765,0.49204339994887436,0.6700771994190935
high_debt_burden,app,"Logistic (app, calibrated)",0.2462279293739968,0.4852607709750567,0.4915903866248693,0.6700771994190935
high_debt_burden,app,"Logistic (app, calibrated)",0.24686998394863563,0.48616780045351476,0.49135146075087405,0.6700771994190935
high_debt_burden,app,"Logistic (app, calibrated)",0.24686998394863563,0.4884353741496599,0.48919037589349496,0.6700771994190935
high_debt_burden,app,"Logistic (app, calibrated)",0.2478330658105939,0.48934240362811793,0.48861638132535967,0.6700771994190935
high_debt_burden,app,"Logistic (app, calibrated)",0.24847512038523276,0.48934240362811793,0.48842412534501783,0.6700771994190935
high_debt_burden,app,"Logistic (app, calibrated)",0.24847512038523276,0.490249433106576,0.48841735622995125,0.6700771994190935
high_debt_burden,app,"Logistic (app, calibrated)",0.2500802568218299,0.49206349206349204,0.4883457812989003,0.6700771994190935
high_debt_burden,app,"Logistic (app, calibrated)",0.2574638844301766,0.5029478458049886,0.4883428527913896,0.6700771994190935
high_debt_burden,app,"Logistic (app, calibrated)",0.257784911717496,0.5029478458049886,0.48834067043795343,0.6700771994190935
high_debt_burden,app,"Logistic (app, calibrated)",0.25842696629213485,0.5029478458049886,0.48824449851254464,0.6700771994190935
high_debt_burden,app,"Logistic (app, calibrated)",0.25874799357945427,0.5029478458049886,0.48795023276807703,0.6700771994190935
high_debt_burden,app,"Logistic (app, calibrated)",0.25874799357945427,0.5038548752834467,0.4878530655026105,0.6700771994190935
high_debt_burden,app,"Logistic (app, calibrated)",0.2590690208667737,0.5043083900226757,0.4877426044355989,0.6700771994190935
high_debt_burden,app,"Logistic (app, calibrated)",0.26003210272873195,0.5043083900226757,0.4871862868608231,0.6700771994190935
high_debt_burden,app,"Logistic (app, calibrated)",0.2606741573033708,0.5043083900226757,0.48677780280092414,0.6700771994190935
high_debt_burden,app,"Logistic (app, calibrated)",0.2609951845906902,0.5047619047619047,0.4867695281912182,0.6700771994190935
high_debt_burden,app,"Logistic (app, calibrated)",0.26163723916532905,0.5052154195011338,0.4861270802884855,0.6700771994190935
high_debt_burden,app,"Logistic (app, calibrated)",0.26292134831460673,0.5052154195011338,0.4853055487956265,0.6700771994190935
high_debt_burden,app,"Logistic (app, calibrated)",0.26324237560192615,0.5052154195011338,0.4850208823946131,0.6700771994190935
high_debt_burden,app,"Logistic (app, calibrated)",0.266131621187801,0.508390022675737,0.4850155690648318,0.6700771994190935
high_debt_burden,app,"Logistic (app, calibrated)",0.266131621187801,0.508843537414966,0.48466901290430703,0.6700771994190935
high_debt_burden,app,"Logistic (app, calibrated)",0.2664526484751204,0.508843537414966,0.48454223297287724,0.6700771994190935
high_debt_burden,app,"Logistic (app, calibrated)",0.2664526484751204,0.509297052154195,0.4843588984312904,0.6700771994190935
high_debt_burden,app,"Logistic (app, calibrated)",0.2667736757624398,0.509297052154195,0.4840258569467494,0.6700771994190935
high_debt_burden,app,"Logistic (app, calibrated)",0.2677367576243981,0.509750566893424,0.48377979612429256,0.6700771994190935
high_debt_burden,app,"Logistic (app, calibrated)",0.2680577849117175,0.509750566893424,0.483731397807824,0.6700771994190935
high_debt_burden,app,"Logistic (app, calibrated)",0.2680577849117175,0.5102040816326531,0.4835139397451771,0.6700771994190935
high_debt_burden,app,"Logistic (app, calibrated)",0.26869983948635634,0.5124716553287982,0.4834502430137476,0.6700771994190935
high_debt_burden,app,"Logistic (app, calibrated)",0.26869983948635634,0.5129251700680272,0.48314143916456054,0.6700771994190935
high_debt_burden,app,"Logistic (app, calibrated)",0.2693418940609952,0.5129251700680272,0.48313644585449866,0.6700771994190935
high_debt_burden,app,"Logistic (app, calibrated)",0.2696629213483146,0.5129251700680272,0.4831009397389738,0.6700771994190935
high_debt_burden,app,"Logistic (app, calibrated)",0.2696629213483146,0.5142857142857142,0.48251289495690886,0.6700771994190935
high_debt_burden,app,"Logistic (app, calibrated)",0.2709470304975923,0.5183673469387755,0.4823025843350138,0.6700771994190935
high_debt_burden,app,"Logistic (app, calibrated)",0.2709470304975923,0.5188208616780046,0.481829256312015,0.6700771994190935
high_debt_burden,app,"Logistic (app, calibrated)",0.2715890850722311,0.5188208616780046,0.48174131143305887,0.6700771994190935
high_debt_burden,app,"Logistic (app, calibrated)",0.2715890850722311,0.5192743764172335,0.4816018450919228,0.6700771994190935
high_debt_burden,app,"Logistic (app, calibrated)",0.27255216693418943,0.5192743764172335,0.4812472487023645,0.6700771994190935
high_debt_burden,app,"Logistic (app, calibrated)",0.27255216693418943,0.5201814058956916,0.48009980702362587,0.6700771994190935
high_debt_burden,app,"Logistic (app, calibrated)",0.27287319422150885,0.5201814058956916,0.479845145246326,0.6700771994190935
high_debt_burden,app,"Logistic (app, calibrated)",0.27319422150882827,0.5210884353741496,0.4798256133247654,0.6700771994190935
high_debt_burden,app,"Logistic (app, calibrated)",0.2735152487961477,0.5215419501133787,0.47977148595368374,0.6700771994190935
high_debt_burden,app,"Logistic (app, calibrated)",0.2735152487961477,0.5219954648526077,0.4797465393100439,0.6700771994190935
high_debt_burden,app,"Logistic (app, calibrated)",0.27768860353130015,0.52562358276644,0.47897530060845595,0.6700771994190935
high_debt_burden,app,"Logistic (app, calibrated)",0.2786516853932584,0.52562358276644,0.47846672073476687,0.6700771994190935
high_debt_burden,app,"Logistic (app, calibrated)",0.2786516853932584,0.5260770975056689,0.478379847930923,0.6700771994190935
high_debt_burden,app,"Logistic (app, calibrated)",0.27897271268057783,0.5260770975056689,0.4781377535951565,0.6700771994190935
high_debt_burden,app,"Logistic (app, calibrated)",0.27897271268057783,0.526984126984127,0.47765447667087013,0.6700771994190935
high_debt_burden,app,"Logistic (app, calibrated)",0.27961476725521667,0.526984126984127,0.47716970926301555,0.6700771994190935
high_debt_burden,app,"Logistic (app, calibrated)",0.27993579454253614,0.527437641723356,0.4769917504134405,0.6700771994190935
high_debt_burden,app,"Logistic (app, calibrated)",0.280577849117175,0.527437641723356,0.47686444466502076,0.6700771994190935
high_debt_burden,app,"Logistic (app, calibrated)",0.2808988764044944,0.527437641723356,0.4762342014339569,0.6700771994190935
high_debt_burden,app,"Logistic (app, calibrated)",0.2821829855537721,0.528344671201814,0.4761219096210617,0.6700771994190935
high_debt_burden,app,"Logistic (app, calibrated)",0.2828250401284109,0.528344671201814,0.47601985007042613,0.6700771994190935
high_debt_burden,app,"Logistic (app, calibrated)",0.2837881219903692,0.5297052154195011,0.4759909546340352,0.6700771994190935
high_debt_burden,app,"Logistic (app, calibrated)",0.2837881219903692,0.5306122448979592,0.4751729407462174,0.6700771994190935
high_debt_burden,app,"Logistic (app, calibrated)",0.2837881219903692,0.5315192743764172,0.47504282271748666,0.6700771994190935
high_debt_burden,app,"Logistic (app, calibrated)",0.284430176565008,0.5324263038548753,0.47486831873927837,0.6700771994190935
high_debt_burden,app,"Logistic (app, calibrated)",0.284430176565008,0.5337868480725624,0.474412243941359,0.6700771994190935
high_debt_burden,app,"Logistic (app, calibrated)",0.2853932584269663,0.5346938775510204,0.4739894449908901,0.6700771994190935
high_debt_burden,app,"Logistic (app, calibrated)",0.28635634028892454,0.5360544217687074,0.4736463214451202,0.6700771994190935
high_debt_burden,app,"Logistic (app, calibrated)",0.2869983948635634,0.5360544217687074,0.47321996566397956,0.6700771994190935
high_debt_burden,app,"Logistic (app, calibrated)",0.2869983948635634,0.5365079365079365,0.47317946885667944,0.6700771994190935
high_debt_burden,app,"Logistic (app, calibrated)",0.2876404494382023,0.5369614512471655,0.4730431979872119,0.6700771994190935
high_debt_burden,app,"Logistic (app, calibrated)",0.2879614767255217,0.5374149659863946,0.47282801634293314,0.6700771994190935
high_debt_burden,app,"Logistic (app, calibrated)",0.2879614767255217,0.5378684807256235,0.47278019645486047,0.6700771994190935
high_debt_burden,app,"Logistic (app, calibrated)",0.2882825040128411,0.5378684807256235,0.47265805454226034,0.6700771994190935
high_debt_burden,app,"Logistic (app, calibrated)",0.2882825040128411,0.5383219954648526,0.47252104019538343,0.6700771994190935
high_debt_burden,app,"Logistic (app, calibrated)",0.28892455858747995,0.5383219954648526,0.4725032537938958,0.6700771994190935
high_debt_burden,app,"Logistic (app, calibrated)",0.2895666131621188,0.5392290249433107,0.47227583049087307,0.6700771994190935
high_debt_burden,app,"Logistic (app, calibrated)",0.29052969502407705,0.5392290249433107,0.47125092754519804,0.6700771994190935
high_debt_burden,app,"Logistic (app, calibrated)",0.29052969502407705,0.5405895691609978,0.47036214557136813,0.6700771994190935
high_debt_burden,app,"Logistic (app, calibrated)",0.29373996789727125,0.5424036281179139,0.47033548891538696,0.6700771994190935
high_debt_burden,app,"Logistic (app, calibrated)",0.29406099518459067,0.5433106575963719,0.4703052620721814,0.6700771994190935
high_debt_burden,app,"Logistic (app, calibrated)",0.2943820224719101,0.5433106575963719,0.47029744666431245,0.6700771994190935
high_debt_burden,app,"Logistic (app, calibrated)",0.2943820224719101,0.545124716553288,0.4695226599857222,0.6700771994190935
high_debt_burden,app,"Logistic (app, calibrated)",0.29598715890850724,0.545124716553288,0.46945703725761334,0.6700771994190935
high_debt_burden,app,"Logistic (app, calibrated)",0.29598715890850724,0.545578231292517,0.46893524360945504,0.6700771994190935
high_debt_burden,app,"Logistic (app, calibrated)",0.29598715890850724,0.546485260770975,0.46871450221365435,0.6700771994190935
high_debt_burden,app,"Logistic (app, calibrated)",0.2969502407704655,0.5487528344671202,0.4686962119081833,0.6700771994190935
high_debt_burden,app,"Logistic (app, calibrated)",0.2982343499197432,0.5501133786848073,0.46861244266301877,0.6700771994190935
high_debt_burden,app,"Logistic (app, calibrated)",0.2982343499197432,0.5505668934240363,0.467584252468687,0.6700771994190935
high_debt_burden,app,"Logistic (app, calibrated)",0.298876404494382,0.5523809523809524,0.4668591964317755,0.6700771994190935
high_debt_burden,app,"Logistic (app, calibrated)",0.298876404494382,0.5528344671201814,0.4665591698457855,0.6700771994190935
high_debt_burden,app,"Logistic (app, calibrated)",0.3001605136436597,0.5541950113378685,0.46646298533751995,0.6700771994190935
high_debt_burden,app,"Logistic (app, calibrated)",0.3004815409309791,0.5546485260770975,0.4663881204943343,0.6700771994190935
high_debt_burden,app,"Logistic (app, calibrated)",0.30112359550561796,0.5569160997732426,0.46618705030347796,0.6700771994190935
high_debt_burden,app,"Logistic (app, calibrated)",0.30304975922953453,0.5573696145124717,0.46601289495690884,0.6700771994190935
high_debt_burden,app,"Logistic (app, calibrated)",0.30369181380417337,0.5573696145124717,0.46599524932036385,0.6700771994190935
high_debt_burden,app,"Logistic (app, calibrated)",0.3040128410914928,0.5573696145124717,0.46574989342455747,0.6700771994190935
high_debt_burden,app,"Logistic (app, calibrated)",0.3040128410914928,0.5578231292517006,0.46537653120911127,0.6700771994190935
high_debt_burden,app,"Logistic (app, calibrated)",0.3043338683788122,0.5578231292517006,0.4651377015569464,0.6700771994190935
high_debt_burden,app,"Logistic (app, calibrated)",0.30497592295345105,0.5582766439909297,0.46508085240960567,0.6700771994190935
high_debt_burden,app,"Logistic (app, calibrated)",0.30497592295345105,0.5587301587301587,0.46501079850995064,0.6700771994190935
high_debt_burden,app,"Logistic (app, calibrated)",0.3056179775280899,0.5587301587301587,0.4649066970630365,0.6700771994190935
high_debt_burden,app,"Logistic (app, calibrated)",0.3056179775280899,0.5596371882086167,0.46477867468451395,0.6700771994190935
high_debt_burden,app,"Logistic (app, calibrated)",0.30626003210272873,0.5596371882086167,0.4641407582685721,0.6700771994190935
high_debt_burden,app,"Logistic (app, calibrated)",0.31043338683788124,0.5664399092970521,0.4639340800899193,0.6700771994190935
high_debt_burden,app,"Logistic (app, calibrated)",0.31043338683788124,0.5668934240362812,0.46323725196575233,0.6700771994190935
high_debt_burden,app,"Logistic (app, calibrated)",0.3110754414125201,0.5668934240362812,0.46315549272807177,0.6700771994190935
high_debt_burden,app,"Logistic (app, calibrated)",0.3117174959871589,0.5668934240362812,0.4631534880124498,0.6700771994190935
high_debt_burden,app,"Logistic (app, calibrated)",0.3117174959871589,0.5678004535147392,0.4623951551311893,0.6700771994190935
high_debt_burden,app,"Logistic (app, calibrated)",0.31235955056179776,0.5678004535147392,0.4619504335182594,0.6700771994190935
high_debt_burden,app,"Logistic (app, calibrated)",0.313322632423756,0.5682539682539682,0.46189992867042307,0.6700771994190935
high_debt_burden,app,"Logistic (app, calibrated)",0.31396468699839486,0.5682539682539682,0.46133281543773136,0.6700771994190935
high_debt_burden,app,"Logistic (app, calibrated)",0.31396468699839486,0.5687074829931973,0.46091605676812647,0.6700771994190935
high_debt_burden,app,"Logistic (app, calibrated)",0.3149277688603531,0.5687074829931973,0.4605020851144589,0.6700771994190935
high_debt_burden,app,"Logistic (app, calibrated)",0.3149277688603531,0.5696145124716553,0.45997970718462405,0.6700771994190935
high_debt_burden,app,"Logistic (app, calibrated)",0.31556982343499196,0.5696145124716553,0.4590465061432722,0.6700771994190935
high_debt_burden,app,"Logistic (app, calibrated)",0.31910112359550563,0.5732426303854875,0.45891843413040545,0.6700771994190935
high_debt_burden,app,"Logistic (app, calibrated)",0.31974317817014447,0.5732426303854875,0.4587529541260643,0.6700771994190935
high_debt_burden,app,"Logistic (app, calibrated)",0.31974317817014447,0.5736961451247166,0.4586746572444641,0.6700771994190935
high_debt_burden,app,"Logistic (app, calibrated)",0.3219903691813804,0.5755102040816327,0.45852867468451397,0.6700771994190935
high_debt_burden,app,"Logistic (app, calibrated)",0.32263242375601925,0.5764172335600907,0.45783006264986953,0.6700771994190935
high_debt_burden,app,"Logistic (app, calibrated)",0.3232744783306581,0.5764172335600907,0.4577929468012455,0.6700771994190935
high_debt_burden,app,"Logistic (app, calibrated)",0.3232744783306581,0.5768707482993197,0.45773952766791676,0.6700771994190935
high_debt_burden,app,"Logistic (app, calibrated)",0.3232744783306581,0.5777777777777777,0.45753512650399253,0.6700771994190935
high_debt_burden,app,"Logistic (app, calibrated)",0.32423756019261635,0.5786848072562358,0.45705527486314806,0.6700771994190935
high_debt_burden,app,"Logistic (app, calibrated)",0.32520064205457466,0.5786848072562358,0.45679511240788867,0.6700771994190935
high_debt_burden,app,"Logistic (app, calibrated)",0.3255216693418941,0.5795918367346938,0.45671996566397954,0.6700771994190935
high_debt_burden,app,"Logistic (app, calibrated)",0.3258426966292135,0.5795918367346938,0.45669621190818327,0.6700771994190935
high_debt_burden,app,"Logistic (app, calibrated)",0.3258426966292135,0.5800453514739229,0.4566814411978896,0.6700771994190935
high_debt_burden,app,"Logistic (app, calibrated)",0.32680577849117176,0.5814058956916099,0.45605092464902774,0.6700771994190935
high_debt_burden,app,"Logistic (app, calibrated)",0.3271268057784912,0.5814058956916099,0.4559998778466374,0.6700771994190935
high_debt_burden,app,"Logistic (app, calibrated)",0.32776886035313,0.581859410430839,0.4558983775315328,0.6700771994190935
high_debt_burden,app,"Logistic (app, calibrated)",0.3329052969502408,0.5863945578231292,0.4558767693024586,0.6700771994190935
high_debt_burden,app,"Logistic (app, calibrated)",0.3332263242375602,0.5863945578231292,0.4558009339914664,0.6700771994190935
high_debt_burden,app,"Logistic (app, calibrated)",0.3332263242375602,0.5868480725623583,0.4555562697519953,0.6700771994190935
high_debt_burden,app,"Logistic (app, calibrated)",0.33418940609951847,0.5868480725623583,0.45540348201378666,0.6700771994190935
high_debt_burden,app,"Logistic (app, calibrated)",0.3345104333868379,0.5873015873015873,0.455113905057919,0.6700771994190935
high_debt_burden,app,"Logistic (app, calibrated)",0.33547351524879615,0.5873015873015873,0.45427708391943505,0.6700771994190935
high_debt_burden,app,"Logistic (app, calibrated)",0.33547351524879615,0.5882086167800453,0.45400305100951605,0.6700771994190935
high_debt_burden,app,"Logistic (app, calibrated)",0.34125200642054576,0.5941043083900227,0.4537444423334148,0.6700771994190935
high_debt_burden,app,"Logistic (app, calibrated)",0.34285714285714286,0.5945578231292517,0.45335157115944436,0.6700771994190935
high_debt_burden,app,"Logistic (app, calibrated)",0.3431781701444623,0.5945578231292517,0.4532282402743327,0.6700771994190935
high_debt_burden,app,"Logistic (app, calibrated)",0.34414125200642054,0.5950113378684807,0.4530946777070516,0.6700771994190935
high_debt_burden,app,"Logistic (app, calibrated)",0.3447833065810594,0.5950113378684807,0.45250269876197124,0.6700771994190935
high_debt_burden,app,"Logistic (app, calibrated)",0.3451043338683788,0.5954648526077098,0.45242465724446407,0.6700771994190935
high_debt_burden,app,"Logistic (app, calibrated)",0.3454253611556982,0.5954648526077098,0.4521183845307927,0.6700771994190935
high_debt_burden,app,"Logistic (app, calibrated)",0.34606741573033706,0.5963718820861678,0.4517913956623552,0.6700771994190935
high_debt_burden,app,"Logistic (app, calibrated)",0.3463884430176565,0.5963718820861678,0.4513353208644359,0.6700771994190935
high_debt_burden,app,"Logistic (app, calibrated)",0.34831460674157305,0.5981859410430839,0.4508138589670068,0.6700771994190935
high_debt_burden,app,"Logistic (app, calibrated)",0.34863563402889247,0.5981859410430839,0.4506411727415138,0.6700771994190935
high_debt_burden,app,"Logistic (app, calibrated)",0.35345104333868377,0.6045351473922902,0.45004073862971106,0.6700771994190935
high_debt_burden,app,"Logistic (app, calibrated)",0.35345104333868377,0.6054421768707483,0.45003419670493044,0.6700771994190935
high_debt_burden,app,"Logistic (app, calibrated)",0.3537720706260032,0.6054421768707483,0.4489301353327032,0.6700771994190935
high_debt_burden,app,"Logistic (app, calibrated)",0.3576243980738363,0.6099773242630385,0.4484163151339521,0.6700771994190935
high_debt_burden,app,"Logistic (app, calibrated)",0.35858747993579454,0.6099773242630385,0.4481359735677984,0.6700771994190935
high_debt_burden,app,"Logistic (app, calibrated)",0.35858747993579454,0.6104308390022676,0.4481207100409147,0.6700771994190935
high_debt_burden,app,"Logistic (app, calibrated)",0.3592295345104334,0.6108843537414966,0.44808360202761593,0.6700771994190935
high_debt_burden,app,"Logistic (app, calibrated)",0.3595505617977528,0.6108843537414966,0.44794165570606487,0.6700771994190935
high_debt_burden,app,"Logistic (app, calibrated)",0.36019261637239164,0.6113378684807256,0.4475728287234554,0.6700771994190935
high_debt_burden,app,"Logistic (app, calibrated)",0.36019261637239164,0.6117913832199546,0.4472283389952583,0.6700771994190935
high_debt_burden,app,"Logistic (app, calibrated)",0.36051364365971106,0.6122448979591837,0.44716195756344507,0.6700771994190935
high_debt_burden,app,"Logistic (app, calibrated)",0.36051364365971106,0.6126984126984127,0.4468091907922484,0.6700771994190935
high_debt_burden,app,"Logistic (app, calibrated)",0.3621187800963082,0.6158730158730159,0.4465838400095293,0.6700771994190935
high_debt_burden,app,"Logistic (app, calibrated)",0.3634028892455859,0.6158730158730159,0.4445086741482765,0.6700771994190935
high_debt_burden,app,"Logistic (app, calibrated)",0.36404494382022473,0.6158730158730159,0.4444900330826701,0.6700771994190935
high_debt_burden,app,"Logistic (app, calibrated)",0.36436597110754415,0.6158730158730159,0.4442917068553272,0.6700771994190935
high_debt_burden,app,"Logistic (app, calibrated)",0.36436597110754415,0.6163265306122448,0.44424065879189845,0.6700771994190935
high_debt_burden,app,"Logistic (app, calibrated)",0.365008025682183,0.6163265306122448,0.44338606226059685,0.6700771994190935
high_debt_burden,app,"Logistic (app, calibrated)",0.365008025682183,0.6167800453514739,0.4432842908284238,0.6700771994190935
high_debt_burden,app,"Logistic (app, calibrated)",0.3653290529695024,0.6167800453514739,0.4431287443390741,0.6700771994190935
high_debt_burden,app,"Logistic (app, calibrated)",0.36597110754414125,0.6167800453514739,0.44284274048509165,0.6700771994190935
high_debt_burden,app,"Logistic (app, calibrated)",0.3669341894060995,0.617233560090703,0.4427404803041006,0.6700771994190935
high_debt_burden,app,"Logistic (app, calibrated)",0.36725521669341893,0.617233560090703,0.442698794431414,0.6700771994190935
high_debt_burden,app,"Logistic (app, calibrated)",0.36757624398073835,0.618140589569161,0.4425246390848449,0.6700771994190935
high_debt_burden,app,"Logistic (app, calibrated)",0.36789727126805777,0.618140589569161,0.44244416113177343,0.6700771994190935
high_debt_burden,app,"Logistic (app, calibrated)",0.37014446227929376,0.6204081632653061,0.44231229769390235,0.6700771994190935
high_debt_burden,app,"Logistic (app, calibrated)",0.37014446227929376,0.6208616780045352,0.4420288122380348,0.6700771994190935
high_debt_burden,app,"Logistic (app, calibrated)",0.3704654895666132,0.6208616780045352,0.4419711342052393,0.6700771994190935
high_debt_burden,app,"Logistic (app, calibrated)",0.3704654895666132,0.6213151927437641,0.44189992867042305,0.6700771994190935
high_debt_burden,app,"Logistic (app, calibrated)",0.371107544141252,0.6217687074829932,0.44187889698339095,0.6700771994190935
high_debt_burden,app,"Logistic (app, calibrated)",0.37142857142857144,0.6222222222222222,0.44141844119097245,0.6700771994190935
high_debt_burden,app,"Logistic (app, calibrated)",0.37174959871589086,0.6222222222222222,0.44134286943617573,0.6700771994190935
high_debt_burden,app,"Logistic (app, calibrated)",0.37174959871589086,0.6226757369614513,0.4410429044176157,0.6700771994190935
high_debt_burden,app,"Logistic (app, calibrated)",0.3723916532905297,0.6226757369614513,0.4406720799248765,0.6700771994190935
high_debt_burden,app,"Logistic (app, calibrated)",0.3727126805778491,0.6226757369614513,0.4404383094846914,0.6700771994190935
high_debt_burden,app,"Logistic (app, calibrated)",0.37335473515248796,0.6226757369614513,0.4400765649355267,0.6700771994190935
high_debt_burden,app,"Logistic (app, calibrated)",0.3739967897271268,0.6226757369614513,0.4392968667929068,0.6700771994190935
high_debt_burden,app,"Logistic (app, calibrated)",0.37463884430176564,0.6231292517006802,0.4392790803914193,0.6700771994190935
high_debt_burden,app,"Logistic (app, calibrated)",0.37463884430176564,0.6240362811791383,0.43888994081014554,0.6700771994190935
high_debt_burden,app,"Logistic (app, calibrated)",0.3759229534510433,0.6244897959183674,0.4388230055934999,0.6700771994190935
high_debt_burden,app,"Logistic (app, calibrated)",0.37656500802568216,0.6244897959183674,0.43852867468451395,0.6700771994190935
high_debt_burden,app,"Logistic (app, calibrated)",0.3778491171749599,0.6253968253968254,0.43845038176597473,0.6700771994190935
high_debt_burden,app,"Logistic (app, calibrated)",0.3781701444622793,0.6258503401360545,0.4383860156426202,0.6700771994190935
high_debt_burden,app,"Logistic (app, calibrated)",0.3781701444622793,0.6263038548752834,0.43829148052558564,0.6700771994190935
high_debt_burden,app,"Logistic (app, calibrated)",0.3797752808988764,0.6281179138321995,0.43794747637316567,0.6700771994190935
high_debt_burden,app,"Logistic (app, calibrated)",0.3797752808988764,0.6285714285714286,0.43779464354911923,0.6700771994190935
high_debt_burden,app,"Logistic (app, calibrated)",0.38073836276083467,0.6285714285714286,0.4373465896349158,0.6700771994190935
high_debt_burden,app,"Logistic (app, calibrated)",0.38073836276083467,0.6294784580498867,0.4371593737033141,0.6700771994190935
high_debt_burden,app,"Logistic (app, calibrated)",0.38202247191011235,0.6294784580498867,0.43588541523304825,0.6700771994190935
high_debt_burden,app,"Logistic (app, calibrated)",0.38234349919743177,0.6299319727891156,0.43587587557430146,0.6700771994190935
high_debt_burden,app,"Logistic (app, calibrated)",0.3826645264847512,0.6299319727891156,0.4354293404351289,0.6700771994190935
high_debt_burden,app,"Logistic (app, calibrated)",0.3829855537720706,0.6308390022675737,0.4352434745812692,0.6700771994190935
high_debt_burden,app,"Logistic (app, calibrated)",0.3829855537720706,0.6317460317460317,0.4348777997945775,0.6700771994190935
high_debt_burden,app,"Logistic (app, calibrated)",0.38330658105939003,0.6340136054421769,0.4347449923959882,0.6700771994190935
high_debt_burden,app,"Logistic (app, calibrated)",0.38362760834670945,0.6340136054421769,0.4347277437115261,0.6700771994190935
high_debt_burden,app,"Logistic (app, calibrated)",0.385553772070626,0.635827664399093,0.4347160237243223,0.6700771994190935
high_debt_burden,app,"Logistic (app, calibrated)",0.385553772070626,0.6376417233560091,0.43324110388963594,0.6700771994190935
high_debt_burden,app,"Logistic (app, calibrated)",0.3871589085072231,0.638095238095238,0.43306496270731376,0.6700771994190935
high_debt_burden,app,"Logistic (app, calibrated)",0.38747993579454254,0.638095238095238,0.4327374557630824,0.6700771994190935
high_debt_burden,app,"Logistic (app, calibrated)",0.38780096308186196,0.6385487528344671,0.43256649896906685,0.6700771994190935
high_debt_burden,app,"Logistic (app, calibrated)",0.3884430176565008,0.6394557823129252,0.4325626687769638,0.6700771994190935
high_debt_burden,app,"Logistic (app, calibrated)",0.3926163723916533,0.6435374149659864,0.43238851343039464,0.6700771994190935
high_debt_burden,app,"Logistic (app, calibrated)",0.39325842696629215,0.6458049886621315,0.4323463643259249,0.6700771994190935
high_debt_burden,app,"Logistic (app, calibrated)",0.3942215088282504,0.6462585034013606,0.4321198431100587,0.6700771994190935
high_debt_burden,app,"Logistic (app, calibrated)",0.3942215088282504,0.6471655328798186,0.4315530311315169,0.6700771994190935
high_debt_burden,app,"Logistic (app, calibrated)",0.39454253611556983,0.6476190476190476,0.43150287791542813,0.6700771994190935
high_debt_burden,app,"Logistic (app, calibrated)",0.39454253611556983,0.6480725623582766,0.43140652639925214,0.6700771994190935
high_debt_burden,app,"Logistic (app, calibrated)",0.39486356340288925,0.6480725623582766,0.4313401449674389,0.6700771994190935
high_debt_burden,app,"Logistic (app, calibrated)",0.39486356340288925,0.6494331065759638,0.43132235856595125,0.6700771994190935
high_debt_burden,app,"Logistic (app, calibrated)",0.39486356340288925,0.6503401360544218,0.43131767285435957,0.6700771994190935
high_debt_burden,app,"Logistic (app, calibrated)",0.39518459069020867,0.6503401360544218,0.4312287595545521,0.6700771994190935
high_debt_burden,app,"Logistic (app, calibrated)",0.39518459069020867,0.6507936507936508,0.4311933807810636,0.6700771994190935
high_debt_burden,app,"Logistic (app, calibrated)",0.39614767255216693,0.6507936507936508,0.43064117274151376,0.6700771994190935
high_debt_burden,app,"Logistic (app, calibrated)",0.39614767255216693,0.6512471655328799,0.43064029207258975,0.6700771994190935
high_debt_burden,app,"Logistic (app, calibrated)",0.3971107544141252,0.6517006802721088,0.4306092553864442,0.6700771994190935
high_debt_burden,app,"Logistic (app, calibrated)",0.39775280898876403,0.6517006802721088,0.4295857004090181,0.6700771994190935
high_debt_burden,app,"Logistic (app, calibrated)",0.3987158908507223,0.6517006802721088,0.4291394571412194,0.6700771994190935
high_debt_burden,app,"Logistic (app, calibrated)",0.3987158908507223,0.6521541950113379,0.42897163787377635,0.6700771994190935
high_debt_burden,app,"Logistic (app, calibrated)",0.3993579454253612,0.6521541950113379,0.4285627413165366,0.6700771994190935
high_debt_burden,app,"Logistic (app, calibrated)",0.3996789727126806,0.6526077097505669,0.428498375193182,0.6700771994190935
high_debt_burden,app,"Logistic (app, calibrated)",0.4057784911717496,0.6580498866213151,0.4280068403246263,0.6700771994190935
high_debt_burden,app,"Logistic (app, calibrated)",0.4057784911717496,0.6585034013605442,0.42777812748519806,0.6700771994190935
high_debt_burden,app,"Logistic (app, calibrated)",0.406099518459069,0.6585034013605442,0.4265341908723362,0.6700771994190935
high_debt_burden,app,"Logistic (app, calibrated)",0.406099518459069,0.6589569160997732,0.426323482609167,0.6700771994190935
high_debt_burden,app,"Logistic (app, calibrated)",0.4067415730337079,0.6589569160997732,0.4259039624479028,0.6700771994190935
high_debt_burden,app,"Logistic (app, calibrated)",0.4067415730337079,0.6594104308390023,0.4257769574104165,0.6700771994190935
high_debt_burden,app,"Logistic (app, calibrated)",0.40738362760834673,0.6594104308390023,0.42526764047961174,0.6700771994190935
high_debt_burden,app,"Logistic (app, calibrated)",0.40738362760834673,0.6603174603174603,0.4250617391290061,0.6700771994190935
high_debt_burden,app,"Logistic (app, calibrated)",0.408346709470305,0.6616780045351474,0.4249603875439151,0.6700771994190935
high_debt_burden,app,"Logistic (app, calibrated)",0.40898876404494383,0.6616780045351474,0.4248111873748077,0.6700771994190935
high_debt_burden,app,"Logistic (app, calibrated)",0.40930979133226325,0.6616780045351474,0.42461547158999674,0.6700771994190935
high_debt_burden,app,"Logistic (app, calibrated)",0.4099518459069021,0.6616780045351474,0.4242449740741033,0.6700771994190935
high_debt_burden,app,"Logistic (app, calibrated)",0.4099518459069021,0.6621315192743764,0.42388299057779744,0.6700771994190935
high_debt_burden,app,"Logistic (app, calibrated)",0.4099518459069021,0.6630385487528345,0.4237317900986558,0.6700771994190935
high_debt_burden,app,"Logistic (app, calibrated)",0.41059390048154093,0.6630385487528345,0.4234572677954131,0.6700771994190935
high_debt_burden,app,"Logistic (app, calibrated)",0.41219903691813803,0.6662131519274377,0.42309558413746534,0.6700771994190935
high_debt_burden,app,"Logistic (app, calibrated)",0.41284109149277687,0.6662131519274377,0.42304675377850726,0.6700771994190935
high_debt_burden,app,"Logistic (app, calibrated)",0.4131621187800963,0.6662131519274377,0.4230395041673007,0.6700771994190935
high_debt_burden,app,"Logistic (app, calibrated)",0.4138041733547351,0.6666666666666666,0.42300119299749384,0.6700771994190935
high_debt_burden,app,"Logistic (app, calibrated)",0.4138041733547351,0.6671201814058957,0.4229612112487615,0.6700771994190935
high_debt_burden,app,"Logistic (app, calibrated)",0.414446227929374,0.6675736961451247,0.42295189526968124,0.6700771994190935
high_debt_burden,app,"Logistic (app, calibrated)",0.414446227929374,0.6680272108843538,0.4225270837378151,0.6700771994190935
high_debt_burden,app,"Logistic (app, calibrated)",0.41508828250401286,0.6684807256235827,0.4224587238764867,0.6700771994190935
high_debt_burden,app,"Logistic (app, calibrated)",0.41508828250401286,0.6702947845804988,0.4217682254383588,0.6700771994190935
high_debt_burden,app,"Logistic (app, calibrated)",0.4157303370786517,0.6702947845804988,0.4206505184855459,0.6700771994190935
high_debt_burden,app,"Logistic (app, calibrated)",0.4157303370786517,0.671201814058957,0.4205937870063372,0.6700771994190935
high_debt_burden,app,"Logistic (app, calibrated)",0.41637239165329054,0.671201814058957,0.4202116956436074,0.6700771994190935
high_debt_burden,app,"Logistic (app, calibrated)",0.41669341894060996,0.671201814058957,0.42006360263704207,0.6700771994190935
high_debt_burden,app,"Logistic (app, calibrated)",0.420545746388443,0.6743764172335601,0.41984499867830616,0.6700771994190935
high_debt_burden,app,"Logistic (app, calibrated)",0.4208667736757624,0.6748299319727891,0.4198159615922902,0.6700771994190935
high_debt_burden,app,"Logistic (app, calibrated)",0.4208667736757624,0.6761904761904762,0.4196075278391228,0.6700771994190935
high_debt_burden,app,"Logistic (app, calibrated)",0.42118780096308184,0.6761904761904762,0.4194302099707089,0.6700771994190935
high_debt_burden,app,"Logistic (app, calibrated)",0.42150882825040126,0.6766439909297052,0.41925181669178124,0.6700771994190935
high_debt_burden,app,"Logistic (app, calibrated)",0.42182985553772073,0.6766439909297052,0.4189724751817934,0.6700771994190935
high_debt_burden,app,"Logistic (app, calibrated)",0.4231139646869984,0.6780045351473923,0.41891101676896325,0.6700771994190935
high_debt_burden,app,"Logistic (app, calibrated)",0.42407704654895667,0.6816326530612244,0.4188942111283162,0.6700771994190935
high_debt_burden,app,"Logistic (app, calibrated)",0.42568218298555377,0.6816326530612244,0.4182914805255856,0.6700771994190935
high_debt_burden,app,"Logistic (app, calibrated)",0.42568218298555377,0.6825396825396826,0.4181728271558848,0.6700771994190935
high_debt_burden,app,"Logistic (app, calibrated)",0.42664526484751203,0.6825396825396826,0.41674579787359434,0.6700771994190935
high_debt_burden,app,"Logistic (app, calibrated)",0.42664526484751203,0.6829931972789116,0.41666750495505517,0.6700771994190935
high_debt_burden,app,"Logistic (app, calibrated)",0.42728731942215087,0.6829931972789116,0.41653197038653095,0.6700771994190935
high_debt_burden,app,"Logistic (app, calibrated)",0.42728731942215087,0.6839002267573696,0.4160798888677171,0.6700771994190935
high_debt_burden,app,"Logistic (app, calibrated)",0.42921348314606744,0.6852607709750567,0.4155005459699452,0.6700771994190935
high_debt_burden,app,"Logistic (app, calibrated)",0.42953451043338686,0.6852607709750567,0.4153675449879376,0.6700771994190935
high_debt_burden,app,"Logistic (app, calibrated)",0.42953451043338686,0.6861678004535148,0.41511967633040764,0.6700771994190935
high_debt_burden,app,"Logistic (app, calibrated)",0.43113964686998396,0.6875283446712018,0.41479005362336113,0.6700771994190935
high_debt_burden,app,"Logistic (app, calibrated)",0.43113964686998396,0.6879818594104309,0.4147453264349207,0.6700771994190935
high_debt_burden,app,"Logistic (app, calibrated)",0.4314606741573034,0.6879818594104309,0.4146429843319167,0.6700771994190935
high_debt_burden,app,"Logistic (app, calibrated)",0.43402889245585874,0.689795918367347,0.41445922050110173,0.6700771994190935
high_debt_burden,app,"Logistic (app, calibrated)",0.43402889245585874,0.6902494331065759,0.41417315026697177,0.6700771994190935
high_debt_burden,app,"Logistic (app, calibrated)",0.4353130016051364,0.6902494331065759,0.41372549019607846,0.6700771994190935
high_debt_burden,app,"Logistic (app, calibrated)",0.43595505617977526,0.6902494331065759,0.4137049762885038,0.6700771994190935
high_debt_burden,app,"Logistic (app, calibrated)",0.4362760834670947,0.6902494331065759,0.41333588316501235,0.6700771994190935
high_debt_burden,app,"Logistic (app, calibrated)",0.43820224719101125,0.692063492063492,0.41315233880135704,0.6700771994190935
high_debt_burden,app,"Logistic (app, calibrated)",0.43820224719101125,0.6925170068027211,0.4130735707993233,0.6700771994190935
high_debt_burden,app,"Logistic (app, calibrated)",0.4391653290529695,0.6929705215419502,0.41293638978123653,0.6700771994190935
high_debt_burden,app,"Logistic (app, calibrated)",0.4391653290529695,0.6938775510204082,0.4125055633445255,0.6700771994190935
high_debt_burden,app,"Logistic (app, calibrated)",0.43948635634028893,0.6938775510204082,0.41189739556460137,0.6700771994190935
high_debt_burden,app,"Logistic (app, calibrated)",0.43948635634028893,0.6943310657596372,0.41188005425177965,0.6700771994190935
high_debt_burden,app,"Logistic (app, calibrated)",0.43980738362760835,0.6943310657596372,0.41151228974388465,0.6700771994190935
high_debt_burden,app,"Logistic (app, calibrated)",0.43980738362760835,0.6947845804988663,0.41107213352142036,0.6700771994190935
high_debt_burden,app,"Logistic (app, calibrated)",0.44141252006420545,0.6947845804988663,0.4092192521742968,0.6700771994190935
high_debt_burden,app,"Logistic (app, calibrated)",0.44173354735152487,0.6952380952380952,0.40900654181381607,0.6700771994190935
high_debt_burden,app,"Logistic (app, calibrated)",0.44269662921348313,0.6988662131519274,0.4088915209728965,0.6700771994190935
high_debt_burden,app,"Logistic (app, calibrated)",0.44301765650080255,0.6988662131519274,0.4088798978629555,0.6700771994190935
high_debt_burden,app,"Logistic (app, calibrated)",0.44301765650080255,0.6997732426303855,0.4084941415841762,0.6700771994190935
high_debt_burden,app,"Logistic (app, calibrated)",0.4436597110754414,0.6997732426303855,0.40809739374641196,0.6700771994190935
high_debt_burden,app,"Logistic (app, calibrated)",0.4446227929373997,0.6997732426303855,0.40742299577650376,0.6700771994190935
high_debt_burden,app,"Logistic (app, calibrated)",0.4449438202247191,0.7002267573696145,0.407405307874707,0.6700771994190935
high_debt_burden,app,"Logistic (app, calibrated)",0.4449438202247191,0.7006802721088435,0.40716767314262237,0.6700771994190935
high_debt_burden,app,"Logistic (app, calibrated)",0.44526484751203854,0.7011337868480726,0.4066644692280896,0.6700771994190935
high_debt_burden,app,"Logistic (app, calibrated)",0.44526484751203854,0.7024943310657596,0.4059237461730307,0.6700771994190935
high_debt_burden,app,"Logistic (app, calibrated)",0.44526484751203854,0.7034013605442176,0.4057996346291105,0.6700771994190935
high_debt_burden,app,"Logistic (app, calibrated)",0.4475120385232745,0.7070294784580499,0.4049904971550369,0.6700771994190935
high_debt_burden,app,"Logistic (app, calibrated)",0.449438202247191,0.710204081632653,0.4047557839633525,0.6700771994190935
high_debt_burden,app,"Logistic (app, calibrated)",0.449438202247191,0.7115646258503401,0.4043914002566876,0.6700771994190935
high_debt_burden,app,"Logistic (app, calibrated)",0.4507223113964687,0.7115646258503401,0.4037061514939797,0.6700771994190935
high_debt_burden,app,"Logistic (app, calibrated)",0.451685393258427,0.7115646258503401,0.40364346048830724,0.6700771994190935
high_debt_burden,app,"Logistic (app, calibrated)",0.45232744783306583,0.7124716553287982,0.40344824271557417,0.6700771994190935
high_debt_burden,app,"Logistic (app, calibrated)",0.45457463884430177,0.7124716553287982,0.4020279794824789,0.6700771994190935
high_debt_burden,app,"Logistic (app, calibrated)",0.45457463884430177,0.7129251700680272,0.4019246560621063,0.6700771994190935
high_debt_burden,app,"Logistic (app, calibrated)",0.4548956661316212,0.7129251700680272,0.4018733525778285,0.6700771994190935
high_debt_burden,app,"Logistic (app, calibrated)",0.4548956661316212,0.7138321995464852,0.4014181389364584,0.6700771994190935
high_debt_burden,app,"Logistic (app, calibrated)",0.4552166934189406,0.7138321995464852,0.4014119931015873,0.6700771994190935
high_debt_burden,app,"Logistic (app, calibrated)",0.45585874799357945,0.7138321995464852,0.4013083615576461,0.6700771994190935
high_debt_burden,app,"Logistic (app, calibrated)",0.45585874799357945,0.7142857142857143,0.4009962178892302,0.6700771994190935
high_debt_burden,app,"Logistic (app, calibrated)",0.4565008025682183,0.7147392290249434,0.40076000759824504,0.6700771994190935
high_debt_burden,app,"Logistic (app, calibrated)",0.4565008025682183,0.7151927437641723,0.40054256277666783,0.6700771994190935
high_debt_burden,app,"Logistic (app, calibrated)",0.4568218298555377,0.7151927437641723,0.40053667130237003,0.6700771994190935
high_debt_burden,app,"Logistic (app, calibrated)",0.4568218298555377,0.7156462585034014,0.40051402953278936,0.6700771994190935
high_debt_burden,app,"Logistic (app, calibrated)",0.45714285714285713,0.7156462585034014,0.40046487514714935,0.6700771994190935
high_debt_burden,app,"Logistic (app, calibrated)",0.4587479935794542,0.7165532879818595,0.40044187946063925,0.6700771994190935
high_debt_burden,app,"Logistic (app, calibrated)",0.4587479935794542,0.7170068027210884,0.40037482354325393,0.6700771994190935
high_debt_burden,app,"Logistic (app, calibrated)",0.4593900481540931,0.7170068027210884,0.4002610174572105,0.6700771994190935
high_debt_burden,app,"Logistic (app, calibrated)",0.46003210272873196,0.7174603174603175,0.40024353422659187,0.6700771994190935
high_debt_burden,app,"Logistic (app, calibrated)",0.4603531300160514,0.7179138321995465,0.40016304261232943,0.6700771994190935
high_debt_burden,app,"Logistic (app, calibrated)",0.4619582664526485,0.7197278911564626,0.39993555210009185,0.6700771994190935
high_debt_burden,app,"Logistic (app, calibrated)",0.4622792937399679,0.7197278911564626,0.39952171760603583,0.6700771994190935
high_debt_burden,app,"Logistic (app, calibrated)",0.4622792937399679,0.7219954648526077,0.39850192758031977,0.6700771994190935
high_debt_burden,app,"Logistic (app, calibrated)",0.4626003210272873,0.7224489795918367,0.3981356148852833,0.6700771994190935
high_debt_burden,app,"Logistic (app, calibrated)",0.4626003210272873,0.7233560090702947,0.3980620907938623,0.6700771994190935
high_debt_burden,app,"Logistic (app, calibrated)",0.46292134831460674,0.7238095238095238,0.39804430439237476,0.6700771994190935
high_debt_burden,app,"Logistic (app, calibrated)",0.46292134831460674,0.7242630385487528,0.3979632325371093,0.6700771994190935
high_debt_burden,app,"Logistic (app, calibrated)",0.46324237560192616,0.7242630385487528,0.3978935733689134,0.6700771994190935
high_debt_burden,app,"Logistic (app, calibrated)",0.463884430176565,0.7247165532879819,0.3977889190525623,0.6700771994190935
high_debt_burden,app,"Logistic (app, calibrated)",0.463884430176565,0.7251700680272108,0.3977387052339764,0.6700771994190935
high_debt_burden,app,"Logistic (app, calibrated)",0.4642054574638844,0.7251700680272108,0.3977361486844678,0.6700771994190935
high_debt_burden,app,"Logistic (app, calibrated)",0.4642054574638844,0.7256235827664399,0.39763610971748514,0.6700771994190935
high_debt_burden,app,"Logistic (app, calibrated)",0.4642054574638844,0.726530612244898,0.39763417531595635,0.6700771994190935
high_debt_burden,app,"Logistic (app, calibrated)",0.4642054574638844,0.726984126984127,0.3975866210292439,0.6700771994190935
high_debt_burden,app,"Logistic (app, calibrated)",0.46484751203852326,0.726984126984127,0.3972579679624439,0.6700771994190935
high_debt_burden,app,"Logistic (app, calibrated)",0.46484751203852326,0.727437641723356,0.39725123566842047,0.6700771994190935
high_debt_burden,app,"Logistic (app, calibrated)",0.4651685393258427,0.7278911564625851,0.39719328235541557,0.6700771994190935
high_debt_burden,app,"Logistic (app, calibrated)",0.4664526484751204,0.7278911564625851,0.3966032474987699,0.6700771994190935
high_debt_burden,app,"Logistic (app, calibrated)",0.4664526484751204,0.728344671201814,0.39638418551500204,0.6700771994190935
high_debt_burden,app,"Logistic (app, calibrated)",0.46677367576243983,0.7287981859410431,0.3959707372343805,0.6700771994190935
high_debt_burden,app,"Logistic (app, calibrated)",0.46677367576243983,0.7292517006802721,0.3958487092152951,0.6700771994190935
high_debt_burden,app,"Logistic (app, calibrated)",0.4677367576243981,0.7292517006802721,0.3948905437200197,0.6700771994190935
high_debt_burden,app,"Logistic (app, calibrated)",0.4680577849117175,0.7297052154195012,0.39473480706730457,0.6700771994190935
high_debt_burden,app,"Logistic (app, calibrated)",0.4680577849117175,0.7306122448979592,0.39467981485985804,0.6700771994190935
high_debt_burden,app,"Logistic (app, calibrated)",0.46869983948635635,0.7306122448979592,0.3943824371142086,0.6700771994190935
high_debt_burden,app,"Logistic (app, calibrated)",0.46902086677367577,0.7306122448979592,0.3941334727911909,0.6700771994190935
high_debt_burden,app,"Logistic (app, calibrated)",0.46902086677367577,0.7310657596371882,0.39362871997679033,0.6700771994190935
high_debt_burden,app,"Logistic (app, calibrated)",0.46998394863563403,0.7310657596371882,0.39350037270794114,0.6700771994190935
high_debt_burden,app,"Logistic (app, calibrated)",0.47030497592295345,0.7315192743764173,0.39348230934759665,0.6700771994190935
high_debt_burden,app,"Logistic (app, calibrated)",0.47030497592295345,0.7324263038548753,0.39305754534587156,0.6700771994190935
high_debt_burden,app,"Logistic (app, calibrated)",0.47062600321027287,0.7324263038548753,0.39270453183534837,0.6700771994190935
high_debt_burden,app,"Logistic (app, calibrated)",0.4709470304975923,0.7328798185941043,0.3926471281876271,0.6700771994190935
high_debt_burden,app,"Logistic (app, calibrated)",0.4709470304975923,0.7337868480725623,0.3925792302610113,0.6700771994190935
high_debt_burden,app,"Logistic (app, calibrated)",0.47191011235955055,0.7337868480725623,0.39244878295357977,0.6700771994190935
high_debt_burden,app,"Logistic (app, calibrated)",0.47223113964686997,0.7337868480725623,0.3917827046045137,0.6700771994190935
high_debt_burden,app,"Logistic (app, calibrated)",0.47223113964686997,0.7346938775510204,0.39122110023986006,0.6700771994190935
high_debt_burden,app,"Logistic (app, calibrated)",0.4725521669341894,0.7346938775510204,0.3909642616687376,0.6700771994190935
high_debt_burden,app,"Logistic (app, calibrated)",0.4725521669341894,0.7360544217687075,0.3900366164637016,0.6700771994190935
high_debt_burden,app,"Logistic (app, calibrated)",0.4728731942215088,0.7369614512471655,0.3899852406897166,0.6700771994190935
high_debt_burden,app,"Logistic (app, calibrated)",0.4728731942215088,0.7383219954648526,0.3894277742137974,0.6700771994190935
high_debt_burden,app,"Logistic (app, calibrated)",0.47351524879614765,0.7383219954648526,0.38934391068249335,0.6700771994190935
high_debt_burden,app,"Logistic (app, calibrated)",0.47383627608346707,0.7387755102040816,0.388789512908825,0.6700771994190935
high_debt_burden,app,"Logistic (app, calibrated)",0.47447833065810596,0.7387755102040816,0.3885757974198082,0.6700771994190935
high_debt_burden,app,"Logistic (app, calibrated)",0.47447833065810596,0.7392290249433107,0.3884082356264436,0.6700771994190935
high_debt_burden,app,"Logistic (app, calibrated)",0.4751203852327448,0.7392290249433107,0.38833605841695906,0.6700771994190935
high_debt_burden,app,"Logistic (app, calibrated)",0.4754414125200642,0.7396825396825397,0.38815875780110887,0.6700771994190935
high_debt_burden,app,"Logistic (app, calibrated)",0.4754414125200642,0.7401360544217687,0.3881198319585405,0.6700771994190935
high_debt_burden,app,"Logistic (app, calibrated)",0.47576243980738364,0.7405895691609977,0.3879054769121219,0.6700771994190935
high_debt_burden,app,"Logistic (app, calibrated)",0.4767255216693419,0.7405895691609977,0.38771593043903924,0.6700771994190935
high_debt_burden,app,"Logistic (app, calibrated)",0.47736757624398074,0.7405895691609977,0.3872258629040196,0.6700771994190935
high_debt_burden,app,"Logistic (app, calibrated)",0.4780096308186196,0.7410430839002268,0.38721234557893147,0.6700771994190935
high_debt_burden,app,"Logistic (app, calibrated)",0.478330658105939,0.7414965986394558,0.38682970927899607,0.6700771994190935
high_debt_burden,app,"Logistic (app, calibrated)",0.47897271268057784,0.7414965986394558,0.38656693087980837,0.6700771994190935
high_debt_burden,app,"Logistic (app, calibrated)",0.47897271268057784,0.7419501133786848,0.386533507797151,0.6700771994190935
high_debt_burden,app,"Logistic (app, calibrated)",0.47929373996789726,0.7419501133786848,0.38634887705335297,0.6700771994190935
high_debt_burden,app,"Logistic (app, calibrated)",0.47929373996789726,0.7424036281179138,0.38609068043508143,0.6700771994190935
high_debt_burden,app,"Logistic (app, calibrated)",0.4796147672552167,0.7424036281179138,0.3856161569547396,0.6700771994190935
high_debt_burden,app,"Logistic (app, calibrated)",0.4802568218298555,0.7424036281179138,0.38541518167882494,0.6700771994190935
high_debt_burden,app,"Logistic (app, calibrated)",0.48057784911717494,0.7428571428571429,0.38524184411284434,0.6700771994190935
high_debt_burden,app,"Logistic (app, calibrated)",0.4812199036918138,0.7428571428571429,0.38514080956872815,0.6700771994190935
high_debt_burden,app,"Logistic (app, calibrated)",0.4821829855537721,0.7433106575963719,0.3847153259789692,0.6700771994190935
high_debt_burden,app,"Logistic (app, calibrated)",0.4825040128410915,0.7433106575963719,0.3845955442868135,0.6700771994190935
high_debt_burden,app,"Logistic (app, calibrated)",0.4825040128410915,0.7437641723356009,0.38458376884285495,0.6700771994190935
high_debt_burden,app,"Logistic (app, calibrated)",0.48282504012841093,0.7437641723356009,0.3842724986168996,0.6700771994190935
high_debt_burden,app,"Logistic (app, calibrated)",0.48346709470304977,0.7437641723356009,0.38372188713520705,0.6700771994190935
high_debt_burden,app,"Logistic (app, calibrated)",0.4837881219903692,0.7437641723356009,0.3834263489668479,0.6700771994190935
high_debt_burden,app,"Logistic (app, calibrated)",0.4837881219903692,0.7442176870748299,0.38310589478381185,0.6700771994190935
high_debt_burden,app,"Logistic (app, calibrated)",0.48443017656500803,0.7442176870748299,0.38258473660349646,0.6700771994190935
high_debt_burden,app,"Logistic (app, calibrated)",0.48443017656500803,0.744671201814059,0.3823255635463249,0.6700771994190935
high_debt_burden,app,"Logistic (app, calibrated)",0.48475120385232745,0.744671201814059,0.38228349182399074,0.6700771994190935
high_debt_burden,app,"Logistic (app, calibrated)",0.48475120385232745,0.7451247165532879,0.38228305696533116,0.6700771994190935
high_debt_burden,app,"Logistic (app, calibrated)",0.48667736757624397,0.746938775510204,0.3822224917963686,0.6700771994190935
high_debt_burden,app,"Logistic (app, calibrated)",0.4869983948635634,0.7478458049886622,0.38180213409046027,0.6700771994190935
high_debt_burden,app,"Logistic (app, calibrated)",0.4892455858747994,0.7482993197278912,0.3808736136954228,0.6700771994190935
high_debt_burden,app,"Logistic (app, calibrated)",0.49020866773675764,0.7482993197278912,0.3807914105774338,0.6700771994190935
high_debt_burden,app,"Logistic (app, calibrated)",0.49052969502407706,0.7482993197278912,0.3807490655282491,0.6700771994190935
high_debt_burden,app,"Logistic (app, calibrated)",0.49052969502407706,0.7492063492063492,0.38041759497168975,0.6700771994190935
high_debt_burden,app,"Logistic (app, calibrated)",0.4914927768860353,0.7501133786848072,0.3801868990578993,0.6700771994190935
high_debt_burden,app,"Logistic (app, calibrated)",0.4914927768860353,0.7505668934240363,0.3801489760142634,0.6700771994190935
high_debt_burden,app,"Logistic (app, calibrated)",0.49181380417335474,0.7505668934240363,0.37945078084396966,0.6700771994190935
high_debt_burden,app,"Logistic (app, calibrated)",0.49181380417335474,0.7519274376417233,0.3790016966834778,0.6700771994190935
high_debt_burden,app,"Logistic (app, calibrated)",0.49213483146067416,0.7519274376417233,0.37897100618921414,0.6700771994190935
high_debt_burden,app,"Logistic (app, calibrated)",0.49213483146067416,0.7528344671201814,0.3789308837100672,0.6700771994190935
high_debt_burden,app,"Logistic (app, calibrated)",0.4924558587479936,0.7528344671201814,0.37884687208216616,0.6700771994190935
high_debt_burden,app,"Logistic (app, calibrated)",0.4924558587479936,0.7532879818594105,0.37874921785823296,0.6700771994190935
high_debt_burden,app,"Logistic (app, calibrated)",0.49341894060995184,0.7541950113378685,0.3785428381167149,0.6700771994190935
high_debt_burden,app,"Logistic (app, calibrated)",0.4940609951845907,0.7541950113378685,0.3784469652211587,0.6700771994190935
high_debt_burden,app,"Logistic (app, calibrated)",0.4947030497592295,0.7546485260770975,0.3784314419131173,0.6700771994190935
high_debt_burden,app,"Logistic (app, calibrated)",0.49502407704654894,0.7546485260770975,0.3778069073807842,0.6700771994190935
high_debt_burden,app,"Logistic (app, calibrated)",0.4963081861958267,0.7551020408163265,0.3776667065107173,0.6700771994190935
high_debt_burden,app,"Logistic (app, calibrated)",0.4963081861958267,0.7569160997732426,0.37694206882955783,0.6700771994190935
high_debt_burden,app,"Logistic (app, calibrated)",0.4969502407704655,0.7578231292517007,0.3762224509047251,0.6700771994190935
high_debt_burden,app,"Logistic (app, calibrated)",0.49791332263242377,0.7578231292517007,0.3757022503793831,0.6700771994190935
high_debt_burden,app,"Logistic (app, calibrated)",0.4985553772070626,0.7578231292517007,0.3753597466983294,0.6700771994190935
high_debt_burden,app,"Logistic (app, calibrated)",0.49887640449438203,0.7578231292517007,0.37510892854025596,0.6700771994190935
high_debt_burden,app,"Logistic (app, calibrated)",0.49951845906902087,0.7582766439909298,0.37483526917967014,0.6700771994190935
high_debt_burden,app,"Logistic (app, calibrated)",0.5004815409309792,0.7591836734693878,0.3747899853304843,0.6700771994190935
high_debt_burden,app,"Logistic (app, calibrated)",0.5008025682182986,0.7591836734693878,0.374668194242071,0.6700771994190935
high_debt_burden,app,"Logistic (app, calibrated)",0.5008025682182986,0.7596371882086168,0.3744678679282461,0.6700771994190935
high_debt_burden,app,"Logistic (app, calibrated)",0.5017656500802569,0.7596371882086168,0.37415977042341364,0.6700771994190935
high_debt_burden,app,"Logistic (app, calibrated)",0.5020866773675763,0.7596371882086168,0.37412725370113054,0.6700771994190935
high_debt_burden,app,"Logistic (app, calibrated)",0.5020866773675763,0.7600907029478458,0.37385903936383613,0.6700771994190935
high_debt_burden,app,"Logistic (app, calibrated)",0.5027287319422151,0.7600907029478458,0.3735293349964979,0.6700771994190935
high_debt_burden,app,"Logistic (app, calibrated)",0.5030497592295345,0.7605442176870748,0.3730170873614883,0.6700771994190935
high_debt_burden,app,"Logistic (app, calibrated)",0.503370786516854,0.7605442176870748,0.3730155437200196,0.6700771994190935
high_debt_burden,app,"Logistic (app, calibrated)",0.5046548956661316,0.7605442176870748,0.37299665930442166,0.6700771994190935
high_debt_burden,app,"Logistic (app, calibrated)",0.5049759229534511,0.7609977324263039,0.37219248674658145,0.6700771994190935
high_debt_burden,app,"Logistic (app, calibrated)",0.5056179775280899,0.7609977324263039,0.37215128649568746,0.6700771994190935
high_debt_burden,app,"Logistic (app, calibrated)",0.5059390048154093,0.7609977324263039,0.371762457478318,0.6700771994190935
high_debt_burden,app,"Logistic (app, calibrated)",0.5059390048154093,0.7619047619047619,0.3716800930186757,0.6700771994190935
high_debt_burden,app,"Logistic (app, calibrated)",0.5065810593900482,0.7619047619047619,0.3710701522909137,0.6700771994190935
high_debt_burden,app,"Logistic (app, calibrated)",0.5065810593900482,0.7623582766439909,0.3709441622827449,0.6700771994190935
high_debt_burden,app,"Logistic (app, calibrated)",0.507223113964687,0.7623582766439909,0.36980166749077553,0.6700771994190935
high_debt_burden,app,"Logistic (app, calibrated)",0.5078651685393258,0.7623582766439909,0.3697709274527085,0.6700771994190935
high_debt_burden,app,"Logistic (app, calibrated)",0.5081861958266453,0.7623582766439909,0.3695429154082028,0.6700771994190935
high_debt_burden,app,"Logistic (app, calibrated)",0.5094703049759229,0.7623582766439909,0.36949365427283787,0.6700771994190935
high_debt_burden,app,"Logistic (app, calibrated)",0.5097913322632424,0.76281179138322,0.36921066269233804,0.6700771994190935
high_debt_burden,app,"Logistic (app, calibrated)",0.5101123595505618,0.76281179138322,0.3690714902944851,0.6700771994190935
high_debt_burden,app,"Logistic (app, calibrated)",0.5101123595505618,0.763718820861678,0.36881815551658137,0.6700771994190935
high_debt_burden,app,"Logistic (app, calibrated)",0.5104333868378812,0.763718820861678,0.3684496429254189,0.6700771994190935
high_debt_burden,app,"Logistic (app, calibrated)",0.5104333868378812,0.764172335600907,0.36837532815451174,0.6700771994190935
high_debt_burden,app,"Logistic (app, calibrated)",0.5107544141252006,0.7646258503401361,0.3683690503289866,0.6700771994190935
high_debt_burden,app,"Logistic (app, calibrated)",0.51107544141252,0.7646258503401361,0.3682083413662361,0.6700771994190935
high_debt_burden,app,"Logistic (app, calibrated)",0.5113964686998395,0.7655328798185941,0.36815682386992943,0.6700771994190935
high_debt_burden,app,"Logistic (app, calibrated)",0.5113964686998395,0.7659863945578231,0.3680009977639397,0.6700771994190935
high_debt_burden,app,"Logistic (app, calibrated)",0.5120385232744783,0.7659863945578231,0.36796177909066974,0.6700771994190935
high_debt_burden,app,"Logistic (app, calibrated)",0.513322632423756,0.7659863945578231,0.3676755585630131,0.6700771994190935
high_debt_burden,app,"Logistic (app, calibrated)",0.5139646869983948,0.7664399092970522,0.36767547245465604,0.6700771994190935
high_debt_burden,app,"Logistic (app, calibrated)",0.5142857142857142,0.7668934240362811,0.3675404087330628,0.6700771994190935
high_debt_burden,app,"Logistic (app, calibrated)",0.5149277688603532,0.7673469387755102,0.3675402803620894,0.6700771994190935
high_debt_burden,app,"Logistic (app, calibrated)",0.5149277688603532,0.7678004535147392,0.36733007122600914,0.6700771994190935
high_debt_burden,app,"Logistic (app, calibrated)",0.515569823434992,0.7687074829931972,0.3672261931861295,0.6700771994190935
high_debt_burden,app,"Logistic (app, calibrated)",0.515569823434992,0.7691609977324263,0.36652540216289126,0.6700771994190935
high_debt_burden,app,"Logistic (app, calibrated)",0.5158908507223114,0.7691609977324263,0.36597352328899146,0.6700771994190935
high_debt_burden,app,"Logistic (app, calibrated)",0.5165329052969503,0.7691609977324263,0.36574281644729234,0.6700771994190935
high_debt_burden,app,"Logistic (app, calibrated)",0.517817014446228,0.7691609977324263,0.3650878058754308,0.6700771994190935
high_debt_burden,app,"Logistic (app, calibrated)",0.517817014446228,0.7696145124716554,0.36464805194010486,0.6700771994190935
high_debt_burden,app,"Logistic (app, calibrated)",0.5184590690208668,0.7700680272108843,0.36433337317738396,0.6700771994190935
high_debt_burden,app,"Logistic (app, calibrated)",0.5187800963081862,0.7700680272108843,0.36415593883062447,0.6700771994190935
high_debt_burden,app,"Logistic (app, calibrated)",0.5194221508828251,0.7700680272108843,0.3638947163349637,0.6700771994190935
high_debt_burden,app,"Logistic (app, calibrated)",0.5194221508828251,0.7705215419501134,0.36388100018876257,0.6700771994190935
high_debt_burden,app,"Logistic (app, calibrated)",0.5197431781701445,0.7705215419501134,0.36361118184647595,0.6700771994190935
high_debt_burden,app,"Logistic (app, calibrated)",0.5197431781701445,0.7709750566893424,0.3633898647284474,0.6700771994190935
high_debt_burden,app,"Logistic (app, calibrated)",0.5200642054574639,0.7709750566893424,0.36310613134142544,0.6700771994190935
high_debt_burden,app,"Logistic (app, calibrated)",0.5200642054574639,0.7714285714285715,0.36301010530076827,0.6700771994190935
high_debt_burden,app,"Logistic (app, calibrated)",0.5210272873194222,0.7714285714285715,0.3622851055619417,0.6700771994190935
high_debt_burden,app,"Logistic (app, calibrated)",0.5210272873194222,0.7718820861678004,0.3622016669876902,0.6700771994190935
high_debt_burden,app,"Logistic (app, calibrated)",0.5213483146067416,0.7723356009070295,0.36209290060167254,0.6700771994190935
high_debt_burden,app,"Logistic (app, calibrated)",0.521669341894061,0.7723356009070295,0.3620841547388246,0.6700771994190935
high_debt_burden,app,"Logistic (app, calibrated)",0.5219903691813804,0.7727891156462585,0.36168557430418513,0.6700771994190935
high_debt_burden,app,"Logistic (app, calibrated)",0.5226324237560193,0.7727891156462585,0.36110645419493836,0.6700771994190935
high_debt_burden,app,"Logistic (app, calibrated)",0.5226324237560193,0.7732426303854876,0.3609166599086314,0.6700771994190935
high_debt_burden,app,"Logistic (app, calibrated)",0.5248796147672552,0.7746031746031746,0.3605742990559745,0.6700771994190935
high_debt_burden,app,"Logistic (app, calibrated)",0.525521669341894,0.7746031746031746,0.3603043551633248,0.6700771994190935
high_debt_burden,app,"Logistic (app, calibrated)",0.5261637239165329,0.7755102040816326,0.3599315281668223,0.6700771994190935
high_debt_burden,app,"Logistic (app, calibrated)",0.5303370786516854,0.7777777777777778,0.3594314419131173,0.6700771994190935
high_debt_burden,app,"Logistic (app, calibrated)",0.5306581059390049,0.7777777777777778,0.35942647766177177,0.6700771994190935
high_debt_burden,app,"Logistic (app, calibrated)",0.5309791332263243,0.7782312925170068,0.3591955974308916,0.6700771994190935
high_debt_burden,app,"Logistic (app, calibrated)",0.5309791332263243,0.7791383219954648,0.3587224022344066,0.6700771994190935
high_debt_burden,app,"Logistic (app, calibrated)",0.5316211878009631,0.7791383219954648,0.357658800894095,0.6700771994190935
high_debt_burden,app,"Logistic (app, calibrated)",0.532263242375602,0.7791383219954648,0.3573785962495965,0.6700771994190935
high_debt_burden,app,"Logistic (app, calibrated)",0.532263242375602,0.780045351473923,0.3572243901179867,0.6700771994190935
high_debt_burden,app,"Logistic (app, calibrated)",0.5325842696629214,0.780045351473923,0.3571685600122597,0.6700771994190935
high_debt_burden,app,"Logistic (app, calibrated)",0.5325842696629214,0.780952380952381,0.3571199168991005,0.6700771994190935
high_debt_burden,app,"Logistic (app, calibrated)",0.5332263242375602,0.780952380952381,0.35697635505199055,0.6700771994190935
high_debt_burden,app,"Logistic (app, calibrated)",0.5332263242375602,0.78140589569161,0.35674843674843676,0.6700771994190935
high_debt_burden,app,"Logistic (app, calibrated)",0.5338683788121991,0.781859410430839,0.35620958207486947,0.6700771994190935
high_debt_burden,app,"Logistic (app, calibrated)",0.5338683788121991,0.782312925170068,0.3560568842921784,0.6700771994190935
high_debt_burden,app,"Logistic (app, calibrated)",0.5341894060995185,0.782312925170068,0.3559201296959228,0.6700771994190935
high_debt_burden,app,"Logistic (app, calibrated)",0.5341894060995185,0.7832199546485261,0.3550236849703442,0.6700771994190935
high_debt_burden,app,"Logistic (app, calibrated)",0.5341894060995185,0.7836734693877551,0.3548184361570188,0.6700771994190935
high_debt_burden,app,"Logistic (app, calibrated)",0.5348314606741573,0.7836734693877551,0.3539276753803725,0.6700771994190935
high_debt_burden,app,"Logistic (app, calibrated)",0.5373996789727127,0.7863945578231293,0.35391670651071727,0.6700771994190935
high_debt_burden,app,"Logistic (app, calibrated)",0.5380417335473515,0.7868480725623582,0.3533126380856667,0.6700771994190935
high_debt_burden,app,"Logistic (app, calibrated)",0.5383627608346709,0.7868480725623582,0.3532432164785106,0.6700771994190935
high_debt_burden,app,"Logistic (app, calibrated)",0.5390048154093098,0.7868480725623582,0.3530687830687831,0.6700771994190935
high_debt_burden,app,"Logistic (app, calibrated)",0.5393258426966292,0.7868480725623582,0.3529005275752132,0.6700771994190935
high_debt_burden,app,"Logistic (app, calibrated)",0.5393258426966292,0.7873015873015873,0.35285188446205396,0.6700771994190935
high_debt_burden,app,"Logistic (app, calibrated)",0.5396468699839486,0.7873015873015873,0.3527203990324157,0.6700771994190935
high_debt_burden,app,"Logistic (app, calibrated)",0.539967897271268,0.7877551020408163,0.35268590720979354,0.6700771994190935
high_debt_burden,app,"Logistic (app, calibrated)",0.5402889245585875,0.7877551020408163,0.3525637325637326,0.6700771994190935
high_debt_burden,app,"Logistic (app, calibrated)",0.5402889245585875,0.7882086167800454,0.35193481782227237,0.6700771994190935
high_debt_burden,app,"Logistic (app, calibrated)",0.5409309791332263,0.7882086167800454,0.3517295500063862,0.6700771994190935
high_debt_burden,app,"Logistic (app, calibrated)",0.542215088282504,0.7882086167800454,0.35150238513185167,0.6700771994190935
high_debt_burden,app,"Logistic (app, calibrated)",0.542215088282504,0.7891156462585034,0.3508637491405853,0.6700771994190935
high_debt_burden,app,"Logistic (app, calibrated)",0.5425361155698234,0.7891156462585034,0.35062091910259446,0.6700771994190935
high_debt_burden,app,"Logistic (app, calibrated)",0.5441412520064205,0.7891156462585034,0.3501057309009612,0.6700771994190935
high_debt_burden,app,"Logistic (app, calibrated)",0.5441412520064205,0.7900226757369615,0.34970319049081544,0.6700771994190935
high_debt_burden,app,"Logistic (app, calibrated)",0.5444622792937399,0.7904761904761904,0.3491941391941392,0.6700771994190935
high_debt_burden,app,"Logistic (app, calibrated)",0.5444622792937399,0.7913832199546486,0.34868908868908866,0.6700771994190935
high_debt_burden,app,"Logistic (app, calibrated)",0.5454253611556983,0.7913832199546486,0.3469214119214119,0.6700771994190935
high_debt_burden,app,"Logistic (app, calibrated)",0.5460674157303371,0.7913832199546486,0.3466130044567041,0.6700771994190935
high_debt_burden,app,"Logistic (app, calibrated)",0.5460674157303371,0.7922902494331066,0.3460531680862009,0.6700771994190935
high_debt_burden,app,"Logistic (app, calibrated)",0.5463884430176565,0.7931972789115647,0.3457929154082028,0.6700771994190935
high_debt_burden,app,"Logistic (app, calibrated)",0.546709470304976,0.7931972789115647,0.34574720359090333,0.6700771994190935
high_debt_burden,app,"Logistic (app, calibrated)",0.5470304975922954,0.7941043083900227,0.3447785547785548,0.6700771994190935
high_debt_burden,app,"Logistic (app, calibrated)",0.5479935794542536,0.7941043083900227,0.3429545679192288,0.6700771994190935
high_debt_burden,app,"Logistic (app, calibrated)",0.5479935794542536,0.7945578231292517,0.3427947324243374,0.6700771994190935
high_debt_burden,app,"Logistic (app, calibrated)",0.5489566613162119,0.7945578231292517,0.3423449720196576,0.6700771994190935
high_debt_burden,app,"Logistic (app, calibrated)",0.5492776886035313,0.7950113378684808,0.3420827201575002,0.6700771994190935
high_debt_burden,app,"Logistic (app, calibrated)",0.5492776886035313,0.7959183673469388,0.34198455546623086,0.6700771994190935
high_debt_burden,app,"Logistic (app, calibrated)",0.5492776886035313,0.7963718820861678,0.34198193979844665,0.6700771994190935
high_debt_burden,app,"Logistic (app, calibrated)",0.5495987158908507,0.7963718820861678,0.34194308311847,0.6700771994190935
high_debt_burden,app,"Logistic (app, calibrated)",0.5495987158908507,0.7968253968253968,0.3414791711538568,0.6700771994190935
high_debt_burden,app,"Logistic (app, calibrated)",0.5499197431781702,0.7972789115646258,0.34122263756398985,0.6700771994190935
high_debt_burden,app,"Logistic (app, calibrated)",0.550561797752809,0.7972789115646258,0.34119742884958926,0.6700771994190935
high_debt_burden,app,"Logistic (app, calibrated)",0.550561797752809,0.7977324263038549,0.34118997491486347,0.6700771994190935
high_debt_burden,app,"Logistic (app, calibrated)",0.5508828250401284,0.7977324263038549,0.34109251721192024,0.6700771994190935
high_debt_burden,app,"Logistic (app, calibrated)",0.5512038523274478,0.7981859410430839,0.34107085670834575,0.6700771994190935
high_debt_burden,app,"Logistic (app, calibrated)",0.5515248796147673,0.7981859410430839,0.3409960242728604,0.6700771994190935
high_debt_burden,app,"Logistic (app, calibrated)",0.5518459069020867,0.7986394557823129,0.3409181437618435,0.6700771994190935
high_debt_burden,app,"Logistic (app, calibrated)",0.5518459069020867,0.7990929705215419,0.34089752701693,0.6700771994190935
high_debt_burden,app,"Logistic (app, calibrated)",0.5534510433386838,0.8,0.3408416983233737,0.6700771994190935
high_debt_burden,app,"Logistic (app, calibrated)",0.5537720706260032,0.8,0.3405372645372645,0.6700771994190935
high_debt_burden,app,"Logistic (app, calibrated)",0.554414125200642,0.8,0.34035683669818895,0.6700771994190935
high_debt_burden,app,"Logistic (app, calibrated)",0.556661316211878,0.8013605442176871,0.34029357600668153,0.6700771994190935
high_debt_burden,app,"Logistic (app, calibrated)",0.5569823434991974,0.8013605442176871,0.33992868800267734,0.6700771994190935
high_debt_burden,app,"Logistic (app, calibrated)",0.5573033707865168,0.8018140589569162,0.33946477603806413,0.6700771994190935
high_debt_burden,app,"Logistic (app, calibrated)",0.5573033707865168,0.8022675736961451,0.3390481931518726,0.6700771994190935
high_debt_burden,app,"Logistic (app, calibrated)",0.5585874799357945,0.8022675736961451,0.33781408208869357,0.6700771994190935
high_debt_burden,app,"Logistic (app, calibrated)",0.5589085072231139,0.8027210884353742,0.3377461010851865,0.6700771994190935
high_debt_burden,app,"Logistic (app, calibrated)",0.5592295345104333,0.8027210884353742,0.3375621720103946,0.6700771994190935
high_debt_burden,app,"Logistic (app, calibrated)",0.56115569823435,0.8040816326530612,0.33733038610617916,0.6700771994190935
high_debt_burden,app,"Logistic (app, calibrated)",0.5624398073836276,0.8040816326530612,0.3368377751146112,0.6700771994190935
high_debt_burden,app,"Logistic (app, calibrated)",0.5624398073836276,0.8045351473922903,0.33669663647582004,0.6700771994190935
high_debt_burden,app,"Logistic (app, calibrated)",0.5627608346709471,0.8045351473922903,0.33659087762678,0.6700771994190935
high_debt_burden,app,"Logistic (app, calibrated)",0.5630818619582665,0.8049886621315193,0.3360314684717158,0.6700771994190935
high_debt_burden,app,"Logistic (app, calibrated)",0.5637239165329053,0.8049886621315193,0.3355155823655408,0.6700771994190935
high_debt_burden,app,"Logistic (app, calibrated)",0.5640449438202247,0.8054421768707483,0.3354791337559699,0.6700771994190935
high_debt_burden,app,"Logistic (app, calibrated)",0.5640449438202247,0.8063492063492064,0.33467112597547377,0.6700771994190935
high_debt_burden,app,"Logistic (app, calibrated)",0.5646869983948636,0.8063492063492064,0.33466411034108234,0.6700771994190935
high_debt_burden,app,"Logistic (app, calibrated)",0.5656500802568218,0.8063492063492064,0.33305345394541214,0.6700771994190935
high_debt_burden,app,"Logistic (app, calibrated)",0.5656500802568218,0.8068027210884354,0.3330534120453835,0.6700771994190935
high_debt_burden,app,"Logistic (app, calibrated)",0.5666131621187801,0.8068027210884354,0.3329470656058312,0.6700771994190935
high_debt_burden,app,"Logistic (app, calibrated)",0.5675762439807384,0.8068027210884354,0.3317561130158687,0.6700771994190935
high_debt_burden,app,"Logistic (app, calibrated)",0.5682182985553772,0.8068027210884354,0.3316660534908335,0.6700771994190935
high_debt_burden,app,"Logistic (app, calibrated)",0.5682182985553772,0.8072562358276644,0.3315200245398534,0.6700771994190935
high_debt_burden,app,"Logistic (app, calibrated)",0.568860353130016,0.8072562358276644,0.3313495980292941,0.6700771994190935
high_debt_burden,app,"Logistic (app, calibrated)",0.568860353130016,0.8077097505668934,0.3309630021227563,0.6700771994190935
high_debt_burden,app,"Logistic (app, calibrated)",0.5695024077046549,0.8077097505668934,0.3303625882062879,0.6700771994190935
high_debt_burden,app,"Logistic (app, calibrated)",0.5701444622792937,0.8086167800453514,0.32994205164122536,0.6700771994190935
high_debt_burden,app,"Logistic (app, calibrated)",0.5704654895666131,0.8086167800453514,0.3291366993308741,0.6700771994190935
high_debt_burden,app,"Logistic (app, calibrated)",0.571107544141252,0.8095238095238095,0.32913608999607513,0.6700771994190935
high_debt_burden,app,"Logistic (app, calibrated)",0.5720706260032102,0.8095238095238095,0.3268763747024616,0.6700771994190935
high_debt_burden,app,"Logistic (app, calibrated)",0.5720706260032102,0.8099773242630386,0.3266218359669276,0.6700771994190935
high_debt_burden,app,"Logistic (app, calibrated)",0.5723916532905297,0.8099773242630386,0.3264838181638742,0.6700771994190935
high_debt_burden,app,"Logistic (app, calibrated)",0.5730337078651685,0.8104308390022675,0.3256292361484669,0.6700771994190935
high_debt_burden,app,"Logistic (app, calibrated)",0.5743178170144462,0.8117913832199547,0.3249722213135736,0.6700771994190935
high_debt_burden,app,"Logistic (app, calibrated)",0.5749598715890851,0.8117913832199547,0.3243842350450796,0.6700771994190935
high_debt_burden,app,"Logistic (app, calibrated)",0.575601926163724,0.8117913832199547,0.3240801606534487,0.6700771994190935
high_debt_burden,app,"Logistic (app, calibrated)",0.5759229534510434,0.8117913832199547,0.3239939677439677,0.6700771994190935
high_debt_burden,app,"Logistic (app, calibrated)",0.5759229534510434,0.8122448979591836,0.3238853148120776,0.6700771994190935
high_debt_burden,app,"Logistic (app, calibrated)",0.5762439807383628,0.8122448979591836,0.3236625304923481,0.6700771994190935
high_debt_burden,app,"Logistic (app, calibrated)",0.5781701444622793,0.8126984126984127,0.3236391372686038,0.6700771994190935
high_debt_burden,app,"Logistic (app, calibrated)",0.5791332263242376,0.8126984126984127,0.32306425273893835,0.6700771994190935
high_debt_burden,app,"Logistic (app, calibrated)",0.5797752808988764,0.8126984126984127,0.3226690236050288,0.6700771994190935
high_debt_burden,app,"Logistic (app, calibrated)",0.5817014446227929,0.8126984126984127,0.3218367601235846,0.6700771994190935
high_debt_burden,app,"Logistic (app, calibrated)",0.5817014446227929,0.8140589569160998,0.3210466341418722,0.6700771994190935
high_debt_burden,app,"Logistic (app, calibrated)",0.5820224719101124,0.8140589569160998,0.32089507976608,0.6700771994190935
high_debt_burden,app,"Logistic (app, calibrated)",0.5836276083467095,0.8145124716553288,0.3206610808422715,0.6700771994190935
high_debt_burden,app,"Logistic (app, calibrated)",0.5845906902086677,0.8154195011337868,0.32056109906987096,0.6700771994190935
high_debt_burden,app,"Logistic (app, calibrated)",0.585553772070626,0.8154195011337868,0.31954009899110924,0.6700771994190935
high_debt_burden,app,"Logistic (app, calibrated)",0.585553772070626,0.8163265306122449,0.31898094005142297,0.6700771994190935
high_debt_burden,app,"Logistic (app, calibrated)",0.5874799357945425,0.8163265306122449,0.31806536677680053,0.6700771994190935
high_debt_burden,app,"Logistic (app, calibrated)",0.5881219903691813,0.8163265306122449,0.31613913561616824,0.6700771994190935
high_debt_burden,app,"Logistic (app, calibrated)",0.5884430176565008,0.816780045351474,0.31600288362509066,0.6700771994190935
high_debt_burden,app,"Logistic (app, calibrated)",0.5884430176565008,0.8172335600907029,0.31590513535969517,0.6700771994190935
high_debt_burden,app,"Logistic (app, calibrated)",0.5890850722311396,0.81859410430839,0.3150873103504682,0.6700771994190935
high_debt_burden,app,"Logistic (app, calibrated)",0.5906902086677368,0.8195011337868481,0.3150558533326895,0.6700771994190935
high_debt_burden,app,"Logistic (app, calibrated)",0.5906902086677368,0.8199546485260771,0.3150092280787059,0.6700771994190935
high_debt_burden,app,"Logistic (app, calibrated)",0.5910112359550562,0.8199546485260771,0.31470862058559024,0.6700771994190935
high_debt_burden,app,"Logistic (app, calibrated)",0.5910112359550562,0.8208616780045351,0.31445401445401444,0.6700771994190935
high_debt_burden,app,"Logistic (app, calibrated)",0.5913322632423756,0.8217687074829932,0.31416379267256456,0.6700771994190935
high_debt_burden,app,"Logistic (app, calibrated)",0.5913322632423756,0.8222222222222222,0.31401620839653005,0.6700771994190935
high_debt_burden,app,"Logistic (app, calibrated)",0.6009630818619582,0.8249433106575964,0.3138867239774784,0.6700771994190935
high_debt_burden,app,"Logistic (app, calibrated)",0.6009630818619582,0.8258503401360544,0.31340716955961967,0.6700771994190935
high_debt_burden,app,"Logistic (app, calibrated)",0.6022471910112359,0.8258503401360544,0.3133111573111573,0.6700771994190935
high_debt_burden,app,"Logistic (app, calibrated)",0.6022471910112359,0.8263038548752835,0.3131478847580542,0.6700771994190935
high_debt_burden,app,"Logistic (app, calibrated)",0.604494382022472,0.8263038548752835,0.3112001868770591,0.6700771994190935
high_debt_burden,app,"Logistic (app, calibrated)",0.6064205457463885,0.8272108843537415,0.310773308617699,0.6700771994190935
high_debt_burden,app,"Logistic (app, calibrated)",0.6070626003210273,0.8272108843537415,0.31066569616306583,0.6700771994190935
high_debt_burden,app,"Logistic (app, calibrated)",0.6077046548956662,0.8272108843537415,0.31042911313328736,0.6700771994190935
high_debt_burden,app,"Logistic (app, calibrated)",0.608346709470305,0.8272108843537415,0.3100715796133585,0.6700771994190935
high_debt_burden,app,"Logistic (app, calibrated)",0.6096308186195827,0.8285714285714286,0.30979984509396274,0.6700771994190935
high_debt_burden,app,"Logistic (app, calibrated)",0.6102728731942215,0.8285714285714286,0.30917723295302596,0.6700771994190935
high_debt_burden,app,"Logistic (app, calibrated)",0.6102728731942215,0.8290249433106576,0.30908765414912953,0.6700771994190935
high_debt_burden,app,"Logistic (app, calibrated)",0.612199036918138,0.8290249433106576,0.3088653400430637,0.6700771994190935
high_debt_burden,app,"Logistic (app, calibrated)",0.6128410914927769,0.8299319727891157,0.3080697664908191,0.6700771994190935
high_debt_burden,app,"Logistic (app, calibrated)",0.6128410914927769,0.8303854875283446,0.3077297963070019,0.6700771994190935
high_debt_burden,app,"Logistic (app, calibrated)",0.6131621187800963,0.8303854875283446,0.3076746490190548,0.6700771994190935
high_debt_burden,app,"Logistic (app, calibrated)",0.6138041733547351,0.8303854875283446,0.3075624468779136,0.6700771994190935
high_debt_burden,app,"Logistic (app, calibrated)",0.6138041733547351,0.8312925170068027,0.30691973714367116,0.6700771994190935
high_debt_burden,app,"Logistic (app, calibrated)",0.6147672552166934,0.8317460317460318,0.30688543697619136,0.6700771994190935
high_debt_burden,app,"Logistic (app, calibrated)",0.6163723916532905,0.8317460317460318,0.30656889452011404,0.6700771994190935
high_debt_burden,app,"Logistic (app, calibrated)",0.6179775280898876,0.8326530612244898,0.30541440172797946,0.6700771994190935
high_debt_burden,app,"Logistic (app, calibrated)",0.618298555377207,0.8326530612244898,0.30509670671868616,0.6700771994190935
high_debt_burden,app,"Logistic (app, calibrated)",0.6189406099518459,0.8331065759637188,0.3047517398806696,0.6700771994190935
high_debt_burden,app,"Logistic (app, calibrated)",0.6199036918138042,0.8335600907029479,0.3043939935647142,0.6700771994190935
high_debt_burden,app,"Logistic (app, calibrated)",0.6199036918138042,0.8340136054421768,0.3041197274588129,0.6700771994190935
high_debt_burden,app,"Logistic (app, calibrated)",0.6205457463884431,0.8340136054421768,0.3040807988041758,0.6700771994190935
high_debt_burden,app,"Logistic (app, calibrated)",0.6205457463884431,0.8344671201814059,0.3039871986983731,0.6700771994190935
high_debt_burden,app,"Logistic (app, calibrated)",0.6205457463884431,0.8353741496598639,0.3038754309227071,0.6700771994190935
high_debt_burden,app,"Logistic (app, calibrated)",0.6205457463884431,0.835827664399093,0.3038641975308642,0.6700771994190935
high_debt_burden,app,"Logistic (app, calibrated)",0.6208667736757625,0.835827664399093,0.30374774774774776,0.6700771994190935
high_debt_burden,app,"Logistic (app, calibrated)",0.6221508828250402,0.83718820861678,0.30371175166297115,0.6700771994190935
high_debt_burden,app,"Logistic (app, calibrated)",0.6240770465489567,0.83718820861678,0.3012874176009953,0.6700771994190935
high_debt_burden,app,"Logistic (app, calibrated)",0.626645264847512,0.8380952380952381,0.30124296795084504,0.6700771994190935
high_debt_burden,app,"Logistic (app, calibrated)",0.6321027287319422,0.8417233560090703,0.3001270143685004,0.6700771994190935
high_debt_burden,app,"Logistic (app, calibrated)",0.6333868378812199,0.8417233560090703,0.30009354266348875,0.6700771994190935
high_debt_burden,app,"Logistic (app, calibrated)",0.6337078651685393,0.8421768707482993,0.29991065994258564,0.6700771994190935
high_debt_burden,app,"Logistic (app, calibrated)",0.6353130016051365,0.8435374149659864,0.2999027973438137,0.6700771994190935
high_debt_burden,app,"Logistic (app, calibrated)",0.6359550561797753,0.8435374149659864,0.2997982540891853,0.6700771994190935
high_debt_burden,app,"Logistic (app, calibrated)",0.6365971107544142,0.8435374149659864,0.29969422112279254,0.6700771994190935
high_debt_burden,app,"Logistic (app, calibrated)",0.6388443017656501,0.8439909297052154,0.29956760751882705,0.6700771994190935
high_debt_burden,app,"Logistic (app, calibrated)",0.6391653290529695,0.8439909297052154,0.29907133985374984,0.6700771994190935
high_debt_burden,app,"Logistic (app, calibrated)",0.651685393258427,0.8494331065759637,0.2989489720621796,0.6700771994190935
high_debt_burden,app,"Logistic (app, calibrated)",0.6520064205457464,0.8494331065759637,0.2985459569670096,0.6700771994190935
high_debt_burden,app,"Logistic (app, calibrated)",0.6526484751203853,0.8494331065759637,0.29806930112439145,0.6700771994190935
high_debt_burden,app,"Logistic (app, calibrated)",0.6536115569823435,0.8494331065759637,0.29747890629583995,0.6700771994190935
high_debt_burden,app,"Logistic (app, calibrated)",0.6548956661316212,0.8498866213151928,0.29524432571916626,0.6700771994190935
high_debt_burden,app,"Logistic (app, calibrated)",0.6552166934189406,0.8498866213151928,0.29494527074378973,0.6700771994190935
high_debt_burden,app,"Logistic (app, calibrated)",0.6561797752808989,0.8507936507936508,0.294636330268293,0.6700771994190935
high_debt_burden,app,"Logistic (app, calibrated)",0.6568218298555377,0.8507936507936508,0.29439008866305044,0.6700771994190935
high_debt_burden,app,"Logistic (app, calibrated)",0.6568218298555377,0.8512471655328798,0.2942254240911959,0.6700771994190935
high_debt_burden,app,"Logistic (app, calibrated)",0.6571428571428571,0.8517006802721089,0.29404854924039203,0.6700771994190935
high_debt_burden,app,"Logistic (app, calibrated)",0.6581059390048154,0.8521541950113378,0.29396759407864537,0.6700771994190935
high_debt_burden,app,"Logistic (app, calibrated)",0.6587479935794542,0.8526077097505669,0.2938877597498287,0.6700771994190935
high_debt_burden,app,"Logistic (app, calibrated)",0.6683788121990369,0.85578231292517,0.2930759988038396,0.6700771994190935
high_debt_burden,app,"Logistic (app, calibrated)",0.6690208667736758,0.85578231292517,0.2926888484422731,0.6700771994190935
high_debt_burden,app,"Logistic (app, calibrated)",0.6690208667736758,0.8562358276643991,0.29246196361307497,0.6700771994190935
high_debt_burden,app,"Logistic (app, calibrated)",0.6696629213483146,0.8562358276643991,0.2917936810351671,0.6700771994190935
high_debt_burden,app,"Logistic (app, calibrated)",0.6696629213483146,0.8566893424036282,0.2916763818705566,0.6700771994190935
high_debt_burden,app,"Logistic (app, calibrated)",0.6715890850722311,0.8575963718820862,0.2916328380614095,0.6700771994190935
high_debt_burden,app,"Logistic (app, calibrated)",0.67223113964687,0.8575963718820862,0.29152559163664293,0.6700771994190935
high_debt_burden,app,"Logistic (app, calibrated)",0.6725521669341894,0.8580498866213152,0.2913251058996023,0.6700771994190935
high_debt_burden,app,"Logistic (app, calibrated)",0.6728731942215088,0.8580498866213152,0.2910295811203355,0.6700771994190935
high_debt_burden,app,"Logistic (app, calibrated)",0.6780096308186195,0.8594104308390023,0.2909953007542566,0.6700771994190935
high_debt_burden,app,"Logistic (app, calibrated)",0.6780096308186195,0.8598639455782313,0.29098572683440815,0.6700771994190935
high_debt_burden,app,"Logistic (app, calibrated)",0.678330658105939,0.8598639455782313,0.2907166521613713,0.6700771994190935
high_debt_burden,app,"Logistic (app, calibrated)",0.6789727126805778,0.8598639455782313,0.2905636048050909,0.6700771994190935
high_debt_burden,app,"Logistic (app, calibrated)",0.6789727126805778,0.8603174603174604,0.2905058567250734,0.6700771994190935
high_debt_burden,app,"Logistic (app, calibrated)",0.6799357945425362,0.8603174603174604,0.2898818861083012,0.6700771994190935
high_debt_burden,app,"Logistic (app, calibrated)",0.6802568218298556,0.8603174603174604,0.28982928850172274,0.6700771994190935
high_debt_burden,app,"Logistic (app, calibrated)",0.6808988764044944,0.8603174603174604,0.28956722687401504,0.6700771994190935
high_debt_burden,app,"Logistic (app, calibrated)",0.6821829855537721,0.8612244897959184,0.2893708218321236,0.6700771994190935
high_debt_burden,app,"Logistic (app, calibrated)",0.6825040128410915,0.8616780045351474,0.28918007651244854,0.6700771994190935
high_debt_burden,app,"Logistic (app, calibrated)",0.6825040128410915,0.8621315192743764,0.28912198052421034,0.6700771994190935
high_debt_burden,app,"Logistic (app, calibrated)",0.6831460674157304,0.8621315192743764,0.2883313000664004,0.6700771994190935
high_debt_burden,app,"Logistic (app, calibrated)",0.6831460674157304,0.8625850340136054,0.288210386497211,0.6700771994190935
high_debt_burden,app,"Logistic (app, calibrated)",0.6841091492776886,0.8625850340136054,0.2878236589632118,0.6700771994190935
high_debt_burden,app,"Logistic (app, calibrated)",0.684430176565008,0.8630385487528345,0.28670547706261995,0.6700771994190935
high_debt_burden,app,"Logistic (app, calibrated)",0.6850722311396469,0.8634920634920635,0.2865716135716136,0.6700771994190935
high_debt_burden,app,"Logistic (app, calibrated)",0.6857142857142857,0.8634920634920635,0.2853532436400681,0.6700771994190935
high_debt_burden,app,"Logistic (app, calibrated)",0.6857142857142857,0.8643990929705215,0.2851580041580042,0.6700771994190935
high_debt_burden,app,"Logistic (app, calibrated)",0.6860353130016051,0.8653061224489796,0.2849778363800662,0.6700771994190935
high_debt_burden,app,"Logistic (app, calibrated)",0.6860353130016051,0.8657596371882086,0.2847016145673864,0.6700771994190935
high_debt_burden,app,"Logistic (app, calibrated)",0.686677367576244,0.8657596371882086,0.2844737206821663,0.6700771994190935
high_debt_burden,app,"Logistic (app, calibrated)",0.6879614767255217,0.8662131519274376,0.2843480953237051,0.6700771994190935
high_debt_burden,app,"Logistic (app, calibrated)",0.6882825040128411,0.8662131519274376,0.28376326298061655,0.6700771994190935
high_debt_burden,app,"Logistic (app, calibrated)",0.6911717495987159,0.8680272108843538,0.2835521892800301,0.6700771994190935
high_debt_burden,app,"Logistic (app, calibrated)",0.6914927768860353,0.8680272108843538,0.2834060707603456,0.6700771994190935
high_debt_burden,app,"Logistic (app, calibrated)",0.6914927768860353,0.8684807256235828,0.28328202292396665,0.6700771994190935
high_debt_burden,app,"Logistic (app, calibrated)",0.6918138041733547,0.8689342403628117,0.28295263547131577,0.6700771994190935
high_debt_burden,app,"Logistic (app, calibrated)",0.7017656500802568,0.873015873015873,0.28256575210753104,0.6700771994190935
high_debt_burden,app,"Logistic (app, calibrated)",0.7017656500802568,0.8734693877551021,0.28225525957975606,0.6700771994190935
high_debt_burden,app,"Logistic (app, calibrated)",0.7020866773675762,0.8734693877551021,0.28195063264674375,0.6700771994190935
high_debt_burden,app,"Logistic (app, calibrated)",0.7027287319422151,0.8734693877551021,0.28128370082547977,0.6700771994190935
high_debt_burden,app,"Logistic (app, calibrated)",0.7030497592295345,0.8734693877551021,0.28125173111750296,0.6700771994190935
high_debt_burden,app,"Logistic (app, calibrated)",0.7036918138041733,0.8734693877551021,0.2808742987110552,0.6700771994190935
high_debt_burden,app,"Logistic (app, calibrated)",0.7040128410914928,0.8734693877551021,0.280837650178535,0.6700771994190935
high_debt_burden,app,"Logistic (app, calibrated)",0.7056179775280899,0.873922902494331,0.27985389054779,0.6700771994190935
high_debt_burden,app,"Logistic (app, calibrated)",0.7059390048154093,0.873922902494331,0.2797340067340067,0.6700771994190935
high_debt_burden,app,"Logistic (app, calibrated)",0.7065810593900481,0.8743764172335601,0.2788445060426499,0.6700771994190935
high_debt_burden,app,"Logistic (app, calibrated)",0.707223113964687,0.8743764172335601,0.27842346542346547,0.6700771994190935
high_debt_burden,app,"Logistic (app, calibrated)",0.707223113964687,0.8748299319727891,0.2783769704649479,0.6700771994190935
high_debt_burden,app,"Logistic (app, calibrated)",0.7075441412520064,0.8748299319727891,0.27815177145333625,0.6700771994190935
high_debt_burden,app,"Logistic (app, calibrated)",0.708828250401284,0.8757369614512471,0.2776600069227019,0.6700771994190935
high_debt_burden,app,"Logistic (app, calibrated)",0.7091492776886036,0.8761904761904762,0.27750452761773514,0.6700771994190935
high_debt_burden,app,"Logistic (app, calibrated)",0.7097913322632424,0.8766439909297052,0.2766822487567452,0.6700771994190935
high_debt_burden,app,"Logistic (app, calibrated)",0.7120385232744784,0.8766439909297052,0.27622247633568386,0.6700771994190935
high_debt_burden,app,"Logistic (app, calibrated)",0.7120385232744784,0.8780045351473923,0.27438072646143263,0.6700771994190935
high_debt_burden,app,"Logistic (app, calibrated)",0.7126805778491172,0.8780045351473923,0.27395609036362234,0.6700771994190935
high_debt_burden,app,"Logistic (app, calibrated)",0.7187800963081862,0.8848072562358277,0.2738426794746422,0.6700771994190935
high_debt_burden,app,"Logistic (app, calibrated)",0.7187800963081862,0.8852607709750567,0.2737175830705242,0.6700771994190935
high_debt_burden,app,"Logistic (app, calibrated)",0.719422150882825,0.8852607709750567,0.27356642496865474,0.6700771994190935
high_debt_burden,app,"Logistic (app, calibrated)",0.7197431781701444,0.8852607709750567,0.2735359902533438,0.6700771994190935
high_debt_burden,app,"Logistic (app, calibrated)",0.7200642054574639,0.8857142857142857,0.2733775853775854,0.6700771994190935
high_debt_burden,app,"Logistic (app, calibrated)",0.7219903691813804,0.8879818594104308,0.27282946844866496,0.6700771994190935
high_debt_burden,app,"Logistic (app, calibrated)",0.7223113964686998,0.8879818594104308,0.2725117845117845,0.6700771994190935
high_debt_burden,app,"Logistic (app, calibrated)",0.7223113964686998,0.8884353741496599,0.27250873548555044,0.6700771994190935
high_debt_burden,app,"Logistic (app, calibrated)",0.7268057784911718,0.890249433106576,0.27197386121534733,0.6700771994190935
high_debt_burden,app,"Logistic (app, calibrated)",0.7274478330658106,0.890249433106576,0.27009622725136884,0.6700771994190935
high_debt_burden,app,"Logistic (app, calibrated)",0.7348314606741573,0.8943310657596372,0.26997232559152207,0.6700771994190935
high_debt_burden,app,"Logistic (app, calibrated)",0.736115569823435,0.8943310657596372,0.2694417817288669,0.6700771994190935
high_debt_burden,app,"Logistic (app, calibrated)",0.7364365971107544,0.8947845804988662,0.269356379469587,0.6700771994190935
high_debt_burden,app,"Logistic (app, calibrated)",0.7364365971107544,0.8952380952380953,0.26926324092490056,0.6700771994190935
high_debt_burden,app,"Logistic (app, calibrated)",0.7373996789727126,0.8952380952380953,0.26807432818753574,0.6700771994190935
high_debt_burden,app,"Logistic (app, calibrated)",0.7441412520064206,0.9006802721088435,0.2670911725660131,0.6700771994190935
high_debt_burden,app,"Logistic (app, calibrated)",0.7441412520064206,0.9011337868480725,0.266967097515872,0.6700771994190935
high_debt_burden,app,"Logistic (app, calibrated)",0.74446227929374,0.9015873015873016,0.2669499687479675,0.6700771994190935
high_debt_burden,app,"Logistic (app, calibrated)",0.7454253611556982,0.9024943310657596,0.2666063764721483,0.6700771994190935
high_debt_burden,app,"Logistic (app, calibrated)",0.7457463884430177,0.9029478458049887,0.266417761473149,0.6700771994190935
high_debt_burden,app,"Logistic (app, calibrated)",0.7457463884430177,0.9034013605442177,0.2658451178451179,0.6700771994190935
high_debt_burden,app,"Logistic (app, calibrated)",0.7473515248796148,0.9043083900226757,0.26533701583674046,0.6700771994190935
high_debt_burden,app,"Logistic (app, calibrated)",0.7476725521669342,0.9043083900226757,0.2652382034158597,0.6700771994190935
high_debt_burden,app,"Logistic (app, calibrated)",0.7479935794542536,0.9047619047619048,0.2646504971166458,0.6700771994190935
high_debt_burden,app,"Logistic (app, calibrated)",0.7479935794542536,0.9052154195011338,0.2646491701240107,0.6700771994190935
high_debt_burden,app,"Logistic (app, calibrated)",0.748314606741573,0.9052154195011338,0.2644755158777457,0.6700771994190935
high_debt_burden,app,"Logistic (app, calibrated)",0.748314606741573,0.9056689342403628,0.2636675692007122,0.6700771994190935
high_debt_burden,app,"Logistic (app, calibrated)",0.7486356340288924,0.9056689342403628,0.26300159552669233,0.6700771994190935
high_debt_burden,app,"Logistic (app, calibrated)",0.7502407704654895,0.9056689342403628,0.26251877263198015,0.6700771994190935
high_debt_burden,app,"Logistic (app, calibrated)",0.7521669341894061,0.9065759637188209,0.2624404947275799,0.6700771994190935
high_debt_burden,app,"Logistic (app, calibrated)",0.7534510433386837,0.9074829931972789,0.26216537404569573,0.6700771994190935
high_debt_burden,app,"Logistic (app, calibrated)",0.7540930979133227,0.9074829931972789,0.261484366649556,0.6700771994190935
high_debt_burden,app,"Logistic (app, calibrated)",0.755056179775281,0.908390022675737,0.26093175227615806,0.6700771994190935
high_debt_burden,app,"Logistic (app, calibrated)",0.7553772070626004,0.908843537414966,0.2603555147665255,0.6700771994190935
high_debt_burden,app,"Logistic (app, calibrated)",0.7553772070626004,0.909750566893424,0.2590802440679671,0.6700771994190935
high_debt_burden,app,"Logistic (app, calibrated)",0.7556982343499198,0.909750566893424,0.2590191155422944,0.6700771994190935
high_debt_burden,app,"Logistic (app, calibrated)",0.7582664526484751,0.9115646258503401,0.25848974983415557,0.6700771994190935
high_debt_burden,app,"Logistic (app, calibrated)",0.758908507223114,0.9115646258503401,0.2569048700825264,0.6700771994190935
high_debt_burden,app,"Logistic (app, calibrated)",0.7598715890850722,0.9120181405895692,0.256584638871724,0.6700771994190935
high_debt_burden,app,"Logistic (app, calibrated)",0.7611556982343499,0.9129251700680272,0.2563158367906773,0.6700771994190935
high_debt_burden,app,"Logistic (app, calibrated)",0.7617977528089888,0.9129251700680272,0.25604625166544814,0.6700771994190935
high_debt_burden,app,"Logistic (app, calibrated)",0.7630818619582664,0.9138321995464853,0.2555793525403194,0.6700771994190935
high_debt_burden,app,"Logistic (app, calibrated)",0.7637239165329053,0.9138321995464853,0.2544696243353961,0.6700771994190935
high_debt_burden,app,"Logistic (app, calibrated)",0.7646869983948635,0.9147392290249433,0.25419609447667046,0.6700771994190935
high_debt_burden,app,"Logistic (app, calibrated)",0.7646869983948635,0.9151927437641724,0.25407912437324204,0.6700771994190935
high_debt_burden,app,"Logistic (app, calibrated)",0.7653290529695024,0.9151927437641724,0.25401424948909,0.6700771994190935
high_debt_burden,app,"Logistic (app, calibrated)",0.7752808988764045,0.9197278911564626,0.2533495856366708,0.6700771994190935
high_debt_burden,app,"Logistic (app, calibrated)",0.777207062600321,0.9210884353741496,0.25318910880830525,0.6700771994190935
high_debt_burden,app,"Logistic (app, calibrated)",0.7775280898876404,0.9215419501133787,0.2526803025460744,0.6700771994190935
high_debt_burden,app,"Logistic (app, calibrated)",0.7874799357945426,0.927891156462585,0.25243309403691805,0.6700771994190935
high_debt_burden,app,"Logistic (app, calibrated)",0.7881219903691814,0.927891156462585,0.2521414141414141,0.6700771994190935
high_debt_burden,app,"Logistic (app, calibrated)",0.7884430176565008,0.927891156462585,0.25188029213958024,0.6700771994190935
high_debt_burden,app,"Logistic (app, calibrated)",0.7884430176565008,0.9283446712018141,0.25187198104661346,0.6700771994190935
high_debt_burden,app,"Logistic (app, calibrated)",0.7890850722311397,0.9283446712018141,0.2514473713774358,0.6700771994190935
high_debt_burden,app,"Logistic (app, calibrated)",0.7890850722311397,0.9292517006802721,0.2500780215731499,0.6700771994190935
high_debt_burden,app,"Logistic (app, calibrated)",0.7900481540930979,0.9297052154195011,0.24982315968893148,0.6700771994190935
high_debt_burden,app,"Logistic (app, calibrated)",0.7900481540930979,0.9301587301587302,0.2497093418466858,0.6700771994190935
high_debt_burden,app,"Logistic (app, calibrated)",0.7910112359550562,0.9306122448979591,0.2491506944896628,0.6700771994190935
high_debt_burden,app,"Logistic (app, calibrated)",0.7913322632423756,0.9306122448979591,0.24791970408338698,0.6700771994190935
high_debt_burden,app,"Logistic (app, calibrated)",0.7913322632423756,0.9310657596371882,0.24755829272348207,0.6700771994190935
high_debt_burden,app,"Logistic (app, calibrated)",0.791653290529695,0.9310657596371882,0.24743553178847297,0.6700771994190935
high_debt_burden,app,"Logistic (app, calibrated)",0.791653290529695,0.9315192743764172,0.2470414752583212,0.6700771994190935
high_debt_burden,app,"Logistic (app, calibrated)",0.7945425361155698,0.9319727891156463,0.24679562202589467,0.6700771994190935
high_debt_burden,app,"Logistic (app, calibrated)",0.7945425361155698,0.9328798185941043,0.24646691942632554,0.6700771994190935
high_debt_burden,app,"Logistic (app, calibrated)",0.7948635634028892,0.9328798185941043,0.2460680104209516,0.6700771994190935
high_debt_burden,app,"Logistic (app, calibrated)",0.7948635634028892,0.9333333333333333,0.24555999466498749,0.6700771994190935
high_debt_burden,app,"Logistic (app, calibrated)",0.7951845906902086,0.9333333333333333,0.2454777016413845,0.6700771994190935
high_debt_burden,app,"Logistic (app, calibrated)",0.7955056179775281,0.9337868480725624,0.2453162409354374,0.6700771994190935
high_debt_burden,app,"Logistic (app, calibrated)",0.7958266452648475,0.9337868480725624,0.24483140717606183,0.6700771994190935
high_debt_burden,app,"Logistic (app, calibrated)",0.7961476725521669,0.9342403628117913,0.24470114986633923,0.6700771994190935
high_debt_burden,app,"Logistic (app, calibrated)",0.7961476725521669,0.9356009070294785,0.24427313862607977,0.6700771994190935
high_debt_burden,app,"Logistic (app, calibrated)",0.7961476725521669,0.9360544217687075,0.24372755715312247,0.6700771994190935
high_debt_burden,app,"Logistic (app, calibrated)",0.7964686998394863,0.9360544217687075,0.24331736115632946,0.6700771994190935
high_debt_burden,app,"Logistic (app, calibrated)",0.8032102728731942,0.9410430839002267,0.24330378859790622,0.6700771994190935
high_debt_burden,app,"Logistic (app, calibrated)",0.8041733547351525,0.9410430839002267,0.2419381742252594,0.6700771994190935
high_debt_burden,app,"Logistic (app, calibrated)",0.8041733547351525,0.9414965986394558,0.24191258675658495,0.6700771994190935
high_debt_burden,app,"Logistic (app, calibrated)",0.8044943820224719,0.9414965986394558,0.24145213568242357,0.6700771994190935
high_debt_burden,app,"Logistic (app, calibrated)",0.8054574638844302,0.9419501133786848,0.24133520074696543,0.6700771994190935
high_debt_burden,app,"Logistic (app, calibrated)",0.806099518459069,0.9419501133786848,0.24094124960397495,0.6700771994190935
high_debt_burden,app,"Logistic (app, calibrated)",0.806099518459069,0.9424036281179138,0.2405435504093222,0.6700771994190935
high_debt_burden,app,"Logistic (app, calibrated)",0.8073836276083467,0.9424036281179138,0.24015310469825435,0.6700771994190935
high_debt_burden,app,"Logistic (app, calibrated)",0.8077046548956661,0.9424036281179138,0.23931448454353968,0.6700771994190935
high_debt_burden,app,"Logistic (app, calibrated)",0.8093097913322632,0.9424036281179138,0.23901013324042109,0.6700771994190935
high_debt_burden,app,"Logistic (app, calibrated)",0.8099518459069021,0.9424036281179138,0.23873932523428745,0.6700771994190935
high_debt_burden,app,"Logistic (app, calibrated)",0.8105939004815409,0.9424036281179138,0.2379024311651261,0.6700771994190935
high_debt_burden,app,"Logistic (app, calibrated)",0.8112359550561797,0.9424036281179138,0.23768640755217935,0.6700771994190935
high_debt_burden,app,"Logistic (app, calibrated)",0.8112359550561797,0.9428571428571428,0.2376191216303447,0.6700771994190935
high_debt_burden,app,"Logistic (app, calibrated)",0.8118780096308186,0.9433106575963719,0.23749372978081493,0.6700771994190935
high_debt_burden,app,"Logistic (app, calibrated)",0.814446227929374,0.943764172335601,0.23743553178847296,0.6700771994190935
high_debt_burden,app,"Logistic (app, calibrated)",0.8150882825040129,0.943764172335601,0.2360680104209516,0.6700771994190935
high_debt_burden,app,"Logistic (app, calibrated)",0.8157303370786517,0.943764172335601,0.23409361456845507,0.6700771994190935
high_debt_burden,app,"Logistic (app, calibrated)",0.8157303370786517,0.9442176870748299,0.23380906834278425,0.6700771994190935
high_debt_burden,app,"Logistic (app, calibrated)",0.8173354735152488,0.9442176870748299,0.23118466933656173,0.6700771994190935
high_debt_burden,app,"Logistic (app, calibrated)",0.8173354735152488,0.944671201814059,0.23088448099768852,0.6700771994190935
high_debt_burden,app,"Logistic (app, calibrated)",0.8176565008025682,0.944671201814059,0.2297209576353349,0.6700771994190935
high_debt_burden,app,"Logistic (app, calibrated)",0.8179775280898877,0.945124716553288,0.22944491584911675,0.6700771994190935
high_debt_burden,app,"Logistic (app, calibrated)",0.8186195826645265,0.945124716553288,0.22874169328684296,0.6700771994190935
high_debt_burden,app,"Logistic (app, calibrated)",0.8186195826645265,0.946031746031746,0.2279822428771246,0.6700771994190935
high_debt_burden,app,"Logistic (app, calibrated)",0.8195826645264848,0.946031746031746,0.22593620046991642,0.6700771994190935
high_debt_burden,app,"Logistic (app, calibrated)",0.820545746388443,0.946031746031746,0.22569831353728181,0.6700771994190935
high_debt_burden,app,"Logistic (app, calibrated)",0.8208667736757624,0.946031746031746,0.2245936852937236,0.6700771994190935
high_debt_burden,app,"Logistic (app, calibrated)",0.8218298555377207,0.946031746031746,0.2242972488423985,0.6700771994190935
high_debt_burden,app,"Logistic (app, calibrated)",0.8224719101123595,0.946031746031746,0.22387377328553795,0.6700771994190935
high_debt_burden,app,"Logistic (app, calibrated)",0.8224719101123595,0.9464852607709751,0.22273633284954036,0.6700771994190935
high_debt_burden,app,"Logistic (app, calibrated)",0.8234349919743178,0.9464852607709751,0.2216317214974933,0.6700771994190935
high_debt_burden,app,"Logistic (app, calibrated)",0.8250401284109149,0.9464852607709751,0.2210166304283951,0.6700771994190935
high_debt_burden,app,"Logistic (app, calibrated)",0.8253611556982343,0.9464852607709751,0.22058793324775355,0.6700771994190935
high_debt_burden,app,"Logistic (app, calibrated)",0.826645264847512,0.9473922902494331,0.22052575023990909,0.6700771994190935
high_debt_burden,app,"Logistic (app, calibrated)",0.826645264847512,0.9478458049886621,0.22027698602272255,0.6700771994190935
high_debt_burden,app,"Logistic (app, calibrated)",0.8269662921348314,0.9482993197278912,0.22027221984289422,0.6700771994190935
high_debt_burden,app,"Logistic (app, calibrated)",0.8272873194221508,0.9482993197278912,0.22001415532676516,0.6700771994190935
high_debt_burden,app,"Logistic (app, calibrated)",0.8272873194221508,0.9492063492063492,0.21880808080808084,0.6700771994190935
high_debt_burden,app,"Logistic (app, calibrated)",0.8279293739967897,0.9492063492063492,0.21798818839814532,0.6700771994190935
high_debt_burden,app,"Logistic (app, calibrated)",0.8279293739967897,0.9496598639455782,0.21761284492545477,0.6700771994190935
high_debt_burden,app,"Logistic (app, calibrated)",0.8282504012841091,0.9496598639455782,0.21758156181184965,0.6700771994190935
high_debt_burden,app,"Logistic (app, calibrated)",0.8282504012841091,0.9501133786848073,0.21755163581963294,0.6700771994190935
high_debt_burden,app,"Logistic (app, calibrated)",0.8285714285714286,0.9501133786848073,0.21742019884877029,0.6700771994190935
high_debt_burden,app,"Logistic (app, calibrated)",0.828892455858748,0.9505668934240363,0.21678791101819886,0.6700771994190935
high_debt_burden,app,"Logistic (app, calibrated)",0.8292134831460675,0.9505668934240363,0.21631559986420684,0.6700771994190935
high_debt_burden,app,"Logistic (app, calibrated)",0.8298555377207063,0.9505668934240363,0.21589872601193355,0.6700771994190935
high_debt_burden,app,"Logistic (app, calibrated)",0.8298555377207063,0.9510204081632653,0.21560820297854777,0.6700771994190935
high_debt_burden,app,"Logistic (app, calibrated)",0.8301765650080257,0.9510204081632653,0.21475200222003288,0.6700771994190935
high_debt_burden,app,"Logistic (app, calibrated)",0.8301765650080257,0.9514739229024943,0.2139583514263821,0.6700771994190935
high_debt_burden,app,"Logistic (app, calibrated)",0.831139646869984,0.9514739229024943,0.21230999977803044,0.6700771994190935
high_debt_burden,app,"Logistic (app, calibrated)",0.831139646869984,0.9523809523809523,0.2111928436589924,0.6700771994190935
high_debt_burden,app,"Logistic (app, calibrated)",0.8321027287319422,0.9528344671201814,0.21096053284860475,0.6700771994190935
high_debt_burden,app,"Logistic (app, calibrated)",0.8324237560192617,0.9528344671201814,0.20982532229147105,0.6700771994190935
high_debt_burden,app,"Logistic (app, calibrated)",0.8330658105939005,0.9528344671201814,0.20886080843148278,0.6700771994190935
high_debt_burden,app,"Logistic (app, calibrated)",0.8340288924558588,0.9532879818594104,0.20885009437085378,0.6700771994190935
high_debt_burden,app,"Logistic (app, calibrated)",0.834991974317817,0.9532879818594104,0.20859202985472475,0.6700771994190935
high_debt_burden,app,"Logistic (app, calibrated)",0.834991974317817,0.9537414965986395,0.2085535849577859,0.6700771994190935
high_debt_burden,app,"Logistic (app, calibrated)",0.8365971107544141,0.9537414965986395,0.20840734135924302,0.6700771994190935
high_debt_burden,app,"Logistic (app, calibrated)",0.8369181380417335,0.9537414965986395,0.20822275029194076,0.6700771994190935
high_debt_burden,app,"Logistic (app, calibrated)",0.8369181380417335,0.9541950113378684,0.2080163444205453,0.6700771994190935
high_debt_burden,app,"Logistic (app, calibrated)",0.8375601926163724,0.9541950113378684,0.20722269362689452,0.6700771994190935
high_debt_burden,app,"Logistic (app, calibrated)",0.8375601926163724,0.9546485260770975,0.20552136752136754,0.6700771994190935
high_debt_burden,app,"Logistic (app, calibrated)",0.8398073836276083,0.9551020408163265,0.20540497729304916,0.6700771994190935
high_debt_burden,app,"Logistic (app, calibrated)",0.8401284109149277,0.9551020408163265,0.2048485047142765,0.6700771994190935
high_debt_burden,app,"Logistic (app, calibrated)",0.8407704654895666,0.9551020408163265,0.20441636398703836,0.6700771994190935
high_debt_burden,app,"Logistic (app, calibrated)",0.8407704654895666,0.9555555555555556,0.20374993427625004,0.6700771994190935
high_debt_burden,app,"Logistic (app, calibrated)",0.841091492776886,0.9555555555555556,0.20285178580368748,0.6700771994190935
high_debt_burden,app,"Logistic (app, calibrated)",0.8417335473515248,0.9560090702947845,0.20265793840367494,0.6700771994190935
high_debt_burden,app,"Logistic (app, calibrated)",0.8426966292134831,0.9560090702947845,0.20115910254687472,0.6700771994190935
high_debt_burden,app,"Logistic (app, calibrated)",0.843338683788122,0.9560090702947845,0.20096511290852243,0.6700771994190935
high_debt_burden,app,"Logistic (app, calibrated)",0.8436597110754415,0.9560090702947845,0.2008927914191072,0.6700771994190935
high_debt_burden,app,"Logistic (app, calibrated)",0.8443017656500803,0.9560090702947845,0.20081548516842637,0.6700771994190935
high_debt_burden,app,"Logistic (app, calibrated)",0.8452648475120386,0.9560090702947845,0.199447963800905,0.6700771994190935
high_debt_burden,app,"Logistic (app, calibrated)",0.8487961476725522,0.9560090702947845,0.19917967753410973,0.6700771994190935
high_debt_burden,app,"Logistic (app, calibrated)",0.8491171749598716,0.9560090702947845,0.19849621497167375,0.6700771994190935
high_debt_burden,app,"Logistic (app, calibrated)",0.8504012841091493,0.9560090702947845,0.19732237231009533,0.6700771994190935
high_debt_burden,app,"Logistic (app, calibrated)",0.8507223113964687,0.9560090702947845,0.19704818230611396,0.6700771994190935
high_debt_burden,app,"Logistic (app, calibrated)",0.8510433386837881,0.9564625850340136,0.1963710407239819,0.6700771994190935
high_debt_burden,app,"Logistic (app, calibrated)",0.8513643659711075,0.9564625850340136,0.19636054577231046,0.6700771994190935
high_debt_burden,app,"Logistic (app, calibrated)",0.8513643659711075,0.9573696145124716,0.19550888210283635,0.6700771994190935
high_debt_burden,app,"Logistic (app, calibrated)",0.8526484751203852,0.9573696145124716,0.19383935339755656,0.6700771994190935
high_debt_burden,app,"Logistic (app, calibrated)",0.8539325842696629,0.9573696145124716,0.19303196598386765,0.6700771994190935
high_debt_burden,app,"Logistic (app, calibrated)",0.8539325842696629,0.9578231292517007,0.19084955139583548,0.6700771994190935
high_debt_burden,app,"Logistic (app, calibrated)",0.8568218298555377,0.9587301587301588,0.19081548516842636,0.6700771994190935
high_debt_burden,app,"Logistic (app, calibrated)",0.8571428571428571,0.9587301587301588,0.18995332654728075,0.6700771994190935
high_debt_burden,app,"Logistic (app, calibrated)",0.8577849117174959,0.9591836734693877,0.1895319614200333,0.6700771994190935
high_debt_burden,app,"Logistic (app, calibrated)",0.8581059390048154,0.9591836734693877,0.189447963800905,0.6700771994190935
high_debt_burden,app,"Logistic (app, calibrated)",0.8581059390048154,0.9596371882086168,0.1890291446774117,0.6700771994190935
high_debt_burden,app,"Logistic (app, calibrated)",0.8587479935794543,0.9600907029478458,0.18896920951549362,0.6700771994190935
high_debt_burden,app,"Logistic (app, calibrated)",0.8642054574638844,0.9614512471655329,0.18883441336812928,0.6700771994190935
high_debt_burden,app,"Logistic (app, calibrated)",0.8645264847512039,0.9614512471655329,0.18882481966891101,0.6700771994190935
high_debt_burden,app,"Logistic (app, calibrated)",0.8645264847512039,0.9619047619047619,0.18878791101819886,0.6700771994190935
high_debt_burden,app,"Logistic (app, calibrated)",0.8654895666131621,0.9619047619047619,0.18873831062638252,0.6700771994190935
high_debt_burden,app,"Logistic (app, calibrated)",0.8667736757624398,0.9619047619047619,0.18740013505791908,0.6700771994190935
high_debt_burden,app,"Logistic (app, calibrated)",0.8677367576243981,0.9619047619047619,0.1872118440430974,0.6700771994190935
high_debt_burden,app,"Logistic (app, calibrated)",0.8683788121990369,0.9619047619047619,0.18640510695139106,0.6700771994190935
high_debt_burden,app,"Logistic (app, calibrated)",0.8709470304975923,0.9619047619047619,0.18618511913702082,0.6700771994190935
high_debt_burden,app,"Logistic (app, calibrated)",0.8715890850722311,0.962358276643991,0.18614704243526203,0.6700771994190935
high_debt_burden,app,"Logistic (app, calibrated)",0.8725521669341894,0.9628117913832199,0.18567262802556922,0.6700771994190935
high_debt_burden,app,"Logistic (app, calibrated)",0.8728731942215088,0.9628117913832199,0.18557023555795857,0.6700771994190935
high_debt_burden,app,"Logistic (app, calibrated)",0.8735152487961477,0.9628117913832199,0.18551795843697766,0.6700771994190935
high_debt_burden,app,"Logistic (app, calibrated)",0.8738362760834671,0.9628117913832199,0.18526409479781072,0.6700771994190935
high_debt_burden,app,"Logistic (app, calibrated)",0.874478330658106,0.963265306122449,0.18525989392084866,0.6700771994190935
high_debt_burden,app,"Logistic (app, calibrated)",0.8754414125200642,0.963265306122449,0.1843269919387385,0.6700771994190935
high_debt_burden,app,"Logistic (app, calibrated)",0.8754414125200642,0.963718820861678,0.18340859814396718,0.6700771994190935
high_debt_burden,app,"Logistic (app, calibrated)",0.8760834670947031,0.963718820861678,0.18285187727191846,0.6700771994190935
high_debt_burden,app,"Logistic (app, calibrated)",0.8780096308186196,0.963718820861678,0.1826957913567461,0.6700771994190935
high_debt_burden,app,"Logistic (app, calibrated)",0.8786516853932584,0.963718820861678,0.18161452226278926,0.6700771994190935
high_debt_burden,app,"Logistic (app, calibrated)",0.8786516853932584,0.964172335600907,0.18001795410210852,0.6700771994190935
high_debt_burden,app,"Logistic (app, calibrated)",0.8792937399678973,0.964172335600907,0.17902564102564106,0.6700771994190935
high_debt_burden,app,"Logistic (app, calibrated)",0.8792937399678973,0.9650793650793651,0.17718152519388272,0.6700771994190935
high_debt_burden,app,"Logistic (app, calibrated)",0.8812199036918138,0.9659863945578231,0.17708227661599252,0.6700771994190935
high_debt_burden,app,"Logistic (app, calibrated)",0.8825040128410915,0.9659863945578231,0.17530528108679372,0.6700771994190935
high_debt_burden,app,"Logistic (app, calibrated)",0.8825040128410915,0.9664399092970521,0.17423118444746014,0.6700771994190935
high_debt_burden,app,"Logistic (app, calibrated)",0.8837881219903692,0.9664399092970521,0.17393775971927233,0.6700771994190935
high_debt_burden,app,"Logistic (app, calibrated)",0.8847512038523274,0.9668934240362812,0.17373027411536676,0.6700771994190935
high_debt_burden,app,"Logistic (app, calibrated)",0.8847512038523274,0.9673469387755103,0.17360987852797938,0.6700771994190935
high_debt_burden,app,"Logistic (app, calibrated)",0.8863563402889245,0.9673469387755103,0.17328665988061412,0.6700771994190935
high_debt_burden,app,"Logistic (app, calibrated)",0.8869983948635634,0.9673469387755103,0.17325989392084865,0.6700771994190935
high_debt_burden,app,"Logistic (app, calibrated)",0.8882825040128411,0.9673469387755103,0.17230766571601416,0.6700771994190935
high_debt_burden,app,"Logistic (app, calibrated)",0.88892455858748,0.9673469387755103,0.17221184404309742,0.6700771994190935
high_debt_burden,app,"Logistic (app, calibrated)",0.8892455858747994,0.9682539682539683,0.1721880341880342,0.6700771994190935
high_debt_burden,app,"Logistic (app, calibrated)",0.8898876404494382,0.9682539682539683,0.17082051282051283,0.6700771994190935
high_debt_burden,app,"Logistic (app, calibrated)",0.8937399678972713,0.9696145124716553,0.17073346839125242,0.6700771994190935
high_debt_burden,app,"Logistic (app, calibrated)",0.8943820224719101,0.9700680272108844,0.1706957913567461,0.6700771994190935
high_debt_burden,app,"Logistic (app, calibrated)",0.8947030497592295,0.9700680272108844,0.17051506989234028,0.6700771994190935
high_debt_burden,app,"Logistic (app, calibrated)",0.895024077046549,0.9705215419501134,0.1697435631519116,0.6700771994190935
high_debt_burden,app,"Logistic (app, calibrated)",0.895024077046549,0.9709750566893424,0.16879591924904536,0.6700771994190935
high_debt_burden,app,"Logistic (app, calibrated)",0.8956661316211878,0.9709750566893424,0.16871057435884135,0.6700771994190935
high_debt_burden,app,"Logistic (app, calibrated)",0.8972712680577849,0.9718820861678005,0.16849931809893642,0.6700771994190935
high_debt_burden,app,"Logistic (app, calibrated)",0.8979133226324237,0.9718820861678005,0.1677503365283252,0.6700771994190935
high_debt_burden,app,"Logistic (app, calibrated)",0.8982343499197432,0.9723356009070295,0.16704517704517707,0.6700771994190935
high_debt_burden,app,"Logistic (app, calibrated)",0.8985553772070626,0.9723356009070295,0.1670341694934811,0.6700771994190935
high_debt_burden,app,"Logistic (app, calibrated)",0.8991974317817014,0.9727891156462585,0.16667962658321273,0.6700771994190935
high_debt_burden,app,"Logistic (app, calibrated)",0.8995184590690208,0.9727891156462585,0.16581957135463093,0.6700771994190935
high_debt_burden,app,"Logistic (app, calibrated)",0.9001605136436597,0.9727891156462585,0.16575989392084864,0.6700771994190935
high_debt_burden,app,"Logistic (app, calibrated)",0.9014446227929374,0.9727891156462585,0.16567765567765572,0.6700771994190935
high_debt_burden,app,"Logistic (app, calibrated)",0.9014446227929374,0.9732426303854875,0.16536450477626946,0.6700771994190935
high_debt_burden,app,"Logistic (app, calibrated)",0.9020866773675762,0.9732426303854875,0.1651201952243195,0.6700771994190935
high_debt_burden,app,"Logistic (app, calibrated)",0.9024077046548956,0.9732426303854875,0.164314044962312,0.6700771994190935
high_debt_burden,app,"Logistic (app, calibrated)",0.902728731942215,0.9736961451247166,0.1639969834087481,0.6700771994190935
high_debt_burden,app,"Logistic (app, calibrated)",0.9036918138041734,0.9736961451247166,0.16331986572017343,0.6700771994190935
high_debt_burden,app,"Logistic (app, calibrated)",0.9056179775280899,0.9736961451247166,0.16319579135674608,0.6700771994190935
high_debt_burden,app,"Logistic (app, calibrated)",0.9062600321027288,0.9746031746031746,0.16288956200137544,0.6700771994190935
high_debt_burden,app,"Logistic (app, calibrated)",0.9065810593900482,0.9746031746031746,0.16245362223525717,0.6700771994190935
high_debt_burden,app,"Logistic (app, calibrated)",0.9081861958266453,0.9746031746031746,0.16173027411536675,0.6700771994190935
high_debt_burden,app,"Logistic (app, calibrated)",0.9085072231139647,0.9746031746031746,0.16026278742010922,0.6700771994190935
high_debt_burden,app,"Logistic (app, calibrated)",0.9085072231139647,0.9750566893424036,0.1597889270681745,0.6700771994190935
high_debt_burden,app,"Logistic (app, calibrated)",0.9088282504012841,0.9750566893424036,0.15795506128920062,0.6700771994190935
high_debt_burden,app,"Logistic (app, calibrated)",0.9097913322632424,0.9755102040816327,0.1569584376067046,0.6700771994190935
high_debt_burden,app,"Logistic (app, calibrated)",0.9104333868378812,0.9755102040816327,0.15679437667946933,0.6700771994190935
high_debt_burden,app,"Logistic (app, calibrated)",0.9113964686998395,0.9755102040816327,0.15667783010640154,0.6700771994190935
high_debt_burden,app,"Logistic (app, calibrated)",0.9117174959871589,0.9755102040816327,0.15657814429792255,0.6700771994190935
high_debt_burden,app,"Logistic (app, calibrated)",0.9126805778491172,0.9759637188208616,0.15653148460792415,0.6700771994190935
high_debt_burden,app,"Logistic (app, calibrated)",0.913322632423756,0.9759637188208616,0.15630222900245785,0.6700771994190935
high_debt_burden,app,"Logistic (app, calibrated)",0.9136436597110754,0.9759637188208616,0.15563566477692709,0.6700771994190935
high_debt_burden,app,"Logistic (app, calibrated)",0.9142857142857143,0.9764172335600907,0.1553103087388802,0.6700771994190935
high_debt_burden,app,"Logistic (app, calibrated)",0.9146067415730337,0.9764172335600907,0.15519111789134674,0.6700771994190935
high_debt_burden,app,"Logistic (app, calibrated)",0.9162118780096308,0.9773242630385488,0.154927489831076,0.6700771994190935
high_debt_burden,app,"Logistic (app, calibrated)",0.917174959871589,0.9777777777777777,0.15423027411536677,0.6700771994190935
high_debt_burden,app,"Logistic (app, calibrated)",0.9174959871589085,0.9782312925170068,0.1534993180989364,0.6700771994190935
high_debt_burden,app,"Logistic (app, calibrated)",0.9174959871589085,0.9786848072562359,0.1533190971395306,0.6700771994190935
high_debt_burden,app,"Logistic (app, calibrated)",0.9178170144462279,0.9786848072562359,0.15256836463925355,0.6700771994190935
high_debt_burden,app,"Logistic (app, calibrated)",0.9203852327447833,0.9786848072562359,0.1522986857825568,0.6700771994190935
high_debt_burden,app,"Logistic (app, calibrated)",0.921669341894061,0.9786848072562359,0.1515349729635444,0.6700771994190935
high_debt_burden,app,"Logistic (app, calibrated)",0.921669341894061,0.9791383219954648,0.15130793387301178,0.6700771994190935
high_debt_burden,app,"Logistic (app, calibrated)",0.9219903691813804,0.9791383219954648,0.15122818358112475,0.6700771994190935
high_debt_burden,app,"Logistic (app, calibrated)",0.9226324237560193,0.9791383219954648,0.15092172851036317,0.6700771994190935
high_debt_burden,app,"Logistic (app, calibrated)",0.9232744783306581,0.9791383219954648,0.15028520552325866,0.6700771994190935
high_debt_burden,app,"Logistic (app, calibrated)",0.923916532905297,0.9795918367346939,0.1501767296206458,0.6700771994190935
high_debt_burden,app,"Logistic (app, calibrated)",0.92776886035313,0.9800453514739229,0.15016745159602304,0.6700771994190935
high_debt_burden,app,"Logistic (app, calibrated)",0.9280898876404494,0.9800453514739229,0.14985430069463684,0.6700771994190935
high_debt_burden,app,"Logistic (app, calibrated)",0.9280898876404494,0.980498866213152,0.14967460471837052,0.6700771994190935
high_debt_burden,app,"Logistic (app, calibrated)",0.9287319422150883,0.980498866213152,0.1486492502090028,0.6700771994190935
high_debt_burden,app,"Logistic (app, calibrated)",0.9309791332263242,0.981859410430839,0.14848677932711546,0.6700771994190935
high_debt_burden,app,"Logistic (app, calibrated)",0.9313001605136436,0.981859410430839,0.14797068494675883,0.6700771994190935
high_debt_burden,app,"Logistic (app, calibrated)",0.9319422150882825,0.9823129251700681,0.14778649921507064,0.6700771994190935
high_debt_burden,app,"Logistic (app, calibrated)",0.9332263242375602,0.9832199546485261,0.14761262705654324,0.6700771994190935
high_debt_burden,app,"Logistic (app, calibrated)",0.9335473515248797,0.9836734693877551,0.147551211035082,0.6700771994190935
high_debt_burden,app,"Logistic (app, calibrated)",0.9335473515248797,0.9841269841269841,0.14747334831368444,0.6700771994190935
high_debt_burden,app,"Logistic (app, calibrated)",0.9348314606741573,0.9841269841269841,0.14639805215775784,0.6700771994190935
high_debt_burden,app,"Logistic (app, calibrated)",0.9370786516853933,0.9859410430839002,0.1461058269461631,0.6700771994190935
high_debt_burden,app,"Logistic (app, calibrated)",0.9377207062600321,0.9859410430839002,0.14539184699331958,0.6700771994190935
high_debt_burden,app,"Logistic (app, calibrated)",0.938362760834671,0.9859410430839002,0.14498596936323974,0.6700771994190935
high_debt_burden,app,"Logistic (app, calibrated)",0.9393258426966292,0.9859410430839002,0.14343624651268602,0.6700771994190935
high_debt_burden,app,"Logistic (app, calibrated)",0.9399678972712681,0.9859410430839002,0.14241134119430265,0.6700771994190935
high_debt_burden,app,"Logistic (app, calibrated)",0.942215088282504,0.9863945578231292,0.14196452686811303,0.6700771994190935
high_debt_burden,app,"Logistic (app, calibrated)",0.9428571428571428,0.9868480725623583,0.14184339628731246,0.6700771994190935
high_debt_burden,app,"Logistic (app, calibrated)",0.9428571428571428,0.9873015873015873,0.14127739497681283,0.6700771994190935
high_debt_burden,app,"Logistic (app, calibrated)",0.9434991974317817,0.9873015873015873,0.14062882138852706,0.6700771994190935
high_debt_burden,app,"Logistic (app, calibrated)",0.9454253611556982,0.9873015873015873,0.1382826976944624,0.6700771994190935
high_debt_burden,app,"Logistic (app, calibrated)",0.9457463884430176,0.9873015873015873,0.13826268969126113,0.6700771994190935
high_debt_burden,app,"Logistic (app, calibrated)",0.9463884430176565,0.9873015873015873,0.13798390162401697,0.6700771994190935
high_debt_burden,app,"Logistic (app, calibrated)",0.9508828250401284,0.9882086167800453,0.1378674463937622,0.6700771994190935
high_debt_burden,app,"Logistic (app, calibrated)",0.952808988764045,0.9891156462585035,0.1378566853238573,0.6700771994190935
high_debt_burden,app,"Logistic (app, calibrated)",0.9531300160513644,0.9891156462585035,0.13717005058265758,0.6700771994190935
high_debt_burden,app,"Logistic (app, calibrated)",0.9550561797752809,0.9891156462585035,0.13664211042507188,0.6700771994190935
high_debt_burden,app,"Logistic (app, calibrated)",0.9553772070626003,0.9891156462585035,0.13592172851036316,0.6700771994190935
high_debt_burden,app,"Logistic (app, calibrated)",0.9560192616372392,0.9891156462585035,0.13499663299663303,0.6700771994190935
high_debt_burden,app,"Logistic (app, calibrated)",0.9563402889245586,0.9891156462585035,0.1348855473055885,0.6700771994190935
high_debt_burden,app,"Logistic (app, calibrated)",0.9563402889245586,0.9895691609977324,0.1344196869635751,0.6700771994190935
high_debt_burden,app,"Logistic (app, calibrated)",0.9569823434991974,0.9895691609977324,0.13423108275739853,0.6700771994190935
high_debt_burden,app,"Logistic (app, calibrated)",0.9582664526484751,0.9895691609977324,0.13202300640027678,0.6700771994190935
high_debt_burden,app,"Logistic (app, calibrated)",0.9592295345104334,0.9900226757369615,0.13162582423056565,0.6700771994190935
high_debt_burden,app,"Logistic (app, calibrated)",0.9595505617977528,0.9900226757369615,0.1304797140795742,0.6700771994190935
high_debt_burden,app,"Logistic (app, calibrated)",0.9617977528089887,0.9900226757369615,0.13043956043956045,0.6700771994190935
high_debt_burden,app,"Logistic (app, calibrated)",0.9627608346709471,0.9904761904761905,0.13024915824915825,0.6700771994190935
high_debt_burden,app,"Logistic (app, calibrated)",0.9634028892455859,0.9904761904761905,0.12706704488815113,0.6700771994190935
high_debt_burden,app,"Logistic (app, calibrated)",0.9646869983948636,0.9909297052154195,0.1266807692855107,0.6700771994190935
high_debt_burden,app,"Logistic (app, calibrated)",0.9646869983948636,0.9913832199546485,0.12643804582739324,0.6700771994190935
high_debt_burden,app,"Logistic (app, calibrated)",0.965008025682183,0.9913832199546485,0.12631474948673363,0.6700771994190935
high_debt_burden,app,"Logistic (app, calibrated)",0.9669341894060995,0.9927437641723356,0.12601606813300467,0.6700771994190935
high_debt_burden,app,"Logistic (app, calibrated)",0.9675762439807384,0.9927437641723356,0.1249473390905907,0.6700771994190935
high_debt_burden,app,"Logistic (app, calibrated)",0.9682182985553772,0.9927437641723356,0.1244829670877085,0.6700771994190935
high_debt_burden,app,"Logistic (app, calibrated)",0.9682182985553772,0.9931972789115646,0.12360349602353722,0.6700771994190935
high_debt_burden,app,"Logistic (app, calibrated)",0.9685393258426966,0.9931972789115646,0.123366791249153,0.6700771994190935
high_debt_burden,app,"Logistic (app, calibrated)",0.9707865168539326,0.9936507936507937,0.12107101318794973,0.6700771994190935
high_debt_burden,app,"Logistic (app, calibrated)",0.9717495987158908,0.9936507936507937,0.11897963556886004,0.6700771994190935
high_debt_burden,app,"Logistic (app, calibrated)",0.9752808988764045,0.9936507936507937,0.11887321099014751,0.6700771994190935
high_debt_burden,app,"Logistic (app, calibrated)",0.9752808988764045,0.9941043083900227,0.11741394089781187,0.6700771994190935
high_debt_burden,app,"Logistic (app, calibrated)",0.9759229534510433,0.9941043083900227,0.11615384615384616,0.6700771994190935
high_debt_burden,app,"Logistic (app, calibrated)",0.9759229534510433,0.9945578231292517,0.11568538856841012,0.6700771994190935
high_debt_burden,app,"Logistic (app, calibrated)",0.9765650080256821,0.9945578231292517,0.1153563397336101,0.6700771994190935
high_debt_burden,app,"Logistic (app, calibrated)",0.9778491171749599,0.9945578231292517,0.11309637577882703,0.6700771994190935
high_debt_burden,app,"Logistic (app, calibrated)",0.9778491171749599,0.9950113378684807,0.11284823622120244,0.6700771994190935
high_debt_burden,app,"Logistic (app, calibrated)",0.9788121990369182,0.9950113378684807,0.11152669659473538,0.6700771994190935
high_debt_burden,app,"Logistic (app, calibrated)",0.979454253611557,0.9954648526077098,0.1113939393939394,0.6700771994190935
high_debt_burden,app,"Logistic (app, calibrated)",0.9820224719101124,0.9968253968253968,0.11030178241871895,0.6700771994190935
high_debt_burden,app,"Logistic (app, calibrated)",0.9823434991974318,0.9968253968253968,0.10982679372607573,0.6700771994190935
high_debt_burden,app,"Logistic (app, calibrated)",0.9823434991974318,0.9972789115646259,0.10788493692050465,0.6700771994190935
high_debt_burden,app,"Logistic (app, calibrated)",0.9829855537720706,0.9972789115646259,0.10280830856801422,0.6700771994190935
high_debt_burden,app,"Logistic (app, calibrated)",0.985553772070626,0.9972789115646259,0.09988527325823947,0.6700771994190935
high_debt_burden,app,"Logistic (app, calibrated)",0.9887640449438202,0.9972789115646259,0.09115953917694497,0.6700771994190935
high_debt_burden,app,"Logistic (app, calibrated)",0.9897271268057785,0.9972789115646259,0.08736263736263736,0.6700771994190935
high_debt_burden,app,"Logistic (app, calibrated)",0.9900481540930979,0.9972789115646259,0.08591153851627993,0.6700771994190935
high_debt_burden,app,"Logistic (app, calibrated)",0.9910112359550561,0.9977324263038548,0.0832186065915728,0.6700771994190935
high_debt_burden,app,"Logistic (app, calibrated)",0.991653290529695,0.9977324263038548,0.08306100217864924,0.6700771994190935
high_debt_burden,app,"Logistic (app, calibrated)",0.9932584269662922,0.9977324263038548,0.06615384615384616,0.6700771994190935
high_debt_burden,app,"Logistic (app, calibrated)",0.9932584269662922,0.998639455782313,0.06415375485158374,0.6700771994190935
high_debt_burden,app,"Logistic (app, calibrated)",0.993900481540931,0.998639455782313,0.05945378151260504,0.6700771994190935
high_debt_burden,app,"Logistic (app, calibrated)",0.9942215088282504,0.998639455782313,0.05806087601606226,0.6700771994190935
high_debt_burden,app,"Logistic (app, calibrated)",0.9942215088282504,0.999092970521542,0.05357142857142857,0.6700771994190935
high_debt_burden,app,"Logistic (app, calibrated)",0.9945425361155699,0.999092970521542,0.05331755514535539,0.6700771994190935
high_debt_burden,app,"Logistic (app, calibrated)",0.9945425361155699,0.999546485260771,0.05283976954899265,0.6700771994190935
high_debt_burden,app,"Logistic (app, calibrated)",0.9951845906902087,0.999546485260771,0.05144724556489262,0.6700771994190935
high_debt_burden,app,"Logistic (app, calibrated)",0.9964686998394864,0.999546485260771,0.029637418018776812,0.6700771994190935
high_debt_burden,app,"Logistic (app, calibrated)",0.9964686998394864,1.0,0.029575430674858634,0.6700771994190935
high_debt_burden,app,"Logistic (app, calibrated)",0.9980738362760835,1.0,0.02307520497000387,0.6700771994190935
high_debt_burden,app,"Logistic (app, calibrated)",0.9987158908507223,1.0,0.02195121951219512,0.6700771994190935
high_debt_burden,app,"Logistic (app, calibrated)",1.0,1.0,0.015384615384615385,0.6700771994190935
