outcome,feature_set,model,precision,recall,threshold,average_precision
high_debt_burden,app,"Logistic (app, calibrated)",0.4144736842105263,1.0,0.015384615384615385,0.5506808625171314
high_debt_burden,app,"Logistic (app, calibrated)",0.41478555304740405,1.0,0.02195121951219512,0.5506808625171314
high_debt_burden,app,"Logistic (app, calibrated)",0.4149416635302973,1.0,0.02307520497000387,0.5506808625171314
high_debt_burden,app,"Logistic (app, calibrated)",0.4150197628458498,1.0,0.023076923076923078,0.5506808625171314
high_debt_burden,app,"Logistic (app, calibrated)",0.4150978915662651,1.0,0.024698974571452002,0.5506808625171314
high_debt_burden,app,"Logistic (app, calibrated)",0.4151760497081529,1.0,0.02857142857142857,0.5506808625171314
high_debt_burden,app,"Logistic (app, calibrated)",0.4152542372881356,1.0,0.029396900829650453,0.5506808625171314
high_debt_burden,app,"Logistic (app, calibrated)",0.415332454322848,1.0,0.029575430674858634,0.5506808625171314
high_debt_burden,app,"Logistic (app, calibrated)",0.4152223059532781,0.999546485260771,0.029637418018776812,0.5506808625171314
high_debt_burden,app,"Logistic (app, calibrated)",0.41530054644808745,0.999546485260771,0.03495893931145261,0.5506808625171314
high_debt_burden,app,"Logistic (app, calibrated)",0.4153788164342254,0.999546485260771,0.04556643356643357,0.5506808625171314
high_debt_burden,app,"Logistic (app, calibrated)",0.4154571159283695,0.999546485260771,0.048838446383836956,0.5506808625171314
high_debt_burden,app,"Logistic (app, calibrated)",0.4155354449472097,0.999546485260771,0.05144724556489262,0.5506808625171314
high_debt_burden,app,"Logistic (app, calibrated)",0.41569219162580157,0.999546485260771,0.05283976954899265,0.5506808625171314
high_debt_burden,app,"Logistic (app, calibrated)",0.4155819656668553,0.999092970521542,0.05331755514535539,0.5506808625171314
high_debt_burden,app,"Logistic (app, calibrated)",0.41566037735849054,0.999092970521542,0.05357142857142857,0.5506808625171314
high_debt_burden,app,"Logistic (app, calibrated)",0.41555010379316853,0.998639455782313,0.05806087601606226,0.5506808625171314
high_debt_burden,app,"Logistic (app, calibrated)",0.41562853907134767,0.998639455782313,0.05945378151260504,0.5506808625171314
high_debt_burden,app,"Logistic (app, calibrated)",0.415785498489426,0.998639455782313,0.06415375485158374,0.5506808625171314
high_debt_burden,app,"Logistic (app, calibrated)",0.41567516525023607,0.9981859410430839,0.06579530910901449,0.5506808625171314
high_debt_burden,app,"Logistic (app, calibrated)",0.415564790328674,0.9977324263038548,0.06615384615384616,0.5506808625171314
high_debt_burden,app,"Logistic (app, calibrated)",0.41564330247496695,0.9977324263038548,0.0722960888130604,0.5506808625171314
high_debt_burden,app,"Logistic (app, calibrated)",0.41572184429327286,0.9977324263038548,0.07307692307692307,0.5506808625171314
high_debt_burden,app,"Logistic (app, calibrated)",0.4158004158004158,0.9977324263038548,0.07520744279607744,0.5506808625171314
high_debt_burden,app,"Logistic (app, calibrated)",0.4158790170132325,0.9977324263038548,0.08193006993006993,0.5506808625171314
high_debt_burden,app,"Logistic (app, calibrated)",0.4159576479485725,0.9977324263038548,0.08306100217864924,0.5506808625171314
high_debt_burden,app,"Logistic (app, calibrated)",0.4161149990542841,0.9977324263038548,0.0832186065915728,0.5506808625171314
high_debt_burden,app,"Logistic (app, calibrated)",0.41624077228847245,0.9972789115646259,0.08591153851627993,0.5506808625171314
high_debt_burden,app,"Logistic (app, calibrated)",0.4163195759182128,0.9972789115646259,0.08736263736263736,0.5506808625171314
high_debt_burden,app,"Logistic (app, calibrated)",0.41655616594051903,0.9972789115646259,0.09115953917694497,0.5506808625171314
high_debt_burden,app,"Logistic (app, calibrated)",0.41663508904888213,0.9972789115646259,0.09316012705940906,0.5506808625171314
high_debt_burden,app,"Logistic (app, calibrated)",0.4167140420693576,0.9972789115646259,0.09321482148970499,0.5506808625171314
high_debt_burden,app,"Logistic (app, calibrated)",0.41679302501895377,0.9972789115646259,0.09447497523468089,0.5506808625171314
high_debt_burden,app,"Logistic (app, calibrated)",0.41687203791469196,0.9972789115646259,0.09520744279607744,0.5506808625171314
high_debt_burden,app,"Logistic (app, calibrated)",0.4169510807736064,0.9972789115646259,0.09664044913960668,0.5506808625171314
high_debt_burden,app,"Logistic (app, calibrated)",0.41703015361274415,0.9972789115646259,0.0971062271062271,0.5506808625171314
high_debt_burden,app,"Logistic (app, calibrated)",0.4171092564491654,0.9972789115646259,0.09897295915871701,0.5506808625171314
high_debt_burden,app,"Logistic (app, calibrated)",0.41718838929994306,0.9972789115646259,0.09945378151260505,0.5506808625171314
high_debt_burden,app,"Logistic (app, calibrated)",0.4172675521821632,0.9972789115646259,0.099707836390049,0.5506808625171314
high_debt_burden,app,"Logistic (app, calibrated)",0.41734674511292463,0.9972789115646259,0.09988527325823947,0.5506808625171314
high_debt_burden,app,"Logistic (app, calibrated)",0.4179813723626687,0.9972789115646259,0.10280830856801422,0.5506808625171314
high_debt_burden,app,"Logistic (app, calibrated)",0.4180608365019011,0.9972789115646259,0.10470957613814758,0.5506808625171314
high_debt_burden,app,"Logistic (app, calibrated)",0.41814033086138047,0.9972789115646259,0.10788493692050465,0.5506808625171314
high_debt_burden,app,"Logistic (app, calibrated)",0.41802966907569417,0.9968253968253968,0.10982679372607573,0.5506808625171314
high_debt_burden,app,"Logistic (app, calibrated)",0.4181091877496671,0.9968253968253968,0.11030178241871895,0.5506808625171314
high_debt_burden,app,"Logistic (app, calibrated)",0.4184140297369424,0.9954648526077098,0.1113939393939394,0.5506808625171314
high_debt_burden,app,"Logistic (app, calibrated)",0.41846271218767883,0.9950113378684807,0.11152669659473538,0.5506808625171314
high_debt_burden,app,"Logistic (app, calibrated)",0.4185425410148798,0.9950113378684807,0.11235323667434546,0.5506808625171314
high_debt_burden,app,"Logistic (app, calibrated)",0.41862240030528525,0.9950113378684807,0.11262211657790049,0.5506808625171314
high_debt_burden,app,"Logistic (app, calibrated)",0.41870229007633586,0.9950113378684807,0.11284823622120244,0.5506808625171314
high_debt_burden,app,"Logistic (app, calibrated)",0.41859133422408856,0.9945578231292517,0.11309637577882703,0.5506808625171314
high_debt_burden,app,"Logistic (app, calibrated)",0.4186712485681558,0.9945578231292517,0.11377289377289376,0.5506808625171314
high_debt_burden,app,"Logistic (app, calibrated)",0.4187511934313538,0.9945578231292517,0.11503030303030304,0.5506808625171314
high_debt_burden,app,"Logistic (app, calibrated)",0.41883116883116883,0.9945578231292517,0.11519873532068654,0.5506808625171314
high_debt_burden,app,"Logistic (app, calibrated)",0.41891117478510026,0.9945578231292517,0.1153563397336101,0.5506808625171314
high_debt_burden,app,"Logistic (app, calibrated)",0.4190712784253774,0.9945578231292517,0.11568538856841012,0.5506808625171314
high_debt_burden,app,"Logistic (app, calibrated)",0.41896024464831805,0.9941043083900227,0.11615384615384616,0.5506808625171314
high_debt_burden,app,"Logistic (app, calibrated)",0.4190403364557446,0.9941043083900227,0.1165441984453689,0.5506808625171314
high_debt_burden,app,"Logistic (app, calibrated)",0.4191204588910134,0.9941043083900227,0.11741394089781187,0.5506808625171314
high_debt_burden,app,"Logistic (app, calibrated)",0.4190093708165997,0.9936507936507937,0.11887321099014751,0.5506808625171314
high_debt_burden,app,"Logistic (app, calibrated)",0.4198926791874281,0.9936507936507937,0.11897963556886004,0.5506808625171314
high_debt_burden,app,"Logistic (app, calibrated)",0.41997316465401574,0.9936507936507937,0.11940178683000169,0.5506808625171314
high_debt_burden,app,"Logistic (app, calibrated)",0.42005368098159507,0.9936507936507937,0.12008973429877409,0.5506808625171314
high_debt_burden,app,"Logistic (app, calibrated)",0.42013422818791946,0.9936507936507937,0.12107101318794973,0.5506808625171314
high_debt_burden,app,"Logistic (app, calibrated)",0.42058767044363354,0.9931972789115646,0.123366791249153,0.5506808625171314
high_debt_burden,app,"Logistic (app, calibrated)",0.4206684594698425,0.9931972789115646,0.12360349602353722,0.5506808625171314
high_debt_burden,app,"Logistic (app, calibrated)",0.4205571565802113,0.9927437641723356,0.1244829670877085,0.5506808625171314
high_debt_burden,app,"Logistic (app, calibrated)",0.42071881606765327,0.9927437641723356,0.1249473390905907,0.5506808625171314
high_debt_burden,app,"Logistic (app, calibrated)",0.42079969242599,0.9927437641723356,0.12575989392084863,0.5506808625171314
high_debt_burden,app,"Logistic (app, calibrated)",0.42088059988463755,0.9927437641723356,0.12601606813300467,0.5506808625171314
high_debt_burden,app,"Logistic (app, calibrated)",0.4210323574730354,0.9913832199546485,0.12631474948673363,0.5506808625171314
high_debt_burden,app,"Logistic (app, calibrated)",0.42111346561356194,0.9913832199546485,0.12643804582739324,0.5506808625171314
high_debt_burden,app,"Logistic (app, calibrated)",0.4210019267822736,0.9909297052154195,0.1266807692855107,0.5506808625171314
high_debt_burden,app,"Logistic (app, calibrated)",0.42121504339440696,0.9904761904761905,0.12706704488815113,0.5506808625171314
high_debt_burden,app,"Logistic (app, calibrated)",0.4212962962962963,0.9904761904761905,0.12788473733458378,0.5506808625171314
high_debt_burden,app,"Logistic (app, calibrated)",0.42137758055180397,0.9904761904761905,0.13024915824915825,0.5506808625171314
high_debt_burden,app,"Logistic (app, calibrated)",0.4215099440046341,0.9900226757369615,0.13043956043956045,0.5506808625171314
high_debt_burden,app,"Logistic (app, calibrated)",0.42208043310131477,0.9900226757369615,0.1304797140795742,0.5506808625171314
high_debt_burden,app,"Logistic (app, calibrated)",0.42216205762908526,0.9900226757369615,0.13162582423056565,0.5506808625171314
high_debt_burden,app,"Logistic (app, calibrated)",0.42229533578478806,0.9895691609977324,0.13202300640027678,0.5506808625171314
high_debt_burden,app,"Logistic (app, calibrated)",0.42262250629478987,0.9895691609977324,0.13423108275739853,0.5506808625171314
high_debt_burden,app,"Logistic (app, calibrated)",0.4227862817283472,0.9895691609977324,0.1344196869635751,0.5506808625171314
high_debt_burden,app,"Logistic (app, calibrated)",0.42267441860465116,0.9891156462585035,0.1348855473055885,0.5506808625171314
high_debt_burden,app,"Logistic (app, calibrated)",0.4227563481294825,0.9891156462585035,0.13499663299663303,0.5506808625171314
high_debt_burden,app,"Logistic (app, calibrated)",0.42292030250145435,0.9891156462585035,0.13592172851036316,0.5506808625171314
high_debt_burden,app,"Logistic (app, calibrated)",0.4230023273855702,0.9891156462585035,0.13664211042507188,0.5506808625171314
high_debt_burden,app,"Logistic (app, calibrated)",0.42349514563106794,0.9891156462585035,0.13717005058265758,0.5506808625171314
high_debt_burden,app,"Logistic (app, calibrated)",0.42357739366867353,0.9891156462585035,0.1378566853238573,0.5506808625171314
high_debt_burden,app,"Logistic (app, calibrated)",0.4238475004862867,0.9882086167800453,0.1378674463937622,0.5506808625171314
high_debt_burden,app,"Logistic (app, calibrated)",0.42478048780487804,0.9873015873015873,0.13798390162401697,0.5506808625171314
high_debt_burden,app,"Logistic (app, calibrated)",0.42494632051532305,0.9873015873015873,0.13826268969126113,0.5506808625171314
high_debt_burden,app,"Logistic (app, calibrated)",0.4250292854353768,0.9873015873015873,0.1382826976944624,0.5506808625171314
high_debt_burden,app,"Logistic (app, calibrated)",0.4252783746825552,0.9873015873015873,0.13894995635911866,0.5506808625171314
high_debt_burden,app,"Logistic (app, calibrated)",0.42552775605942145,0.9873015873015873,0.14062882138852706,0.5506808625171314
high_debt_burden,app,"Logistic (app, calibrated)",0.42561094819159334,0.9873015873015873,0.1406636500754148,0.5506808625171314
high_debt_burden,app,"Logistic (app, calibrated)",0.42569417285881894,0.9873015873015873,0.14127739497681283,0.5506808625171314
high_debt_burden,app,"Logistic (app, calibrated)",0.4255818501858009,0.9868480725623583,0.14184339628731246,0.5506808625171314
high_debt_burden,app,"Logistic (app, calibrated)",0.42563600782778865,0.9863945578231292,0.14196452686811303,0.5506808625171314
high_debt_burden,app,"Logistic (app, calibrated)",0.4261074088592709,0.9859410430839002,0.14241134119430265,0.5506808625171314
high_debt_burden,app,"Logistic (app, calibrated)",0.42627450980392156,0.9859410430839002,0.14343624651268602,0.5506808625171314
high_debt_burden,app,"Logistic (app, calibrated)",0.4263581094332222,0.9859410430839002,0.14359365772157795,0.5506808625171314
high_debt_burden,app,"Logistic (app, calibrated)",0.42644174185955275,0.9859410430839002,0.14459122118966192,0.5506808625171314
high_debt_burden,app,"Logistic (app, calibrated)",0.426525407102217,0.9859410430839002,0.14498596936323974,0.5506808625171314
high_debt_burden,app,"Logistic (app, calibrated)",0.42669283611383707,0.9859410430839002,0.14539184699331958,0.5506808625171314
high_debt_burden,app,"Logistic (app, calibrated)",0.42677659992147626,0.9859410430839002,0.14580609092804214,0.5506808625171314
high_debt_burden,app,"Logistic (app, calibrated)",0.4268603966228156,0.9859410430839002,0.1461058269461631,0.5506808625171314
high_debt_burden,app,"Logistic (app, calibrated)",0.42699724517906334,0.9841269841269841,0.14639805215775784,0.5506808625171314
high_debt_burden,app,"Logistic (app, calibrated)",0.4273335959038992,0.9841269841269841,0.14747334831368444,0.5506808625171314
high_debt_burden,app,"Logistic (app, calibrated)",0.42722079968485327,0.9836734693877551,0.147551211035082,0.5506808625171314
high_debt_burden,app,"Logistic (app, calibrated)",0.42719211822660097,0.9832199546485261,0.14761262705654324,0.5506808625171314
high_debt_burden,app,"Logistic (app, calibrated)",0.4273032156243835,0.9823129251700681,0.14778649921507064,0.5506808625171314
high_debt_burden,app,"Logistic (app, calibrated)",0.42735886300829057,0.981859410430839,0.14797068494675883,0.5506808625171314
high_debt_burden,app,"Logistic (app, calibrated)",0.42744323790720634,0.981859410430839,0.14848677932711546,0.5506808625171314
high_debt_burden,app,"Logistic (app, calibrated)",0.42769535113748763,0.980498866213152,0.1486492502090028,0.5506808625171314
high_debt_burden,app,"Logistic (app, calibrated)",0.42777997625643055,0.980498866213152,0.1486573250875201,0.5506808625171314
high_debt_burden,app,"Logistic (app, calibrated)",0.427864634870374,0.980498866213152,0.14967460471837052,0.5506808625171314
high_debt_burden,app,"Logistic (app, calibrated)",0.4277513855898654,0.9800453514739229,0.14985430069463684,0.5506808625171314
high_debt_burden,app,"Logistic (app, calibrated)",0.4278360720649376,0.9800453514739229,0.15016745159602304,0.5506808625171314
high_debt_burden,app,"Logistic (app, calibrated)",0.42874156411274317,0.9795918367346939,0.1501767296206458,0.5506808625171314
high_debt_burden,app,"Logistic (app, calibrated)",0.428798411122145,0.9791383219954648,0.15028520552325866,0.5506808625171314
high_debt_burden,app,"Logistic (app, calibrated)",0.4288835915772745,0.9791383219954648,0.15084604119030373,0.5506808625171314
high_debt_burden,app,"Logistic (app, calibrated)",0.4289688058811842,0.9791383219954648,0.15092172851036317,0.5506808625171314
high_debt_burden,app,"Logistic (app, calibrated)",0.4291393361160803,0.9791383219954648,0.15122818358112475,0.5506808625171314
high_debt_burden,app,"Logistic (app, calibrated)",0.4292246520874751,0.9791383219954648,0.15130793387301178,0.5506808625171314
high_debt_burden,app,"Logistic (app, calibrated)",0.42911115529926425,0.9786848072562359,0.1515349729635444,0.5506808625171314
high_debt_burden,app,"Logistic (app, calibrated)",0.42945273631840797,0.9786848072562359,0.1522986857825568,0.5506808625171314
high_debt_burden,app,"Logistic (app, calibrated)",0.4301375323898744,0.9786848072562359,0.15256836463925355,0.5506808625171314
high_debt_burden,app,"Logistic (app, calibrated)",0.4302232854864434,0.9786848072562359,0.1533190971395306,0.5506808625171314
high_debt_burden,app,"Logistic (app, calibrated)",0.4301096709870389,0.9782312925170068,0.1534993180989364,0.5506808625171314
high_debt_burden,app,"Logistic (app, calibrated)",0.4300817873528825,0.9777777777777777,0.15423027411536677,0.5506808625171314
high_debt_burden,app,"Logistic (app, calibrated)",0.43022559393092435,0.9773242630385488,0.154927489831076,0.5506808625171314
high_debt_burden,app,"Logistic (app, calibrated)",0.4304278288684526,0.9764172335600907,0.15519111789134674,0.5506808625171314
high_debt_burden,app,"Logistic (app, calibrated)",0.4305138972205559,0.9764172335600907,0.1553103087388802,0.5506808625171314
high_debt_burden,app,"Logistic (app, calibrated)",0.4305722288915566,0.9759637188208616,0.15563566477692709,0.5506808625171314
high_debt_burden,app,"Logistic (app, calibrated)",0.4306583950370222,0.9759637188208616,0.15630222900245785,0.5506808625171314
high_debt_burden,app,"Logistic (app, calibrated)",0.43083083083083085,0.9759637188208616,0.15653148460792415,0.5506808625171314
high_debt_burden,app,"Logistic (app, calibrated)",0.43097575636145063,0.9755102040816327,0.15657814429792255,0.5506808625171314
high_debt_burden,app,"Logistic (app, calibrated)",0.431062124248497,0.9755102040816327,0.15667783010640154,0.5506808625171314
high_debt_burden,app,"Logistic (app, calibrated)",0.43132143573290554,0.9755102040816327,0.15679437667946933,0.5506808625171314
high_debt_burden,app,"Logistic (app, calibrated)",0.4314944834503511,0.9755102040816327,0.1569584376067046,0.5506808625171314
high_debt_burden,app,"Logistic (app, calibrated)",0.43164023288496284,0.9750566893424036,0.15795506128920062,0.5506808625171314
high_debt_burden,app,"Logistic (app, calibrated)",0.43172690763052207,0.9750566893424036,0.1597889270681745,0.5506808625171314
high_debt_burden,app,"Logistic (app, calibrated)",0.43161277364932715,0.9746031746031746,0.16026278742010922,0.5506808625171314
high_debt_burden,app,"Logistic (app, calibrated)",0.4316994777018883,0.9746031746031746,0.16173027411536675,0.5506808625171314
high_debt_burden,app,"Logistic (app, calibrated)",0.43213352101347274,0.9746031746031746,0.16245362223525717,0.5506808625171314
high_debt_burden,app,"Logistic (app, calibrated)",0.4322204344328238,0.9746031746031746,0.16288956200137544,0.5506808625171314
high_debt_burden,app,"Logistic (app, calibrated)",0.4321658615136876,0.9736961451247166,0.16319579135674608,0.5506808625171314
high_debt_burden,app,"Logistic (app, calibrated)",0.43268843208383717,0.9736961451247166,0.16331986572017343,0.5506808625171314
high_debt_burden,app,"Logistic (app, calibrated)",0.4327756500705503,0.9736961451247166,0.16351543694400839,0.5506808625171314
high_debt_burden,app,"Logistic (app, calibrated)",0.43286290322580645,0.9736961451247166,0.16375891679453008,0.5506808625171314
high_debt_burden,app,"Logistic (app, calibrated)",0.4329501915708812,0.9736961451247166,0.1639969834087481,0.5506808625171314
high_debt_burden,app,"Logistic (app, calibrated)",0.4329231389953601,0.9732426303854875,0.164314044962312,0.5506808625171314
high_debt_burden,app,"Logistic (app, calibrated)",0.43301049233252625,0.9732426303854875,0.1651201952243195,0.5506808625171314
high_debt_burden,app,"Logistic (app, calibrated)",0.43318530480419865,0.9732426303854875,0.16536450477626946,0.5506808625171314
high_debt_burden,app,"Logistic (app, calibrated)",0.4330708661417323,0.9727891156462585,0.16567765567765572,0.5506808625171314
high_debt_burden,app,"Logistic (app, calibrated)",0.43342089310971915,0.9727891156462585,0.16575989392084864,0.5506808625171314
high_debt_burden,app,"Logistic (app, calibrated)",0.4335961188599151,0.9727891156462585,0.16581957135463093,0.5506808625171314
high_debt_burden,app,"Logistic (app, calibrated)",0.43368378487666803,0.9727891156462585,0.16667962658321273,0.5506808625171314
high_debt_burden,app,"Logistic (app, calibrated)",0.4337446894598422,0.9723356009070295,0.1670341694934811,0.5506808625171314
high_debt_burden,app,"Logistic (app, calibrated)",0.433832456495346,0.9723356009070295,0.16704517704517707,0.5506808625171314
high_debt_burden,app,"Logistic (app, calibrated)",0.43380566801619436,0.9718820861678005,0.1677503365283252,0.5506808625171314
high_debt_burden,app,"Logistic (app, calibrated)",0.43389350070864546,0.9718820861678005,0.16796104334613599,0.5506808625171314
high_debt_burden,app,"Logistic (app, calibrated)",0.43398136897529366,0.9718820861678005,0.16849931809893642,0.5506808625171314
high_debt_burden,app,"Logistic (app, calibrated)",0.43419184749543704,0.9709750566893424,0.16871057435884135,0.5506808625171314
high_debt_burden,app,"Logistic (app, calibrated)",0.43436802596875634,0.9709750566893424,0.16879591924904536,0.5506808625171314
high_debt_burden,app,"Logistic (app, calibrated)",0.4342532467532468,0.9705215419501134,0.1697435631519116,0.5506808625171314
high_debt_burden,app,"Logistic (app, calibrated)",0.4342265529841656,0.9700680272108844,0.17051506989234028,0.5506808625171314
high_debt_burden,app,"Logistic (app, calibrated)",0.43431472081218275,0.9700680272108844,0.1706957913567461,0.5506808625171314
high_debt_burden,app,"Logistic (app, calibrated)",0.4343762698090207,0.9696145124716553,0.17073346839125242,0.5506808625171314
high_debt_burden,app,"Logistic (app, calibrated)",0.43509272467902993,0.9682539682539683,0.17082051282051283,0.5506808625171314
high_debt_burden,app,"Logistic (app, calibrated)",0.4351814105177334,0.9682539682539683,0.17202819199594296,0.5506808625171314
high_debt_burden,app,"Logistic (app, calibrated)",0.4352701325178389,0.9682539682539683,0.1721880341880342,0.5506808625171314
high_debt_burden,app,"Logistic (app, calibrated)",0.43512851897184823,0.9673469387755103,0.17221184404309742,0.5506808625171314
high_debt_burden,app,"Logistic (app, calibrated)",0.4353061224489796,0.9673469387755103,0.17230766571601416,0.5506808625171314
high_debt_burden,app,"Logistic (app, calibrated)",0.4353949785670545,0.9673469387755103,0.1725657302321432,0.5506808625171314
high_debt_burden,app,"Logistic (app, calibrated)",0.43548387096774194,0.9673469387755103,0.17269403347041368,0.5506808625171314
high_debt_burden,app,"Logistic (app, calibrated)",0.43557279967326934,0.9673469387755103,0.1728291112404879,0.5506808625171314
high_debt_burden,app,"Logistic (app, calibrated)",0.43566176470588236,0.9673469387755103,0.17325989392084865,0.5506808625171314
high_debt_burden,app,"Logistic (app, calibrated)",0.4358398038414385,0.9673469387755103,0.17328665988061412,0.5506808625171314
high_debt_burden,app,"Logistic (app, calibrated)",0.43628553896502353,0.9673469387755103,0.17360987852797938,0.5506808625171314
high_debt_burden,app,"Logistic (app, calibrated)",0.43617021276595747,0.9668934240362812,0.17373027411536676,0.5506808625171314
high_debt_burden,app,"Logistic (app, calibrated)",0.43632268632268634,0.9664399092970521,0.17393775971927233,0.5506808625171314
high_debt_burden,app,"Logistic (app, calibrated)",0.43650143383859075,0.9664399092970521,0.1740803106742649,0.5506808625171314
high_debt_burden,app,"Logistic (app, calibrated)",0.43668032786885247,0.9664399092970521,0.17423118444746014,0.5506808625171314
high_debt_burden,app,"Logistic (app, calibrated)",0.4365648698503792,0.9659863945578231,0.17530528108679372,0.5506808625171314
high_debt_burden,app,"Logistic (app, calibrated)",0.43665436654366546,0.9659863945578231,0.17542803258003709,0.5506808625171314
high_debt_burden,app,"Logistic (app, calibrated)",0.4367438999384868,0.9659863945578231,0.1757589167945301,0.5506808625171314
high_debt_burden,app,"Logistic (app, calibrated)",0.4368334700574241,0.9659863945578231,0.17655244119559835,0.5506808625171314
high_debt_burden,app,"Logistic (app, calibrated)",0.4369230769230769,0.9659863945578231,0.17708227661599252,0.5506808625171314
high_debt_burden,app,"Logistic (app, calibrated)",0.43723032668995276,0.9650793650793651,0.17718152519388272,0.5506808625171314
high_debt_burden,app,"Logistic (app, calibrated)",0.43711467324291,0.964625850340136,0.1774571858089079,0.5506808625171314
high_debt_burden,app,"Logistic (app, calibrated)",0.43699897225077083,0.964172335600907,0.17902564102564106,0.5506808625171314
high_debt_burden,app,"Logistic (app, calibrated)",0.4370888157894737,0.964172335600907,0.1800111634397349,0.5506808625171314
high_debt_burden,app,"Logistic (app, calibrated)",0.4371786962780177,0.964172335600907,0.18001795410210852,0.5506808625171314
high_debt_burden,app,"Logistic (app, calibrated)",0.4370629370629371,0.963718820861678,0.18161452226278926,0.5506808625171314
high_debt_burden,app,"Logistic (app, calibrated)",0.4371528492079819,0.963718820861678,0.18214288792440053,0.5506808625171314
high_debt_burden,app,"Logistic (app, calibrated)",0.43724279835390945,0.963718820861678,0.1826957913567461,0.5506808625171314
high_debt_burden,app,"Logistic (app, calibrated)",0.43778327152863616,0.963718820861678,0.18285187727191846,0.5506808625171314
high_debt_burden,app,"Logistic (app, calibrated)",0.4379637262984336,0.963718820861678,0.18340859814396718,0.5506808625171314
high_debt_burden,app,"Logistic (app, calibrated)",0.437847866419295,0.963265306122449,0.1843269919387385,0.5506808625171314
high_debt_burden,app,"Logistic (app, calibrated)",0.4379381443298969,0.963265306122449,0.1846084090201737,0.5506808625171314
high_debt_burden,app,"Logistic (app, calibrated)",0.43802845947618063,0.963265306122449,0.1849938811208162,0.5506808625171314
high_debt_burden,app,"Logistic (app, calibrated)",0.4381188118811881,0.963265306122449,0.18525989392084866,0.5506808625171314
high_debt_burden,app,"Logistic (app, calibrated)",0.43818369453044376,0.9628117913832199,0.18526409479781072,0.5506808625171314
high_debt_burden,app,"Logistic (app, calibrated)",0.43827415359207267,0.9628117913832199,0.18551795843697766,0.5506808625171314
high_debt_burden,app,"Logistic (app, calibrated)",0.43845518380834364,0.9628117913832199,0.18557023555795857,0.5506808625171314
high_debt_burden,app,"Logistic (app, calibrated)",0.4385457550092956,0.9628117913832199,0.18567262802556922,0.5506808625171314
high_debt_burden,app,"Logistic (app, calibrated)",0.4387016745916891,0.962358276643991,0.18614704243526203,0.5506808625171314
high_debt_burden,app,"Logistic (app, calibrated)",0.4387670666115019,0.9619047619047619,0.18618511913702082,0.5506808625171314
high_debt_burden,app,"Logistic (app, calibrated)",0.4394944053046001,0.9619047619047619,0.18640510695139106,0.5506808625171314
high_debt_burden,app,"Logistic (app, calibrated)",0.43958549222797927,0.9619047619047619,0.18683798127443274,0.5506808625171314
high_debt_burden,app,"Logistic (app, calibrated)",0.43967661691542287,0.9619047619047619,0.1872118440430974,0.5506808625171314
high_debt_burden,app,"Logistic (app, calibrated)",0.4399502177971375,0.9619047619047619,0.18740013505791908,0.5506808625171314
high_debt_burden,app,"Logistic (app, calibrated)",0.4400414937759336,0.9619047619047619,0.1886919741835426,0.5506808625171314
high_debt_burden,app,"Logistic (app, calibrated)",0.4401328076364391,0.9619047619047619,0.18870704839239336,0.5506808625171314
high_debt_burden,app,"Logistic (app, calibrated)",0.4402241594022416,0.9619047619047619,0.1887111449993646,0.5506808625171314
high_debt_burden,app,"Logistic (app, calibrated)",0.4403155490969483,0.9619047619047619,0.18873831062638252,0.5506808625171314
high_debt_burden,app,"Logistic (app, calibrated)",0.44058994599086,0.9619047619047619,0.18878791101819886,0.5506808625171314
high_debt_burden,app,"Logistic (app, calibrated)",0.44047371701641386,0.9614512471655329,0.18882481966891101,0.5506808625171314
high_debt_burden,app,"Logistic (app, calibrated)",0.4405652535328346,0.9614512471655329,0.18883441336812928,0.5506808625171314
high_debt_burden,app,"Logistic (app, calibrated)",0.4417779632721202,0.9600907029478458,0.18896920951549362,0.5506808625171314
high_debt_burden,app,"Logistic (app, calibrated)",0.4418458968469409,0.9596371882086168,0.1890291446774117,0.5506808625171314
high_debt_burden,app,"Logistic (app, calibrated)",0.4417293233082707,0.9591836734693877,0.189447963800905,0.5506808625171314
high_debt_burden,app,"Logistic (app, calibrated)",0.4418216001671193,0.9591836734693877,0.1895319614200333,0.5506808625171314
high_debt_burden,app,"Logistic (app, calibrated)",0.4418896321070234,0.9587301587301588,0.18995332654728075,0.5506808625171314
high_debt_burden,app,"Logistic (app, calibrated)",0.4419820196529375,0.9587301587301588,0.19081548516842636,0.5506808625171314
high_debt_burden,app,"Logistic (app, calibrated)",0.4425817267393127,0.9578231292517007,0.19084955139583548,0.5506808625171314
high_debt_burden,app,"Logistic (app, calibrated)",0.44246489205617273,0.9573696145124716,0.19303196598386765,0.5506808625171314
high_debt_burden,app,"Logistic (app, calibrated)",0.4426504508282659,0.9573696145124716,0.19336665901492603,0.5506808625171314
high_debt_burden,app,"Logistic (app, calibrated)",0.44283616530312564,0.9573696145124716,0.19383935339755656,0.5506808625171314
high_debt_burden,app,"Logistic (app, calibrated)",0.4429290809903483,0.9573696145124716,0.1938683638745011,0.5506808625171314
high_debt_burden,app,"Logistic (app, calibrated)",0.4430220356768101,0.9573696145124716,0.19397610197044846,0.5506808625171314
high_debt_burden,app,"Logistic (app, calibrated)",0.4431150293870697,0.9573696145124716,0.19501795410210854,0.5506808625171314
high_debt_burden,app,"Logistic (app, calibrated)",0.44320806214570646,0.9573696145124716,0.19550888210283635,0.5506808625171314
high_debt_burden,app,"Logistic (app, calibrated)",0.44309113817723644,0.9569160997732427,0.1962757286608213,0.5506808625171314
high_debt_burden,app,"Logistic (app, calibrated)",0.44297416509136733,0.9564625850340136,0.19636054577231046,0.5506808625171314
high_debt_burden,app,"Logistic (app, calibrated)",0.4430672268907563,0.9564625850340136,0.1963710407239819,0.5506808625171314
high_debt_burden,app,"Logistic (app, calibrated)",0.4430432955023119,0.9560090702947845,0.19704818230611396,0.5506808625171314
high_debt_burden,app,"Logistic (app, calibrated)",0.44313643052343915,0.9560090702947845,0.19732237231009533,0.5506808625171314
high_debt_burden,app,"Logistic (app, calibrated)",0.44332281808622503,0.9560090702947845,0.19830352801768686,0.5506808625171314
high_debt_burden,app,"Logistic (app, calibrated)",0.44350936250788975,0.9560090702947845,0.19849621497167375,0.5506808625171314
high_debt_burden,app,"Logistic (app, calibrated)",0.4436026936026936,0.9560090702947845,0.19917967753410973,0.5506808625171314
high_debt_burden,app,"Logistic (app, calibrated)",0.4446319341910989,0.9560090702947845,0.199447963800905,0.5506808625171314
high_debt_burden,app,"Logistic (app, calibrated)",0.4447257383966245,0.9560090702947845,0.200451181114653,0.5506808625171314
high_debt_burden,app,"Logistic (app, calibrated)",0.4448195821903355,0.9560090702947845,0.20070704839239334,0.5506808625171314
high_debt_burden,app,"Logistic (app, calibrated)",0.44491346559729844,0.9560090702947845,0.20081548516842637,0.5506808625171314
high_debt_burden,app,"Logistic (app, calibrated)",0.44510135135135137,0.9560090702947845,0.2008927914191072,0.5506808625171314
high_debt_burden,app,"Logistic (app, calibrated)",0.44519535374868,0.9560090702947845,0.20096511290852243,0.5506808625171314
high_debt_burden,app,"Logistic (app, calibrated)",0.4453834777096979,0.9560090702947845,0.20115910254687472,0.5506808625171314
high_debt_burden,app,"Logistic (app, calibrated)",0.4454775993237532,0.9560090702947845,0.20173836127207717,0.5506808625171314
high_debt_burden,app,"Logistic (app, calibrated)",0.445571760727119,0.9560090702947845,0.20256455635359139,0.5506808625171314
high_debt_burden,app,"Logistic (app, calibrated)",0.4456659619450317,0.9560090702947845,0.20265793840367494,0.5506808625171314
high_debt_burden,app,"Logistic (app, calibrated)",0.4457372540723503,0.9555555555555556,0.20285178580368748,0.5506808625171314
high_debt_burden,app,"Logistic (app, calibrated)",0.44583157003808715,0.9555555555555556,0.20374993427625004,0.5506808625171314
high_debt_burden,app,"Logistic (app, calibrated)",0.44571428571428573,0.9551020408163265,0.20441636398703836,0.5506808625171314
high_debt_burden,app,"Logistic (app, calibrated)",0.4459030277366081,0.9551020408163265,0.2048485047142765,0.5506808625171314
high_debt_burden,app,"Logistic (app, calibrated)",0.44599745870393903,0.9551020408163265,0.20540497729304916,0.5506808625171314
high_debt_burden,app,"Logistic (app, calibrated)",0.44654221467967753,0.9546485260770975,0.20552136752136754,0.5506808625171314
high_debt_burden,app,"Logistic (app, calibrated)",0.44642478251644385,0.9541950113378684,0.20722269362689452,0.5506808625171314
high_debt_burden,app,"Logistic (app, calibrated)",0.4465195246179966,0.9541950113378684,0.20723354590062973,0.5506808625171314
high_debt_burden,app,"Logistic (app, calibrated)",0.44661430694120147,0.9541950113378684,0.2080163444205453,0.5506808625171314
high_debt_burden,app,"Logistic (app, calibrated)",0.4464968152866242,0.9537414965986395,0.20822275029194076,0.5506808625171314
high_debt_burden,app,"Logistic (app, calibrated)",0.44659163304310895,0.9537414965986395,0.20840734135924302,0.5506808625171314
high_debt_burden,app,"Logistic (app, calibrated)",0.44706632653061223,0.9537414965986395,0.2085535849577859,0.5506808625171314
high_debt_burden,app,"Logistic (app, calibrated)",0.4469487561131193,0.9532879818594104,0.20859202985472475,0.5506808625171314
high_debt_burden,app,"Logistic (app, calibrated)",0.4472340425531915,0.9532879818594104,0.20885009437085378,0.5506808625171314
high_debt_burden,app,"Logistic (app, calibrated)",0.44740204429301533,0.9528344671201814,0.20886080843148278,0.5506808625171314
high_debt_burden,app,"Logistic (app, calibrated)",0.44759267149552623,0.9528344671201814,0.20982532229147105,0.5506808625171314
high_debt_burden,app,"Logistic (app, calibrated)",0.44768804602599616,0.9528344671201814,0.21096053284860475,0.5506808625171314
high_debt_burden,app,"Logistic (app, calibrated)",0.44785668586052463,0.9523809523809523,0.2111928436589924,0.5506808625171314
high_debt_burden,app,"Logistic (app, calibrated)",0.44773890784982934,0.9519274376417234,0.2122364781823014,0.5506808625171314
high_debt_burden,app,"Logistic (app, calibrated)",0.44762107958182207,0.9514739229024943,0.21230999977803044,0.5506808625171314
high_debt_burden,app,"Logistic (app, calibrated)",0.44771660264618013,0.9514739229024943,0.2134904980242139,0.5506808625171314
high_debt_burden,app,"Logistic (app, calibrated)",0.447812166488794,0.9514739229024943,0.21352001571811652,0.5506808625171314
high_debt_burden,app,"Logistic (app, calibrated)",0.4479077711357814,0.9514739229024943,0.2139583514263821,0.5506808625171314
high_debt_burden,app,"Logistic (app, calibrated)",0.4477898782831518,0.9510204081632653,0.21475200222003288,0.5506808625171314
high_debt_burden,app,"Logistic (app, calibrated)",0.4478855190089705,0.9510204081632653,0.21560820297854777,0.5506808625171314
high_debt_burden,app,"Logistic (app, calibrated)",0.4477675710318308,0.9505668934240363,0.21589872601193355,0.5506808625171314
high_debt_burden,app,"Logistic (app, calibrated)",0.44795896559093823,0.9505668934240363,0.21631559986420684,0.5506808625171314
high_debt_burden,app,"Logistic (app, calibrated)",0.4480547242411287,0.9505668934240363,0.21678791101819886,0.5506808625171314
high_debt_burden,app,"Logistic (app, calibrated)",0.44803250641573994,0.9501133786848073,0.21742019884877029,0.5506808625171314
high_debt_burden,app,"Logistic (app, calibrated)",0.4481283422459893,0.9501133786848073,0.21755163581963294,0.5506808625171314
high_debt_burden,app,"Logistic (app, calibrated)",0.44801026957637996,0.9496598639455782,0.21758156181184965,0.5506808625171314
high_debt_burden,app,"Logistic (app, calibrated)",0.4481061416648834,0.9496598639455782,0.21761284492545477,0.5506808625171314
high_debt_burden,app,"Logistic (app, calibrated)",0.4479880136986301,0.9492063492063492,0.21798818839814532,0.5506808625171314
high_debt_burden,app,"Logistic (app, calibrated)",0.44808392207236136,0.9492063492063492,0.21838629530895806,0.5506808625171314
high_debt_burden,app,"Logistic (app, calibrated)",0.4481798715203426,0.9492063492063492,0.21880808080808084,0.5506808625171314
high_debt_burden,app,"Logistic (app, calibrated)",0.44794344473007713,0.9482993197278912,0.22001415532676516,0.5506808625171314
high_debt_burden,app,"Logistic (app, calibrated)",0.4480394257553032,0.9482993197278912,0.22027221984289422,0.5506808625171314
high_debt_burden,app,"Logistic (app, calibrated)",0.4480171489817792,0.9478458049886621,0.22027698602272255,0.5506808625171314
high_debt_burden,app,"Logistic (app, calibrated)",0.44789879931389365,0.9473922902494331,0.22052575023990909,0.5506808625171314
high_debt_burden,app,"Logistic (app, calibrated)",0.4480463718334049,0.9464852607709751,0.22058793324775355,0.5506808625171314
high_debt_burden,app,"Logistic (app, calibrated)",0.4481425810607687,0.9464852607709751,0.2210166304283951,0.5506808625171314
high_debt_burden,app,"Logistic (app, calibrated)",0.44862424763542563,0.9464852607709751,0.2216317214974933,0.5506808625171314
high_debt_burden,app,"Logistic (app, calibrated)",0.4487207052246829,0.9464852607709751,0.22197845696617996,0.5506808625171314
high_debt_burden,app,"Logistic (app, calibrated)",0.44881720430107525,0.9464852607709751,0.22263205848649065,0.5506808625171314
high_debt_burden,app,"Logistic (app, calibrated)",0.4489137448913745,0.9464852607709751,0.22273633284954036,0.5506808625171314
high_debt_burden,app,"Logistic (app, calibrated)",0.44879518072289154,0.946031746031746,0.22387377328553795,0.5506808625171314
high_debt_burden,app,"Logistic (app, calibrated)",0.44889175812352056,0.946031746031746,0.2240468741600817,0.5506808625171314
high_debt_burden,app,"Logistic (app, calibrated)",0.4489883770985794,0.946031746031746,0.2242972488423985,0.5506808625171314
high_debt_burden,app,"Logistic (app, calibrated)",0.4492784837389619,0.946031746031746,0.2245936852937236,0.5506808625171314
high_debt_burden,app,"Logistic (app, calibrated)",0.44937526928048255,0.946031746031746,0.22569831353728181,0.5506808625171314
high_debt_burden,app,"Logistic (app, calibrated)",0.4496658762664367,0.946031746031746,0.22593620046991642,0.5506808625171314
high_debt_burden,app,"Logistic (app, calibrated)",0.4497628288055196,0.946031746031746,0.22652810916673477,0.5506808625171314
high_debt_burden,app,"Logistic (app, calibrated)",0.44985982316152684,0.946031746031746,0.22663121005978146,0.5506808625171314
high_debt_burden,app,"Logistic (app, calibrated)",0.4499568593615185,0.946031746031746,0.2279822428771246,0.5506808625171314
high_debt_burden,app,"Logistic (app, calibrated)",0.44983818770226536,0.9455782312925171,0.22818301565104634,0.5506808625171314
high_debt_burden,app,"Logistic (app, calibrated)",0.44971946482520503,0.945124716553288,0.22874169328684296,0.5506808625171314
high_debt_burden,app,"Logistic (app, calibrated)",0.4498165335635657,0.945124716553288,0.2291984486102133,0.5506808625171314
high_debt_burden,app,"Logistic (app, calibrated)",0.44991364421416236,0.945124716553288,0.22944491584911675,0.5506808625171314
high_debt_burden,app,"Logistic (app, calibrated)",0.44989200863930884,0.944671201814059,0.2297209576353349,0.5506808625171314
high_debt_burden,app,"Logistic (app, calibrated)",0.4499891985310002,0.944671201814059,0.23088448099768852,0.5506808625171314
high_debt_burden,app,"Logistic (app, calibrated)",0.4498703543647364,0.9442176870748299,0.23118466933656173,0.5506808625171314
high_debt_burden,app,"Logistic (app, calibrated)",0.44996758158634104,0.9442176870748299,0.23205559146735616,0.5506808625171314
high_debt_burden,app,"Logistic (app, calibrated)",0.45006485084306097,0.9442176870748299,0.23245897395410225,0.5506808625171314
high_debt_burden,app,"Logistic (app, calibrated)",0.45016216216216215,0.9442176870748299,0.23298720976553894,0.5506808625171314
high_debt_burden,app,"Logistic (app, calibrated)",0.45025951557093424,0.9442176870748299,0.2331585199867967,0.5506808625171314
high_debt_burden,app,"Logistic (app, calibrated)",0.45035691109669046,0.9442176870748299,0.23380906834278425,0.5506808625171314
high_debt_burden,app,"Logistic (app, calibrated)",0.450237992211164,0.943764172335601,0.23409361456845507,0.5506808625171314
high_debt_burden,app,"Logistic (app, calibrated)",0.45033542523263365,0.943764172335601,0.234793860733772,0.5506808625171314
high_debt_burden,app,"Logistic (app, calibrated)",0.4504329004329004,0.943764172335601,0.2360680104209516,0.5506808625171314
high_debt_burden,app,"Logistic (app, calibrated)",0.45062797747942834,0.943764172335601,0.23743553178847296,0.5506808625171314
high_debt_burden,app,"Logistic (app, calibrated)",0.4512909524842699,0.9433106575963719,0.23749372978081493,0.5506808625171314
high_debt_burden,app,"Logistic (app, calibrated)",0.4513677811550152,0.9428571428571428,0.2376191216303447,0.5506808625171314
high_debt_burden,app,"Logistic (app, calibrated)",0.4512486427795874,0.9424036281179138,0.23768640755217935,0.5506808625171314
high_debt_burden,app,"Logistic (app, calibrated)",0.4513466550825369,0.9424036281179138,0.2377782491824501,0.5506808625171314
high_debt_burden,app,"Logistic (app, calibrated)",0.45144470997175756,0.9424036281179138,0.2379024311651261,0.5506808625171314
high_debt_burden,app,"Logistic (app, calibrated)",0.4516409476200826,0.9424036281179138,0.23873932523428745,0.5506808625171314
high_debt_burden,app,"Logistic (app, calibrated)",0.4517391304347826,0.9424036281179138,0.23889904021707942,0.5506808625171314
high_debt_burden,app,"Logistic (app, calibrated)",0.45183735594694496,0.9424036281179138,0.23901013324042109,0.5506808625171314
high_debt_burden,app,"Logistic (app, calibrated)",0.4523291249455812,0.9424036281179138,0.23931448454353968,0.5506808625171314
high_debt_burden,app,"Logistic (app, calibrated)",0.45242760722839104,0.9424036281179138,0.24015310469825435,0.5506808625171314
high_debt_burden,app,"Logistic (app, calibrated)",0.45282196556984095,0.9424036281179138,0.2405435504093222,0.5506808625171314
high_debt_burden,app,"Logistic (app, calibrated)",0.4527027027027027,0.9419501133786848,0.24094124960397495,0.5506808625171314
high_debt_burden,app,"Logistic (app, calibrated)",0.4528013952474384,0.9419501133786848,0.24105235667155314,0.5506808625171314
high_debt_burden,app,"Logistic (app, calibrated)",0.4529001308329699,0.9419501133786848,0.24133520074696543,0.5506808625171314
high_debt_burden,app,"Logistic (app, calibrated)",0.45307725883893496,0.9414965986394558,0.24145213568242357,0.5506808625171314
high_debt_burden,app,"Logistic (app, calibrated)",0.4531761624099542,0.9414965986394558,0.24191258675658495,0.5506808625171314
high_debt_burden,app,"Logistic (app, calibrated)",0.45305676855895194,0.9410430839002267,0.2419381742252594,0.5506808625171314
high_debt_burden,app,"Logistic (app, calibrated)",0.4531557108538982,0.9410430839002267,0.24195029181606365,0.5506808625171314
high_debt_burden,app,"Logistic (app, calibrated)",0.45325469637396243,0.9410430839002267,0.2426811635224333,0.5506808625171314
high_debt_burden,app,"Logistic (app, calibrated)",0.4533537251474765,0.9410430839002267,0.24330378859790622,0.5506808625171314
high_debt_burden,app,"Logistic (app, calibrated)",0.4541254125412541,0.9360544217687075,0.24331736115632946,0.5506808625171314
high_debt_burden,app,"Logistic (app, calibrated)",0.45422535211267606,0.9360544217687075,0.24372755715312247,0.5506808625171314
high_debt_burden,app,"Logistic (app, calibrated)",0.4541052168170812,0.9356009070294785,0.24427313862607977,0.5506808625171314
high_debt_burden,app,"Logistic (app, calibrated)",0.45374449339207046,0.9342403628117913,0.24470114986633923,0.5506808625171314
high_debt_burden,app,"Logistic (app, calibrated)",0.4537241075363596,0.9337868480725624,0.24483140717606183,0.5506808625171314
high_debt_burden,app,"Logistic (app, calibrated)",0.4538241128499008,0.9337868480725624,0.2453162409354374,0.5506808625171314
high_debt_burden,app,"Logistic (app, calibrated)",0.4538037486218302,0.9333333333333333,0.2454777016413845,0.5506808625171314
high_debt_burden,app,"Logistic (app, calibrated)",0.45390383767093073,0.9333333333333333,0.24555999466498749,0.5506808625171314
high_debt_burden,app,"Logistic (app, calibrated)",0.45378336642400174,0.9328798185941043,0.2460680104209516,0.5506808625171314
high_debt_burden,app,"Logistic (app, calibrated)",0.4538834951456311,0.9328798185941043,0.24646691942632554,0.5506808625171314
high_debt_burden,app,"Logistic (app, calibrated)",0.45376296623261975,0.9324263038548752,0.2465340658562055,0.5506808625171314
high_debt_burden,app,"Logistic (app, calibrated)",0.45364238410596025,0.9319727891156463,0.24679562202589467,0.5506808625171314
high_debt_burden,app,"Logistic (app, calibrated)",0.45442477876106196,0.9315192743764172,0.2470414752583212,0.5506808625171314
high_debt_burden,app,"Logistic (app, calibrated)",0.4543040495684886,0.9310657596371882,0.24743553178847297,0.5506808625171314
high_debt_burden,app,"Logistic (app, calibrated)",0.45440460380699427,0.9310657596371882,0.24755829272348207,0.5506808625171314
high_debt_burden,app,"Logistic (app, calibrated)",0.454283816692495,0.9306122448979591,0.24791970408338698,0.5506808625171314
high_debt_burden,app,"Logistic (app, calibrated)",0.45438441098317095,0.9306122448979591,0.2491506944896628,0.5506808625171314
high_debt_burden,app,"Logistic (app, calibrated)",0.4545656028368794,0.9301587301587302,0.2497093418466858,0.5506808625171314
high_debt_burden,app,"Logistic (app, calibrated)",0.45444469075592997,0.9297052154195011,0.24982315968893148,0.5506808625171314
high_debt_burden,app,"Logistic (app, calibrated)",0.4546261371200355,0.9292517006802721,0.2500780215731499,0.5506808625171314
high_debt_burden,app,"Logistic (app, calibrated)",0.4545051043053706,0.9287981859410431,0.25102908331616847,0.5506808625171314
high_debt_burden,app,"Logistic (app, calibrated)",0.4543840177580466,0.9283446712018141,0.2514473713774358,0.5506808625171314
high_debt_burden,app,"Logistic (app, calibrated)",0.45448490230905864,0.9283446712018141,0.25163712193123955,0.5506808625171314
high_debt_burden,app,"Logistic (app, calibrated)",0.45458583166777705,0.9283446712018141,0.25187198104661346,0.5506808625171314
high_debt_burden,app,"Logistic (app, calibrated)",0.45446468236339405,0.927891156462585,0.25188029213958024,0.5506808625171314
high_debt_burden,app,"Logistic (app, calibrated)",0.45456565207731614,0.927891156462585,0.2521414141414141,0.5506808625171314
high_debt_burden,app,"Logistic (app, calibrated)",0.4547677261613692,0.927891156462585,0.25243309403691805,0.5506808625171314
high_debt_burden,app,"Logistic (app, calibrated)",0.4562191288729232,0.9215419501133787,0.2526803025460744,0.5506808625171314
high_debt_burden,app,"Logistic (app, calibrated)",0.45619946091644203,0.9210884353741496,0.25318910880830525,0.5506808625171314
high_debt_burden,app,"Logistic (app, calibrated)",0.45644834571235654,0.9197278911564626,0.2533495856366708,0.5506808625171314
high_debt_burden,app,"Logistic (app, calibrated)",0.45842798727850975,0.9151927437641724,0.25401424948909,0.5506808625171314
high_debt_burden,app,"Logistic (app, calibrated)",0.4586363636363636,0.9151927437641724,0.25407912437324204,0.5506808625171314
high_debt_burden,app,"Logistic (app, calibrated)",0.45851329847692657,0.9147392290249433,0.25419609447667046,0.5506808625171314
high_debt_burden,app,"Logistic (app, calibrated)",0.45857988165680474,0.9138321995464853,0.2544696243353961,0.5506808625171314
high_debt_burden,app,"Logistic (app, calibrated)",0.4586842704302299,0.9138321995464853,0.25512536060020113,0.5506808625171314
high_debt_burden,app,"Logistic (app, calibrated)",0.45878870673952643,0.9138321995464853,0.2555793525403194,0.5506808625171314
high_debt_burden,app,"Logistic (app, calibrated)",0.45896032831737343,0.9129251700680272,0.25604625166544814,0.5506808625171314
high_debt_burden,app,"Logistic (app, calibrated)",0.4591697080291971,0.9129251700680272,0.2563158367906773,0.5506808625171314
high_debt_burden,app,"Logistic (app, calibrated)",0.45934216537231615,0.9120181405895692,0.256584638871724,0.5506808625171314
high_debt_burden,app,"Logistic (app, calibrated)",0.45953360768175583,0.9115646258503401,0.2569048700825264,0.5506808625171314
high_debt_burden,app,"Logistic (app, calibrated)",0.45974382433668803,0.9115646258503401,0.25848974983415557,0.5506808625171314
high_debt_burden,app,"Logistic (app, calibrated)",0.46009174311926604,0.909750566893424,0.2590191155422944,0.5506808625171314
high_debt_burden,app,"Logistic (app, calibrated)",0.46019729295710027,0.909750566893424,0.2590802440679671,0.5506808625171314
high_debt_burden,app,"Logistic (app, calibrated)",0.46007342817806335,0.909297052154195,0.25952056283877056,0.5506808625171314
high_debt_burden,app,"Logistic (app, calibrated)",0.4599495065411981,0.908843537414966,0.2603555147665255,0.5506808625171314
high_debt_burden,app,"Logistic (app, calibrated)",0.4599311136624569,0.908390022675737,0.26093175227615806,0.5506808625171314
high_debt_burden,app,"Logistic (app, calibrated)",0.46,0.9074829931972789,0.261484366649556,0.5506808625171314
high_debt_burden,app,"Logistic (app, calibrated)",0.46021159153633856,0.9074829931972789,0.26216537404569573,0.5506808625171314
high_debt_burden,app,"Logistic (app, calibrated)",0.4603869184707508,0.9065759637188209,0.2624404947275799,0.5506808625171314
high_debt_burden,app,"Logistic (app, calibrated)",0.46077526534379326,0.9056689342403628,0.26251877263198015,0.5506808625171314
high_debt_burden,app,"Logistic (app, calibrated)",0.4613074613074613,0.9056689342403628,0.26300159552669233,0.5506808625171314
high_debt_burden,app,"Logistic (app, calibrated)",0.4614140480591497,0.9056689342403628,0.2636675692007122,0.5506808625171314
high_debt_burden,app,"Logistic (app, calibrated)",0.46128957707418533,0.9052154195011338,0.2644755158777457,0.5506808625171314
high_debt_burden,app,"Logistic (app, calibrated)",0.4613962089690245,0.9052154195011338,0.2646491701240107,0.5506808625171314
high_debt_burden,app,"Logistic (app, calibrated)",0.461271676300578,0.9047619047619048,0.2646504971166458,0.5506808625171314
high_debt_burden,app,"Logistic (app, calibrated)",0.46125375896368265,0.9043083900226757,0.2652382034158597,0.5506808625171314
high_debt_burden,app,"Logistic (app, calibrated)",0.4613604812586765,0.9043083900226757,0.26533701583674046,0.5506808625171314
high_debt_burden,app,"Logistic (app, calibrated)",0.4616454229432213,0.9034013605442177,0.2658451178451179,0.5506808625171314
high_debt_burden,app,"Logistic (app, calibrated)",0.4615206305053315,0.9029478458049887,0.266417761473149,0.5506808625171314
high_debt_burden,app,"Logistic (app, calibrated)",0.4615027829313544,0.9024943310657596,0.2666063764721483,0.5506808625171314
high_debt_burden,app,"Logistic (app, calibrated)",0.4615741815648944,0.9015873015873016,0.2669499687479675,0.5506808625171314
high_debt_burden,app,"Logistic (app, calibrated)",0.4615563298490128,0.9011337868480725,0.266967097515872,0.5506808625171314
high_debt_burden,app,"Logistic (app, calibrated)",0.46143122676579923,0.9006802721088435,0.2670911725660131,0.5506808625171314
high_debt_burden,app,"Logistic (app, calibrated)",0.4621868414891126,0.8952380952380953,0.26807432818753574,0.5506808625171314
high_debt_burden,app,"Logistic (app, calibrated)",0.46229508196721314,0.8952380952380953,0.2685690978317928,0.5506808625171314
high_debt_burden,app,"Logistic (app, calibrated)",0.4624033731553057,0.8952380952380953,0.269221655929533,0.5506808625171314
high_debt_burden,app,"Logistic (app, calibrated)",0.46251171508903466,0.8952380952380953,0.26926324092490056,0.5506808625171314
high_debt_burden,app,"Logistic (app, calibrated)",0.4623857511131943,0.8947845804988662,0.269356379469587,0.5506808625171314
high_debt_burden,app,"Logistic (app, calibrated)",0.4623681125439625,0.8943310657596372,0.2694417817288669,0.5506808625171314
high_debt_burden,app,"Logistic (app, calibrated)",0.46258503401360546,0.8943310657596372,0.26946351932929113,0.5506808625171314
high_debt_burden,app,"Logistic (app, calibrated)",0.46280215911757805,0.8943310657596372,0.26997232559152207,0.5506808625171314
high_debt_burden,app,"Logistic (app, calibrated)",0.4641759281153937,0.890249433106576,0.27009622725136884,0.5506808625171314
high_debt_burden,app,"Logistic (app, calibrated)",0.4642857142857143,0.890249433106576,0.27066692078012833,0.5506808625171314
high_debt_burden,app,"Logistic (app, calibrated)",0.4643955524012302,0.890249433106576,0.27197386121534733,0.5506808625171314
high_debt_burden,app,"Logistic (app, calibrated)",0.4654312188168211,0.8884353741496599,0.27250873548555044,0.5506808625171314
high_debt_burden,app,"Logistic (app, calibrated)",0.4653041825095057,0.8879818594104308,0.2725117845117845,0.5506808625171314
high_debt_burden,app,"Logistic (app, calibrated)",0.46541478488233895,0.8879818594104308,0.27282946844866496,0.5506808625171314
high_debt_burden,app,"Logistic (app, calibrated)",0.46544327931363205,0.8857142857142857,0.2733775853775854,0.5506808625171314
high_debt_burden,app,"Logistic (app, calibrated)",0.46542680019074867,0.8852607709750567,0.2735359902533438,0.5506808625171314
high_debt_burden,app,"Logistic (app, calibrated)",0.46553780109706655,0.8852607709750567,0.27356642496865474,0.5506808625171314
high_debt_burden,app,"Logistic (app, calibrated)",0.4657599618229539,0.8852607709750567,0.2737175830705242,0.5506808625171314
high_debt_burden,app,"Logistic (app, calibrated)",0.4656324582338902,0.8848072562358277,0.2738426794746422,0.5506808625171314
high_debt_burden,app,"Logistic (app, calibrated)",0.465832531280077,0.8780045351473923,0.27395609036362234,0.5506808625171314
high_debt_burden,app,"Logistic (app, calibrated)",0.46594464500601684,0.8780045351473923,0.27435255958062044,0.5506808625171314
high_debt_burden,app,"Logistic (app, calibrated)",0.46605681271064037,0.8780045351473923,0.27438072646143263,0.5506808625171314
high_debt_burden,app,"Logistic (app, calibrated)",0.46592824464242716,0.8775510204081632,0.27548517343254186,0.5506808625171314
high_debt_burden,app,"Logistic (app, calibrated)",0.4657996146435453,0.8770975056689342,0.2758636120475372,0.5506808625171314
high_debt_burden,app,"Logistic (app, calibrated)",0.4656709226692363,0.8766439909297052,0.27622247633568386,0.5506808625171314
high_debt_burden,app,"Logistic (app, calibrated)",0.46645752895752896,0.8766439909297052,0.2766822487567452,0.5506808625171314
high_debt_burden,app,"Logistic (app, calibrated)",0.4665539724704178,0.8761904761904762,0.27750452761773514,0.5506808625171314
high_debt_burden,app,"Logistic (app, calibrated)",0.46653781106547476,0.8757369614512471,0.2776600069227019,0.5506808625171314
high_debt_burden,app,"Logistic (app, calibrated)",0.4667311879990322,0.8748299319727891,0.27815177145333625,0.5506808625171314
high_debt_burden,app,"Logistic (app, calibrated)",0.4668441432720232,0.8748299319727891,0.2783769704649479,0.5506808625171314
high_debt_burden,app,"Logistic (app, calibrated)",0.46671508109416604,0.8743764172335601,0.27842346542346547,0.5506808625171314
high_debt_burden,app,"Logistic (app, calibrated)",0.4669411479777186,0.8743764172335601,0.2788445060426499,0.5506808625171314
high_debt_burden,app,"Logistic (app, calibrated)",0.4670382937469704,0.873922902494331,0.2797340067340067,0.5506808625171314
high_debt_burden,app,"Logistic (app, calibrated)",0.46715151515151515,0.873922902494331,0.27985389054779,0.5506808625171314
high_debt_burden,app,"Logistic (app, calibrated)",0.4675892206846322,0.8734693877551021,0.280837650178535,0.5506808625171314
high_debt_burden,app,"Logistic (app, calibrated)",0.4677027683341428,0.8734693877551021,0.2808742987110552,0.5506808625171314
high_debt_burden,app,"Logistic (app, calibrated)",0.4679300291545189,0.8734693877551021,0.28125173111750296,0.5506808625171314
high_debt_burden,app,"Logistic (app, calibrated)",0.4680437424058323,0.8734693877551021,0.28128370082547977,0.5506808625171314
high_debt_burden,app,"Logistic (app, calibrated)",0.4682713347921225,0.8734693877551021,0.28195063264674375,0.5506808625171314
high_debt_burden,app,"Logistic (app, calibrated)",0.4683852140077821,0.8734693877551021,0.28225525957975606,0.5506808625171314
high_debt_burden,app,"Logistic (app, calibrated)",0.4682558988080759,0.873015873015873,0.28256575210753104,0.5506808625171314
high_debt_burden,app,"Logistic (app, calibrated)",0.4706460329157455,0.8689342403628117,0.28295263547131577,0.5506808625171314
high_debt_burden,app,"Logistic (app, calibrated)",0.47063160481690836,0.8684807256235828,0.28328202292396665,0.5506808625171314
high_debt_burden,app,"Logistic (app, calibrated)",0.47050147492625366,0.8680272108843538,0.2834060707603456,0.5506808625171314
high_debt_burden,app,"Logistic (app, calibrated)",0.47061716252766167,0.8680272108843538,0.2835521892800301,0.5506808625171314
high_debt_burden,app,"Logistic (app, calibrated)",0.47113961519486924,0.8662131519274376,0.28376326298061655,0.5506808625171314
high_debt_burden,app,"Logistic (app, calibrated)",0.4712558598568961,0.8662131519274376,0.2843480953237051,0.5506808625171314
high_debt_burden,app,"Logistic (app, calibrated)",0.4715909090909091,0.8657596371882086,0.2844737206821663,0.5506808625171314
high_debt_burden,app,"Logistic (app, calibrated)",0.4717074376081048,0.8657596371882086,0.2844810381253242,0.5506808625171314
high_debt_burden,app,"Logistic (app, calibrated)",0.4718240237271379,0.8657596371882086,0.2847016145673864,0.5506808625171314
high_debt_burden,app,"Logistic (app, calibrated)",0.47169344870210134,0.8653061224489796,0.2849778363800662,0.5506808625171314
high_debt_burden,app,"Logistic (app, calibrated)",0.4715487382483919,0.8643990929705215,0.2851580041580042,0.5506808625171314
high_debt_burden,app,"Logistic (app, calibrated)",0.47141796585003715,0.8639455782312925,0.28533133439880676,0.5506808625171314
high_debt_burden,app,"Logistic (app, calibrated)",0.47128712871287126,0.8634920634920635,0.2853532436400681,0.5506808625171314
high_debt_burden,app,"Logistic (app, calibrated)",0.4714038128249567,0.8634920634920635,0.28610770101432237,0.5506808625171314
high_debt_burden,app,"Logistic (app, calibrated)",0.4715205547300644,0.8634920634920635,0.2865716135716136,0.5506808625171314
high_debt_burden,app,"Logistic (app, calibrated)",0.47162329615861215,0.8630385487528345,0.28670547706261995,0.5506808625171314
high_debt_burden,app,"Logistic (app, calibrated)",0.4716092239028019,0.8625850340136054,0.2878236589632118,0.5506808625171314
high_debt_burden,app,"Logistic (app, calibrated)",0.47196029776674936,0.8625850340136054,0.288210386497211,0.5506808625171314
high_debt_burden,app,"Logistic (app, calibrated)",0.47182923802432364,0.8621315192743764,0.2883313000664004,0.5506808625171314
high_debt_burden,app,"Logistic (app, calibrated)",0.47194637537239326,0.8621315192743764,0.2886169553770934,0.5506808625171314
high_debt_burden,app,"Logistic (app, calibrated)",0.47206357089644896,0.8621315192743764,0.28912198052421034,0.5506808625171314
high_debt_burden,app,"Logistic (app, calibrated)",0.4719324391455539,0.8616780045351474,0.28918007651244854,0.5506808625171314
high_debt_burden,app,"Logistic (app, calibrated)",0.47191848906560635,0.8612244897959184,0.2893708218321236,0.5506808625171314
high_debt_burden,app,"Logistic (app, calibrated)",0.4721254355400697,0.8603174603174604,0.28956722687401504,0.5506808625171314
high_debt_burden,app,"Logistic (app, calibrated)",0.4723605577689243,0.8603174603174604,0.28982928850172274,0.5506808625171314
high_debt_burden,app,"Logistic (app, calibrated)",0.4724782067247821,0.8603174603174604,0.2898818861083012,0.5506808625171314
high_debt_burden,app,"Logistic (app, calibrated)",0.47283150548354935,0.8603174603174604,0.2905058567250734,0.5506808625171314
high_debt_burden,app,"Logistic (app, calibrated)",0.47270007479431564,0.8598639455782313,0.2905636048050909,0.5506808625171314
high_debt_burden,app,"Logistic (app, calibrated)",0.47293589423796456,0.8598639455782313,0.2907166521613713,0.5506808625171314
high_debt_burden,app,"Logistic (app, calibrated)",0.47305389221556887,0.8598639455782313,0.29098572683440815,0.5506808625171314
high_debt_burden,app,"Logistic (app, calibrated)",0.4729223858248066,0.8594104308390023,0.2909953007542566,0.5506808625171314
high_debt_burden,app,"Logistic (app, calibrated)",0.4744232698094283,0.8580498866213152,0.2910295811203355,0.5506808625171314
high_debt_burden,app,"Logistic (app, calibrated)",0.4745422623526461,0.8580498866213152,0.2913251058996023,0.5506808625171314
high_debt_burden,app,"Logistic (app, calibrated)",0.47452948557089086,0.8575963718820862,0.29152559163664293,0.5506808625171314
high_debt_burden,app,"Logistic (app, calibrated)",0.47476776299271906,0.8575963718820862,0.2916328380614095,0.5506808625171314
high_debt_burden,app,"Logistic (app, calibrated)",0.4752201257861635,0.8566893424036282,0.2916763818705566,0.5506808625171314
high_debt_burden,app,"Logistic (app, calibrated)",0.4750880724710619,0.8562358276643991,0.2917936810351671,0.5506808625171314
high_debt_burden,app,"Logistic (app, calibrated)",0.4752076516486282,0.8562358276643991,0.29217971113622704,0.5506808625171314
high_debt_burden,app,"Logistic (app, calibrated)",0.47532729103726085,0.8562358276643991,0.29246196361307497,0.5506808625171314
high_debt_burden,app,"Logistic (app, calibrated)",0.47519516494585745,0.85578231292517,0.2926888484422731,0.5506808625171314
high_debt_burden,app,"Logistic (app, calibrated)",0.4753148614609572,0.85578231292517,0.29276572255242567,0.5506808625171314
high_debt_burden,app,"Logistic (app, calibrated)",0.47543461829176115,0.85578231292517,0.2930759988038396,0.5506808625171314
high_debt_burden,app,"Logistic (app, calibrated)",0.47812817904374366,0.8526077097505669,0.2938877597498287,0.5506808625171314
high_debt_burden,app,"Logistic (app, calibrated)",0.47823873759226265,0.8521541950113378,0.29396759407864537,0.5506808625171314
high_debt_burden,app,"Logistic (app, calibrated)",0.47847133757961785,0.8517006802721089,0.29404854924039203,0.5506808625171314
high_debt_burden,app,"Logistic (app, calibrated)",0.4784603619678817,0.8512471655328798,0.2942254240911959,0.5506808625171314
high_debt_burden,app,"Logistic (app, calibrated)",0.47832738398776137,0.8507936507936508,0.29439008866305044,0.5506808625171314
high_debt_burden,app,"Logistic (app, calibrated)",0.4784493751593981,0.8507936507936508,0.29462171357822947,0.5506808625171314
high_debt_burden,app,"Logistic (app, calibrated)",0.4785714285714286,0.8507936507936508,0.294636330268293,0.5506808625171314
high_debt_burden,app,"Logistic (app, calibrated)",0.47867177522349935,0.8498866213151928,0.29494527074378973,0.5506808625171314
high_debt_burden,app,"Logistic (app, calibrated)",0.47879407256004086,0.8498866213151928,0.29524432571916626,0.5506808625171314
high_debt_burden,app,"Logistic (app, calibrated)",0.4791506779227424,0.8494331065759637,0.29747890629583995,0.5506808625171314
high_debt_burden,app,"Logistic (app, calibrated)",0.47927328556806553,0.8494331065759637,0.29773419602102047,0.5506808625171314
high_debt_burden,app,"Logistic (app, calibrated)",0.4793959559764525,0.8494331065759637,0.2980301444587159,0.5506808625171314
high_debt_burden,app,"Logistic (app, calibrated)",0.47951868919610857,0.8494331065759637,0.29806930112439145,0.5506808625171314
high_debt_burden,app,"Logistic (app, calibrated)",0.4797643442622951,0.8494331065759637,0.2985459569670096,0.5506808625171314
high_debt_burden,app,"Logistic (app, calibrated)",0.47988726620548294,0.8494331065759637,0.2989489720621796,0.5506808625171314
high_debt_burden,app,"Logistic (app, calibrated)",0.48312564901349947,0.8439909297052154,0.29907133985374984,0.5506808625171314
high_debt_burden,app,"Logistic (app, calibrated)",0.4832511036094521,0.8439909297052154,0.29956760751882705,0.5506808625171314
high_debt_burden,app,"Logistic (app, calibrated)",0.4839968774395004,0.8435374149659864,0.29969422112279254,0.5506808625171314
high_debt_burden,app,"Logistic (app, calibrated)",0.4841228526808954,0.8435374149659864,0.29970639230192225,0.5506808625171314
high_debt_burden,app,"Logistic (app, calibrated)",0.4842488935173132,0.8435374149659864,0.2997982540891853,0.5506808625171314
high_debt_burden,app,"Logistic (app, calibrated)",0.4845011721802553,0.8435374149659864,0.2999027973438137,0.5506808625171314
high_debt_burden,app,"Logistic (app, calibrated)",0.48472983555207516,0.8421768707482993,0.29991065994258564,0.5506808625171314
high_debt_burden,app,"Logistic (app, calibrated)",0.4847218594933403,0.8417233560090703,0.30009354266348875,0.5506808625171314
high_debt_burden,app,"Logistic (app, calibrated)",0.48522875816993466,0.8417233560090703,0.3001270143685004,0.5506808625171314
high_debt_burden,app,"Logistic (app, calibrated)",0.4863157894736842,0.8380952380952381,0.30124296795084504,0.5506808625171314
high_debt_burden,app,"Logistic (app, calibrated)",0.48707124010554087,0.83718820861678,0.3012874176009953,0.5506808625171314
high_debt_burden,app,"Logistic (app, calibrated)",0.4871997888624967,0.83718820861678,0.3015492060422936,0.5506808625171314
high_debt_burden,app,"Logistic (app, calibrated)",0.4873284054910243,0.83718820861678,0.3019562289562289,0.5506808625171314
high_debt_burden,app,"Logistic (app, calibrated)",0.4874570900448904,0.83718820861678,0.30237688867719825,0.5506808625171314
high_debt_burden,app,"Logistic (app, calibrated)",0.48758584257791865,0.83718820861678,0.3031887381440509,0.5506808625171314
high_debt_burden,app,"Logistic (app, calibrated)",0.4877146631439894,0.83718820861678,0.30363832658569506,0.5506808625171314
high_debt_burden,app,"Logistic (app, calibrated)",0.48784355179704014,0.83718820861678,0.30371175166297115,0.5506808625171314
high_debt_burden,app,"Logistic (app, calibrated)",0.4879534021710352,0.835827664399093,0.30374774774774776,0.5506808625171314
high_debt_burden,app,"Logistic (app, calibrated)",0.4880826271186441,0.835827664399093,0.3038641975308642,0.5506808625171314
high_debt_burden,app,"Logistic (app, calibrated)",0.4879470198675497,0.8353741496598639,0.3038754309227071,0.5506808625171314
high_debt_burden,app,"Logistic (app, calibrated)",0.48767558971640607,0.8344671201814059,0.3039871986983731,0.5506808625171314
high_debt_burden,app,"Logistic (app, calibrated)",0.4875397667020148,0.8340136054421768,0.3040807988041758,0.5506808625171314
high_debt_burden,app,"Logistic (app, calibrated)",0.48779840848806366,0.8340136054421768,0.3041197274588129,0.5506808625171314
high_debt_burden,app,"Logistic (app, calibrated)",0.48766250994958876,0.8335600907029479,0.3043939935647142,0.5506808625171314
high_debt_burden,app,"Logistic (app, calibrated)",0.48791500664010623,0.8331065759637188,0.3047517398806696,0.5506808625171314
high_debt_burden,app,"Logistic (app, calibrated)",0.4880382775119617,0.8326530612244898,0.30509670671868616,0.5506808625171314
high_debt_burden,app,"Logistic (app, calibrated)",0.4881680404147833,0.8326530612244898,0.30541440172797946,0.5506808625171314
high_debt_burden,app,"Logistic (app, calibrated)",0.4885455514118274,0.8317460317460318,0.30656889452011404,0.5506808625171314
high_debt_burden,app,"Logistic (app, calibrated)",0.48919711923179515,0.8317460317460318,0.30688543697619136,0.5506808625171314
high_debt_burden,app,"Logistic (app, calibrated)",0.48945260347129504,0.8312925170068027,0.30691973714367116,0.5506808625171314
high_debt_burden,app,"Logistic (app, calibrated)",0.4893162393162393,0.8308390022675737,0.30722848939994996,0.5506808625171314
high_debt_burden,app,"Logistic (app, calibrated)",0.4891798022976222,0.8303854875283446,0.3075624468779136,0.5506808625171314
high_debt_burden,app,"Logistic (app, calibrated)",0.48944132584870353,0.8303854875283446,0.3076746490190548,0.5506808625171314
high_debt_burden,app,"Logistic (app, calibrated)",0.489572192513369,0.8303854875283446,0.3077297963070019,0.5506808625171314
high_debt_burden,app,"Logistic (app, calibrated)",0.489435677988767,0.8299319727891157,0.3080697664908191,0.5506808625171314
high_debt_burden,app,"Logistic (app, calibrated)",0.4894243641231593,0.8290249433106576,0.3088653400430637,0.5506808625171314
high_debt_burden,app,"Logistic (app, calibrated)",0.49021185304371145,0.8290249433106576,0.30908765414912953,0.5506808625171314
high_debt_burden,app,"Logistic (app, calibrated)",0.49007510729613735,0.8285714285714286,0.30917723295302596,0.5506808625171314
high_debt_burden,app,"Logistic (app, calibrated)",0.49020660048296216,0.8285714285714286,0.3097320640721411,0.5506808625171314
high_debt_burden,app,"Logistic (app, calibrated)",0.49033816425120774,0.8285714285714286,0.30979984509396274,0.5506808625171314
high_debt_burden,app,"Logistic (app, calibrated)",0.49045442323205163,0.8272108843537415,0.3100715796133585,0.5506808625171314
high_debt_burden,app,"Logistic (app, calibrated)",0.49058633674018287,0.8272108843537415,0.31040972395334493,0.5506808625171314
high_debt_burden,app,"Logistic (app, calibrated)",0.4907183212267958,0.8272108843537415,0.31042911313328736,0.5506808625171314
high_debt_burden,app,"Logistic (app, calibrated)",0.49098250336473753,0.8272108843537415,0.31066569616306583,0.5506808625171314
high_debt_burden,app,"Logistic (app, calibrated)",0.4911147011308562,0.8272108843537415,0.31069641258594743,0.5506808625171314
high_debt_burden,app,"Logistic (app, calibrated)",0.4912469701050364,0.8272108843537415,0.310773308617699,0.5506808625171314
high_debt_burden,app,"Logistic (app, calibrated)",0.49176788124156545,0.8263038548752835,0.3112001868770591,0.5506808625171314
high_debt_burden,app,"Logistic (app, calibrated)",0.4919006479481641,0.8263038548752835,0.3120561184846899,0.5506808625171314
high_debt_burden,app,"Logistic (app, calibrated)",0.49203348636240885,0.8263038548752835,0.3121236178514587,0.5506808625171314
high_debt_burden,app,"Logistic (app, calibrated)",0.4921663965424095,0.8263038548752835,0.3124700326642074,0.5506808625171314
high_debt_burden,app,"Logistic (app, calibrated)",0.4922993785463388,0.8263038548752835,0.3125117845117845,0.5506808625171314
high_debt_burden,app,"Logistic (app, calibrated)",0.49243243243243245,0.8263038548752835,0.31288682460417816,0.5506808625171314
high_debt_burden,app,"Logistic (app, calibrated)",0.4925655582589889,0.8263038548752835,0.3131128214791301,0.5506808625171314
high_debt_burden,app,"Logistic (app, calibrated)",0.4926987560843699,0.8263038548752835,0.3131478847580542,0.5506808625171314
high_debt_burden,app,"Logistic (app, calibrated)",0.4925615363808493,0.8258503401360544,0.3133111573111573,0.5506808625171314
high_debt_burden,app,"Logistic (app, calibrated)",0.4930950446791227,0.8258503401360544,0.31340716955961967,0.5506808625171314
high_debt_burden,app,"Logistic (app, calibrated)",0.49295774647887325,0.8253968253968254,0.31383140231307766,0.5506808625171314
high_debt_burden,app,"Logistic (app, calibrated)",0.4928203738824167,0.8249433106575964,0.3138867239774784,0.5506808625171314
high_debt_burden,app,"Logistic (app, calibrated)",0.4960328317373461,0.8222222222222222,0.31401620839653005,0.5506808625171314
high_debt_burden,app,"Logistic (app, calibrated)",0.49589490968801314,0.8217687074829932,0.31416379267256456,0.5506808625171314
high_debt_burden,app,"Logistic (app, calibrated)",0.4957545877841687,0.8208616780045351,0.31445401445401444,0.5506808625171314
high_debt_burden,app,"Logistic (app, calibrated)",0.49561643835616437,0.8204081632653061,0.3146463663775492,0.5506808625171314
high_debt_burden,app,"Logistic (app, calibrated)",0.4954782132090984,0.8199546485260771,0.31470862058559024,0.5506808625171314
high_debt_burden,app,"Logistic (app, calibrated)",0.4956140350877193,0.8199546485260771,0.3150092280787059,0.5506808625171314
high_debt_burden,app,"Logistic (app, calibrated)",0.49547573347957224,0.8195011337868481,0.3150558533326895,0.5506808625171314
high_debt_burden,app,"Logistic (app, calibrated)",0.4958791208791209,0.81859410430839,0.3150873103504682,0.5506808625171314
high_debt_burden,app,"Logistic (app, calibrated)",0.4957359009628611,0.8172335600907029,0.31590513535969517,0.5506808625171314
high_debt_burden,app,"Logistic (app, calibrated)",0.49559713813979084,0.816780045351474,0.31600288362509066,0.5506808625171314
high_debt_burden,app,"Logistic (app, calibrated)",0.4955947136563877,0.8163265306122449,0.31613913561616824,0.5506808625171314
high_debt_burden,app,"Logistic (app, calibrated)",0.49573120352519967,0.8163265306122449,0.3172580712346171,0.5506808625171314
high_debt_burden,app,"Logistic (app, calibrated)",0.49586776859504134,0.8163265306122449,0.31806536677680053,0.5506808625171314
high_debt_burden,app,"Logistic (app, calibrated)",0.49627791563275436,0.8163265306122449,0.3182784793978824,0.5506808625171314
high_debt_burden,app,"Logistic (app, calibrated)",0.4966887417218543,0.8163265306122449,0.31898094005142297,0.5506808625171314
high_debt_burden,app,"Logistic (app, calibrated)",0.4965498205906707,0.8158730158730159,0.31909731221733795,0.5506808625171314
high_debt_burden,app,"Logistic (app, calibrated)",0.496410822749862,0.8154195011337868,0.31954009899110924,0.5506808625171314
high_debt_burden,app,"Logistic (app, calibrated)",0.4965479149406241,0.8154195011337868,0.3195451911553606,0.5506808625171314
high_debt_burden,app,"Logistic (app, calibrated)",0.4966850828729282,0.8154195011337868,0.32052604455797024,0.5506808625171314
high_debt_burden,app,"Logistic (app, calibrated)",0.49682232660956066,0.8154195011337868,0.32056109906987096,0.5506808625171314
high_debt_burden,app,"Logistic (app, calibrated)",0.496956281128943,0.8145124716553288,0.3206610808422715,0.5506808625171314
high_debt_burden,app,"Logistic (app, calibrated)",0.49750554323725055,0.8140589569160998,0.32089507976608,0.5506808625171314
high_debt_burden,app,"Logistic (app, calibrated)",0.4976434710285556,0.8140589569160998,0.3210466341418722,0.5506808625171314
high_debt_burden,app,"Logistic (app, calibrated)",0.49750415973377704,0.8136054421768707,0.3214238306293475,0.5506808625171314
high_debt_burden,app,"Logistic (app, calibrated)",0.49736477115117894,0.8131519274376418,0.3217936810351671,0.5506808625171314
high_debt_burden,app,"Logistic (app, calibrated)",0.4972253052164262,0.8126984126984127,0.3218367601235846,0.5506808625171314
high_debt_burden,app,"Logistic (app, calibrated)",0.4973633083541493,0.8126984126984127,0.3220105150799929,0.5506808625171314
high_debt_burden,app,"Logistic (app, calibrated)",0.4975013881177124,0.8126984126984127,0.322095964490239,0.5506808625171314
high_debt_burden,app,"Logistic (app, calibrated)",0.4976395445709525,0.8126984126984127,0.3221721920788134,0.5506808625171314
high_debt_burden,app,"Logistic (app, calibrated)",0.49777777777777776,0.8126984126984127,0.3221910232450272,0.5506808625171314
high_debt_burden,app,"Logistic (app, calibrated)",0.4979160878021673,0.8126984126984127,0.3225861188996967,0.5506808625171314
high_debt_burden,app,"Logistic (app, calibrated)",0.4980544747081712,0.8126984126984127,0.3226690236050288,0.5506808625171314
high_debt_burden,app,"Logistic (app, calibrated)",0.4983314794215795,0.8126984126984127,0.32306425273893835,0.5506808625171314
high_debt_burden,app,"Logistic (app, calibrated)",0.4987475647091567,0.8126984126984127,0.3236391372686038,0.5506808625171314
high_debt_burden,app,"Logistic (app, calibrated)",0.49944227551589515,0.8122448979591836,0.3236625304923481,0.5506808625171314
high_debt_burden,app,"Logistic (app, calibrated)",0.499581589958159,0.8122448979591836,0.3238853148120776,0.5506808625171314
high_debt_burden,app,"Logistic (app, calibrated)",0.4994419642857143,0.8117913832199547,0.3239939677439677,0.5506808625171314
high_debt_burden,app,"Logistic (app, calibrated)",0.499581356405247,0.8117913832199547,0.3240801606534487,0.5506808625171314
high_debt_burden,app,"Logistic (app, calibrated)",0.4998603741971516,0.8117913832199547,0.3243842350450796,0.5506808625171314
high_debt_burden,app,"Logistic (app, calibrated)",0.5,0.8117913832199547,0.3247710777724821,0.5506808625171314
high_debt_burden,app,"Logistic (app, calibrated)",0.5001397038278849,0.8117913832199547,0.3249722213135736,0.5506808625171314
high_debt_burden,app,"Logistic (app, calibrated)",0.5002799552071668,0.8104308390022675,0.3256292361484669,0.5506808625171314
high_debt_burden,app,"Logistic (app, calibrated)",0.5004202857943402,0.8099773242630386,0.3264838181638742,0.5506808625171314
high_debt_burden,app,"Logistic (app, calibrated)",0.500560538116592,0.8099773242630386,0.3266218359669276,0.5506808625171314
high_debt_burden,app,"Logistic (app, calibrated)",0.5004205214465938,0.8095238095238095,0.3268763747024616,0.5506808625171314
high_debt_burden,app,"Logistic (app, calibrated)",0.5005608524957936,0.8095238095238095,0.3270237248681152,0.5506808625171314
high_debt_burden,app,"Logistic (app, calibrated)",0.5007012622720898,0.8095238095238095,0.32714202990294694,0.5506808625171314
high_debt_burden,app,"Logistic (app, calibrated)",0.5008417508417509,0.8095238095238095,0.32913608999607513,0.5506808625171314
high_debt_burden,app,"Logistic (app, calibrated)",0.5008426966292134,0.8086167800453514,0.3291366993308741,0.5506808625171314
high_debt_burden,app,"Logistic (app, calibrated)",0.5009834223096375,0.8086167800453514,0.32994205164122536,0.5506808625171314
high_debt_burden,app,"Logistic (app, calibrated)",0.5009845288326301,0.8077097505668934,0.3303625882062879,0.5506808625171314
high_debt_burden,app,"Logistic (app, calibrated)",0.5011254924029263,0.8077097505668934,0.3304705291273293,0.5506808625171314
high_debt_burden,app,"Logistic (app, calibrated)",0.5012665353222628,0.8077097505668934,0.3309630021227563,0.5506808625171314
high_debt_burden,app,"Logistic (app, calibrated)",0.5011261261261262,0.8072562358276644,0.3313495980292941,0.5506808625171314
high_debt_burden,app,"Logistic (app, calibrated)",0.5012672486623486,0.8072562358276644,0.3314665117606294,0.5506808625171314
high_debt_burden,app,"Logistic (app, calibrated)",0.5014084507042254,0.8072562358276644,0.3315200245398534,0.5506808625171314
high_debt_burden,app,"Logistic (app, calibrated)",0.5012679628064244,0.8068027210884354,0.3316660534908335,0.5506808625171314
high_debt_burden,app,"Logistic (app, calibrated)",0.5015506061460389,0.8068027210884354,0.3317561130158687,0.5506808625171314
high_debt_burden,app,"Logistic (app, calibrated)",0.5016920473773265,0.8068027210884354,0.33231115731115735,0.5506808625171314
high_debt_burden,app,"Logistic (app, calibrated)",0.501833568406206,0.8068027210884354,0.33281845736732923,0.5506808625171314
high_debt_burden,app,"Logistic (app, calibrated)",0.5019751693002258,0.8068027210884354,0.3329470656058312,0.5506808625171314
high_debt_burden,app,"Logistic (app, calibrated)",0.50240045184976,0.8068027210884354,0.3330534120453835,0.5506808625171314
high_debt_burden,app,"Logistic (app, calibrated)",0.5022598870056497,0.8063492063492064,0.33305345394541214,0.5506808625171314
high_debt_burden,app,"Logistic (app, calibrated)",0.5024018084204578,0.8063492063492064,0.3335522837464585,0.5506808625171314
high_debt_burden,app,"Logistic (app, calibrated)",0.5025438100621821,0.8063492063492064,0.3336539584338326,0.5506808625171314
high_debt_burden,app,"Logistic (app, calibrated)",0.5026858919988691,0.8063492063492064,0.33466411034108234,0.5506808625171314
high_debt_burden,app,"Logistic (app, calibrated)",0.502970297029703,0.8063492063492064,0.33467112597547377,0.5506808625171314
high_debt_burden,app,"Logistic (app, calibrated)",0.5028296547821166,0.8058956916099773,0.33533457844426845,0.5506808625171314
high_debt_burden,app,"Logistic (app, calibrated)",0.5026889329181998,0.8054421768707483,0.3354791337559699,0.5506808625171314
high_debt_burden,app,"Logistic (app, calibrated)",0.502690455961484,0.8049886621315193,0.3355155823655408,0.5506808625171314
high_debt_burden,app,"Logistic (app, calibrated)",0.5028328611898017,0.8049886621315193,0.3355291315682949,0.5506808625171314
high_debt_burden,app,"Logistic (app, calibrated)",0.5029753471238311,0.8049886621315193,0.3360314684717158,0.5506808625171314
high_debt_burden,app,"Logistic (app, calibrated)",0.5029770343067763,0.8045351473922903,0.33659087762678,0.5506808625171314
high_debt_burden,app,"Logistic (app, calibrated)",0.5031196823596142,0.8045351473922903,0.33669663647582004,0.5506808625171314
high_debt_burden,app,"Logistic (app, calibrated)",0.5029787234042553,0.8040816326530612,0.3368377751146112,0.5506808625171314
high_debt_burden,app,"Logistic (app, calibrated)",0.5031214528944381,0.8040816326530612,0.33701685793330655,0.5506808625171314
high_debt_burden,app,"Logistic (app, calibrated)",0.5032642634118649,0.8040816326530612,0.3372178733372763,0.5506808625171314
high_debt_burden,app,"Logistic (app, calibrated)",0.5034071550255537,0.8040816326530612,0.3372598810985897,0.5506808625171314
high_debt_burden,app,"Logistic (app, calibrated)",0.503550127804601,0.8040816326530612,0.33733038610617916,0.5506808625171314
high_debt_burden,app,"Logistic (app, calibrated)",0.5039863325740319,0.8027210884353742,0.3375621720103946,0.5506808625171314
high_debt_burden,app,"Logistic (app, calibrated)",0.5041298775277698,0.8027210884353742,0.3377461010851865,0.5506808625171314
high_debt_burden,app,"Logistic (app, calibrated)",0.5041322314049587,0.8022675736961451,0.33781408208869357,0.5506808625171314
high_debt_burden,app,"Logistic (app, calibrated)",0.5042759407069556,0.8022675736961451,0.33844886812355374,0.5506808625171314
high_debt_burden,app,"Logistic (app, calibrated)",0.5044197319646422,0.8022675736961451,0.3384750859508384,0.5506808625171314
high_debt_burden,app,"Logistic (app, calibrated)",0.504563605248146,0.8022675736961451,0.338515502722989,0.5506808625171314
high_debt_burden,app,"Logistic (app, calibrated)",0.5047075606276747,0.8022675736961451,0.3390481931518726,0.5506808625171314
high_debt_burden,app,"Logistic (app, calibrated)",0.5045662100456622,0.8018140589569162,0.33946477603806413,0.5506808625171314
high_debt_burden,app,"Logistic (app, calibrated)",0.5045688178183895,0.8013605442176871,0.33992868800267734,0.5506808625171314
high_debt_burden,app,"Logistic (app, calibrated)",0.50471293916024,0.8013605442176871,0.34029357600668153,0.5506808625171314
high_debt_burden,app,"Logistic (app, calibrated)",0.5052993411629906,0.8,0.34035683669818895,0.5506808625171314
high_debt_burden,app,"Logistic (app, calibrated)",0.5055889939810834,0.8,0.3405372645372645,0.5506808625171314
high_debt_burden,app,"Logistic (app, calibrated)",0.5057339449541285,0.8,0.3408416983233737,0.5506808625171314
high_debt_burden,app,"Logistic (app, calibrated)",0.5061763860959494,0.7990929705215419,0.34089752701693,0.5506808625171314
high_debt_burden,app,"Logistic (app, calibrated)",0.5060344827586207,0.7986394557823129,0.3409181437618435,0.5506808625171314
high_debt_burden,app,"Logistic (app, calibrated)",0.5060379528464635,0.7981859410430839,0.3409960242728604,0.5506808625171314
high_debt_burden,app,"Logistic (app, calibrated)",0.5061834915156744,0.7981859410430839,0.34107085670834575,0.5506808625171314
high_debt_burden,app,"Logistic (app, calibrated)",0.5061870503597122,0.7977324263038549,0.34109251721192024,0.5506808625171314
high_debt_burden,app,"Logistic (app, calibrated)",0.5063327576280944,0.7977324263038549,0.34118997491486347,0.5506808625171314
high_debt_burden,app,"Logistic (app, calibrated)",0.5061906133026202,0.7972789115646258,0.34119742884958926,0.5506808625171314
high_debt_burden,app,"Logistic (app, calibrated)",0.5064822817631807,0.7972789115646258,0.34122263756398985,0.5506808625171314
high_debt_burden,app,"Logistic (app, calibrated)",0.5064860190256558,0.7968253968253968,0.3414791711538568,0.5506808625171314
high_debt_burden,app,"Logistic (app, calibrated)",0.5063437139561707,0.7963718820861678,0.34194308311847,0.5506808625171314
high_debt_burden,app,"Logistic (app, calibrated)",0.5064897605999423,0.7963718820861678,0.34198193979844665,0.5506808625171314
high_debt_burden,app,"Logistic (app, calibrated)",0.5063473744950953,0.7959183673469388,0.34198455546623086,0.5506808625171314
high_debt_burden,app,"Logistic (app, calibrated)",0.5060623556581986,0.7950113378684808,0.3420827201575002,0.5506808625171314
high_debt_burden,app,"Logistic (app, calibrated)",0.5060658578856152,0.7945578231292517,0.3423449720196576,0.5506808625171314
high_debt_burden,app,"Logistic (app, calibrated)",0.5062120774342675,0.7945578231292517,0.34236835840303737,0.5506808625171314
high_debt_burden,app,"Logistic (app, calibrated)",0.5063583815028901,0.7945578231292517,0.3427879014435969,0.5506808625171314
high_debt_burden,app,"Logistic (app, calibrated)",0.5065047701647876,0.7945578231292517,0.3427947324243374,0.5506808625171314
high_debt_burden,app,"Logistic (app, calibrated)",0.506362058993638,0.7941043083900227,0.3429545679192288,0.5506808625171314
high_debt_burden,app,"Logistic (app, calibrated)",0.5065085334104715,0.7941043083900227,0.3432411087730237,0.5506808625171314
high_debt_burden,app,"Logistic (app, calibrated)",0.5066550925925926,0.7941043083900227,0.3442735042735043,0.5506808625171314
high_debt_burden,app,"Logistic (app, calibrated)",0.5068017366136035,0.7941043083900227,0.3447785547785548,0.5506808625171314
high_debt_burden,app,"Logistic (app, calibrated)",0.5066628041714948,0.7931972789115647,0.34574720359090333,0.5506808625171314
high_debt_burden,app,"Logistic (app, calibrated)",0.5068096203998841,0.7931972789115647,0.3457929154082028,0.5506808625171314
high_debt_burden,app,"Logistic (app, calibrated)",0.5066705336426914,0.7922902494331066,0.3460531680862009,0.5506808625171314
high_debt_burden,app,"Logistic (app, calibrated)",0.5065274151436031,0.7918367346938775,0.34659887705335296,0.5506808625171314
high_debt_burden,app,"Logistic (app, calibrated)",0.5063842135809634,0.7913832199546486,0.3466130044567041,0.5506808625171314
high_debt_burden,app,"Logistic (app, calibrated)",0.506678281068525,0.7913832199546486,0.3469214119214119,0.5506808625171314
high_debt_burden,app,"Logistic (app, calibrated)",0.5068254429276794,0.7913832199546486,0.3481481481481481,0.5506808625171314
high_debt_burden,app,"Logistic (app, calibrated)",0.5069726902963393,0.7913832199546486,0.34862504954362533,0.5506808625171314
high_debt_burden,app,"Logistic (app, calibrated)",0.5071200232490555,0.7913832199546486,0.34868908868908866,0.5506808625171314
high_debt_burden,app,"Logistic (app, calibrated)",0.506833381797034,0.7904761904761904,0.3491941391941392,0.5506808625171314
high_debt_burden,app,"Logistic (app, calibrated)",0.5068373581611871,0.7900226757369615,0.34970319049081544,0.5506808625171314
high_debt_burden,app,"Logistic (app, calibrated)",0.5066938300349243,0.7895691609977324,0.34982158143175096,0.5506808625171314
high_debt_burden,app,"Logistic (app, calibrated)",0.5065502183406113,0.7891156462585034,0.3501057309009612,0.5506808625171314
high_debt_burden,app,"Logistic (app, calibrated)",0.5072886297376094,0.7891156462585034,0.35062091910259446,0.5506808625171314
high_debt_burden,app,"Logistic (app, calibrated)",0.5074365704286964,0.7891156462585034,0.3508637491405853,0.5506808625171314
high_debt_burden,app,"Logistic (app, calibrated)",0.5072928821470245,0.7886621315192743,0.35134892746833046,0.5506808625171314
high_debt_burden,app,"Logistic (app, calibrated)",0.5071491100087541,0.7882086167800454,0.35150238513185167,0.5506808625171314
high_debt_burden,app,"Logistic (app, calibrated)",0.5077417470055506,0.7882086167800454,0.3517295500063862,0.5506808625171314
high_debt_burden,app,"Logistic (app, calibrated)",0.5080385852090032,0.7882086167800454,0.35193481782227237,0.5506808625171314
high_debt_burden,app,"Logistic (app, calibrated)",0.5078947368421053,0.7877551020408163,0.3525637325637326,0.5506808625171314
high_debt_burden,app,"Logistic (app, calibrated)",0.5080432875109682,0.7877551020408163,0.35268590720979354,0.5506808625171314
high_debt_burden,app,"Logistic (app, calibrated)",0.50804799531753,0.7873015873015873,0.3527203990324157,0.5506808625171314
high_debt_burden,app,"Logistic (app, calibrated)",0.5081967213114754,0.7873015873015873,0.35285188446205396,0.5506808625171314
high_debt_burden,app,"Logistic (app, calibrated)",0.5080527086383602,0.7868480725623582,0.3529005275752132,0.5506808625171314
high_debt_burden,app,"Logistic (app, calibrated)",0.5082015231400118,0.7868480725623582,0.3530687830687831,0.5506808625171314
high_debt_burden,app,"Logistic (app, calibrated)",0.5084994138335287,0.7868480725623582,0.3532432164785106,0.5506808625171314
high_debt_burden,app,"Logistic (app, calibrated)",0.5086484901788332,0.7868480725623582,0.3533126380856667,0.5506808625171314
high_debt_burden,app,"Logistic (app, calibrated)",0.5088028169014085,0.7863945578231293,0.35391670651071727,0.5506808625171314
high_debt_burden,app,"Logistic (app, calibrated)",0.5091337654684738,0.7836734693877551,0.3539276753803725,0.5506808625171314
high_debt_burden,app,"Logistic (app, calibrated)",0.5092838196286472,0.7836734693877551,0.35415785656006415,0.5506808625171314
high_debt_burden,app,"Logistic (app, calibrated)",0.5094339622641509,0.7836734693877551,0.3548184361570188,0.5506808625171314
high_debt_burden,app,"Logistic (app, calibrated)",0.5092892951931584,0.7832199546485261,0.3550236849703442,0.5506808625171314
high_debt_burden,app,"Logistic (app, calibrated)",0.5089997049277073,0.782312925170068,0.3559201296959228,0.5506808625171314
high_debt_burden,app,"Logistic (app, calibrated)",0.5091499409681228,0.782312925170068,0.3560568842921784,0.5506808625171314
high_debt_burden,app,"Logistic (app, calibrated)",0.5090050191910245,0.781859410430839,0.35620958207486947,0.5506808625171314
high_debt_burden,app,"Logistic (app, calibrated)",0.5091607565011821,0.78140589569161,0.35674843674843676,0.5506808625171314
high_debt_burden,app,"Logistic (app, calibrated)",0.5090156665681348,0.780952380952381,0.35697635505199055,0.5506808625171314
high_debt_burden,app,"Logistic (app, calibrated)",0.5091661738616203,0.780952380952381,0.35707116491321844,0.5506808625171314
high_debt_burden,app,"Logistic (app, calibrated)",0.5093167701863354,0.780952380952381,0.3571199168991005,0.5506808625171314
high_debt_burden,app,"Logistic (app, calibrated)",0.5090263391535957,0.780045351473923,0.3571685600122597,0.5506808625171314
high_debt_burden,app,"Logistic (app, calibrated)",0.5091770278271166,0.780045351473923,0.3572243901179867,0.5506808625171314
high_debt_burden,app,"Logistic (app, calibrated)",0.5090316849274504,0.7795918367346939,0.35732769850308543,0.5506808625171314
high_debt_burden,app,"Logistic (app, calibrated)",0.5088862559241706,0.7791383219954648,0.3573785962495965,0.5506808625171314
high_debt_burden,app,"Logistic (app, calibrated)",0.5091879075281565,0.7791383219954648,0.357658800894095,0.5506808625171314
high_debt_burden,app,"Logistic (app, calibrated)",0.5093388674770234,0.7791383219954648,0.3578684157121154,0.5506808625171314
high_debt_burden,app,"Logistic (app, calibrated)",0.5094899169632265,0.7791383219954648,0.3587224022344066,0.5506808625171314
high_debt_burden,app,"Logistic (app, calibrated)",0.5093444081874815,0.7786848072562358,0.3588587069709321,0.5506808625171314
high_debt_burden,app,"Logistic (app, calibrated)",0.5091988130563798,0.7782312925170068,0.3591955974308916,0.5506808625171314
high_debt_burden,app,"Logistic (app, calibrated)",0.5092042755344418,0.7777777777777778,0.35942647766177177,0.5506808625171314
high_debt_burden,app,"Logistic (app, calibrated)",0.5093555093555093,0.7777777777777778,0.3594314419131173,0.5506808625171314
high_debt_burden,app,"Logistic (app, calibrated)",0.5106001791579576,0.7755102040816326,0.3599315281668223,0.5506808625171314
high_debt_burden,app,"Logistic (app, calibrated)",0.5106128550074739,0.7746031746031746,0.3603043551633248,0.5506808625171314
high_debt_burden,app,"Logistic (app, calibrated)",0.5107655502392344,0.7746031746031746,0.36056323984851735,0.5506808625171314
high_debt_burden,app,"Logistic (app, calibrated)",0.5109183368232126,0.7746031746031746,0.3605742990559745,0.5506808625171314
high_debt_burden,app,"Logistic (app, calibrated)",0.5115511551155115,0.7732426303854876,0.3609166599086314,0.5506808625171314
high_debt_burden,app,"Logistic (app, calibrated)",0.5114045618247299,0.7727891156462585,0.36110645419493836,0.5506808625171314
high_debt_burden,app,"Logistic (app, calibrated)",0.5115580906634645,0.7727891156462585,0.3612069019227625,0.5506808625171314
high_debt_burden,app,"Logistic (app, calibrated)",0.5117117117117117,0.7727891156462585,0.36168557430418513,0.5506808625171314
high_debt_burden,app,"Logistic (app, calibrated)",0.51171875,0.7723356009070295,0.3620841547388246,0.5506808625171314
high_debt_burden,app,"Logistic (app, calibrated)",0.5118725578599339,0.7723356009070295,0.36209290060167254,0.5506808625171314
high_debt_burden,app,"Logistic (app, calibrated)",0.5118796992481203,0.7718820861678004,0.3622016669876902,0.5506808625171314
high_debt_burden,app,"Logistic (app, calibrated)",0.5117328519855595,0.7714285714285715,0.3622851055619417,0.5506808625171314
high_debt_burden,app,"Logistic (app, calibrated)",0.5118868492326212,0.7714285714285715,0.36241734049212054,0.5506808625171314
high_debt_burden,app,"Logistic (app, calibrated)",0.5120409391932571,0.7714285714285715,0.3629849612617974,0.5506808625171314
high_debt_burden,app,"Logistic (app, calibrated)",0.5121951219512195,0.7714285714285715,0.36301010530076827,0.5506808625171314
high_debt_burden,app,"Logistic (app, calibrated)",0.5120481927710844,0.7709750566893424,0.36310613134142544,0.5506808625171314
high_debt_burden,app,"Logistic (app, calibrated)",0.5122024706236818,0.7709750566893424,0.3633898647284474,0.5506808625171314
high_debt_burden,app,"Logistic (app, calibrated)",0.5120554550934298,0.7705215419501134,0.36361118184647595,0.5506808625171314
high_debt_burden,app,"Logistic (app, calibrated)",0.5122098281579741,0.7705215419501134,0.36388100018876257,0.5506808625171314
high_debt_burden,app,"Logistic (app, calibrated)",0.5120627261761158,0.7700680272108843,0.3638947163349637,0.5506808625171314
high_debt_burden,app,"Logistic (app, calibrated)",0.512371756185878,0.7700680272108843,0.36415593883062447,0.5506808625171314
high_debt_burden,app,"Logistic (app, calibrated)",0.5125264111077573,0.7700680272108843,0.36433337317738396,0.5506808625171314
high_debt_burden,app,"Logistic (app, calibrated)",0.5126888217522658,0.7696145124716554,0.36464805194010486,0.5506808625171314
high_debt_burden,app,"Logistic (app, calibrated)",0.5125415533393775,0.7691609977324263,0.3650878058754308,0.5506808625171314
high_debt_burden,app,"Logistic (app, calibrated)",0.5126964933494559,0.7691609977324263,0.3652256218357913,0.5506808625171314
high_debt_burden,app,"Logistic (app, calibrated)",0.5128515270638041,0.7691609977324263,0.36553272187130453,0.5506808625171314
high_debt_burden,app,"Logistic (app, calibrated)",0.5130066545674531,0.7691609977324263,0.36557035917311226,0.5506808625171314
high_debt_burden,app,"Logistic (app, calibrated)",0.5131618759455371,0.7691609977324263,0.36574281644729234,0.5506808625171314
high_debt_burden,app,"Logistic (app, calibrated)",0.5134726006660612,0.7691609977324263,0.36597352328899146,0.5506808625171314
high_debt_burden,app,"Logistic (app, calibrated)",0.5136281041792853,0.7691609977324263,0.36652540216289126,0.5506808625171314
high_debt_burden,app,"Logistic (app, calibrated)",0.5134807634050288,0.7687074829931972,0.3672261931861295,0.5506808625171314
high_debt_burden,app,"Logistic (app, calibrated)",0.51349711859266,0.7678004535147392,0.36733007122600914,0.5506808625171314
high_debt_burden,app,"Logistic (app, calibrated)",0.5133495145631068,0.7673469387755102,0.3675402803620894,0.5506808625171314
high_debt_burden,app,"Logistic (app, calibrated)",0.5135135135135135,0.7668934240362811,0.3675404087330628,0.5506808625171314
high_debt_burden,app,"Logistic (app, calibrated)",0.5135217259191736,0.7664399092970522,0.36767547245465604,0.5506808625171314
high_debt_burden,app,"Logistic (app, calibrated)",0.5136861313868614,0.7659863945578231,0.3676755585630131,0.5506808625171314
high_debt_burden,app,"Logistic (app, calibrated)",0.5138424094919379,0.7659863945578231,0.36771624584924034,0.5506808625171314
high_debt_burden,app,"Logistic (app, calibrated)",0.5139987827145466,0.7659863945578231,0.3678054491440318,0.5506808625171314
high_debt_burden,app,"Logistic (app, calibrated)",0.5141552511415525,0.7659863945578231,0.36795235465078047,0.5506808625171314
high_debt_burden,app,"Logistic (app, calibrated)",0.5143118148599269,0.7659863945578231,0.36796177909066974,0.5506808625171314
high_debt_burden,app,"Logistic (app, calibrated)",0.5146252285191956,0.7659863945578231,0.3680009977639397,0.5506808625171314
high_debt_burden,app,"Logistic (app, calibrated)",0.5144772935080768,0.7655328798185941,0.36815682386992943,0.5506808625171314
high_debt_burden,app,"Logistic (app, calibrated)",0.5143380109823062,0.7646258503401361,0.3682083413662361,0.5506808625171314
high_debt_burden,app,"Logistic (app, calibrated)",0.514494964906927,0.7646258503401361,0.3683690503289866,0.5506808625171314
high_debt_burden,app,"Logistic (app, calibrated)",0.5145038167938931,0.764172335600907,0.36837532815451174,0.5506808625171314
high_debt_burden,app,"Logistic (app, calibrated)",0.51435552840562,0.763718820861678,0.3684496429254189,0.5506808625171314
high_debt_burden,app,"Logistic (app, calibrated)",0.5145126794989306,0.763718820861678,0.36881815551658137,0.5506808625171314
high_debt_burden,app,"Logistic (app, calibrated)",0.5142158361357383,0.76281179138322,0.3690714902944851,0.5506808625171314
high_debt_burden,app,"Logistic (app, calibrated)",0.5143730886850153,0.76281179138322,0.36921066269233804,0.5506808625171314
high_debt_burden,app,"Logistic (app, calibrated)",0.5143818849449204,0.7623582766439909,0.36949365427283787,0.5506808625171314
high_debt_burden,app,"Logistic (app, calibrated)",0.5146968769136558,0.7623582766439909,0.36950713723288975,0.5506808625171314
high_debt_burden,app,"Logistic (app, calibrated)",0.5150122549019608,0.7623582766439909,0.3695429154082028,0.5506808625171314
high_debt_burden,app,"Logistic (app, calibrated)",0.5151700888752682,0.7623582766439909,0.3697709274527085,0.5506808625171314
high_debt_burden,app,"Logistic (app, calibrated)",0.5154860472247776,0.7623582766439909,0.36980166749077553,0.5506808625171314
high_debt_burden,app,"Logistic (app, calibrated)",0.5156441717791411,0.7623582766439909,0.36981767139172983,0.5506808625171314
high_debt_burden,app,"Logistic (app, calibrated)",0.5158023933722,0.7623582766439909,0.3709441622827449,0.5506808625171314
high_debt_burden,app,"Logistic (app, calibrated)",0.5156537753222836,0.7619047619047619,0.3710701522909137,0.5506808625171314
high_debt_burden,app,"Logistic (app, calibrated)",0.5158120970217992,0.7619047619047619,0.37114054372001964,0.5506808625171314
high_debt_burden,app,"Logistic (app, calibrated)",0.515970515970516,0.7619047619047619,0.3716800930186757,0.5506808625171314
high_debt_burden,app,"Logistic (app, calibrated)",0.5156730178242164,0.7609977324263039,0.371762457478318,0.5506808625171314
high_debt_burden,app,"Logistic (app, calibrated)",0.5158315401168152,0.7609977324263039,0.37215128649568746,0.5506808625171314
high_debt_burden,app,"Logistic (app, calibrated)",0.5161488772685328,0.7609977324263039,0.37219248674658145,0.5506808625171314
high_debt_burden,app,"Logistic (app, calibrated)",0.5161588180978762,0.7605442176870748,0.37299665930442166,0.5506808625171314
high_debt_burden,app,"Logistic (app, calibrated)",0.5167950693374422,0.7605442176870748,0.3730155437200196,0.5506808625171314
high_debt_burden,app,"Logistic (app, calibrated)",0.5169543773119606,0.7605442176870748,0.3730170873614883,0.5506808625171314
high_debt_burden,app,"Logistic (app, calibrated)",0.5169648365206663,0.7600907029478458,0.3735293349964979,0.5506808625171314
high_debt_burden,app,"Logistic (app, calibrated)",0.5171243443381672,0.7600907029478458,0.37365749943173154,0.5506808625171314
high_debt_burden,app,"Logistic (app, calibrated)",0.5172839506172839,0.7600907029478458,0.37385903936383613,0.5506808625171314
high_debt_burden,app,"Logistic (app, calibrated)",0.5171349181846249,0.7596371882086168,0.37412725370113054,0.5506808625171314
high_debt_burden,app,"Logistic (app, calibrated)",0.5172946263125386,0.7596371882086168,0.37415977042341364,0.5506808625171314
high_debt_burden,app,"Logistic (app, calibrated)",0.517774343122102,0.7596371882086168,0.3744678679282461,0.5506808625171314
high_debt_burden,app,"Logistic (app, calibrated)",0.5176252319109462,0.7591836734693878,0.374668194242071,0.5506808625171314
high_debt_burden,app,"Logistic (app, calibrated)",0.5177853386947108,0.7591836734693878,0.3747899853304843,0.5506808625171314
high_debt_burden,app,"Logistic (app, calibrated)",0.5179677819083024,0.7582766439909298,0.37483526917967014,0.5506808625171314
high_debt_burden,app,"Logistic (app, calibrated)",0.5181395348837209,0.7578231292517007,0.37510892854025596,0.5506808625171314
high_debt_burden,app,"Logistic (app, calibrated)",0.5183002481389578,0.7578231292517007,0.3753597466983294,0.5506808625171314
high_debt_burden,app,"Logistic (app, calibrated)",0.5186219739292365,0.7578231292517007,0.3757022503793831,0.5506808625171314
high_debt_burden,app,"Logistic (app, calibrated)",0.5187829866501087,0.7578231292517007,0.3758055343349461,0.5506808625171314
high_debt_burden,app,"Logistic (app, calibrated)",0.518944099378882,0.7578231292517007,0.37594372721384706,0.5506808625171314
high_debt_burden,app,"Logistic (app, calibrated)",0.5191053122087604,0.7578231292517007,0.3762224509047251,0.5506808625171314
high_debt_burden,app,"Logistic (app, calibrated)",0.5191171899285049,0.7573696145124716,0.376460519183628,0.5506808625171314
high_debt_burden,app,"Logistic (app, calibrated)",0.5191290824261275,0.7569160997732426,0.37694206882955783,0.5506808625171314
high_debt_burden,app,"Logistic (app, calibrated)",0.5189794648413192,0.7564625850340136,0.37718618629187733,0.5506808625171314
high_debt_burden,app,"Logistic (app, calibrated)",0.5188297541238718,0.7560090702947846,0.37721724790337885,0.5506808625171314
high_debt_burden,app,"Logistic (app, calibrated)",0.5186799501867995,0.7555555555555555,0.3775341016534137,0.5506808625171314
high_debt_burden,app,"Logistic (app, calibrated)",0.5185300529430084,0.7551020408163265,0.3776667065107173,0.5506808625171314
high_debt_burden,app,"Logistic (app, calibrated)",0.5190268247036806,0.7546485260770975,0.3778069073807842,0.5506808625171314
high_debt_burden,app,"Logistic (app, calibrated)",0.519188767550702,0.7546485260770975,0.3784314419131173,0.5506808625171314
high_debt_burden,app,"Logistic (app, calibrated)",0.5193628981886321,0.7541950113378685,0.3784469652211587,0.5506808625171314
high_debt_burden,app,"Logistic (app, calibrated)",0.5195251483911277,0.7541950113378685,0.3785035919852674,0.5506808625171314
high_debt_burden,app,"Logistic (app, calibrated)",0.5196875,0.7541950113378685,0.3785428381167149,0.5506808625171314
high_debt_burden,app,"Logistic (app, calibrated)",0.5198748043818466,0.7532879818594105,0.37874921785823296,0.5506808625171314
high_debt_burden,app,"Logistic (app, calibrated)",0.519724483406387,0.7528344671201814,0.37884687208216616,0.5506808625171314
high_debt_burden,app,"Logistic (app, calibrated)",0.5198872533667397,0.7528344671201814,0.3789308837100672,0.5506808625171314
high_debt_burden,app,"Logistic (app, calibrated)",0.5195863365716077,0.7519274376417233,0.37897100618921414,0.5506808625171314
high_debt_burden,app,"Logistic (app, calibrated)",0.5197492163009404,0.7519274376417233,0.3790016966834778,0.5506808625171314
high_debt_burden,app,"Logistic (app, calibrated)",0.5195986202571339,0.7514739229024944,0.37907614978062576,0.5506808625171314
high_debt_burden,app,"Logistic (app, calibrated)",0.5194479297365119,0.7510204081632653,0.37914677391482543,0.5506808625171314
high_debt_burden,app,"Logistic (app, calibrated)",0.5192971446501412,0.7505668934240363,0.37945078084396966,0.5506808625171314
high_debt_burden,app,"Logistic (app, calibrated)",0.5194601381042059,0.7505668934240363,0.3801489760142634,0.5506808625171314
high_debt_burden,app,"Logistic (app, calibrated)",0.519309262166405,0.7501133786848072,0.3801868990578993,0.5506808625171314
high_debt_burden,app,"Logistic (app, calibrated)",0.519496855345912,0.7492063492063492,0.38041759497168975,0.5506808625171314
high_debt_burden,app,"Logistic (app, calibrated)",0.5193457061969172,0.7487528344671202,0.38054915507304143,0.5506808625171314
high_debt_burden,app,"Logistic (app, calibrated)",0.5191944619257395,0.7482993197278912,0.3807490655282491,0.5506808625171314
high_debt_burden,app,"Logistic (app, calibrated)",0.5193578847969783,0.7482993197278912,0.3807914105774338,0.5506808625171314
high_debt_burden,app,"Logistic (app, calibrated)",0.5198487712665406,0.7482993197278912,0.3808736136954228,0.5506808625171314
high_debt_burden,app,"Logistic (app, calibrated)",0.5208464939987366,0.7478458049886622,0.38180213409046027,0.5506808625171314
high_debt_burden,app,"Logistic (app, calibrated)",0.5207081884287069,0.746938775510204,0.3822224917963686,0.5506808625171314
high_debt_burden,app,"Logistic (app, calibrated)",0.5210910244211862,0.7451247165532879,0.38228305696533116,0.5506808625171314
high_debt_burden,app,"Logistic (app, calibrated)",0.5209390862944162,0.744671201814059,0.38228349182399074,0.5506808625171314
high_debt_burden,app,"Logistic (app, calibrated)",0.5211044112980007,0.744671201814059,0.3823255635463249,0.5506808625171314
high_debt_burden,app,"Logistic (app, calibrated)",0.520952380952381,0.7442176870748299,0.38258473660349646,0.5506808625171314
high_debt_burden,app,"Logistic (app, calibrated)",0.5212833545108005,0.7442176870748299,0.38310589478381185,0.5506808625171314
high_debt_burden,app,"Logistic (app, calibrated)",0.521131236097871,0.7437641723356009,0.3834263489668479,0.5506808625171314
high_debt_burden,app,"Logistic (app, calibrated)",0.5212968849332485,0.7437641723356009,0.38372188713520705,0.5506808625171314
high_debt_burden,app,"Logistic (app, calibrated)",0.5216284987277354,0.7437641723356009,0.3842724986168996,0.5506808625171314
high_debt_burden,app,"Logistic (app, calibrated)",0.5217944638880051,0.7437641723356009,0.38458376884285495,0.5506808625171314
high_debt_burden,app,"Logistic (app, calibrated)",0.5216422660725653,0.7433106575963719,0.3845955442868135,0.5506808625171314
high_debt_burden,app,"Logistic (app, calibrated)",0.521808341292582,0.7433106575963719,0.3847153259789692,0.5506808625171314
high_debt_burden,app,"Logistic (app, calibrated)",0.5221549250876634,0.7428571428571429,0.38514080956872815,0.5506808625171314
high_debt_burden,app,"Logistic (app, calibrated)",0.5223214285714286,0.7428571428571429,0.3851554861154224,0.5506808625171314
high_debt_burden,app,"Logistic (app, calibrated)",0.522488038277512,0.7428571428571429,0.38524184411284434,0.5506808625171314
high_debt_burden,app,"Logistic (app, calibrated)",0.5225023938716885,0.7424036281179138,0.38541518167882494,0.5506808625171314
high_debt_burden,app,"Logistic (app, calibrated)",0.5228361545832002,0.7424036281179138,0.3856161569547396,0.5506808625171314
high_debt_burden,app,"Logistic (app, calibrated)",0.5230031948881789,0.7424036281179138,0.38609068043508143,0.5506808625171314
high_debt_burden,app,"Logistic (app, calibrated)",0.5228507510386705,0.7419501133786848,0.38634887705335297,0.5506808625171314
high_debt_burden,app,"Logistic (app, calibrated)",0.5230179028132992,0.7419501133786848,0.386533507797151,0.5506808625171314
high_debt_burden,app,"Logistic (app, calibrated)",0.5228653661656539,0.7414965986394558,0.38656693087980837,0.5506808625171314
high_debt_burden,app,"Logistic (app, calibrated)",0.5230326295585412,0.7414965986394558,0.3868238697789144,0.5506808625171314
high_debt_burden,app,"Logistic (app, calibrated)",0.5232,0.7414965986394558,0.38682970927899607,0.5506808625171314
high_debt_burden,app,"Logistic (app, calibrated)",0.5232148575088056,0.7410430839002268,0.38721234557893147,0.5506808625171314
high_debt_burden,app,"Logistic (app, calibrated)",0.5233974358974359,0.7405895691609977,0.3872258629040196,0.5506808625171314
high_debt_burden,app,"Logistic (app, calibrated)",0.5235652452709202,0.7405895691609977,0.38743169091917845,0.5506808625171314
high_debt_burden,app,"Logistic (app, calibrated)",0.5237331622835151,0.7405895691609977,0.38771593043903924,0.5506808625171314
high_debt_burden,app,"Logistic (app, calibrated)",0.5242375601926164,0.7405895691609977,0.3879054769121219,0.5506808625171314
high_debt_burden,app,"Logistic (app, calibrated)",0.5242531320269836,0.7401360544217687,0.3881198319585405,0.5506808625171314
high_debt_burden,app,"Logistic (app, calibrated)",0.5241002570694088,0.7396825396825397,0.38815875780110887,0.5506808625171314
high_debt_burden,app,"Logistic (app, calibrated)",0.5241157556270096,0.7392290249433107,0.38833605841695906,0.5506808625171314
high_debt_burden,app,"Logistic (app, calibrated)",0.5242843357992923,0.7392290249433107,0.38834874070421954,0.5506808625171314
high_debt_burden,app,"Logistic (app, calibrated)",0.5244530244530244,0.7392290249433107,0.3884082356264436,0.5506808625171314
high_debt_burden,app,"Logistic (app, calibrated)",0.5242999678146122,0.7387755102040816,0.3885757974198082,0.5506808625171314
high_debt_burden,app,"Logistic (app, calibrated)",0.5244687701223438,0.7387755102040816,0.38857817734117106,0.5506808625171314
high_debt_burden,app,"Logistic (app, calibrated)",0.5246376811594203,0.7387755102040816,0.388789512908825,0.5506808625171314
high_debt_burden,app,"Logistic (app, calibrated)",0.5246535610699323,0.7383219954648526,0.38934391068249335,0.5506808625171314
high_debt_burden,app,"Logistic (app, calibrated)",0.524822695035461,0.7383219954648526,0.38941928383030494,0.5506808625171314
high_debt_burden,app,"Logistic (app, calibrated)",0.5249919380844889,0.7383219954648526,0.3894277742137974,0.5506808625171314
high_debt_burden,app,"Logistic (app, calibrated)",0.5248387096774193,0.7378684807256236,0.3895557842380584,0.5506808625171314
high_debt_burden,app,"Logistic (app, calibrated)",0.5246853823814134,0.7374149659863946,0.389629899203776,0.5506808625171314
high_debt_burden,app,"Logistic (app, calibrated)",0.5245319561007101,0.7369614512471655,0.3899852406897166,0.5506808625171314
high_debt_burden,app,"Logistic (app, calibrated)",0.524394184168013,0.7360544217687075,0.3900366164637016,0.5506808625171314
high_debt_burden,app,"Logistic (app, calibrated)",0.524240465416936,0.7356009070294784,0.3906291223275482,0.5506808625171314
high_debt_burden,app,"Logistic (app, calibrated)",0.5240866472680246,0.7351473922902494,0.390669244806695,0.5506808625171314
high_debt_burden,app,"Logistic (app, calibrated)",0.5239327296248383,0.7346938775510204,0.3909642616687376,0.5506808625171314
high_debt_burden,app,"Logistic (app, calibrated)",0.5241022322872857,0.7346938775510204,0.39122110023986006,0.5506808625171314
high_debt_burden,app,"Logistic (app, calibrated)",0.523948220064725,0.7342403628117914,0.39157642111692004,0.5506808625171314
high_debt_burden,app,"Logistic (app, calibrated)",0.523794108125607,0.7337868480725623,0.3917827046045137,0.5506808625171314
high_debt_burden,app,"Logistic (app, calibrated)",0.5239637305699482,0.7337868480725623,0.39244878295357977,0.5506808625171314
high_debt_burden,app,"Logistic (app, calibrated)",0.5244732576985414,0.7337868480725623,0.3925792302610113,0.5506808625171314
high_debt_burden,app,"Logistic (app, calibrated)",0.52431906614786,0.7333333333333333,0.39259816595192487,0.5506808625171314
high_debt_burden,app,"Logistic (app, calibrated)",0.5241647745702238,0.7328798185941043,0.3926471281876271,0.5506808625171314
high_debt_burden,app,"Logistic (app, calibrated)",0.5241804608893217,0.7324263038548753,0.39270453183534837,0.5506808625171314
high_debt_burden,app,"Logistic (app, calibrated)",0.5243506493506493,0.7324263038548753,0.39305754534587156,0.5506808625171314
high_debt_burden,app,"Logistic (app, calibrated)",0.5241961675868788,0.7319727891156462,0.39319214787442214,0.5506808625171314
high_debt_burden,app,"Logistic (app, calibrated)",0.5240415854450943,0.7315192743764173,0.39348230934759665,0.5506808625171314
high_debt_burden,app,"Logistic (app, calibrated)",0.5240572171651495,0.7310657596371882,0.39350037270794114,0.5506808625171314
high_debt_burden,app,"Logistic (app, calibrated)",0.5245688252521965,0.7310657596371882,0.39362871997679033,0.5506808625171314
high_debt_burden,app,"Logistic (app, calibrated)",0.5244140625,0.7306122448979592,0.3941334727911909,0.5506808625171314
high_debt_burden,app,"Logistic (app, calibrated)",0.524584825789645,0.7306122448979592,0.3943824371142086,0.5506808625171314
high_debt_burden,app,"Logistic (app, calibrated)",0.5249266862170088,0.7306122448979592,0.39467981485985804,0.5506808625171314
high_debt_burden,app,"Logistic (app, calibrated)",0.5247718383311604,0.7301587301587301,0.39471610735121015,0.5506808625171314
high_debt_burden,app,"Logistic (app, calibrated)",0.524616889468536,0.7297052154195012,0.39473480706730457,0.5506808625171314
high_debt_burden,app,"Logistic (app, calibrated)",0.5246329526916803,0.7292517006802721,0.3948905437200197,0.5506808625171314
high_debt_burden,app,"Logistic (app, calibrated)",0.5248041775456919,0.7292517006802721,0.39500709685194363,0.5506808625171314
high_debt_burden,app,"Logistic (app, calibrated)",0.524975514201763,0.7292517006802721,0.3954036565963107,0.5506808625171314
high_debt_burden,app,"Logistic (app, calibrated)",0.5251469627694317,0.7292517006802721,0.3958487092152951,0.5506808625171314
high_debt_burden,app,"Logistic (app, calibrated)",0.5249918327344005,0.7287981859410431,0.3959707372343805,0.5506808625171314
high_debt_burden,app,"Logistic (app, calibrated)",0.5250081726054266,0.728344671201814,0.39638418551500204,0.5506808625171314
high_debt_burden,app,"Logistic (app, calibrated)",0.5248528449967299,0.7278911564625851,0.3966032474987699,0.5506808625171314
high_debt_burden,app,"Logistic (app, calibrated)",0.5250245338567223,0.7278911564625851,0.3966163707783087,0.5506808625171314
high_debt_burden,app,"Logistic (app, calibrated)",0.525196335078534,0.7278911564625851,0.39677030885168435,0.5506808625171314
high_debt_burden,app,"Logistic (app, calibrated)",0.5253682487725041,0.7278911564625851,0.39688923602005255,0.5506808625171314
high_debt_burden,app,"Logistic (app, calibrated)",0.5255402750491159,0.7278911564625851,0.39719328235541557,0.5506808625171314
high_debt_burden,app,"Logistic (app, calibrated)",0.5255570117955439,0.727437641723356,0.39725123566842047,0.5506808625171314
high_debt_burden,app,"Logistic (app, calibrated)",0.5254015077023927,0.726984126984127,0.3972579679624439,0.5506808625171314
high_debt_burden,app,"Logistic (app, calibrated)",0.5255737704918033,0.726984126984127,0.39737281322356577,0.5506808625171314
high_debt_burden,app,"Logistic (app, calibrated)",0.5257461462774681,0.726984126984127,0.3975866210292439,0.5506808625171314
high_debt_burden,app,"Logistic (app, calibrated)",0.5255905511811023,0.726530612244898,0.39763417531595635,0.5506808625171314
high_debt_burden,app,"Logistic (app, calibrated)",0.525279054497702,0.7256235827664399,0.39763610971748514,0.5506808625171314
high_debt_burden,app,"Logistic (app, calibrated)",0.5251231527093596,0.7251700680272108,0.3977361486844678,0.5506808625171314
high_debt_burden,app,"Logistic (app, calibrated)",0.5252956636005256,0.7251700680272108,0.3977387052339764,0.5506808625171314
high_debt_burden,app,"Logistic (app, calibrated)",0.5251396648044693,0.7247165532879819,0.3977889190525623,0.5506808625171314
high_debt_burden,app,"Logistic (app, calibrated)",0.5253289473684211,0.7242630385487528,0.3978935733689134,0.5506808625171314
high_debt_burden,app,"Logistic (app, calibrated)",0.5255018098058571,0.7242630385487528,0.3979632325371093,0.5506808625171314
high_debt_burden,app,"Logistic (app, calibrated)",0.5253456221198156,0.7238095238095238,0.39804430439237476,0.5506808625171314
high_debt_burden,app,"Logistic (app, calibrated)",0.5253623188405797,0.7233560090702947,0.3980620907938623,0.5506808625171314
high_debt_burden,app,"Logistic (app, calibrated)",0.5252059308072488,0.7229024943310658,0.39809745090472515,0.5506808625171314
high_debt_burden,app,"Logistic (app, calibrated)",0.525049439683586,0.7224489795918367,0.3981356148852833,0.5506808625171314
high_debt_burden,app,"Logistic (app, calibrated)",0.525065963060686,0.7219954648526077,0.39850192758031977,0.5506808625171314
high_debt_burden,app,"Logistic (app, calibrated)",0.5249092708677005,0.7215419501133787,0.39855360479828533,0.5506808625171314
high_debt_burden,app,"Logistic (app, calibrated)",0.5247524752475248,0.7210884353741497,0.3987207035067267,0.5506808625171314
high_debt_burden,app,"Logistic (app, calibrated)",0.524595576097722,0.7206349206349206,0.3993711723899322,0.5506808625171314
high_debt_burden,app,"Logistic (app, calibrated)",0.52443857331572,0.7201814058956916,0.39941416905652016,0.5506808625171314
high_debt_burden,app,"Logistic (app, calibrated)",0.5242814667988107,0.7197278911564626,0.39952171760603583,0.5506808625171314
high_debt_burden,app,"Logistic (app, calibrated)",0.5244547257105089,0.7197278911564626,0.39993555210009185,0.5506808625171314
high_debt_burden,app,"Logistic (app, calibrated)",0.5246934040437521,0.7179138321995465,0.40016304261232943,0.5506808625171314
high_debt_burden,app,"Logistic (app, calibrated)",0.5247097844112769,0.7174603174603175,0.40024353422659187,0.5506808625171314
high_debt_burden,app,"Logistic (app, calibrated)",0.5249003984063745,0.7170068027210884,0.4002610174572105,0.5506808625171314
high_debt_burden,app,"Logistic (app, calibrated)",0.5250747260046497,0.7170068027210884,0.4002829011784236,0.5506808625171314
high_debt_burden,app,"Logistic (app, calibrated)",0.5252491694352159,0.7170068027210884,0.40037482354325393,0.5506808625171314
high_debt_burden,app,"Logistic (app, calibrated)",0.5250913924891991,0.7165532879818595,0.40044187946063925,0.5506808625171314
high_debt_burden,app,"Logistic (app, calibrated)",0.5256495669553631,0.7156462585034014,0.40046487514714935,0.5506808625171314
high_debt_burden,app,"Logistic (app, calibrated)",0.5258247250916361,0.7156462585034014,0.40051402953278936,0.5506808625171314
high_debt_burden,app,"Logistic (app, calibrated)",0.5256666666666666,0.7151927437641723,0.40053667130237003,0.5506808625171314
high_debt_burden,app,"Logistic (app, calibrated)",0.5258419473157719,0.7151927437641723,0.40054256277666783,0.5506808625171314
high_debt_burden,app,"Logistic (app, calibrated)",0.5256837891927952,0.7147392290249434,0.40076000759824504,0.5506808625171314
high_debt_burden,app,"Logistic (app, calibrated)",0.5258764607679466,0.7142857142857143,0.4009962178892302,0.5506808625171314
high_debt_burden,app,"Logistic (app, calibrated)",0.5257181028724115,0.7138321995464852,0.4013083615576461,0.5506808625171314
high_debt_burden,app,"Logistic (app, calibrated)",0.5260695187165776,0.7138321995464852,0.4014119931015873,0.5506808625171314
high_debt_burden,app,"Logistic (app, calibrated)",0.5262454028752925,0.7138321995464852,0.4014181389364584,0.5506808625171314
high_debt_burden,app,"Logistic (app, calibrated)",0.5260869565217391,0.7133786848072562,0.4017486379724911,0.5506808625171314
high_debt_burden,app,"Logistic (app, calibrated)",0.5259284041485447,0.7129251700680272,0.4018733525778285,0.5506808625171314
high_debt_burden,app,"Logistic (app, calibrated)",0.5261044176706827,0.7129251700680272,0.4019246560621063,0.5506808625171314
high_debt_burden,app,"Logistic (app, calibrated)",0.5259457649815868,0.7124716553287982,0.4020279794824789,0.5506808625171314
high_debt_burden,app,"Logistic (app, calibrated)",0.5261219022103149,0.7124716553287982,0.4021644798902323,0.5506808625171314
high_debt_burden,app,"Logistic (app, calibrated)",0.5262981574539364,0.7124716553287982,0.40223170015905046,0.5506808625171314
high_debt_burden,app,"Logistic (app, calibrated)",0.5264745308310992,0.7124716553287982,0.4027168389883252,0.5506808625171314
high_debt_burden,app,"Logistic (app, calibrated)",0.5266510224606101,0.7124716553287982,0.4027634665181566,0.5506808625171314
high_debt_burden,app,"Logistic (app, calibrated)",0.5268276324614353,0.7124716553287982,0.4033699497970349,0.5506808625171314
high_debt_burden,app,"Logistic (app, calibrated)",0.5270043609527004,0.7124716553287982,0.4033926218708827,0.5506808625171314
high_debt_burden,app,"Logistic (app, calibrated)",0.5271812080536913,0.7124716553287982,0.40344824271557417,0.5506808625171314
high_debt_burden,app,"Logistic (app, calibrated)",0.5271994627266622,0.7120181405895691,0.40356549824263094,0.5506808625171314
high_debt_burden,app,"Logistic (app, calibrated)",0.5272177419354839,0.7115646258503401,0.40364346048830724,0.5506808625171314
high_debt_burden,app,"Logistic (app, calibrated)",0.5277497477295661,0.7115646258503401,0.4037061514939797,0.5506808625171314
high_debt_burden,app,"Logistic (app, calibrated)",0.5279273216689099,0.7115646258503401,0.40413710222142046,0.5506808625171314
high_debt_burden,app,"Logistic (app, calibrated)",0.5281050151464154,0.7115646258503401,0.4041554861154224,0.5506808625171314
high_debt_burden,app,"Logistic (app, calibrated)",0.5282828282828282,0.7115646258503401,0.4043898830476012,0.5506808625171314
high_debt_burden,app,"Logistic (app, calibrated)",0.5284607611990569,0.7115646258503401,0.4043914002566876,0.5506808625171314
high_debt_burden,app,"Logistic (app, calibrated)",0.5283018867924528,0.7111111111111111,0.4045402209221668,0.5506808625171314
high_debt_burden,app,"Logistic (app, calibrated)",0.5281429052915403,0.7106575963718821,0.40462348853584995,0.5506808625171314
high_debt_burden,app,"Logistic (app, calibrated)",0.5279838165879973,0.710204081632653,0.4047557839633525,0.5506808625171314
high_debt_burden,app,"Logistic (app, calibrated)",0.5279376904842533,0.7070294784580499,0.4049904971550369,0.5506808625171314
high_debt_burden,app,"Logistic (app, calibrated)",0.5279101429543908,0.7034013605442176,0.4057996346291105,0.5506808625171314
high_debt_burden,app,"Logistic (app, calibrated)",0.5275885558583107,0.7024943310657596,0.4059237461730307,0.5506808625171314
high_debt_burden,app,"Logistic (app, calibrated)",0.527427597955707,0.7020408163265306,0.4060729924755604,0.5506808625171314
high_debt_burden,app,"Logistic (app, calibrated)",0.527266530334015,0.7015873015873015,0.40664312103960726,0.5506808625171314
high_debt_burden,app,"Logistic (app, calibrated)",0.5271053528810092,0.7011337868480726,0.4066644692280896,0.5506808625171314
high_debt_burden,app,"Logistic (app, calibrated)",0.5271238485158649,0.7006802721088435,0.40716767314262237,0.5506808625171314
high_debt_burden,app,"Logistic (app, calibrated)",0.5269624573378839,0.7002267573696145,0.407405307874707,0.5506808625171314
high_debt_burden,app,"Logistic (app, calibrated)",0.5269808743169399,0.6997732426303855,0.40742299577650376,0.5506808625171314
high_debt_burden,app,"Logistic (app, calibrated)",0.5271609156132558,0.6997732426303855,0.4074337317842806,0.5506808625171314
high_debt_burden,app,"Logistic (app, calibrated)",0.5273410799726589,0.6997732426303855,0.4075794796245254,0.5506808625171314
high_debt_burden,app,"Logistic (app, calibrated)",0.5275213675213675,0.6997732426303855,0.40809739374641196,0.5506808625171314
high_debt_burden,app,"Logistic (app, calibrated)",0.5278823126924392,0.6997732426303855,0.4084941415841762,0.5506808625171314
high_debt_burden,app,"Logistic (app, calibrated)",0.5277207392197125,0.6993197278911565,0.4085441308328421,0.5506808625171314
high_debt_burden,app,"Logistic (app, calibrated)",0.5275590551181102,0.6988662131519274,0.4088798978629555,0.5506808625171314
high_debt_burden,app,"Logistic (app, calibrated)",0.5277397260273973,0.6988662131519274,0.4088915209728965,0.5506808625171314
high_debt_burden,app,"Logistic (app, calibrated)",0.5269852182880715,0.6952380952380952,0.40900654181381607,0.5506808625171314
high_debt_burden,app,"Logistic (app, calibrated)",0.5270037839697282,0.6947845804988663,0.4092192521742968,0.5506808625171314
high_debt_burden,app,"Logistic (app, calibrated)",0.5271851342050929,0.6947845804988663,0.40954816501756425,0.5506808625171314
high_debt_burden,app,"Logistic (app, calibrated)",0.5273666092943201,0.6947845804988663,0.4096435668715325,0.5506808625171314
high_debt_burden,app,"Logistic (app, calibrated)",0.5275482093663911,0.6947845804988663,0.40996932106175804,0.5506808625171314
high_debt_burden,app,"Logistic (app, calibrated)",0.527729934550465,0.6947845804988663,0.41092182008171135,0.5506808625171314
high_debt_burden,app,"Logistic (app, calibrated)",0.5279117849758787,0.6947845804988663,0.41107213352142036,0.5506808625171314
high_debt_burden,app,"Logistic (app, calibrated)",0.5277490520510169,0.6943310657596372,0.41151228974388465,0.5506808625171314
high_debt_burden,app,"Logistic (app, calibrated)",0.5279310344827586,0.6943310657596372,0.41188005425177965,0.5506808625171314
high_debt_burden,app,"Logistic (app, calibrated)",0.5277681959296309,0.6938775510204082,0.41189739556460137,0.5506808625171314
high_debt_burden,app,"Logistic (app, calibrated)",0.5279503105590062,0.6938775510204082,0.4125055633445255,0.5506808625171314
high_debt_burden,app,"Logistic (app, calibrated)",0.5277873662409389,0.6934240362811791,0.4129160300858613,0.5506808625171314
high_debt_burden,app,"Logistic (app, calibrated)",0.5276243093922652,0.6929705215419502,0.41293638978123653,0.5506808625171314
high_debt_burden,app,"Logistic (app, calibrated)",0.5280082987551867,0.6925170068027211,0.4130735707993233,0.5506808625171314
high_debt_burden,app,"Logistic (app, calibrated)",0.5278450363196125,0.692063492063492,0.41315233880135704,0.5506808625171314
high_debt_burden,app,"Logistic (app, calibrated)",0.5282887886150642,0.6902494331065759,0.41333588316501235,0.5506808625171314
high_debt_burden,app,"Logistic (app, calibrated)",0.5284722222222222,0.6902494331065759,0.4137049762885038,0.5506808625171314
high_debt_burden,app,"Logistic (app, calibrated)",0.5288394718554552,0.6902494331065759,0.41372549019607846,0.5506808625171314
high_debt_burden,app,"Logistic (app, calibrated)",0.5290232881473758,0.6902494331065759,0.4137850451331155,0.5506808625171314
high_debt_burden,app,"Logistic (app, calibrated)",0.5292072322670376,0.6902494331065759,0.41391705720981997,0.5506808625171314
high_debt_burden,app,"Logistic (app, calibrated)",0.5293913043478261,0.6902494331065759,0.41403274313177524,0.5506808625171314
high_debt_burden,app,"Logistic (app, calibrated)",0.5295755045233125,0.6902494331065759,0.41417315026697177,0.5506808625171314
high_debt_burden,app,"Logistic (app, calibrated)",0.5294117647058824,0.689795918367347,0.41445922050110173,0.5506808625171314
high_debt_burden,app,"Logistic (app, calibrated)",0.5302341838518001,0.6879818594104309,0.4146429843319167,0.5506808625171314
high_debt_burden,app,"Logistic (app, calibrated)",0.5304195804195804,0.6879818594104309,0.4147453264349207,0.5506808625171314
high_debt_burden,app,"Logistic (app, calibrated)",0.5302553340328786,0.6875283446712018,0.41479005362336113,0.5506808625171314
high_debt_burden,app,"Logistic (app, calibrated)",0.530690985619081,0.6861678004535148,0.41511967633040764,0.5506808625171314
high_debt_burden,app,"Logistic (app, calibrated)",0.5305263157894737,0.6857142857142857,0.41532553464049915,0.5506808625171314
high_debt_burden,app,"Logistic (app, calibrated)",0.5303615303615303,0.6852607709750567,0.4153675449879376,0.5506808625171314
high_debt_burden,app,"Logistic (app, calibrated)",0.5305477528089888,0.6852607709750567,0.4155005459699452,0.5506808625171314
high_debt_burden,app,"Logistic (app, calibrated)",0.5311729482212046,0.6839002267573696,0.4160798888677171,0.5506808625171314
high_debt_burden,app,"Logistic (app, calibrated)",0.5310077519379846,0.6834467120181406,0.416526598682064,0.5506808625171314
high_debt_burden,app,"Logistic (app, calibrated)",0.5308424391963341,0.6829931972789116,0.41653197038653095,0.5506808625171314
high_debt_burden,app,"Logistic (app, calibrated)",0.5312169312169313,0.6829931972789116,0.41666750495505517,0.5506808625171314
high_debt_burden,app,"Logistic (app, calibrated)",0.5310515172900494,0.6825396825396826,0.41674579787359434,0.5506808625171314
high_debt_burden,app,"Logistic (app, calibrated)",0.5312389692905047,0.6825396825396826,0.41738687982163175,0.5506808625171314
high_debt_burden,app,"Logistic (app, calibrated)",0.5314265536723164,0.6825396825396826,0.41765638688579293,0.5506808625171314
high_debt_burden,app,"Logistic (app, calibrated)",0.5316142705757683,0.6825396825396826,0.4181728271558848,0.5506808625171314
high_debt_burden,app,"Logistic (app, calibrated)",0.5312831389183457,0.6816326530612244,0.4182914805255856,0.5506808625171314
high_debt_burden,app,"Logistic (app, calibrated)",0.5314710042432814,0.6816326530612244,0.41849535272400756,0.5506808625171314
high_debt_burden,app,"Logistic (app, calibrated)",0.5316590024761231,0.6816326530612244,0.4185324418252046,0.5506808625171314
high_debt_burden,app,"Logistic (app, calibrated)",0.5318471337579618,0.6816326530612244,0.41872988781183273,0.5506808625171314
high_debt_burden,app,"Logistic (app, calibrated)",0.5320353982300885,0.6816326530612244,0.4187787213414607,0.5506808625171314
high_debt_burden,app,"Logistic (app, calibrated)",0.5322237960339944,0.6816326530612244,0.4188942111283162,0.5506808625171314
high_debt_burden,app,"Logistic (app, calibrated)",0.5314610735869179,0.6780045351473923,0.41891101676896325,0.5506808625171314
high_debt_burden,app,"Logistic (app, calibrated)",0.5317177476835353,0.6766439909297052,0.4189724751817934,0.5506808625171314
high_debt_burden,app,"Logistic (app, calibrated)",0.5319073083778966,0.6766439909297052,0.41925181669178124,0.5506808625171314
high_debt_burden,app,"Logistic (app, calibrated)",0.5319300749197289,0.6761904761904762,0.4194302099707089,0.5506808625171314
high_debt_burden,app,"Logistic (app, calibrated)",0.5321199143468951,0.6761904761904762,0.4196075278391228,0.5506808625171314
high_debt_burden,app,"Logistic (app, calibrated)",0.5316184351554126,0.6748299319727891,0.4198159615922902,0.5506808625171314
high_debt_burden,app,"Logistic (app, calibrated)",0.5316410439756882,0.6743764172335601,0.41984499867830616,0.5506808625171314
high_debt_burden,app,"Logistic (app, calibrated)",0.5327573794096472,0.671201814058957,0.42006360263704207,0.5506808625171314
high_debt_burden,app,"Logistic (app, calibrated)",0.5329492257832193,0.671201814058957,0.4202116956436074,0.5506808625171314
high_debt_burden,app,"Logistic (app, calibrated)",0.5333333333333333,0.671201814058957,0.4205937870063372,0.5506808625171314
high_debt_burden,app,"Logistic (app, calibrated)",0.5329967544175983,0.6702947845804988,0.4206505184855459,0.5506808625171314
high_debt_burden,app,"Logistic (app, calibrated)",0.5333814507398051,0.6702947845804988,0.4217682254383588,0.5506808625171314
high_debt_burden,app,"Logistic (app, calibrated)",0.5332129963898917,0.6698412698412698,0.42180955145190246,0.5506808625171314
high_debt_burden,app,"Logistic (app, calibrated)",0.5330444203683641,0.6693877551020408,0.42182420865747217,0.5506808625171314
high_debt_burden,app,"Logistic (app, calibrated)",0.5328757225433526,0.6689342403628118,0.4219711342052393,0.5506808625171314
high_debt_burden,app,"Logistic (app, calibrated)",0.5327069027827972,0.6684807256235827,0.4224587238764867,0.5506808625171314
high_debt_burden,app,"Logistic (app, calibrated)",0.5329232995658466,0.6680272108843538,0.4225270837378151,0.5506808625171314
high_debt_burden,app,"Logistic (app, calibrated)",0.5327542526239595,0.6675736961451247,0.42295189526968124,0.5506808625171314
high_debt_burden,app,"Logistic (app, calibrated)",0.5329710144927536,0.6671201814058957,0.4229612112487615,0.5506808625171314
high_debt_burden,app,"Logistic (app, calibrated)",0.5328017397607829,0.6666666666666666,0.42300119299749384,0.5506808625171314
high_debt_burden,app,"Logistic (app, calibrated)",0.5330188679245284,0.6662131519274377,0.4230395041673007,0.5506808625171314
high_debt_burden,app,"Logistic (app, calibrated)",0.5332123411978221,0.6662131519274377,0.42304675377850726,0.5506808625171314
high_debt_burden,app,"Logistic (app, calibrated)",0.5335997094079187,0.6662131519274377,0.42309558413746534,0.5506808625171314
high_debt_burden,app,"Logistic (app, calibrated)",0.5333819773805181,0.6630385487528345,0.4234572677954131,0.5506808625171314
high_debt_burden,app,"Logistic (app, calibrated)",0.5335766423357664,0.6630385487528345,0.4235100950481515,0.5506808625171314
high_debt_burden,app,"Logistic (app, calibrated)",0.5337714494341,0.6630385487528345,0.4237317900986558,0.5506808625171314
high_debt_burden,app,"Logistic (app, calibrated)",0.5334307636097917,0.6621315192743764,0.42388299057779744,0.5506808625171314
high_debt_burden,app,"Logistic (app, calibrated)",0.5332602339181286,0.6616780045351474,0.4242449740741033,0.5506808625171314
high_debt_burden,app,"Logistic (app, calibrated)",0.5336503291880029,0.6616780045351474,0.42461547158999674,0.5506808625171314
high_debt_burden,app,"Logistic (app, calibrated)",0.5338455909257227,0.6616780045351474,0.4248111873748077,0.5506808625171314
high_debt_burden,app,"Logistic (app, calibrated)",0.5342365433906994,0.6616780045351474,0.4249603875439151,0.5506808625171314
high_debt_burden,app,"Logistic (app, calibrated)",0.5343119266055046,0.6603174603174603,0.4250617391290061,0.5506808625171314
high_debt_burden,app,"Logistic (app, calibrated)",0.5341409691629956,0.6598639455782312,0.42521317508993733,0.5506808625171314
high_debt_burden,app,"Logistic (app, calibrated)",0.5339698861549761,0.6594104308390023,0.42526764047961174,0.5506808625171314
high_debt_burden,app,"Logistic (app, calibrated)",0.5341660543717854,0.6594104308390023,0.42565441734401166,0.5506808625171314
high_debt_burden,app,"Logistic (app, calibrated)",0.5343623667769203,0.6594104308390023,0.4257769574104165,0.5506808625171314
high_debt_burden,app,"Logistic (app, calibrated)",0.5341911764705882,0.6589569160997732,0.4259039624479028,0.5506808625171314
high_debt_burden,app,"Logistic (app, calibrated)",0.5343876425156308,0.6589569160997732,0.42607811607441687,0.5506808625171314
high_debt_burden,app,"Logistic (app, calibrated)",0.5345842531272995,0.6589569160997732,0.426323482609167,0.5506808625171314
high_debt_burden,app,"Logistic (app, calibrated)",0.5344129554655871,0.6585034013605442,0.4265341908723362,0.5506808625171314
high_debt_burden,app,"Logistic (app, calibrated)",0.5346097201767305,0.6585034013605442,0.42777812748519806,0.5506808625171314
high_debt_burden,app,"Logistic (app, calibrated)",0.534438305709024,0.6580498866213151,0.4280068403246263,0.5506808625171314
high_debt_burden,app,"Logistic (app, calibrated)",0.536140089418778,0.6526077097505669,0.428498375193182,0.5506808625171314
high_debt_burden,app,"Logistic (app, calibrated)",0.5361670395227442,0.6521541950113379,0.4285627413165366,0.5506808625171314
high_debt_burden,app,"Logistic (app, calibrated)",0.536367027228646,0.6521541950113379,0.4287969302702672,0.5506808625171314
high_debt_burden,app,"Logistic (app, calibrated)",0.5365671641791044,0.6521541950113379,0.42897163787377635,0.5506808625171314
high_debt_burden,app,"Logistic (app, calibrated)",0.5363941769316909,0.6517006802721088,0.4291394571412194,0.5506808625171314
high_debt_burden,app,"Logistic (app, calibrated)",0.5369955156950673,0.6517006802721088,0.4295857004090181,0.5506808625171314
high_debt_burden,app,"Logistic (app, calibrated)",0.537196261682243,0.6517006802721088,0.42997546830786615,0.5506808625171314
high_debt_burden,app,"Logistic (app, calibrated)",0.5373971578160059,0.6517006802721088,0.4306092553864442,0.5506808625171314
high_debt_burden,app,"Logistic (app, calibrated)",0.5378277153558052,0.6512471655328799,0.43064029207258975,0.5506808625171314
high_debt_burden,app,"Logistic (app, calibrated)",0.5376545522667666,0.6507936507936508,0.43064117274151376,0.5506808625171314
high_debt_burden,app,"Logistic (app, calibrated)",0.537856071964018,0.6507936507936508,0.4308427404850915,0.5506808625171314
high_debt_burden,app,"Logistic (app, calibrated)",0.5380577427821522,0.6507936507936508,0.4310137560195445,0.5506808625171314
high_debt_burden,app,"Logistic (app, calibrated)",0.5382595648912228,0.6507936507936508,0.4311933807810636,0.5506808625171314
high_debt_burden,app,"Logistic (app, calibrated)",0.5380863039399625,0.6503401360544218,0.4312287595545521,0.5506808625171314
high_debt_burden,app,"Logistic (app, calibrated)",0.5382882882882883,0.6503401360544218,0.43131767285435957,0.5506808625171314
high_debt_burden,app,"Logistic (app, calibrated)",0.5379413974455297,0.6494331065759638,0.43132235856595125,0.5506808625171314
high_debt_burden,app,"Logistic (app, calibrated)",0.5374200827378713,0.6480725623582766,0.4313401449674389,0.5506808625171314
high_debt_burden,app,"Logistic (app, calibrated)",0.5376222723852521,0.6480725623582766,0.43140652639925214,0.5506808625171314
high_debt_burden,app,"Logistic (app, calibrated)",0.5374482499059089,0.6476190476190476,0.43150287791542813,0.5506808625171314
high_debt_burden,app,"Logistic (app, calibrated)",0.5374764595103578,0.6471655328798186,0.4315530311315169,0.5506808625171314
high_debt_burden,app,"Logistic (app, calibrated)",0.5373021853805576,0.6467120181405895,0.43158732922968035,0.5506808625171314
high_debt_burden,app,"Logistic (app, calibrated)",0.5371277798718432,0.6462585034013606,0.4321198431100587,0.5506808625171314
high_debt_burden,app,"Logistic (app, calibrated)",0.5375613439033597,0.6458049886621315,0.4323463643259249,0.5506808625171314
high_debt_burden,app,"Logistic (app, calibrated)",0.5370931112793338,0.6435374149659864,0.43238851343039464,0.5506808625171314
high_debt_burden,app,"Logistic (app, calibrated)",0.5381679389312977,0.6394557823129252,0.4325626687769638,0.5506808625171314
high_debt_burden,app,"Logistic (app, calibrated)",0.5382262996941896,0.6385487528344671,0.43256649896906685,0.5506808625171314
high_debt_burden,app,"Logistic (app, calibrated)",0.5382555470543229,0.638095238095238,0.4327374557630824,0.5506808625171314
high_debt_burden,app,"Logistic (app, calibrated)",0.5384615384615384,0.638095238095238,0.43306496270731376,0.5506808625171314
high_debt_burden,app,"Logistic (app, calibrated)",0.5393172228615266,0.6376417233560091,0.43324110388963594,0.5506808625171314
high_debt_burden,app,"Logistic (app, calibrated)",0.5391404451266308,0.63718820861678,0.43344755101117133,0.5506808625171314
high_debt_burden,app,"Logistic (app, calibrated)",0.5389635316698657,0.636734693877551,0.43413841105930356,0.5506808625171314
high_debt_burden,app,"Logistic (app, calibrated)",0.5387864823348695,0.636281179138322,0.4343746888731529,0.5506808625171314
high_debt_burden,app,"Logistic (app, calibrated)",0.5386092969650403,0.635827664399093,0.4347160237243223,0.5506808625171314
high_debt_burden,app,"Logistic (app, calibrated)",0.5391438488237563,0.6340136054421769,0.4347277437115261,0.5506808625171314
high_debt_burden,app,"Logistic (app, calibrated)",0.5393518518518519,0.6340136054421769,0.4347449923959882,0.5506808625171314
high_debt_burden,app,"Logistic (app, calibrated)",0.5386697602474865,0.6317460317460317,0.4348777997945775,0.5506808625171314
high_debt_burden,app,"Logistic (app, calibrated)",0.5384912959381044,0.6312925170068027,0.43515825441542455,0.5506808625171314
high_debt_burden,app,"Logistic (app, calibrated)",0.538312693498452,0.6308390022675737,0.4352434745812692,0.5506808625171314
high_debt_burden,app,"Logistic (app, calibrated)",0.5381635025184037,0.6299319727891156,0.4354293404351289,0.5506808625171314
high_debt_burden,app,"Logistic (app, calibrated)",0.5383720930232558,0.6299319727891156,0.43587587557430146,0.5506808625171314
high_debt_burden,app,"Logistic (app, calibrated)",0.5384018619084562,0.6294784580498867,0.43588541523304825,0.5506808625171314
high_debt_burden,app,"Logistic (app, calibrated)",0.5386107877376795,0.6294784580498867,0.43596958306634914,0.5506808625171314
high_debt_burden,app,"Logistic (app, calibrated)",0.5388198757763976,0.6294784580498867,0.4368805623123871,0.5506808625171314
high_debt_burden,app,"Logistic (app, calibrated)",0.5390291262135922,0.6294784580498867,0.43694613604333943,0.5506808625171314
high_debt_burden,app,"Logistic (app, calibrated)",0.5392385392385393,0.6294784580498867,0.4371593737033141,0.5506808625171314
high_debt_burden,app,"Logistic (app, calibrated)",0.5388802488335925,0.6285714285714286,0.4373465896349158,0.5506808625171314
high_debt_burden,app,"Logistic (app, calibrated)",0.5390898483080513,0.6285714285714286,0.43760689535547803,0.5506808625171314
high_debt_burden,app,"Logistic (app, calibrated)",0.5392996108949416,0.6285714285714286,0.4376851882740172,0.5506808625171314
high_debt_burden,app,"Logistic (app, calibrated)",0.5395095367847411,0.6285714285714286,0.43779464354911923,0.5506808625171314
high_debt_burden,app,"Logistic (app, calibrated)",0.5393302180685359,0.6281179138321995,0.43794747637316567,0.5506808625171314
high_debt_burden,app,"Logistic (app, calibrated)",0.539663931223134,0.6263038548752834,0.43829148052558564,0.5506808625171314
high_debt_burden,app,"Logistic (app, calibrated)",0.5394839718530101,0.6258503401360545,0.4383860156426202,0.5506808625171314
high_debt_burden,app,"Logistic (app, calibrated)",0.5395148669796557,0.6253968253968254,0.43845038176597473,0.5506808625171314
high_debt_burden,app,"Logistic (app, calibrated)",0.54,0.6244897959183674,0.43852867468451395,0.5506808625171314
high_debt_burden,app,"Logistic (app, calibrated)",0.5404238618524333,0.6244897959183674,0.4388230055934999,0.5506808625171314
high_debt_burden,app,"Logistic (app, calibrated)",0.5410931970114039,0.6240362811791383,0.43888994081014554,0.5506808625171314
high_debt_burden,app,"Logistic (app, calibrated)",0.540912667191188,0.6235827664399093,0.43911562034952584,0.5506808625171314
high_debt_burden,app,"Logistic (app, calibrated)",0.5407319952774499,0.6231292517006802,0.4392790803914193,0.5506808625171314
high_debt_burden,app,"Logistic (app, calibrated)",0.540977147360126,0.6226757369614513,0.4392968667929068,0.5506808625171314
high_debt_burden,app,"Logistic (app, calibrated)",0.5411903823413481,0.6226757369614513,0.43980385484325346,0.5506808625171314
high_debt_burden,app,"Logistic (app, calibrated)",0.541403785488959,0.6226757369614513,0.4400765649355267,0.5506808625171314
high_debt_burden,app,"Logistic (app, calibrated)",0.5418310970797159,0.6226757369614513,0.4404383094846914,0.5506808625171314
high_debt_burden,app,"Logistic (app, calibrated)",0.5420450059218318,0.6226757369614513,0.4406720799248765,0.5506808625171314
high_debt_burden,app,"Logistic (app, calibrated)",0.5424733306993283,0.6226757369614513,0.4410429044176157,0.5506808625171314
high_debt_burden,app,"Logistic (app, calibrated)",0.542292490118577,0.6222222222222222,0.44134286943617573,0.5506808625171314
high_debt_burden,app,"Logistic (app, calibrated)",0.542506919731119,0.6222222222222222,0.44141844119097245,0.5506808625171314
high_debt_burden,app,"Logistic (app, calibrated)",0.5425405619311436,0.6217687074829932,0.44187889698339095,0.5506808625171314
high_debt_burden,app,"Logistic (app, calibrated)",0.5427892234548336,0.6213151927437641,0.44189992867042305,0.5506808625171314
high_debt_burden,app,"Logistic (app, calibrated)",0.5426080063416567,0.6208616780045352,0.4419711342052393,0.5506808625171314
high_debt_burden,app,"Logistic (app, calibrated)",0.542823156225218,0.6208616780045352,0.4420288122380348,0.5506808625171314
high_debt_burden,app,"Logistic (app, calibrated)",0.5426418088060293,0.6204081632653061,0.44231229769390235,0.5506808625171314
high_debt_burden,app,"Logistic (app, calibrated)",0.543244320446393,0.618140589569161,0.44244416113177343,0.5506808625171314
high_debt_burden,app,"Logistic (app, calibrated)",0.5434609250398724,0.618140589569161,0.4425246390848449,0.5506808625171314
high_debt_burden,app,"Logistic (app, calibrated)",0.543313373253493,0.617233560090703,0.442698794431414,0.5506808625171314
high_debt_burden,app,"Logistic (app, calibrated)",0.5435303514376997,0.617233560090703,0.4427404803041006,0.5506808625171314
high_debt_burden,app,"Logistic (app, calibrated)",0.544,0.6167800453514739,0.44284274048509165,0.5506808625171314
high_debt_burden,app,"Logistic (app, calibrated)",0.544435548438751,0.6167800453514739,0.4431287443390741,0.5506808625171314
high_debt_burden,app,"Logistic (app, calibrated)",0.5446535843011614,0.6167800453514739,0.4432842908284238,0.5506808625171314
high_debt_burden,app,"Logistic (app, calibrated)",0.5444711538461539,0.6163265306122448,0.44338606226059685,0.5506808625171314
high_debt_burden,app,"Logistic (app, calibrated)",0.544689378757515,0.6163265306122448,0.44372785391793557,0.5506808625171314
high_debt_burden,app,"Logistic (app, calibrated)",0.5449077786688051,0.6163265306122448,0.44424065879189845,0.5506808625171314
high_debt_burden,app,"Logistic (app, calibrated)",0.5447252306458082,0.6158730158730159,0.4442917068553272,0.5506808625171314
high_debt_burden,app,"Logistic (app, calibrated)",0.5449438202247191,0.6158730158730159,0.4444900330826701,0.5506808625171314
high_debt_burden,app,"Logistic (app, calibrated)",0.5453815261044177,0.6158730158730159,0.4445086741482765,0.5506808625171314
high_debt_burden,app,"Logistic (app, calibrated)",0.5456006428284451,0.6158730158730159,0.444985793574766,0.5506808625171314
high_debt_burden,app,"Logistic (app, calibrated)",0.5458199356913184,0.6158730158730159,0.4462255883259294,0.5506808625171314
high_debt_burden,app,"Logistic (app, calibrated)",0.5460394049055086,0.6158730158730159,0.4465458265299603,0.5506808625171314
high_debt_burden,app,"Logistic (app, calibrated)",0.5462590506838294,0.6158730158730159,0.4465838400095293,0.5506808625171314
high_debt_burden,app,"Logistic (app, calibrated)",0.5460792239288601,0.6126984126984127,0.4468091907922484,0.5506808625171314
high_debt_burden,app,"Logistic (app, calibrated)",0.5458956732713304,0.6122448979591837,0.44716195756344507,0.5506808625171314
high_debt_burden,app,"Logistic (app, calibrated)",0.5459328207203561,0.6117913832199546,0.4472283389952583,0.5506808625171314
high_debt_burden,app,"Logistic (app, calibrated)",0.545748987854251,0.6113378684807256,0.4475728287234554,0.5506808625171314
high_debt_burden,app,"Logistic (app, calibrated)",0.5460072963113093,0.6108843537414966,0.44794165570606487,0.5506808625171314
high_debt_burden,app,"Logistic (app, calibrated)",0.5462287104622872,0.6108843537414966,0.44808360202761593,0.5506808625171314
high_debt_burden,app,"Logistic (app, calibrated)",0.5464880227365002,0.6104308390022676,0.4481207100409147,0.5506808625171314
high_debt_burden,app,"Logistic (app, calibrated)",0.5463038180341186,0.6099773242630385,0.4481359735677984,0.5506808625171314
high_debt_burden,app,"Logistic (app, calibrated)",0.5469703131354209,0.6099773242630385,0.4484163151339521,0.5506808625171314
high_debt_burden,app,"Logistic (app, calibrated)",0.5478046778826426,0.6054421768707483,0.4489301353327032,0.5506808625171314
high_debt_burden,app,"Logistic (app, calibrated)",0.5480295566502463,0.6054421768707483,0.45003419670493044,0.5506808625171314
high_debt_burden,app,"Logistic (app, calibrated)",0.547658175842235,0.6045351473922902,0.45004073862971106,0.5506808625171314
high_debt_burden,app,"Logistic (app, calibrated)",0.5484407484407484,0.5981859410430839,0.4506411727415138,0.5506808625171314
high_debt_burden,app,"Logistic (app, calibrated)",0.5486688851913477,0.5981859410430839,0.4508138589670068,0.5506808625171314
high_debt_burden,app,"Logistic (app, calibrated)",0.5492898913951546,0.5963718820861678,0.4513353208644359,0.5506808625171314
high_debt_burden,app,"Logistic (app, calibrated)",0.5495194316757208,0.5963718820861678,0.4517913956623552,0.5506808625171314
high_debt_burden,app,"Logistic (app, calibrated)",0.5496023440770197,0.5954648526077098,0.4521183845307927,0.5506808625171314
high_debt_burden,app,"Logistic (app, calibrated)",0.5498324958123953,0.5954648526077098,0.45242465724446407,0.5506808625171314
high_debt_burden,app,"Logistic (app, calibrated)",0.5498742665549036,0.5950113378684807,0.45250269876197124,0.5506808625171314
high_debt_burden,app,"Logistic (app, calibrated)",0.550104821802935,0.5950113378684807,0.4529280704916908,0.5506808625171314
high_debt_burden,app,"Logistic (app, calibrated)",0.5503355704697986,0.5950113378684807,0.4530946777070516,0.5506808625171314
high_debt_burden,app,"Logistic (app, calibrated)",0.5508403361344538,0.5945578231292517,0.4532282402743327,0.5506808625171314
high_debt_burden,app,"Logistic (app, calibrated)",0.5510718789407314,0.5945578231292517,0.45335157115944436,0.5506808625171314
high_debt_burden,app,"Logistic (app, calibrated)",0.5520438263801095,0.5941043083900227,0.4537444423334148,0.5506808625171314
high_debt_burden,app,"Logistic (app, calibrated)",0.553800170794193,0.5882086167800453,0.45400305100951605,0.5506808625171314
high_debt_burden,app,"Logistic (app, calibrated)",0.5534188034188035,0.5873015873015873,0.45427708391943505,0.5506808625171314
high_debt_burden,app,"Logistic (app, calibrated)",0.5536554082941428,0.5873015873015873,0.4544278325097775,0.5506808625171314
high_debt_burden,app,"Logistic (app, calibrated)",0.5538922155688623,0.5873015873015873,0.45448344947617525,0.5506808625171314
high_debt_burden,app,"Logistic (app, calibrated)",0.5541292255027813,0.5873015873015873,0.455113905057919,0.5506808625171314
high_debt_burden,app,"Logistic (app, calibrated)",0.5541755888650963,0.5868480725623583,0.45540348201378666,0.5506808625171314
high_debt_burden,app,"Logistic (app, calibrated)",0.5544130248500428,0.5868480725623583,0.4554809873921177,0.5506808625171314
high_debt_burden,app,"Logistic (app, calibrated)",0.5546506643806258,0.5868480725623583,0.4554812562577342,0.5506808625171314
high_debt_burden,app,"Logistic (app, calibrated)",0.5548885077186964,0.5868480725623583,0.4555562697519953,0.5506808625171314
high_debt_burden,app,"Logistic (app, calibrated)",0.5546975546975547,0.5863945578231292,0.4558009339914664,0.5506808625171314
high_debt_burden,app,"Logistic (app, calibrated)",0.5549356223175965,0.5863945578231292,0.4558767693024586,0.5506808625171314
high_debt_burden,app,"Logistic (app, calibrated)",0.5568576388888888,0.581859410430839,0.4558983775315328,0.5506808625171314
high_debt_burden,app,"Logistic (app, calibrated)",0.5571490656236419,0.5814058956916099,0.4559998778466374,0.5506808625171314
high_debt_burden,app,"Logistic (app, calibrated)",0.5573913043478261,0.5814058956916099,0.45605092464902774,0.5506808625171314
high_debt_burden,app,"Logistic (app, calibrated)",0.557541412380122,0.5800453514739229,0.4566814411978896,0.5506808625171314
high_debt_burden,app,"Logistic (app, calibrated)",0.557348451809856,0.5795918367346938,0.45669621190818327,0.5506808625171314
high_debt_burden,app,"Logistic (app, calibrated)",0.5575916230366492,0.5795918367346938,0.45671996566397954,0.5506808625171314
high_debt_burden,app,"Logistic (app, calibrated)",0.5574486675404107,0.5786848072562358,0.45679511240788867,0.5506808625171314
high_debt_burden,app,"Logistic (app, calibrated)",0.5576923076923077,0.5786848072562358,0.4569979732907024,0.5506808625171314
high_debt_burden,app,"Logistic (app, calibrated)",0.5579361609094884,0.5786848072562358,0.45702619458981497,0.5506808625171314
high_debt_burden,app,"Logistic (app, calibrated)",0.558180227471566,0.5786848072562358,0.45705527486314806,0.5506808625171314
high_debt_burden,app,"Logistic (app, calibrated)",0.5585269618588339,0.5777777777777777,0.45753512650399253,0.5506808625171314
high_debt_burden,app,"Logistic (app, calibrated)",0.5581395348837209,0.5768707482993197,0.45773952766791676,0.5506808625171314
high_debt_burden,app,"Logistic (app, calibrated)",0.5579455662862159,0.5764172335600907,0.4577929468012455,0.5506808625171314
high_debt_burden,app,"Logistic (app, calibrated)",0.5581906016688626,0.5764172335600907,0.457810733202733,0.5506808625171314
high_debt_burden,app,"Logistic (app, calibrated)",0.5584358523725835,0.5764172335600907,0.45783006264986953,0.5506808625171314
high_debt_burden,app,"Logistic (app, calibrated)",0.5585387323943662,0.5755102040816327,0.45852867468451397,0.5506808625171314
high_debt_burden,app,"Logistic (app, calibrated)",0.5594869526758072,0.5736961451247166,0.4586746572444641,0.5506808625171314
high_debt_burden,app,"Logistic (app, calibrated)",0.5592920353982301,0.5732426303854875,0.4587529541260643,0.5506808625171314
high_debt_burden,app,"Logistic (app, calibrated)",0.5595396193005755,0.5732426303854875,0.4588771081168616,0.5506808625171314
high_debt_burden,app,"Logistic (app, calibrated)",0.5597874224977857,0.5732426303854875,0.45891843413040545,0.5506808625171314
high_debt_burden,app,"Logistic (app, calibrated)",0.5609647163912461,0.5696145124716553,0.4590465061432722,0.5506808625171314
high_debt_burden,app,"Logistic (app, calibrated)",0.5612153708668454,0.5696145124716553,0.4599558534550055,0.5506808625171314
high_debt_burden,app,"Logistic (app, calibrated)",0.5614662494412159,0.5696145124716553,0.45997970718462405,0.5506808625171314
high_debt_burden,app,"Logistic (app, calibrated)",0.5612701252236136,0.5691609977324263,0.4600077980386373,0.5506808625171314
high_debt_burden,app,"Logistic (app, calibrated)",0.5610738255033557,0.5687074829931973,0.4605020851144589,0.5506808625171314
high_debt_burden,app,"Logistic (app, calibrated)",0.5613249776186213,0.5687074829931973,0.46063603865258174,0.5506808625171314
high_debt_burden,app,"Logistic (app, calibrated)",0.5615763546798029,0.5687074829931973,0.4608883274832533,0.5506808625171314
high_debt_burden,app,"Logistic (app, calibrated)",0.5618279569892473,0.5687074829931973,0.46091605676812647,0.5506808625171314
high_debt_burden,app,"Logistic (app, calibrated)",0.5616315553563425,0.5682539682539682,0.46133281543773136,0.5506808625171314
high_debt_burden,app,"Logistic (app, calibrated)",0.5618834080717489,0.5682539682539682,0.46146750814500825,0.5506808625171314
high_debt_burden,app,"Logistic (app, calibrated)",0.5621354867653656,0.5682539682539682,0.46189992867042307,0.5506808625171314
high_debt_burden,app,"Logistic (app, calibrated)",0.5626966292134832,0.5678004535147392,0.4619504335182594,0.5506808625171314
high_debt_burden,app,"Logistic (app, calibrated)",0.5629496402877698,0.5678004535147392,0.4622209997846201,0.5506808625171314
high_debt_burden,app,"Logistic (app, calibrated)",0.5632028789923527,0.5678004535147392,0.4623951551311893,0.5506808625171314
high_debt_burden,app,"Logistic (app, calibrated)",0.563006300630063,0.5673469387755102,0.46252626595307744,0.5506808625171314
high_debt_burden,app,"Logistic (app, calibrated)",0.5628095452498875,0.5668934240362812,0.4631534880124498,0.5506808625171314
high_debt_burden,app,"Logistic (app, calibrated)",0.5633168093735917,0.5668934240362812,0.46315549272807177,0.5506808625171314
high_debt_burden,app,"Logistic (app, calibrated)",0.563570784490532,0.5668934240362812,0.4632070372576133,0.5506808625171314
high_debt_burden,app,"Logistic (app, calibrated)",0.5638249887235002,0.5668934240362812,0.46323725196575233,0.5506808625171314
high_debt_burden,app,"Logistic (app, calibrated)",0.5636281588447654,0.5664399092970521,0.4639340800899193,0.5506808625171314
high_debt_burden,app,"Logistic (app, calibrated)",0.5639853747714808,0.5596371882086167,0.4641407582685721,0.5506808625171314
high_debt_burden,app,"Logistic (app, calibrated)",0.5642432556012803,0.5596371882086167,0.4641438328184968,0.5506808625171314
high_debt_burden,app,"Logistic (app, calibrated)",0.5645013723696248,0.5596371882086167,0.46477867468451395,0.5506808625171314
high_debt_burden,app,"Logistic (app, calibrated)",0.5641025641025641,0.5587301587301587,0.4649066970630365,0.5506808625171314
high_debt_burden,app,"Logistic (app, calibrated)",0.5646196150320807,0.5587301587301587,0.46501079850995064,0.5506808625171314
high_debt_burden,app,"Logistic (app, calibrated)",0.5644199908298946,0.5582766439909297,0.46508085240960567,0.5506808625171314
high_debt_burden,app,"Logistic (app, calibrated)",0.5647382920110193,0.5578231292517006,0.4651377015569464,0.5506808625171314
high_debt_burden,app,"Logistic (app, calibrated)",0.5649977032613689,0.5578231292517006,0.46537653120911127,0.5506808625171314
high_debt_burden,app,"Logistic (app, calibrated)",0.5647977941176471,0.5573696145124717,0.46574989342455747,0.5506808625171314
high_debt_burden,app,"Logistic (app, calibrated)",0.5650574712643678,0.5573696145124717,0.46599524932036385,0.5506808625171314
high_debt_burden,app,"Logistic (app, calibrated)",0.5655775425678785,0.5573696145124717,0.46601289495690884,0.5506808625171314
high_debt_burden,app,"Logistic (app, calibrated)",0.566943674976916,0.5569160997732426,0.46618705030347796,0.5506808625171314
high_debt_burden,app,"Logistic (app, calibrated)",0.5664659564613247,0.5546485260770975,0.4663881204943343,0.5506808625171314
high_debt_burden,app,"Logistic (app, calibrated)",0.5665275846082523,0.5541950113378685,0.46646298533751995,0.5506808625171314
high_debt_burden,app,"Logistic (app, calibrated)",0.5669767441860465,0.5528344671201814,0.4665591698457855,0.5506808625171314
high_debt_burden,app,"Logistic (app, calibrated)",0.5667752442996743,0.5523809523809524,0.4668591964317755,0.5506808625171314
high_debt_burden,app,"Logistic (app, calibrated)",0.5664955669622025,0.5505668934240363,0.467584252468687,0.5506808625171314
high_debt_burden,app,"Logistic (app, calibrated)",0.5662931839402428,0.5501133786848073,0.46861244266301877,0.5506808625171314
high_debt_burden,app,"Logistic (app, calibrated)",0.5667447306791569,0.5487528344671202,0.4686962119081833,0.5506808625171314
high_debt_burden,app,"Logistic (app, calibrated)",0.5665256229431124,0.546485260770975,0.46871450221365435,0.5506808625171314
high_debt_burden,app,"Logistic (app, calibrated)",0.5661176470588235,0.545578231292517,0.46893524360945504,0.5506808625171314
high_debt_burden,app,"Logistic (app, calibrated)",0.5659133709981168,0.545124716553288,0.46945703725761334,0.5506808625171314
high_debt_burden,app,"Logistic (app, calibrated)",0.5672487022180274,0.545124716553288,0.4695226599857222,0.5506808625171314
high_debt_burden,app,"Logistic (app, calibrated)",0.5670443814919736,0.5446712018140589,0.46969895302406756,0.5506808625171314
high_debt_burden,app,"Logistic (app, calibrated)",0.5668398677373642,0.54421768707483,0.4699426177414165,0.5506808625171314
high_debt_burden,app,"Logistic (app, calibrated)",0.5666351606805293,0.5437641723356009,0.4700944991764441,0.5506808625171314
high_debt_burden,app,"Logistic (app, calibrated)",0.5664302600472814,0.5433106575963719,0.47029744666431245,0.5506808625171314
high_debt_burden,app,"Logistic (app, calibrated)",0.5666982024597919,0.5433106575963719,0.4703052620721814,0.5506808625171314
high_debt_burden,app,"Logistic (app, calibrated)",0.5665561345333965,0.5424036281179139,0.47033548891538696,0.5506808625171314
high_debt_burden,app,"Logistic (app, calibrated)",0.5684310920362422,0.5405895691609978,0.47036214557136813,0.5506808625171314
high_debt_burden,app,"Logistic (app, calibrated)",0.5682251908396947,0.5401360544217687,0.4706144446650208,0.5506808625171314
high_debt_burden,app,"Logistic (app, calibrated)",0.568019093078759,0.5396825396825397,0.4711406430258334,0.5506808625171314
high_debt_burden,app,"Logistic (app, calibrated)",0.5678127984718243,0.5392290249433107,0.47125092754519804,0.5506808625171314
high_debt_burden,app,"Logistic (app, calibrated)",0.5680840898232202,0.5392290249433107,0.4720020168126176,0.5506808625171314
high_debt_burden,app,"Logistic (app, calibrated)",0.5683556405353728,0.5392290249433107,0.4720253347433875,0.5506808625171314
high_debt_burden,app,"Logistic (app, calibrated)",0.5686274509803921,0.5392290249433107,0.47227583049087307,0.5506808625171314
high_debt_burden,app,"Logistic (app, calibrated)",0.5686931546194351,0.5387755102040817,0.4723571254390704,0.5506808625171314
high_debt_burden,app,"Logistic (app, calibrated)",0.5687589841878294,0.5383219954648526,0.4725032537938958,0.5506808625171314
high_debt_burden,app,"Logistic (app, calibrated)",0.5693045563549161,0.5383219954648526,0.47252104019538343,0.5506808625171314
high_debt_burden,app,"Logistic (app, calibrated)",0.5690978886756238,0.5378684807256235,0.47265805454226034,0.5506808625171314
high_debt_burden,app,"Logistic (app, calibrated)",0.5693710993759001,0.5378684807256235,0.47278019645486047,0.5506808625171314
high_debt_burden,app,"Logistic (app, calibrated)",0.569164265129683,0.5374149659863946,0.47282801634293314,0.5506808625171314
high_debt_burden,app,"Logistic (app, calibrated)",0.5692307692307692,0.5369614512471655,0.4730431979872119,0.5506808625171314
high_debt_burden,app,"Logistic (app, calibrated)",0.5695714973519499,0.5365079365079365,0.47317946885667944,0.5506808625171314
high_debt_burden,app,"Logistic (app, calibrated)",0.569364161849711,0.5360544217687074,0.47321996566397956,0.5506808625171314
high_debt_burden,app,"Logistic (app, calibrated)",0.5699132111861138,0.5360544217687074,0.4736463214451202,0.5506808625171314
high_debt_burden,app,"Logistic (app, calibrated)",0.5701160541586073,0.5346938775510204,0.4739894449908901,0.5506808625171314
high_debt_burden,app,"Logistic (app, calibrated)",0.5705283567619971,0.5337868480725624,0.474412243941359,0.5506808625171314
high_debt_burden,app,"Logistic (app, calibrated)",0.5699029126213592,0.5324263038548753,0.47486831873927837,0.5506808625171314
high_debt_burden,app,"Logistic (app, calibrated)",0.5700389105058365,0.5315192743764172,0.47504282271748666,0.5506808625171314
high_debt_burden,app,"Logistic (app, calibrated)",0.569620253164557,0.5306122448979592,0.4751729407462174,0.5506808625171314
high_debt_burden,app,"Logistic (app, calibrated)",0.5694106186069167,0.5301587301587302,0.4752169780640559,0.5506808625171314
high_debt_burden,app,"Logistic (app, calibrated)",0.5692007797270955,0.5297052154195011,0.4759909546340352,0.5506808625171314
high_debt_burden,app,"Logistic (app, calibrated)",0.5694037145650049,0.528344671201814,0.47601985007042613,0.5506808625171314
high_debt_burden,app,"Logistic (app, calibrated)",0.5696821515892421,0.528344671201814,0.4760443658181181,0.5506808625171314
high_debt_burden,app,"Logistic (app, calibrated)",0.5699608610567515,0.528344671201814,0.4761219096210617,0.5506808625171314
high_debt_burden,app,"Logistic (app, calibrated)",0.570657507360157,0.527437641723356,0.4762342014339569,0.5506808625171314
high_debt_burden,app,"Logistic (app, calibrated)",0.5709376534118802,0.527437641723356,0.47686444466502076,0.5506808625171314
high_debt_burden,app,"Logistic (app, calibrated)",0.5714987714987715,0.527437641723356,0.4769917504134405,0.5506808625171314
high_debt_burden,app,"Logistic (app, calibrated)",0.5715691096901131,0.526984126984127,0.47716970926301555,0.5506808625171314
high_debt_burden,app,"Logistic (app, calibrated)",0.5718503937007874,0.526984126984127,0.47749069965907465,0.5506808625171314
high_debt_burden,app,"Logistic (app, calibrated)",0.5721319547021172,0.526984126984127,0.47765447667087013,0.5506808625171314
high_debt_burden,app,"Logistic (app, calibrated)",0.5719211822660099,0.5265306122448979,0.4777395276679167,0.5506808625171314
high_debt_burden,app,"Logistic (app, calibrated)",0.5717102020699852,0.5260770975056689,0.4781377535951565,0.5506808625171314
high_debt_burden,app,"Logistic (app, calibrated)",0.571992110453649,0.5260770975056689,0.478379847930923,0.5506808625171314
high_debt_burden,app,"Logistic (app, calibrated)",0.5717809570794278,0.52562358276644,0.47846672073476687,0.5506808625171314
high_debt_burden,app,"Logistic (app, calibrated)",0.5726284584980237,0.52562358276644,0.47897530060845595,0.5506808625171314
high_debt_burden,app,"Logistic (app, calibrated)",0.5746380429355966,0.5219954648526077,0.4797465393100439,0.5506808625171314
high_debt_burden,app,"Logistic (app, calibrated)",0.5744255744255744,0.5215419501133787,0.47977148595368374,0.5506808625171314
high_debt_burden,app,"Logistic (app, calibrated)",0.5745,0.5210884353741496,0.4798256133247654,0.5506808625171314
high_debt_burden,app,"Logistic (app, calibrated)",0.5743615423134703,0.5201814058956916,0.479845145246326,0.5506808625171314
high_debt_burden,app,"Logistic (app, calibrated)",0.5746492985971944,0.5201814058956916,0.48009980702362587,0.5506808625171314
high_debt_burden,app,"Logistic (app, calibrated)",0.5744360902255639,0.5197278911564626,0.4804335723187626,0.5506808625171314
high_debt_burden,app,"Logistic (app, calibrated)",0.574222668004012,0.5192743764172335,0.4812472487023645,0.5506808625171314
high_debt_burden,app,"Logistic (app, calibrated)",0.57451078775715,0.5192743764172335,0.4813870531996482,0.5506808625171314
high_debt_burden,app,"Logistic (app, calibrated)",0.5747991967871486,0.5192743764172335,0.4815612085462174,0.5506808625171314
high_debt_burden,app,"Logistic (app, calibrated)",0.5750878955298845,0.5192743764172335,0.4816018450919228,0.5506808625171314
high_debt_burden,app,"Logistic (app, calibrated)",0.5748743718592965,0.5188208616780046,0.48174131143305887,0.5506808625171314
high_debt_burden,app,"Logistic (app, calibrated)",0.5754527162977867,0.5188208616780046,0.481829256312015,0.5506808625171314
high_debt_burden,app,"Logistic (app, calibrated)",0.5752390538500252,0.5183673469387755,0.4823025843350138,0.5506808625171314
high_debt_burden,app,"Logistic (app, calibrated)",0.574468085106383,0.5142857142857142,0.48251289495690886,0.5506808625171314
high_debt_burden,app,"Logistic (app, calibrated)",0.5742524075012672,0.5138321995464853,0.4828984225836736,0.5506808625171314
high_debt_burden,app,"Logistic (app, calibrated)",0.5740365111561866,0.5133786848072562,0.482940375893495,0.5506808625171314
high_debt_burden,app,"Logistic (app, calibrated)",0.573820395738204,0.5129251700680272,0.4831009397389738,0.5506808625171314
high_debt_burden,app,"Logistic (app, calibrated)",0.5741116751269035,0.5129251700680272,0.48313644585449866,0.5506808625171314
high_debt_burden,app,"Logistic (app, calibrated)",0.5746951219512195,0.5129251700680272,0.48314143916456054,0.5506808625171314
high_debt_burden,app,"Logistic (app, calibrated)",0.5744789018810371,0.5124716553287982,0.4834502430137476,0.5506808625171314
high_debt_burden,app,"Logistic (app, calibrated)",0.5739795918367347,0.5102040816326531,0.4835139397451771,0.5506808625171314
high_debt_burden,app,"Logistic (app, calibrated)",0.5737621235324145,0.509750566893424,0.483731397807824,0.5506808625171314
high_debt_burden,app,"Logistic (app, calibrated)",0.5740551583248212,0.509750566893424,0.48377979612429256,0.5506808625171314
high_debt_burden,app,"Logistic (app, calibrated)",0.574718526100307,0.509297052154195,0.4840258569467494,0.5506808625171314
high_debt_burden,app,"Logistic (app, calibrated)",0.5750128008192524,0.509297052154195,0.4843588984312904,0.5506808625171314
high_debt_burden,app,"Logistic (app, calibrated)",0.5747950819672131,0.508843537414966,0.48454223297287724,0.5506808625171314
high_debt_burden,app,"Logistic (app, calibrated)",0.5750896975909789,0.508843537414966,0.48466901290430703,0.5506808625171314
high_debt_burden,app,"Logistic (app, calibrated)",0.5748717948717949,0.508390022675737,0.4850155690648318,0.5506808625171314
high_debt_burden,app,"Logistic (app, calibrated)",0.5760082730093071,0.5052154195011338,0.4850208823946131,0.5506808625171314
high_debt_burden,app,"Logistic (app, calibrated)",0.5763062596999483,0.5052154195011338,0.4853055487956265,0.5506808625171314
high_debt_burden,app,"Logistic (app, calibrated)",0.5769031589849819,0.5052154195011338,0.4860774853302818,0.5506808625171314
high_debt_burden,app,"Logistic (app, calibrated)",0.5775012960082945,0.5052154195011338,0.4861270802884855,0.5506808625171314
high_debt_burden,app,"Logistic (app, calibrated)",0.5778816199376947,0.5047619047619047,0.4867695281912182,0.5506808625171314
high_debt_burden,app,"Logistic (app, calibrated)",0.577962577962578,0.5043083900226757,0.48677780280092414,0.5506808625171314
high_debt_burden,app,"Logistic (app, calibrated)",0.578263130525221,0.5043083900226757,0.48697361359357283,0.5506808625171314
high_debt_burden,app,"Logistic (app, calibrated)",0.578563995837669,0.5043083900226757,0.4871862868608231,0.5506808625171314
high_debt_burden,app,"Logistic (app, calibrated)",0.5794684731631058,0.5043083900226757,0.4877426044355989,0.5506808625171314
high_debt_burden,app,"Logistic (app, calibrated)",0.5795513823682837,0.5038548752834467,0.4878530655026105,0.5506808625171314
high_debt_burden,app,"Logistic (app, calibrated)",0.5793319415448852,0.5034013605442177,0.4879429625926951,0.5506808625171314
high_debt_burden,app,"Logistic (app, calibrated)",0.57911227154047,0.5029478458049886,0.48795023276807703,0.5506808625171314
high_debt_burden,app,"Logistic (app, calibrated)",0.5794148380355277,0.5029478458049886,0.48824449851254464,0.5506808625171314
high_debt_burden,app,"Logistic (app, calibrated)",0.5800209205020921,0.5029478458049886,0.48834067043795343,0.5506808625171314
high_debt_burden,app,"Logistic (app, calibrated)",0.5803244374672946,0.5029478458049886,0.4883428527913896,0.5506808625171314
high_debt_burden,app,"Logistic (app, calibrated)",0.5820815450643777,0.49206349206349204,0.4883457812989003,0.5506808625171314
high_debt_burden,app,"Logistic (app, calibrated)",0.5827493261455525,0.490249433106576,0.48841735622995125,0.5506808625171314
high_debt_burden,app,"Logistic (app, calibrated)",0.5822989746357259,0.48934240362811793,0.48842412534501783,0.5506808625171314
high_debt_burden,app,"Logistic (app, calibrated)",0.5826133909287257,0.48934240362811793,0.4885915115765204,0.5506808625171314
high_debt_burden,app,"Logistic (app, calibrated)",0.5829281469475959,0.48934240362811793,0.48861638132535967,0.5506808625171314
high_debt_burden,app,"Logistic (app, calibrated)",0.5834236186348862,0.4884353741496599,0.48919037589349496,0.5506808625171314
high_debt_burden,app,"Logistic (app, calibrated)",0.5831978319783198,0.4879818594104308,0.48953676269095825,0.5506808625171314
high_debt_burden,app,"Logistic (app, calibrated)",0.5829718004338394,0.4875283446712018,0.4899306660753132,0.5506808625171314
high_debt_burden,app,"Logistic (app, calibrated)",0.5827455236028215,0.48707482993197276,0.4904656179114298,0.5506808625171314
high_debt_burden,app,"Logistic (app, calibrated)",0.5825190010857764,0.48662131519274376,0.49110950565536804,0.5506808625171314
high_debt_burden,app,"Logistic (app, calibrated)",0.5822922324823465,0.48616780045351476,0.49135146075087405,0.5506808625171314
high_debt_burden,app,"Logistic (app, calibrated)",0.5823817292006526,0.4857142857142857,0.49141623127830025,0.5506808625171314
high_debt_burden,app,"Logistic (app, calibrated)",0.5824714207947741,0.4852607709750567,0.4915903866248693,0.5506808625171314
high_debt_burden,app,"Logistic (app, calibrated)",0.5828789531079608,0.48480725623582765,0.49204339994887436,0.5506808625171314
high_debt_burden,app,"Logistic (app, calibrated)",0.5831969448990726,0.48480725623582765,0.4920627612739249,0.5506808625171314
high_debt_burden,app,"Logistic (app, calibrated)",0.5835152838427947,0.48480725623582765,0.4921960553454687,0.5506808625171314
high_debt_burden,app,"Logistic (app, calibrated)",0.5838339705079192,0.48480725623582765,0.49229243876403694,0.5506808625171314
high_debt_burden,app,"Logistic (app, calibrated)",0.5836065573770491,0.48435374149659866,0.4924250178568427,0.5506808625171314
high_debt_burden,app,"Logistic (app, calibrated)",0.5839256424275561,0.48435374149659866,0.492471310770647,0.5506808625171314
high_debt_burden,app,"Logistic (app, calibrated)",0.5836980306345733,0.4839002267573696,0.4926810122445168,0.5506808625171314
high_debt_burden,app,"Logistic (app, calibrated)",0.583789704271632,0.4834467120181406,0.4928830313665971,0.5506808625171314
high_debt_burden,app,"Logistic (app, calibrated)",0.5841095890410959,0.4834467120181406,0.4929403674231261,0.5506808625171314
high_debt_burden,app,"Logistic (app, calibrated)",0.5838815789473685,0.48299319727891155,0.49301785376345564,0.5506808625171314
high_debt_burden,app,"Logistic (app, calibrated)",0.5842018650575974,0.48299319727891155,0.4930241438719998,0.5506808625171314
high_debt_burden,app,"Logistic (app, calibrated)",0.5837004405286343,0.48072562358276644,0.4930260973649263,0.5506808625171314
high_debt_burden,app,"Logistic (app, calibrated)",0.5840220385674931,0.48072562358276644,0.49312766236858635,0.5506808625171314
high_debt_burden,app,"Logistic (app, calibrated)",0.5835631549917264,0.4798185941043084,0.4931573833187885,0.5506808625171314
high_debt_burden,app,"Logistic (app, calibrated)",0.5838852097130243,0.4798185941043084,0.493449225701814,0.5506808625171314
high_debt_burden,app,"Logistic (app, calibrated)",0.5836554389839868,0.4793650793650794,0.4935377315952514,0.5506808625171314
high_debt_burden,app,"Logistic (app, calibrated)",0.5837479270315091,0.47891156462585033,0.49361007419890307,0.5506808625171314
high_debt_burden,app,"Logistic (app, calibrated)",0.5835176991150443,0.47845804988662133,0.49386873846659435,0.5506808625171314
high_debt_burden,app,"Logistic (app, calibrated)",0.5832872163807415,0.4780045351473923,0.4942052099946837,0.5506808625171314
high_debt_burden,app,"Logistic (app, calibrated)",0.5830564784053156,0.4775510204081633,0.4942536267039948,0.5506808625171314
high_debt_burden,app,"Logistic (app, calibrated)",0.5833795013850416,0.4775510204081633,0.4944937227424102,0.5506808625171314
high_debt_burden,app,"Logistic (app, calibrated)",0.5839375348577802,0.4748299319727891,0.49471659919028343,0.5506808625171314
high_debt_burden,app,"Logistic (app, calibrated)",0.5842633928571429,0.4748299319727891,0.49472208590561584,0.5506808625171314
high_debt_burden,app,"Logistic (app, calibrated)",0.5840312674483529,0.4743764172335601,0.4951570080490633,0.5506808625171314
high_debt_burden,app,"Logistic (app, calibrated)",0.5843575418994413,0.4743764172335601,0.4952858903042084,0.5506808625171314
high_debt_burden,app,"Logistic (app, calibrated)",0.5846841811067636,0.4743764172335601,0.49536039665103865,0.5506808625171314
high_debt_burden,app,"Logistic (app, calibrated)",0.5844519015659956,0.47392290249433106,0.49539115890970925,0.5506808625171314
high_debt_burden,app,"Logistic (app, calibrated)",0.5842193620593172,0.47346938775510206,0.49578012401541816,0.5506808625171314
high_debt_burden,app,"Logistic (app, calibrated)",0.583986562150056,0.473015873015873,0.4958471795989977,0.5506808625171314
high_debt_burden,app,"Logistic (app, calibrated)",0.5825842696629213,0.4702947845804989,0.49600354135415065,0.5506808625171314
high_debt_burden,app,"Logistic (app, calibrated)",0.5823496346261945,0.46984126984126984,0.49610054325720904,0.5506808625171314
high_debt_burden,app,"Logistic (app, calibrated)",0.5821147356580427,0.46938775510204084,0.49641665990673756,0.5506808625171314
high_debt_burden,app,"Logistic (app, calibrated)",0.5825352112676057,0.4689342403628118,0.4965312807856396,0.5506808625171314
high_debt_burden,app,"Logistic (app, calibrated)",0.5822998872604284,0.4684807256235828,0.496859865343431,0.5506808625171314
high_debt_burden,app,"Logistic (app, calibrated)",0.5826283135927806,0.4684807256235828,0.49696406463860077,0.5506808625171314
high_debt_burden,app,"Logistic (app, calibrated)",0.5833804409270774,0.46802721088435373,0.497152966641507,0.5506808625171314
high_debt_burden,app,"Logistic (app, calibrated)",0.5831447963800905,0.46757369614512473,0.4975809104305526,0.5506808625171314
high_debt_burden,app,"Logistic (app, calibrated)",0.5829545454545455,0.46530612244897956,0.497656987071238,0.5506808625171314
high_debt_burden,app,"Logistic (app, calibrated)",0.5830489192263937,0.46485260770975056,0.49780631748887705,0.5506808625171314
high_debt_burden,app,"Logistic (app, calibrated)",0.5828116107000569,0.46439909297052157,0.49782100646896793,0.5506808625171314
high_debt_burden,app,"Logistic (app, calibrated)",0.5817972350230415,0.4580498866213152,0.4984203028939872,0.5506808625171314
high_debt_burden,app,"Logistic (app, calibrated)",0.5822273514137334,0.4575963718820862,0.49860175816526275,0.5506808625171314
high_debt_burden,app,"Logistic (app, calibrated)",0.581986143187067,0.45714285714285713,0.4986379183204779,0.5506808625171314
high_debt_burden,app,"Logistic (app, calibrated)",0.5812608444187392,0.4557823129251701,0.49938999512681354,0.5506808625171314
high_debt_burden,app,"Logistic (app, calibrated)",0.5810185185185185,0.455328798185941,0.49940001518948873,0.5506808625171314
high_debt_burden,app,"Logistic (app, calibrated)",0.5805330243337196,0.454421768707483,0.4995122928531169,0.5506808625171314
high_debt_burden,app,"Logistic (app, calibrated)",0.5806264501160093,0.45396825396825397,0.4996533473136936,0.5506808625171314
high_debt_burden,app,"Logistic (app, calibrated)",0.5803830528148578,0.45351473922902497,0.49972749243647085,0.5506808625171314
high_debt_burden,app,"Logistic (app, calibrated)",0.5805700988947062,0.4526077097505669,0.49974044214751745,0.5506808625171314
high_debt_burden,app,"Logistic (app, calibrated)",0.580325960419092,0.45215419501133786,0.5001400878144311,0.5506808625171314
high_debt_burden,app,"Logistic (app, calibrated)",0.5806639487478159,0.45215419501133786,0.5002572041745719,0.5506808625171314
high_debt_burden,app,"Logistic (app, calibrated)",0.5804195804195804,0.45170068027210886,0.5002940021751356,0.5506808625171314
high_debt_burden,app,"Logistic (app, calibrated)",0.5807580174927114,0.45170068027210886,0.5004304947964135,0.5506808625171314
high_debt_burden,app,"Logistic (app, calibrated)",0.5810968494749125,0.45170068027210886,0.5004315512794071,0.5506808625171314
high_debt_burden,app,"Logistic (app, calibrated)",0.581531268264173,0.4512471655328798,0.5005477576503392,0.5506808625171314
high_debt_burden,app,"Logistic (app, calibrated)",0.5818713450292398,0.4512471655328798,0.5006235545457755,0.5506808625171314
high_debt_burden,app,"Logistic (app, calibrated)",0.5816266822703335,0.4507936507936508,0.5006912957096138,0.5506808625171314
high_debt_burden,app,"Logistic (app, calibrated)",0.5811364967779731,0.44988662131519275,0.5008716471035013,0.5506808625171314
high_debt_burden,app,"Logistic (app, calibrated)",0.5809859154929577,0.4489795918367347,0.500952406680059,0.5506808625171314
high_debt_burden,app,"Logistic (app, calibrated)",0.5813270698766883,0.4489795918367347,0.5012474830560214,0.5506808625171314
high_debt_burden,app,"Logistic (app, calibrated)",0.581081081081081,0.4485260770975057,0.5012715665524121,0.5506808625171314
high_debt_burden,app,"Logistic (app, calibrated)",0.5808348030570253,0.44807256235827664,0.5012761458740018,0.5506808625171314
high_debt_burden,app,"Logistic (app, calibrated)",0.5811764705882353,0.44807256235827664,0.5014244703345312,0.5506808625171314
high_debt_burden,app,"Logistic (app, calibrated)",0.5809299587992937,0.44761904761904764,0.5014554245363141,0.5506808625171314
high_debt_burden,app,"Logistic (app, calibrated)",0.5806831566548881,0.4471655328798186,0.5015012385312249,0.5506808625171314
high_debt_burden,app,"Logistic (app, calibrated)",0.5813679245283019,0.4471655328798186,0.5015358903042084,0.5506808625171314
high_debt_burden,app,"Logistic (app, calibrated)",0.5814639905548996,0.4467120181405896,0.5015885790528786,0.5506808625171314
high_debt_burden,app,"Logistic (app, calibrated)",0.5818074424099232,0.4467120181405896,0.5021873110793663,0.5506808625171314
high_debt_burden,app,"Logistic (app, calibrated)",0.5815602836879432,0.44625850340136053,0.5022572977213076,0.5506808625171314
high_debt_burden,app,"Logistic (app, calibrated)",0.5813128326434063,0.44580498866213153,0.5023584315993556,0.5506808625171314
high_debt_burden,app,"Logistic (app, calibrated)",0.5820011841326228,0.44580498866213153,0.5026996370235934,0.5506808625171314
high_debt_burden,app,"Logistic (app, calibrated)",0.5817535545023697,0.4453514739229025,0.5030995505715838,0.5506808625171314
high_debt_burden,app,"Logistic (app, calibrated)",0.5812574139976275,0.4444444444444444,0.5039311514031846,0.5506808625171314
high_debt_burden,app,"Logistic (app, calibrated)",0.581353919239905,0.4439909297052154,0.5042672727508385,0.5506808625171314
high_debt_burden,app,"Logistic (app, calibrated)",0.5811051693404634,0.4435374149659864,0.5045090033444752,0.5506808625171314
high_debt_burden,app,"Logistic (app, calibrated)",0.5808561236623068,0.44308390022675737,0.504658511482468,0.5506808625171314
high_debt_burden,app,"Logistic (app, calibrated)",0.5806067816775728,0.44263038548752837,0.5047907647907647,0.5506808625171314
high_debt_burden,app,"Logistic (app, calibrated)",0.580952380952381,0.44263038548752837,0.504838550328617,0.5506808625171314
high_debt_burden,app,"Logistic (app, calibrated)",0.581145584725537,0.4417233560090703,0.5053216249166207,0.5506808625171314
high_debt_burden,app,"Logistic (app, calibrated)",0.5808955223880597,0.44126984126984126,0.5055840455840456,0.5506808625171314
high_debt_burden,app,"Logistic (app, calibrated)",0.5806451612903226,0.44081632653061226,0.5056249573767755,0.5506808625171314
high_debt_burden,app,"Logistic (app, calibrated)",0.5818836232753449,0.4399092970521542,0.5057117561868283,0.5506808625171314
high_debt_burden,app,"Logistic (app, calibrated)",0.5816326530612245,0.43945578231292515,0.5060155257798976,0.5506808625171314
high_debt_burden,app,"Logistic (app, calibrated)",0.5817307692307693,0.43900226757369615,0.5063178147955796,0.5506808625171314
high_debt_burden,app,"Logistic (app, calibrated)",0.582080577269994,0.43900226757369615,0.5066673913271436,0.5506808625171314
high_debt_burden,app,"Logistic (app, calibrated)",0.5818291215403129,0.4385487528344671,0.5066800713784972,0.5506808625171314
high_debt_burden,app,"Logistic (app, calibrated)",0.5815773630343167,0.4380952380952381,0.5072908910399603,0.5506808625171314
high_debt_burden,app,"Logistic (app, calibrated)",0.5819277108433735,0.4380952380952381,0.5073344064260766,0.5506808625171314
high_debt_burden,app,"Logistic (app, calibrated)",0.5820265379975874,0.4376417233560091,0.5074718652059298,0.5506808625171314
high_debt_burden,app,"Logistic (app, calibrated)",0.5817742908871455,0.43718820861678004,0.5075768263154606,0.5506808625171314
high_debt_burden,app,"Logistic (app, calibrated)",0.5821256038647343,0.43718820861678004,0.5080558420399066,0.5506808625171314
high_debt_burden,app,"Logistic (app, calibrated)",0.5824773413897281,0.43718820861678004,0.5080977222488259,0.5506808625171314
high_debt_burden,app,"Logistic (app, calibrated)",0.5823244552058111,0.436281179138322,0.5082425495496588,0.5506808625171314
high_debt_burden,app,"Logistic (app, calibrated)",0.5820714718352513,0.435827664399093,0.5083447248159068,0.5506808625171314
high_debt_burden,app,"Logistic (app, calibrated)",0.5824242424242424,0.435827664399093,0.5085315415615279,0.5506808625171314
high_debt_burden,app,"Logistic (app, calibrated)",0.5827774408732566,0.435827664399093,0.50895826166724,0.5506808625171314
high_debt_burden,app,"Logistic (app, calibrated)",0.5822707953855495,0.43492063492063493,0.5089713107706471,0.5506808625171314
high_debt_burden,app,"Logistic (app, calibrated)",0.5829787234042553,0.43492063492063493,0.509043867505755,0.5506808625171314
high_debt_burden,app,"Logistic (app, calibrated)",0.5827250608272506,0.4344671201814059,0.5091873659175746,0.5506808625171314
high_debt_burden,app,"Logistic (app, calibrated)",0.5830797321972002,0.4344671201814059,0.5092600852493033,0.5506808625171314
high_debt_burden,app,"Logistic (app, calibrated)",0.5828258221680876,0.4340136054421769,0.5096182414920094,0.5506808625171314
high_debt_burden,app,"Logistic (app, calibrated)",0.5828746177370031,0.43219954648526077,0.5099258480188256,0.5506808625171314
high_debt_burden,app,"Logistic (app, calibrated)",0.5832313341493268,0.43219954648526077,0.510101708223354,0.5506808625171314
high_debt_burden,app,"Logistic (app, calibrated)",0.5823095823095823,0.42993197278911566,0.5109181904594822,0.5506808625171314
high_debt_burden,app,"Logistic (app, calibrated)",0.5837971552257266,0.42811791383219955,0.5110569744132151,0.5506808625171314
high_debt_burden,app,"Logistic (app, calibrated)",0.5841584158415841,0.42811791383219955,0.5113791260291632,0.5506808625171314
high_debt_burden,app,"Logistic (app, calibrated)",0.5845201238390093,0.42811791383219955,0.5116110478782863,0.5506808625171314
high_debt_burden,app,"Logistic (app, calibrated)",0.5842627013630731,0.42766439909297055,0.5116570080490634,0.5506808625171314
high_debt_burden,app,"Logistic (app, calibrated)",0.5840049597024178,0.4272108843537415,0.5117591696118335,0.5506808625171314
high_debt_burden,app,"Logistic (app, calibrated)",0.5843672456575683,0.4272108843537415,0.5120559866689897,0.5506808625171314
high_debt_burden,app,"Logistic (app, calibrated)",0.584472049689441,0.4267573696145125,0.512157585280451,0.5506808625171314
high_debt_burden,app,"Logistic (app, calibrated)",0.584213797389683,0.42630385487528344,0.5124838974907624,0.5506808625171314
high_debt_burden,app,"Logistic (app, calibrated)",0.584423676012461,0.4253968253968254,0.5126270469514775,0.5506808625171314
high_debt_burden,app,"Logistic (app, calibrated)",0.5841645885286783,0.4249433106575964,0.5126688821265427,0.5506808625171314
high_debt_burden,app,"Logistic (app, calibrated)",0.5848938826466916,0.4249433106575964,0.5128085022227531,0.5506808625171314
high_debt_burden,app,"Logistic (app, calibrated)",0.5852592129918801,0.4249433106575964,0.5129474011826953,0.5506808625171314
high_debt_burden,app,"Logistic (app, calibrated)",0.585,0.42448979591836733,0.5131523488578872,0.5506808625171314
high_debt_burden,app,"Logistic (app, calibrated)",0.5852130325814536,0.4235827664399093,0.5135839370740147,0.5506808625171314
high_debt_burden,app,"Logistic (app, calibrated)",0.5849529780564263,0.4231292517006803,0.5136760904849126,0.5506808625171314
high_debt_burden,app,"Logistic (app, calibrated)",0.5846925972396487,0.4226757369614512,0.5138103726339021,0.5506808625171314
high_debt_burden,app,"Logistic (app, calibrated)",0.5844318895166353,0.4222222222222222,0.5139342364939612,0.5506808625171314
high_debt_burden,app,"Logistic (app, calibrated)",0.5847989949748744,0.4222222222222222,0.5142604617604618,0.5506808625171314
high_debt_burden,app,"Logistic (app, calibrated)",0.585166561910748,0.4222222222222222,0.5144345409970003,0.5506808625171314
high_debt_burden,app,"Logistic (app, calibrated)",0.5855345911949685,0.4222222222222222,0.51489073020286,0.5506808625171314
high_debt_burden,app,"Logistic (app, calibrated)",0.5859030837004405,0.4222222222222222,0.5151308450951657,0.5506808625171314
high_debt_burden,app,"Logistic (app, calibrated)",0.586272040302267,0.4222222222222222,0.515249311194508,0.5506808625171314
high_debt_burden,app,"Logistic (app, calibrated)",0.5860113421550095,0.4217687074829932,0.5155875800612643,0.5506808625171314
high_debt_burden,app,"Logistic (app, calibrated)",0.5867507886435331,0.4217687074829932,0.5156220494544524,0.5506808625171314
high_debt_burden,app,"Logistic (app, calibrated)",0.586489898989899,0.42131519274376417,0.515763161959855,0.5506808625171314
high_debt_burden,app,"Logistic (app, calibrated)",0.586556753329106,0.41950113378684806,0.5163934915659053,0.5506808625171314
high_debt_burden,app,"Logistic (app, calibrated)",0.5869289340101523,0.41950113378684806,0.5165932039793126,0.5506808625171314
high_debt_burden,app,"Logistic (app, calibrated)",0.5864040660736975,0.41859410430839,0.5166077565544496,0.5506808625171314
high_debt_burden,app,"Logistic (app, calibrated)",0.5869980879541109,0.41768707482993195,0.5168947696037479,0.5506808625171314
high_debt_burden,app,"Logistic (app, calibrated)",0.586845466155811,0.41678004535147395,0.5172909420942248,0.5506808625171314
high_debt_burden,app,"Logistic (app, calibrated)",0.587708066581306,0.4163265306122449,0.5173144829619687,0.5506808625171314
high_debt_burden,app,"Logistic (app, calibrated)",0.5874439461883408,0.4158730158730159,0.5174467362702656,0.5506808625171314
high_debt_burden,app,"Logistic (app, calibrated)",0.5878205128205128,0.4158730158730159,0.517581636018173,0.5506808625171314
high_debt_burden,app,"Logistic (app, calibrated)",0.5875561257216164,0.41541950113378684,0.5175899522887748,0.5506808625171314
high_debt_burden,app,"Logistic (app, calibrated)",0.5872913992297818,0.41496598639455784,0.5176208916168348,0.5506808625171314
high_debt_burden,app,"Logistic (app, calibrated)",0.5874035989717223,0.4145124716553288,0.5178746470920383,0.5506808625171314
high_debt_burden,app,"Logistic (app, calibrated)",0.5871382636655949,0.4140589569160998,0.5180012385312249,0.5506808625171314
high_debt_burden,app,"Logistic (app, calibrated)",0.5875160875160875,0.4140589569160998,0.5180217754078841,0.5506808625171314
high_debt_burden,app,"Logistic (app, calibrated)",0.587894397939472,0.4140589569160998,0.5185607196401799,0.5506808625171314
high_debt_burden,app,"Logistic (app, calibrated)",0.5876288659793815,0.41360544217687073,0.5187281795242218,0.5506808625171314
high_debt_burden,app,"Logistic (app, calibrated)",0.5873629916183107,0.41315192743764173,0.5188663700024787,0.5506808625171314
high_debt_burden,app,"Logistic (app, calibrated)",0.5870967741935483,0.4126984126984127,0.5191384610774159,0.5506808625171314
high_debt_burden,app,"Logistic (app, calibrated)",0.5868302130406714,0.4122448979591837,0.5191670928661595,0.5506808625171314
high_debt_burden,app,"Logistic (app, calibrated)",0.5872093023255814,0.4122448979591837,0.519208833359937,0.5506808625171314
high_debt_burden,app,"Logistic (app, calibrated)",0.5867875647668394,0.4108843537414966,0.519434040490897,0.5506808625171314
high_debt_burden,app,"Logistic (app, calibrated)",0.5865197666882696,0.41043083900226757,0.5195142005210653,0.5506808625171314
high_debt_burden,app,"Logistic (app, calibrated)",0.5867446393762183,0.4095238095238095,0.5195189580534408,0.5506808625171314
high_debt_burden,app,"Logistic (app, calibrated)",0.5871261378413524,0.4095238095238095,0.5197101449275362,0.5506808625171314
high_debt_burden,app,"Logistic (app, calibrated)",0.586857514638907,0.4090702947845805,0.5198541731949972,0.5506808625171314
high_debt_burden,app,"Logistic (app, calibrated)",0.5872395833333334,0.4090702947845805,0.5199642267667418,0.5506808625171314
high_debt_burden,app,"Logistic (app, calibrated)",0.5867014341590613,0.40816326530612246,0.5199955552495824,0.5506808625171314
high_debt_burden,app,"Logistic (app, calibrated)",0.5870841487279843,0.40816326530612246,0.5200012911065542,0.5506808625171314
high_debt_burden,app,"Logistic (app, calibrated)",0.5868146214099217,0.4077097505668934,0.5203306140043426,0.5506808625171314
high_debt_burden,app,"Logistic (app, calibrated)",0.5869281045751634,0.4072562358276644,0.5204434780258811,0.5506808625171314
high_debt_burden,app,"Logistic (app, calibrated)",0.5867714472822528,0.40634920634920635,0.5206175201810248,0.5506808625171314
high_debt_burden,app,"Logistic (app, calibrated)",0.5871559633027523,0.40634920634920635,0.5210468129205809,0.5506808625171314
high_debt_burden,app,"Logistic (app, calibrated)",0.5868852459016394,0.40589569160997735,0.5211875130410288,0.5506808625171314
high_debt_burden,app,"Logistic (app, calibrated)",0.5869993434011819,0.4054421768707483,0.521271566552412,0.5506808625171314
high_debt_burden,app,"Logistic (app, calibrated)",0.5873850197109067,0.4054421768707483,0.5218055843256689,0.5506808625171314
high_debt_burden,app,"Logistic (app, calibrated)",0.5877712031558185,0.4054421768707483,0.5218405507940096,0.5506808625171314
high_debt_burden,app,"Logistic (app, calibrated)",0.5875,0.4049886621315193,0.5219346171070309,0.5506808625171314
high_debt_burden,app,"Logistic (app, calibrated)",0.587228439763002,0.40453514739229024,0.5221161611470067,0.5506808625171314
high_debt_burden,app,"Logistic (app, calibrated)",0.5866842452208306,0.4036281179138322,0.5222268248992388,0.5506808625171314
high_debt_burden,app,"Logistic (app, calibrated)",0.5870712401055409,0.4036281179138322,0.5223044663063161,0.5506808625171314
high_debt_burden,app,"Logistic (app, calibrated)",0.5867986798679868,0.4031746031746032,0.522449293607149,0.5506808625171314
high_debt_burden,app,"Logistic (app, calibrated)",0.5862524785194977,0.40226757369614513,0.5226478371759452,0.5506808625171314
high_debt_burden,app,"Logistic (app, calibrated)",0.5866402116402116,0.40226757369614513,0.5233603966510386,0.5506808625171314
high_debt_burden,app,"Logistic (app, calibrated)",0.586366644606221,0.4018140589569161,0.5233919881325008,0.5506808625171314
high_debt_burden,app,"Logistic (app, calibrated)",0.587143803843605,0.4018140589569161,0.523479438007546,0.5506808625171314
high_debt_burden,app,"Logistic (app, calibrated)",0.5876494023904383,0.4013605442176871,0.523544732575578,0.5506808625171314
high_debt_burden,app,"Logistic (app, calibrated)",0.587375415282392,0.4009070294784581,0.5237381580625886,0.5506808625171314
high_debt_burden,app,"Logistic (app, calibrated)",0.5882744836775483,0.400453514739229,0.523912468919334,0.5506808625171314
high_debt_burden,app,"Logistic (app, calibrated)",0.5886666666666667,0.400453514739229,0.5239978710254141,0.5506808625171314
high_debt_burden,app,"Logistic (app, calibrated)",0.5883922615076718,0.4,0.5243084859538738,0.5506808625171314
high_debt_burden,app,"Logistic (app, calibrated)",0.5887850467289719,0.4,0.5245680445865357,0.5506808625171314
high_debt_burden,app,"Logistic (app, calibrated)",0.5891783567134269,0.4,0.5246829291566135,0.5506808625171314
high_debt_burden,app,"Logistic (app, calibrated)",0.588903743315508,0.39954648526077097,0.5247001782123895,0.5506808625171314
high_debt_burden,app,"Logistic (app, calibrated)",0.5892976588628762,0.39954648526077097,0.5249049501223413,0.5506808625171314
high_debt_burden,app,"Logistic (app, calibrated)",0.5887474882786337,0.3986394557823129,0.5250485677131517,0.5506808625171314
high_debt_burden,app,"Logistic (app, calibrated)",0.5884718498659517,0.3981859410430839,0.5251029969185949,0.5506808625171314
high_debt_burden,app,"Logistic (app, calibrated)",0.5888665325285044,0.3981859410430839,0.5251732439811367,0.5506808625171314
high_debt_burden,app,"Logistic (app, calibrated)",0.5900537634408602,0.3981859410430839,0.525254311872153,0.5506808625171314
high_debt_burden,app,"Logistic (app, calibrated)",0.589778076664425,0.39773242630385486,0.5253395879486431,0.5506808625171314
high_debt_burden,app,"Logistic (app, calibrated)",0.5895020188425303,0.39727891156462586,0.5254630843247405,0.5506808625171314
high_debt_burden,app,"Logistic (app, calibrated)",0.5892255892255892,0.3968253968253968,0.5255377834275082,0.5506808625171314
high_debt_burden,app,"Logistic (app, calibrated)",0.5889487870619946,0.3963718820861678,0.5256890331890332,0.5506808625171314
high_debt_burden,app,"Logistic (app, calibrated)",0.588671611598112,0.39591836734693875,0.525825941518405,0.5506808625171314
high_debt_burden,app,"Logistic (app, calibrated)",0.5887913571910871,0.39546485260770975,0.5259475915131894,0.5506808625171314
high_debt_burden,app,"Logistic (app, calibrated)",0.5888738127544098,0.39365079365079364,0.5265782626423048,0.5506808625171314
high_debt_burden,app,"Logistic (app, calibrated)",0.5892735913102511,0.39365079365079364,0.5266986911723753,0.5506808625171314
high_debt_burden,app,"Logistic (app, calibrated)",0.5889945652173914,0.39319727891156464,0.5268877563020071,0.5506808625171314
high_debt_burden,app,"Logistic (app, calibrated)",0.5887151597552686,0.3927437641723356,0.527723890473125,0.5506808625171314
high_debt_burden,app,"Logistic (app, calibrated)",0.5897610921501707,0.39183673469387753,0.5277668614983964,0.5506808625171314
high_debt_burden,app,"Logistic (app, calibrated)",0.5901639344262295,0.39183673469387753,0.5278603966510386,0.5506808625171314
high_debt_burden,app,"Logistic (app, calibrated)",0.5896032831737346,0.3909297052154195,0.5286954352336168,0.5506808625171314
high_debt_burden,app,"Logistic (app, calibrated)",0.5893223819301848,0.3904761904761905,0.5288753076988371,0.5506808625171314
high_debt_burden,app,"Logistic (app, calibrated)",0.5892857142857143,0.3891156462585034,0.5289679335283315,0.5506808625171314
high_debt_burden,app,"Logistic (app, calibrated)",0.5890034364261169,0.38866213151927437,0.5289915067425172,0.5506808625171314
high_debt_burden,app,"Logistic (app, calibrated)",0.5889655172413794,0.3873015873015873,0.5290494630454062,0.5506808625171314
high_debt_burden,app,"Logistic (app, calibrated)",0.5892116182572614,0.38639455782312926,0.5295235685544141,0.5506808625171314
high_debt_burden,app,"Logistic (app, calibrated)",0.5896193771626298,0.38639455782312926,0.5295314140050983,0.5506808625171314
high_debt_burden,app,"Logistic (app, calibrated)",0.590027700831025,0.38639455782312926,0.5295716438486108,0.5506808625171314
high_debt_burden,app,"Logistic (app, calibrated)",0.5905621096460791,0.3859410430839002,0.5297833129846208,0.5506808625171314
high_debt_burden,app,"Logistic (app, calibrated)",0.5909722222222222,0.3859410430839002,0.5304664770638435,0.5506808625171314
high_debt_burden,app,"Logistic (app, calibrated)",0.5918937805730259,0.38412698412698415,0.5310385948682593,0.5506808625171314
high_debt_burden,app,"Logistic (app, calibrated)",0.5923076923076923,0.38412698412698415,0.5311015136612383,0.5506808625171314
high_debt_burden,app,"Logistic (app, calibrated)",0.5920223932820154,0.3836734693877551,0.5313674033020014,0.5506808625171314
high_debt_burden,app,"Logistic (app, calibrated)",0.5917366946778712,0.3832199546485261,0.5313927981953132,0.5506808625171314
high_debt_burden,app,"Logistic (app, calibrated)",0.5914505956552207,0.38276643990929704,0.5318222206906403,0.5506808625171314
high_debt_burden,app,"Logistic (app, calibrated)",0.5918653576437588,0.38276643990929704,0.5319263840054301,0.5506808625171314
high_debt_burden,app,"Logistic (app, calibrated)",0.592280701754386,0.38276643990929704,0.5321701720005663,0.5506808625171314
high_debt_burden,app,"Logistic (app, calibrated)",0.5924104005621925,0.38231292517006804,0.5322532151757766,0.5506808625171314
high_debt_burden,app,"Logistic (app, calibrated)",0.5922535211267606,0.38140589569161,0.5326719576719576,0.5506808625171314
high_debt_burden,app,"Logistic (app, calibrated)",0.5919661733615222,0.38095238095238093,0.532838550328617,0.5506808625171314
high_debt_burden,app,"Logistic (app, calibrated)",0.5913902611150318,0.3800453514739229,0.5329133131364587,0.5506808625171314
high_debt_burden,app,"Logistic (app, calibrated)",0.5918079096045198,0.3800453514739229,0.5332240914387639,0.5506808625171314
high_debt_burden,app,"Logistic (app, calibrated)",0.5926449787835927,0.3800453514739229,0.5334155774174272,0.5506808625171314
high_debt_burden,app,"Logistic (app, calibrated)",0.5936170212765958,0.3795918367346939,0.5335024650973892,0.5506808625171314
high_debt_burden,app,"Logistic (app, calibrated)",0.5940383250532293,0.3795918367346939,0.5337538075148578,0.5506808625171314
high_debt_burden,app,"Logistic (app, calibrated)",0.59375,0.3791383219954649,0.5339245579654787,0.5506808625171314
high_debt_burden,app,"Logistic (app, calibrated)",0.5941719971570718,0.3791383219954649,0.5340092472794984,0.5506808625171314
high_debt_burden,app,"Logistic (app, calibrated)",0.594017094017094,0.3782312925170068,0.5341849974534592,0.5506808625171314
high_debt_burden,app,"Logistic (app, calibrated)",0.5937277263007841,0.37777777777777777,0.5342934210937418,0.5506808625171314
high_debt_burden,app,"Logistic (app, calibrated)",0.5934379457917262,0.37732426303854877,0.5343123759252609,0.5506808625171314
high_debt_burden,app,"Logistic (app, calibrated)",0.5931477516059958,0.3768707482993197,0.5343246857474041,0.5506808625171314
high_debt_burden,app,"Logistic (app, calibrated)",0.5935714285714285,0.3768707482993197,0.5343746470920384,0.5506808625171314
high_debt_burden,app,"Logistic (app, calibrated)",0.5941302791696492,0.3764172335600907,0.5349163996477551,0.5506808625171314
high_debt_burden,app,"Logistic (app, calibrated)",0.5938395415472779,0.37596371882086166,0.5350175003553869,0.5506808625171314
high_debt_burden,app,"Logistic (app, calibrated)",0.5935483870967742,0.37551020408163266,0.5351322751322751,0.5506808625171314
high_debt_burden,app,"Logistic (app, calibrated)",0.593974175035868,0.37551020408163266,0.5355666637890701,0.5506808625171314
high_debt_burden,app,"Logistic (app, calibrated)",0.5941091954022989,0.3750566893424036,0.5358891909631504,0.5506808625171314
high_debt_burden,app,"Logistic (app, calibrated)",0.5942446043165468,0.3746031746031746,0.5363335215509129,0.5506808625171314
high_debt_burden,app,"Logistic (app, calibrated)",0.5948089401586157,0.3741496598639456,0.536376110527214,0.5506808625171314
high_debt_burden,app,"Logistic (app, calibrated)",0.5953757225433526,0.37369614512471655,0.5371182803664174,0.5506808625171314
high_debt_burden,app,"Logistic (app, calibrated)",0.5950831525668836,0.37324263038548755,0.5373385503286171,0.5506808625171314
high_debt_burden,app,"Logistic (app, calibrated)",0.5947901591895803,0.3727891156462585,0.5373543843419435,0.5506808625171314
high_debt_burden,app,"Logistic (app, calibrated)",0.5944967414916728,0.3723356009070295,0.5375609216018422,0.5506808625171314
high_debt_burden,app,"Logistic (app, calibrated)",0.5944767441860465,0.3709750566893424,0.5379024796229599,0.5506808625171314
high_debt_burden,app,"Logistic (app, calibrated)",0.5941818181818181,0.3705215419501134,0.5379204236948676,0.5506808625171314
high_debt_burden,app,"Logistic (app, calibrated)",0.5946142649199417,0.3705215419501134,0.5379492337351396,0.5506808625171314
high_debt_burden,app,"Logistic (app, calibrated)",0.5943190094683175,0.37006802721088433,0.5382598457847332,0.5506808625171314
high_debt_burden,app,"Logistic (app, calibrated)",0.5944566010211525,0.36961451247165533,0.5385173245214707,0.5506808625171314
high_debt_burden,app,"Logistic (app, calibrated)",0.5947329919531822,0.3687074829931973,0.538570907660948,0.5506808625171314
high_debt_burden,app,"Logistic (app, calibrated)",0.5951683748169839,0.3687074829931973,0.5385836098965171,0.5506808625171314
high_debt_burden,app,"Logistic (app, calibrated)",0.5956043956043956,0.3687074829931973,0.5387250517968669,0.5506808625171314
high_debt_burden,app,"Logistic (app, calibrated)",0.5953079178885631,0.3682539682539683,0.5387433125160777,0.5506808625171314
high_debt_burden,app,"Logistic (app, calibrated)",0.5957446808510638,0.3682539682539683,0.5388633600265585,0.5506808625171314
high_debt_burden,app,"Logistic (app, calibrated)",0.5954478707782672,0.3678004535147392,0.5388896732141039,0.5506808625171314
high_debt_burden,app,"Logistic (app, calibrated)",0.5945548197203826,0.36643990929705217,0.5395174433409727,0.5506808625171314
high_debt_burden,app,"Logistic (app, calibrated)",0.5949926362297496,0.36643990929705217,0.5396165707744262,0.5506808625171314
high_debt_burden,app,"Logistic (app, calibrated)",0.5946941783345615,0.3659863945578231,0.539835542000185,0.5506808625171314
high_debt_burden,app,"Logistic (app, calibrated)",0.5943952802359882,0.3655328798185941,0.5398789006087039,0.5506808625171314
high_debt_burden,app,"Logistic (app, calibrated)",0.5948339483394834,0.3655328798185941,0.5400282960401761,0.5506808625171314
high_debt_burden,app,"Logistic (app, calibrated)",0.5951147298297558,0.36462585034013606,0.540204081632653,0.5506808625171314
high_debt_burden,app,"Logistic (app, calibrated)",0.5955555555555555,0.36462585034013606,0.5403821217809985,0.5506808625171314
high_debt_burden,app,"Logistic (app, calibrated)",0.5952557449962935,0.364172335600907,0.5403891909631503,0.5506808625171314
high_debt_burden,app,"Logistic (app, calibrated)",0.5956973293768546,0.364172335600907,0.5408598968717768,0.5506808625171314
high_debt_burden,app,"Logistic (app, calibrated)",0.5967016491754122,0.36099773242630384,0.5409054352298657,0.5506808625171314
high_debt_burden,app,"Logistic (app, calibrated)",0.5954887218045113,0.35918367346938773,0.5409199479504884,0.5506808625171314
high_debt_burden,app,"Logistic (app, calibrated)",0.5951843491346878,0.35873015873015873,0.5412662189641697,0.5506808625171314
high_debt_burden,app,"Logistic (app, calibrated)",0.5956160241874527,0.3573696145124717,0.5412751683745599,0.5506808625171314
high_debt_burden,app,"Logistic (app, calibrated)",0.5953101361573374,0.3569160997732426,0.5413688788716522,0.5506808625171314
high_debt_burden,app,"Logistic (app, calibrated)",0.5957607872823618,0.3569160997732426,0.5419150108734986,0.5506808625171314
high_debt_burden,app,"Logistic (app, calibrated)",0.5954545454545455,0.3564625850340136,0.5419306345306152,0.5506808625171314
high_debt_burden,app,"Logistic (app, calibrated)",0.5945330296127562,0.3551020408163265,0.5425047074659477,0.5506808625171314
high_debt_burden,app,"Logistic (app, calibrated)",0.5942249240121581,0.3546485260770975,0.5426463466481964,0.5506808625171314
high_debt_burden,app,"Logistic (app, calibrated)",0.593916349809886,0.35419501133786846,0.542804879650178,0.5506808625171314
high_debt_burden,app,"Logistic (app, calibrated)",0.593607305936073,0.35374149659863946,0.5432465602641717,0.5506808625171314
high_debt_burden,app,"Logistic (app, calibrated)",0.594059405940594,0.35374149659863946,0.5440105846402675,0.5506808625171314
high_debt_burden,app,"Logistic (app, calibrated)",0.5942028985507246,0.3532879818594104,0.5442925191777178,0.5506808625171314
high_debt_burden,app,"Logistic (app, calibrated)",0.5938931297709924,0.3528344671201814,0.5448337112477393,0.5506808625171314
high_debt_burden,app,"Logistic (app, calibrated)",0.5935828877005348,0.3523809523809524,0.544855179234862,0.5506808625171314
high_debt_burden,app,"Logistic (app, calibrated)",0.5934150076569679,0.35147392290249435,0.544891167640402,0.5506808625171314
high_debt_burden,app,"Logistic (app, calibrated)",0.5927914110429447,0.3505668934240363,0.5450608596306172,0.5506808625171314
high_debt_burden,app,"Logistic (app, calibrated)",0.59247889485802,0.35011337868480724,0.5452524705642031,0.5506808625171314
high_debt_burden,app,"Logistic (app, calibrated)",0.5933897002305919,0.35011337868480724,0.5453371726156535,0.5506808625171314
high_debt_burden,app,"Logistic (app, calibrated)",0.5930769230769231,0.34965986394557824,0.5455062260394068,0.5506808625171314
high_debt_burden,app,"Logistic (app, calibrated)",0.5935334872979214,0.34965986394557824,0.5458032185206098,0.5506808625171314
high_debt_burden,app,"Logistic (app, calibrated)",0.5941358024691358,0.3492063492063492,0.5458064823025398,0.5506808625171314
high_debt_burden,app,"Logistic (app, calibrated)",0.5938223938223938,0.3487528344671202,0.546270767433966,0.5506808625171314
high_debt_burden,app,"Logistic (app, calibrated)",0.5947409126063419,0.3487528344671202,0.5462837506634335,0.5506808625171314
high_debt_burden,app,"Logistic (app, calibrated)",0.595810705973623,0.34829931972789113,0.5474047303272916,0.5506808625171314
high_debt_burden,app,"Logistic (app, calibrated)",0.5965732087227414,0.34739229024943313,0.5475945003276917,0.5506808625171314
high_debt_burden,app,"Logistic (app, calibrated)",0.5962587685113017,0.3469387755102041,0.5476864259861918,0.5506808625171314
high_debt_burden,app,"Logistic (app, calibrated)",0.5967238689547582,0.3469387755102041,0.548120442444873,0.5506808625171314
high_debt_burden,app,"Logistic (app, calibrated)",0.5964090554254489,0.3464852607709751,0.5485397933468785,0.5506808625171314
high_debt_burden,app,"Logistic (app, calibrated)",0.59592795614722,0.34512471655328797,0.5489894930304138,0.5506808625171314
high_debt_burden,app,"Logistic (app, calibrated)",0.595879556259905,0.34104308390022675,0.5491357853516585,0.5506808625171314
high_debt_burden,app,"Logistic (app, calibrated)",0.5955590800951626,0.34058956916099775,0.549956474015965,0.5506808625171314
high_debt_burden,app,"Logistic (app, calibrated)",0.5961844197138315,0.3401360544217687,0.5503222732659696,0.5506808625171314
high_debt_burden,app,"Logistic (app, calibrated)",0.5966587112171837,0.3401360544217687,0.5505405475391191,0.5506808625171314
high_debt_burden,app,"Logistic (app, calibrated)",0.5971337579617835,0.3401360544217687,0.5505828545847044,0.5506808625171314
high_debt_burden,app,"Logistic (app, calibrated)",0.5968127490039841,0.3396825396825397,0.551190321368953,0.5506808625171314
high_debt_burden,app,"Logistic (app, calibrated)",0.5964912280701754,0.33922902494331064,0.5512859193057599,0.5506808625171314
high_debt_burden,app,"Logistic (app, calibrated)",0.596169193934557,0.33877551020408164,0.5516597933284153,0.5506808625171314
high_debt_burden,app,"Logistic (app, calibrated)",0.5966453674121406,0.33877551020408164,0.5517472907379636,0.5506808625171314
high_debt_burden,app,"Logistic (app, calibrated)",0.5971223021582733,0.33877551020408164,0.551996161945586,0.5506808625171314
high_debt_burden,app,"Logistic (app, calibrated)",0.5968,0.3383219954648526,0.5521864259861917,0.5506808625171314
high_debt_burden,app,"Logistic (app, calibrated)",0.5964771817453963,0.3378684807256236,0.552212917876034,0.5506808625171314
high_debt_burden,app,"Logistic (app, calibrated)",0.5961538461538461,0.33741496598639453,0.5522532151757765,0.5506808625171314
high_debt_burden,app,"Logistic (app, calibrated)",0.5963081861958266,0.33696145124716553,0.5523084859538738,0.5506808625171314
high_debt_burden,app,"Logistic (app, calibrated)",0.5958132045088567,0.3356009070294785,0.5523149834728389,0.5506808625171314
high_debt_burden,app,"Logistic (app, calibrated)",0.5962933118452861,0.3356009070294785,0.5523194893277484,0.5506808625171314
high_debt_burden,app,"Logistic (app, calibrated)",0.5959677419354839,0.3351473922902494,0.5528910297244547,0.5506808625171314
high_debt_burden,app,"Logistic (app, calibrated)",0.5969305331179321,0.3351473922902494,0.5533032185206098,0.5506808625171314
high_debt_burden,app,"Logistic (app, calibrated)",0.5966046887631367,0.3346938775510204,0.5533504195990071,0.5506808625171314
high_debt_burden,app,"Logistic (app, calibrated)",0.5970873786407767,0.3346938775510204,0.5538074540191256,0.5506808625171314
high_debt_burden,app,"Logistic (app, calibrated)",0.5975708502024292,0.3346938775510204,0.5541950141936016,0.5506808625171314
high_debt_burden,app,"Logistic (app, calibrated)",0.5988608624898292,0.33378684807256237,0.5542334510787493,0.5506808625171314
high_debt_burden,app,"Logistic (app, calibrated)",0.5993485342019544,0.33378684807256237,0.5542880488088991,0.5506808625171314
high_debt_burden,app,"Logistic (app, calibrated)",0.5990220048899756,0.3333333333333333,0.5544930508088404,0.5506808625171314
high_debt_burden,app,"Logistic (app, calibrated)",0.5995106035889071,0.3333333333333333,0.5547789910275785,0.5506808625171314
high_debt_burden,app,"Logistic (app, calibrated)",0.5991836734693877,0.3328798185941043,0.5550305849793317,0.5506808625171314
high_debt_burden,app,"Logistic (app, calibrated)",0.5988562091503268,0.33242630385487526,0.5551149503934314,0.5506808625171314
high_debt_burden,app,"Logistic (app, calibrated)",0.5990180032733224,0.33197278911564626,0.5552330625039985,0.5506808625171314
high_debt_burden,app,"Logistic (app, calibrated)",0.5986895986895987,0.33151927437641726,0.5556000451357663,0.5506808625171314
high_debt_burden,app,"Logistic (app, calibrated)",0.5983606557377049,0.3310657596371882,0.5556235856221731,0.5506808625171314
high_debt_burden,app,"Logistic (app, calibrated)",0.597691673536686,0.3287981859410431,0.5560569503813809,0.5506808625171314
high_debt_burden,app,"Logistic (app, calibrated)",0.5978530140379852,0.32834467120181404,0.5560683424980362,0.5506808625171314
high_debt_burden,app,"Logistic (app, calibrated)",0.5975206611570248,0.32789115646258504,0.5565906408045056,0.5506808625171314
high_debt_burden,app,"Logistic (app, calibrated)",0.597187758478081,0.327437641723356,0.5566354995580609,0.5506808625171314
high_debt_burden,app,"Logistic (app, calibrated)",0.5965202982601492,0.32653061224489793,0.5568084859538739,0.5506808625171314
high_debt_burden,app,"Logistic (app, calibrated)",0.5961857379767828,0.32607709750566893,0.5568580946536587,0.5506808625171314
high_debt_burden,app,"Logistic (app, calibrated)",0.595850622406639,0.32562358276643993,0.5569444665453283,0.5506808625171314
high_debt_burden,app,"Logistic (app, calibrated)",0.595514950166113,0.3251700680272109,0.5573115148996568,0.5506808625171314
high_debt_burden,app,"Logistic (app, calibrated)",0.5960099750623441,0.3251700680272109,0.5573749347491888,0.5506808625171314
high_debt_burden,app,"Logistic (app, calibrated)",0.5959933222036727,0.3238095238095238,0.5576442519686824,0.5506808625171314
high_debt_burden,app,"Logistic (app, calibrated)",0.5964912280701754,0.3238095238095238,0.5580289238497634,0.5506808625171314
high_debt_burden,app,"Logistic (app, calibrated)",0.5961538461538461,0.32335600907029477,0.5580375182205712,0.5506808625171314
high_debt_burden,app,"Logistic (app, calibrated)",0.59581589958159,0.32290249433106577,0.5587366520270503,0.5506808625171314
high_debt_burden,app,"Logistic (app, calibrated)",0.5954773869346733,0.3224489795918367,0.5588818703313139,0.5506808625171314
high_debt_burden,app,"Logistic (app, calibrated)",0.595138306789606,0.3219954648526077,0.5590979116978924,0.5506808625171314
high_debt_burden,app,"Logistic (app, calibrated)",0.5944584382871536,0.32108843537414966,0.5591275672993369,0.5506808625171314
high_debt_burden,app,"Logistic (app, calibrated)",0.5949579831932773,0.32108843537414966,0.5595765826445374,0.5506808625171314
high_debt_burden,app,"Logistic (app, calibrated)",0.5966244725738397,0.32063492063492066,0.559590260024786,0.5506808625171314
high_debt_burden,app,"Logistic (app, calibrated)",0.5962837837837838,0.3201814058956916,0.5597981381955908,0.5506808625171314
high_debt_burden,app,"Logistic (app, calibrated)",0.5959425190194421,0.3197278911564626,0.5598551224716806,0.5506808625171314
high_debt_burden,app,"Logistic (app, calibrated)",0.5956006768189509,0.31927437641723355,0.55993040838536,0.5506808625171314
high_debt_burden,app,"Logistic (app, calibrated)",0.5966101694915255,0.31927437641723355,0.5602076856948284,0.5506808625171314
high_debt_burden,app,"Logistic (app, calibrated)",0.5971162001696353,0.31927437641723355,0.5604081834761382,0.5506808625171314
high_debt_burden,app,"Logistic (app, calibrated)",0.5998271391529818,0.31473922902494333,0.5607620092169607,0.5506808625171314
high_debt_burden,app,"Logistic (app, calibrated)",0.5994809688581315,0.3142857142857143,0.5609054352298657,0.5506808625171314
high_debt_burden,app,"Logistic (app, calibrated)",0.5991341991341992,0.3138321995464853,0.5612151983595673,0.5506808625171314
high_debt_burden,app,"Logistic (app, calibrated)",0.5994787141615986,0.3129251700680272,0.5614436711007629,0.5506808625171314
high_debt_burden,app,"Logistic (app, calibrated)",0.6,0.3129251700680272,0.561599681239703,0.5506808625171314
high_debt_burden,app,"Logistic (app, calibrated)",0.5996518711923412,0.31247165532879817,0.5616023781144138,0.5506808625171314
high_debt_burden,app,"Logistic (app, calibrated)",0.5996503496503497,0.3111111111111111,0.5620062260394068,0.5506808625171314
high_debt_burden,app,"Logistic (app, calibrated)",0.5993000874890638,0.31065759637188206,0.5626188927975243,0.5506808625171314
high_debt_burden,app,"Logistic (app, calibrated)",0.5994741454864154,0.31020408163265306,0.5632812672831171,0.5506808625171314
high_debt_burden,app,"Logistic (app, calibrated)",0.6,0.31020408163265306,0.5634567563336447,0.5506808625171314
high_debt_burden,app,"Logistic (app, calibrated)",0.5996488147497805,0.30975056689342406,0.5641057209769154,0.5506808625171314
high_debt_burden,app,"Logistic (app, calibrated)",0.5992970123022847,0.309297052154195,0.5644358627114129,0.5506808625171314
high_debt_burden,app,"Logistic (app, calibrated)",0.5998240985048373,0.309297052154195,0.5645720074945688,0.5506808625171314
high_debt_burden,app,"Logistic (app, calibrated)",0.5987654320987654,0.30793650793650795,0.5646124562894111,0.5506808625171314
high_debt_burden,app,"Logistic (app, calibrated)",0.5984112974404237,0.3074829931972789,0.5648903211046715,0.5506808625171314
high_debt_burden,app,"Logistic (app, calibrated)",0.5980565371024735,0.3070294784580499,0.5651060401234863,0.5506808625171314
high_debt_burden,app,"Logistic (app, calibrated)",0.5985853227232537,0.3070294784580499,0.5651925005492108,0.5506808625171314
high_debt_burden,app,"Logistic (app, calibrated)",0.600177304964539,0.3070294784580499,0.5654086879974718,0.5506808625171314
high_debt_burden,app,"Logistic (app, calibrated)",0.6007098491570542,0.3070294784580499,0.5654233643427428,0.5506808625171314
high_debt_burden,app,"Logistic (app, calibrated)",0.6003552397868561,0.30657596371882084,0.5654922015208531,0.5506808625171314
high_debt_burden,app,"Logistic (app, calibrated)",0.6,0.30612244897959184,0.5655894424228675,0.5506808625171314
high_debt_burden,app,"Logistic (app, calibrated)",0.599644128113879,0.3056689342403628,0.5656659512685074,0.5506808625171314
high_debt_burden,app,"Logistic (app, calibrated)",0.6001780943900267,0.3056689342403628,0.5657221363979292,0.5506808625171314
high_debt_burden,app,"Logistic (app, calibrated)",0.5998217468805704,0.3052154195011338,0.5658636176121318,0.5506808625171314
high_debt_burden,app,"Logistic (app, calibrated)",0.5994647636039251,0.3047619047619048,0.5658654239543579,0.5506808625171314
high_debt_burden,app,"Logistic (app, calibrated)",0.6,0.3047619047619048,0.5659801546213408,0.5506808625171314
high_debt_burden,app,"Logistic (app, calibrated)",0.5992844364937389,0.30385487528344673,0.566463741491566,0.5506808625171314
high_debt_burden,app,"Logistic (app, calibrated)",0.5994623655913979,0.3034013605442177,0.5665327416515057,0.5506808625171314
high_debt_burden,app,"Logistic (app, calibrated)",0.6,0.3034013605442177,0.567097773781945,0.5506808625171314
high_debt_burden,app,"Logistic (app, calibrated)",0.601078167115903,0.3034013605442177,0.5671427869320531,0.5506808625171314
high_debt_burden,app,"Logistic (app, calibrated)",0.6023444544634806,0.3029478458049887,0.5671490222883411,0.5506808625171314
high_debt_burden,app,"Logistic (app, calibrated)",0.6028880866425993,0.3029478458049887,0.5671794536091472,0.5506808625171314
high_debt_burden,app,"Logistic (app, calibrated)",0.6034327009936766,0.3029478458049887,0.5674966126728758,0.5506808625171314
high_debt_burden,app,"Logistic (app, calibrated)",0.6030741410488246,0.3024943310657596,0.5676274301021645,0.5506808625171314
high_debt_burden,app,"Logistic (app, calibrated)",0.6038077969174978,0.3020408163265306,0.5681109932980367,0.5506808625171314
high_debt_burden,app,"Logistic (app, calibrated)",0.603448275862069,0.30158730158730157,0.5684590309337654,0.5506808625171314
high_debt_burden,app,"Logistic (app, calibrated)",0.6047794117647058,0.2984126984126984,0.5686057209769153,0.5506808625171314
high_debt_burden,app,"Logistic (app, calibrated)",0.6025878003696857,0.29569160997732424,0.5686490102387662,0.5506808625171314
high_debt_burden,app,"Logistic (app, calibrated)",0.603145235892692,0.29569160997732424,0.5688128566745879,0.5506808625171314
high_debt_burden,app,"Logistic (app, calibrated)",0.6042830540037244,0.2943310657596372,0.5688510785081702,0.5506808625171314
high_debt_burden,app,"Logistic (app, calibrated)",0.6039142590866728,0.2938775510204082,0.5691362608933774,0.5506808625171314
high_debt_burden,app,"Logistic (app, calibrated)",0.6044776119402985,0.2938775510204082,0.5694204923430537,0.5506808625171314
high_debt_burden,app,"Logistic (app, calibrated)",0.6037383177570094,0.29297052154195014,0.5694463538809527,0.5506808625171314
high_debt_burden,app,"Logistic (app, calibrated)",0.6043030869971936,0.29297052154195014,0.5695136416445822,0.5506808625171314
high_debt_burden,app,"Logistic (app, calibrated)",0.6043233082706767,0.291609977324263,0.5696006400783424,0.5506808625171314
high_debt_burden,app,"Logistic (app, calibrated)",0.6039510818438382,0.291156462585034,0.5698790301746633,0.5506808625171314
high_debt_burden,app,"Logistic (app, calibrated)",0.603578154425612,0.29070294784580497,0.5702926331662092,0.5506808625171314
high_debt_burden,app,"Logistic (app, calibrated)",0.6041470311027333,0.29070294784580497,0.5709422130731536,0.5506808625171314
high_debt_burden,app,"Logistic (app, calibrated)",0.6021505376344086,0.27936507936507937,0.5715182589571471,0.5506808625171314
high_debt_burden,app,"Logistic (app, calibrated)",0.6027397260273972,0.27936507936507937,0.5717963243963051,0.5506808625171314
high_debt_burden,app,"Logistic (app, calibrated)",0.6023506366307542,0.2789115646258503,0.5722745594832201,0.5506808625171314
high_debt_burden,app,"Logistic (app, calibrated)",0.6025515210991168,0.2784580498866213,0.5727040816326531,0.5506808625171314
high_debt_burden,app,"Logistic (app, calibrated)",0.6021611001964636,0.2780045351473923,0.5729958852896642,0.5506808625171314
high_debt_burden,app,"Logistic (app, calibrated)",0.6027531956735497,0.2780045351473923,0.5730514841694305,0.5506808625171314
high_debt_burden,app,"Logistic (app, calibrated)",0.6023622047244095,0.27755102040816326,0.5731476761176385,0.5506808625171314
high_debt_burden,app,"Logistic (app, calibrated)",0.6019704433497537,0.27709750566893426,0.5732773896443822,0.5506808625171314
high_debt_burden,app,"Logistic (app, calibrated)",0.6025641025641025,0.27709750566893426,0.5735779422679858,0.5506808625171314
high_debt_burden,app,"Logistic (app, calibrated)",0.6041666666666666,0.2761904761904762,0.5736388060416766,0.5506808625171314
high_debt_burden,app,"Logistic (app, calibrated)",0.6043737574552683,0.27573696145124715,0.5737433335213329,0.5506808625171314
high_debt_burden,app,"Logistic (app, calibrated)",0.6039800995024875,0.27528344671201815,0.5742319313685604,0.5506808625171314
high_debt_burden,app,"Logistic (app, calibrated)",0.6041874376869392,0.2748299319727891,0.574844598126678,0.5506808625171314
high_debt_burden,app,"Logistic (app, calibrated)",0.6053946053946054,0.2748299319727891,0.5748859333348104,0.5506808625171314
high_debt_burden,app,"Logistic (app, calibrated)",0.606,0.2748299319727891,0.5750262136704583,0.5506808625171314
high_debt_burden,app,"Logistic (app, calibrated)",0.6062124248496994,0.2743764172335601,0.5750756799313994,0.5506808625171314
high_debt_burden,app,"Logistic (app, calibrated)",0.6058174523570712,0.27392290249433104,0.5751159615456551,0.5506808625171314
high_debt_burden,app,"Logistic (app, calibrated)",0.606425702811245,0.27392290249433104,0.5751936343896802,0.5506808625171314
high_debt_burden,app,"Logistic (app, calibrated)",0.6056338028169014,0.273015873015873,0.5753800394112809,0.5506808625171314
high_debt_burden,app,"Logistic (app, calibrated)",0.6052366565961732,0.272562358276644,0.5754897372621119,0.5506808625171314
high_debt_burden,app,"Logistic (app, calibrated)",0.6060606060606061,0.272108843537415,0.5754903026630166,0.5506808625171314
high_debt_burden,app,"Logistic (app, calibrated)",0.6056622851365016,0.27165532879818594,0.5755344640071162,0.5506808625171314
high_debt_burden,app,"Logistic (app, calibrated)",0.6062753036437247,0.27165532879818594,0.575547460130503,0.5506808625171314
high_debt_burden,app,"Logistic (app, calibrated)",0.6063072227873856,0.2702947845804989,0.5756945107223352,0.5506808625171314
high_debt_burden,app,"Logistic (app, calibrated)",0.6071428571428571,0.2698412698412698,0.5758315449591814,0.5506808625171314
high_debt_burden,app,"Logistic (app, calibrated)",0.6077630234933605,0.2698412698412698,0.5759867842064925,0.5506808625171314
high_debt_burden,app,"Logistic (app, calibrated)",0.6073619631901841,0.2693877551020408,0.576152357494722,0.5506808625171314
high_debt_burden,app,"Logistic (app, calibrated)",0.6075819672131147,0.26893424036281177,0.5768011198658085,0.5506808625171314
high_debt_burden,app,"Logistic (app, calibrated)",0.6071794871794872,0.26848072562358277,0.5768448673431092,0.5506808625171314
high_debt_burden,app,"Logistic (app, calibrated)",0.606776180698152,0.2680272108843537,0.5772704201929815,0.5506808625171314
high_debt_burden,app,"Logistic (app, calibrated)",0.6080246913580247,0.2680272108843537,0.5774182058783645,0.5506808625171314
high_debt_burden,app,"Logistic (app, calibrated)",0.6086956521739131,0.26666666666666666,0.5774203186467186,0.5506808625171314
high_debt_burden,app,"Logistic (app, calibrated)",0.6082901554404145,0.26621315192743766,0.5775304031201876,0.5506808625171314
high_debt_burden,app,"Logistic (app, calibrated)",0.6089211618257261,0.26621315192743766,0.5777360695141267,0.5506808625171314
high_debt_burden,app,"Logistic (app, calibrated)",0.6095534787123572,0.26621315192743766,0.5777773896443822,0.5506808625171314
high_debt_burden,app,"Logistic (app, calibrated)",0.61198738170347,0.2639455782312925,0.5779888451975059,0.5506808625171314
high_debt_burden,app,"Logistic (app, calibrated)",0.6126315789473684,0.2639455782312925,0.5780121555104899,0.5506808625171314
high_debt_burden,app,"Logistic (app, calibrated)",0.6128691983122363,0.2634920634920635,0.5780640575922232,0.5506808625171314
high_debt_burden,app,"Logistic (app, calibrated)",0.6124604012671595,0.26303854875283444,0.5782038966963775,0.5506808625171314
high_debt_burden,app,"Logistic (app, calibrated)",0.6126984126984127,0.26258503401360545,0.5785725620399643,0.5506808625171314
high_debt_burden,app,"Logistic (app, calibrated)",0.6122881355932204,0.2621315192743764,0.5788219003163213,0.5506808625171314
high_debt_burden,app,"Logistic (app, calibrated)",0.61211477151966,0.2612244897959184,0.5788437563420907,0.5506808625171314
high_debt_burden,app,"Logistic (app, calibrated)",0.6130063965884861,0.26077097505668934,0.579328972735545,0.5506808625171314
high_debt_burden,app,"Logistic (app, calibrated)",0.6125933831376734,0.26031746031746034,0.5793747276174948,0.5506808625171314
high_debt_burden,app,"Logistic (app, calibrated)",0.6132478632478633,0.26031746031746034,0.579632468124949,0.5506808625171314
high_debt_burden,app,"Logistic (app, calibrated)",0.6145610278372591,0.26031746031746034,0.5797194291388627,0.5506808625171314
high_debt_burden,app,"Logistic (app, calibrated)",0.6141479099678456,0.2598639455782313,0.5797344181832953,0.5506808625171314
high_debt_burden,app,"Logistic (app, calibrated)",0.6137339055793991,0.2594104308390023,0.5798888060416766,0.5506808625171314
high_debt_burden,app,"Logistic (app, calibrated)",0.6133190118152524,0.2589569160997732,0.5800195837567689,0.5506808625171314
high_debt_burden,app,"Logistic (app, calibrated)",0.6129032258064516,0.2585034013605442,0.5800342924054868,0.5506808625171314
high_debt_burden,app,"Logistic (app, calibrated)",0.61248654467169,0.25804988662131517,0.5803170721840647,0.5506808625171314
high_debt_burden,app,"Logistic (app, calibrated)",0.6116504854368932,0.2571428571428571,0.5803531939091425,0.5506808625171314
high_debt_burden,app,"Logistic (app, calibrated)",0.6123110151187905,0.2571428571428571,0.5803734094975914,0.5506808625171314
high_debt_burden,app,"Logistic (app, calibrated)",0.6125541125541125,0.2566893424036281,0.5807899656456852,0.5506808625171314
high_debt_burden,app,"Logistic (app, calibrated)",0.6117136659436009,0.25578231292517006,0.580824026162189,0.5506808625171314
high_debt_burden,app,"Logistic (app, calibrated)",0.6123778501628665,0.25578231292517006,0.582014410924715,0.5506808625171314
high_debt_burden,app,"Logistic (app, calibrated)",0.6137105549510338,0.25578231292517006,0.5821189050414664,0.5506808625171314
high_debt_burden,app,"Logistic (app, calibrated)",0.6143790849673203,0.25578231292517006,0.5821226872997656,0.5506808625171314
high_debt_burden,app,"Logistic (app, calibrated)",0.613958560523446,0.25532879818594106,0.5821593235174468,0.5506808625171314
high_debt_burden,app,"Logistic (app, calibrated)",0.6135371179039302,0.254875283446712,0.5826173730873354,0.5506808625171314
high_debt_burden,app,"Logistic (app, calibrated)",0.6133625410733844,0.25396825396825395,0.5826621639267,0.5506808625171314
high_debt_burden,app,"Logistic (app, calibrated)",0.6129385964912281,0.25351473922902495,0.5836310186588431,0.5506808625171314
high_debt_burden,app,"Logistic (app, calibrated)",0.6130099228224918,0.25215419501133784,0.5841167025655796,0.5506808625171314
high_debt_burden,app,"Logistic (app, calibrated)",0.6125827814569537,0.25170068027210885,0.5841826891886182,0.5506808625171314
high_debt_burden,app,"Logistic (app, calibrated)",0.6132596685082873,0.25170068027210885,0.5843737655647236,0.5506808625171314
high_debt_burden,app,"Logistic (app, calibrated)",0.6128318584070797,0.25124716553287985,0.5846186856658304,0.5506808625171314
high_debt_burden,app,"Logistic (app, calibrated)",0.6135105204872646,0.25124716553287985,0.5847059610729537,0.5506808625171314
high_debt_burden,app,"Logistic (app, calibrated)",0.614190687361419,0.25124716553287985,0.5849683145174583,0.5506808625171314
high_debt_burden,app,"Logistic (app, calibrated)",0.6137624861265261,0.2507936507936508,0.585324026162189,0.5506808625171314
high_debt_burden,app,"Logistic (app, calibrated)",0.6127232142857143,0.24897959183673468,0.585429887385897,0.5506808625171314
high_debt_burden,app,"Logistic (app, calibrated)",0.6122905027932961,0.24852607709750568,0.5855783597980058,0.5506808625171314
high_debt_burden,app,"Logistic (app, calibrated)",0.6129753914988815,0.24852607709750568,0.5856112606171896,0.5506808625171314
high_debt_burden,app,"Logistic (app, calibrated)",0.611672278338945,0.2471655328798186,0.5858036475971394,0.5506808625171314
high_debt_burden,app,"Logistic (app, calibrated)",0.6138165345413363,0.24580498866213152,0.5865791147054111,0.5506808625171314
high_debt_burden,app,"Logistic (app, calibrated)",0.6145124716553289,0.24580498866213152,0.5868628957731997,0.5506808625171314
high_debt_burden,app,"Logistic (app, calibrated)",0.6140749148694665,0.2453514739229025,0.5868946037997179,0.5506808625171314
high_debt_burden,app,"Logistic (app, calibrated)",0.6119402985074627,0.2417233560090703,0.5869897959183673,0.5506808625171314
high_debt_burden,app,"Logistic (app, calibrated)",0.6129032258064516,0.24126984126984127,0.5872484295405406,0.5506808625171314
high_debt_burden,app,"Logistic (app, calibrated)",0.6129779837775203,0.2399092970521542,0.5877601693362697,0.5506808625171314
high_debt_burden,app,"Logistic (app, calibrated)",0.6128654970760234,0.23764172335600908,0.5878143742440678,0.5506808625171314
high_debt_burden,app,"Logistic (app, calibrated)",0.6135831381733021,0.23764172335600908,0.5878637087018715,0.5506808625171314
high_debt_burden,app,"Logistic (app, calibrated)",0.6150234741784038,0.23764172335600908,0.5880797070444924,0.5506808625171314
high_debt_burden,app,"Logistic (app, calibrated)",0.6145710928319624,0.23718820861678006,0.588279227155825,0.5506808625171314
high_debt_burden,app,"Logistic (app, calibrated)",0.6152941176470588,0.23718820861678006,0.5883866382373844,0.5506808625171314
high_debt_burden,app,"Logistic (app, calibrated)",0.6148409893992933,0.23673469387755103,0.5884123810653689,0.5506808625171314
high_debt_burden,app,"Logistic (app, calibrated)",0.6143867924528302,0.236281179138322,0.5888269365836332,0.5506808625171314
high_debt_burden,app,"Logistic (app, calibrated)",0.615112160566706,0.236281179138322,0.5889651874140645,0.5506808625171314
high_debt_burden,app,"Logistic (app, calibrated)",0.6158392434988179,0.236281179138322,0.5892059610729536,0.5506808625171314
high_debt_burden,app,"Logistic (app, calibrated)",0.6135552913198573,0.23401360544217686,0.589214406260236,0.5506808625171314
high_debt_burden,app,"Logistic (app, calibrated)",0.6142857142857143,0.23401360544217686,0.5896001080489852,0.5506808625171314
high_debt_burden,app,"Logistic (app, calibrated)",0.6150178784266984,0.23401360544217686,0.5897136981438703,0.5506808625171314
high_debt_burden,app,"Logistic (app, calibrated)",0.6145584725536993,0.23356009070294784,0.589774889045971,0.5506808625171314
high_debt_burden,app,"Logistic (app, calibrated)",0.6140979689366786,0.2331065759637188,0.5898857921779033,0.5506808625171314
high_debt_burden,app,"Logistic (app, calibrated)",0.6148325358851675,0.2331065759637188,0.5899832719973235,0.5506808625171314
high_debt_burden,app,"Logistic (app, calibrated)",0.61437125748503,0.23265306122448978,0.5901173730873355,0.5506808625171314
high_debt_burden,app,"Logistic (app, calibrated)",0.6151079136690647,0.23265306122448978,0.5902096068562421,0.5506808625171314
high_debt_burden,app,"Logistic (app, calibrated)",0.6158463385354142,0.23265306122448978,0.5905576468452656,0.5506808625171314
high_debt_burden,app,"Logistic (app, calibrated)",0.6153846153846154,0.23219954648526078,0.5909315595619384,0.5506808625171314
high_debt_burden,app,"Logistic (app, calibrated)",0.614921780986763,0.23174603174603176,0.5909995998806133,0.5506808625171314
high_debt_burden,app,"Logistic (app, calibrated)",0.6144578313253012,0.23129251700680273,0.591021750546638,0.5506808625171314
high_debt_burden,app,"Logistic (app, calibrated)",0.6151990349819059,0.23129251700680273,0.5910299421455826,0.5506808625171314
high_debt_burden,app,"Logistic (app, calibrated)",0.6147342995169082,0.2308390022675737,0.591047605645475,0.5506808625171314
high_debt_burden,app,"Logistic (app, calibrated)",0.6119402985074627,0.22312925170068026,0.5912602964126389,0.5506808625171314
high_debt_burden,app,"Logistic (app, calibrated)",0.6127023661270237,0.22312925170068026,0.5914041004557239,0.5506808625171314
high_debt_burden,app,"Logistic (app, calibrated)",0.6122194513715711,0.22267573696145124,0.5916300366300365,0.5506808625171314
high_debt_burden,app,"Logistic (app, calibrated)",0.6129837702871411,0.22267573696145124,0.5917205531668065,0.5506808625171314
high_debt_burden,app,"Logistic (app, calibrated)",0.6125,0.2222222222222222,0.5917487736006043,0.5506808625171314
high_debt_burden,app,"Logistic (app, calibrated)",0.6120150187734669,0.2217687074829932,0.5919696192000521,0.5506808625171314
high_debt_burden,app,"Logistic (app, calibrated)",0.6115288220551378,0.22131519274376418,0.5920532105020875,0.5506808625171314
high_debt_burden,app,"Logistic (app, calibrated)",0.6113207547169811,0.22040816326530613,0.5920743789076293,0.5506808625171314
high_debt_burden,app,"Logistic (app, calibrated)",0.6099110546378653,0.21768707482993196,0.5926672321953979,0.5506808625171314
high_debt_burden,app,"Logistic (app, calibrated)",0.6106870229007634,0.21768707482993196,0.5930041273846054,0.5506808625171314
high_debt_burden,app,"Logistic (app, calibrated)",0.6087516087516087,0.2145124716553288,0.5935225241473578,0.5506808625171314
high_debt_burden,app,"Logistic (app, calibrated)",0.6075129533678757,0.2126984126984127,0.5936292072556328,0.5506808625171314
high_debt_burden,app,"Logistic (app, calibrated)",0.6064935064935065,0.21179138321995464,0.5936673047829453,0.5506808625171314
high_debt_burden,app,"Logistic (app, calibrated)",0.6059817945383615,0.2113378684807256,0.5939449444990847,0.5506808625171314
high_debt_burden,app,"Logistic (app, calibrated)",0.6049543676662321,0.21043083900226758,0.5939830329964555,0.5506808625171314
high_debt_burden,app,"Logistic (app, calibrated)",0.6036745406824147,0.20861678004535147,0.5943579158041692,0.5506808625171314
high_debt_burden,app,"Logistic (app, calibrated)",0.6044678055190539,0.20861678004535147,0.5947117415449918,0.5506808625171314
high_debt_burden,app,"Logistic (app, calibrated)",0.6039473684210527,0.20816326530612245,0.5949510955759292,0.5506808625171314
high_debt_burden,app,"Logistic (app, calibrated)",0.607192254495159,0.19909297052154196,0.5954303326480241,0.5506808625171314
high_debt_burden,app,"Logistic (app, calibrated)",0.6074895977808599,0.19863945578231293,0.5955217505466379,0.5506808625171314
high_debt_burden,app,"Logistic (app, calibrated)",0.6063977746870653,0.19773242630385487,0.5962834419859959,0.5506808625171314
high_debt_burden,app,"Logistic (app, calibrated)",0.6078431372549019,0.19682539682539682,0.5963294313572558,0.5506808625171314
high_debt_burden,app,"Logistic (app, calibrated)",0.6072931276297335,0.1963718820861678,0.5963328902822562,0.5506808625171314
high_debt_burden,app,"Logistic (app, calibrated)",0.6067415730337079,0.19591836734693877,0.5966203956338181,0.5506808625171314
high_debt_burden,app,"Logistic (app, calibrated)",0.6059322033898306,0.1945578231292517,0.5967525975907605,0.5506808625171314
high_debt_burden,app,"Logistic (app, calibrated)",0.6042553191489362,0.19319727891156463,0.596797201233821,0.5506808625171314
high_debt_burden,app,"Logistic (app, calibrated)",0.6036931818181818,0.1927437641723356,0.5973222237102013,0.5506808625171314
high_debt_burden,app,"Logistic (app, calibrated)",0.6031294452347084,0.19229024943310657,0.5974673587318948,0.5506808625171314
high_debt_burden,app,"Logistic (app, calibrated)",0.6025641025641025,0.19183673469387755,0.5977522160241084,0.5506808625171314
high_debt_burden,app,"Logistic (app, calibrated)",0.6014705882352941,0.1854875283446712,0.5977645456014975,0.5506808625171314
high_debt_burden,app,"Logistic (app, calibrated)",0.6008836524300442,0.18503401360544217,0.5983243789076292,0.5506808625171314
high_debt_burden,app,"Logistic (app, calibrated)",0.599406528189911,0.18321995464852608,0.5984551566227214,0.5506808625171314
high_debt_burden,app,"Logistic (app, calibrated)",0.5988112927191679,0.18276643990929706,0.5986923275572746,0.5506808625171314
high_debt_burden,app,"Logistic (app, calibrated)",0.5982142857142857,0.18231292517006803,0.5988089823635441,0.5506808625171314
high_debt_burden,app,"Logistic (app, calibrated)",0.5958083832335329,0.18049886621315192,0.5990845624341752,0.5506808625171314
high_debt_burden,app,"Logistic (app, calibrated)",0.5954545454545455,0.1782312925170068,0.5992258054190381,0.5506808625171314
high_debt_burden,app,"Logistic (app, calibrated)",0.5948406676783005,0.17777777777777778,0.5999751918421844,0.5506808625171314
high_debt_burden,app,"Logistic (app, calibrated)",0.5942249240121581,0.17732426303854876,0.6002681441098253,0.5506808625171314
high_debt_burden,app,"Logistic (app, calibrated)",0.5951293759512938,0.17732426303854876,0.6009617415449918,0.5506808625171314
high_debt_burden,app,"Logistic (app, calibrated)",0.5945121951219512,0.17687074829931973,0.601206432189165,0.5506808625171314
high_debt_burden,app,"Logistic (app, calibrated)",0.5938931297709924,0.1764172335600907,0.6012742906810703,0.5506808625171314
high_debt_burden,app,"Logistic (app, calibrated)",0.5948012232415902,0.1764172335600907,0.6014463450009068,0.5506808625171314
high_debt_burden,app,"Logistic (app, calibrated)",0.5938461538461538,0.17505668934240362,0.6024120799288422,0.5506808625171314
high_debt_burden,app,"Logistic (app, calibrated)",0.5941358024691358,0.1746031746031746,0.6025904949685861,0.5506808625171314
high_debt_burden,app,"Logistic (app, calibrated)",0.5959752321981424,0.1746031746031746,0.602597164553174,0.5506808625171314
high_debt_burden,app,"Logistic (app, calibrated)",0.5972006220839814,0.17414965986394557,0.6028227728648557,0.5506808625171314
high_debt_burden,app,"Logistic (app, calibrated)",0.5965732087227414,0.17369614512471657,0.6030683870644447,0.5506808625171314
high_debt_burden,app,"Logistic (app, calibrated)",0.5978090766823161,0.17324263038548754,0.6031757137298539,0.5506808625171314
high_debt_burden,app,"Logistic (app, calibrated)",0.598116169544741,0.1727891156462585,0.6040215181355573,0.5506808625171314
high_debt_burden,app,"Logistic (app, calibrated)",0.5990566037735849,0.1727891156462585,0.6041844661404755,0.5506808625171314
high_debt_burden,app,"Logistic (app, calibrated)",0.6,0.1727891156462585,0.6043686016679726,0.5506808625171314
high_debt_burden,app,"Logistic (app, calibrated)",0.5987361769352291,0.17188208616780046,0.6046763060689353,0.5506808625171314
high_debt_burden,app,"Logistic (app, calibrated)",0.5996835443037974,0.17188208616780046,0.6047432541500338,0.5506808625171314
high_debt_burden,app,"Logistic (app, calibrated)",0.5984126984126984,0.1709750566893424,0.6047516232005002,0.5506808625171314
high_debt_burden,app,"Logistic (app, calibrated)",0.5987261146496815,0.17052154195011338,0.6047988481484609,0.5506808625171314
high_debt_burden,app,"Logistic (app, calibrated)",0.5964630225080386,0.16825396825396827,0.6048405510640819,0.5506808625171314
high_debt_burden,app,"Logistic (app, calibrated)",0.5974235104669887,0.16825396825396827,0.6050589823635442,0.5506808625171314
high_debt_burden,app,"Logistic (app, calibrated)",0.5993485342019544,0.16689342403628118,0.6052278576059488,0.5506808625171314
high_debt_burden,app,"Logistic (app, calibrated)",0.5960591133004927,0.16462585034013605,0.605492683113772,0.5506808625171314
high_debt_burden,app,"Logistic (app, calibrated)",0.5970394736842105,0.16462585034013605,0.6069526323737809,0.5506808625171314
high_debt_burden,app,"Logistic (app, calibrated)",0.5963756177924218,0.16417233560090702,0.6076560379771777,0.5506808625171314
high_debt_burden,app,"Logistic (app, calibrated)",0.5915254237288136,0.1582766439909297,0.6076963450009067,0.5506808625171314
high_debt_burden,app,"Logistic (app, calibrated)",0.5900514579759862,0.15600907029478459,0.607829832026491,0.5506808625171314
high_debt_burden,app,"Logistic (app, calibrated)",0.5893470790378007,0.15555555555555556,0.6079197044615874,0.5506808625171314
high_debt_burden,app,"Logistic (app, calibrated)",0.5903614457831325,0.15555555555555556,0.6079950215931524,0.5506808625171314
high_debt_burden,app,"Logistic (app, calibrated)",0.5896551724137931,0.15510204081632653,0.6088404949685862,0.5506808625171314
high_debt_burden,app,"Logistic (app, calibrated)",0.5899653979238755,0.1546485260770975,0.6091721083757025,0.5506808625171314
high_debt_burden,app,"Logistic (app, calibrated)",0.5901926444833625,0.1528344671201814,0.6096125597163082,0.5506808625171314
high_debt_burden,app,"Logistic (app, calibrated)",0.5885608856088561,0.14467120181405896,0.6108918459264586,0.5506808625171314
high_debt_burden,app,"Logistic (app, calibrated)",0.589648798521257,0.14467120181405896,0.6111122216663618,0.5506808625171314
high_debt_burden,app,"Logistic (app, calibrated)",0.5884543761638734,0.14331065759637188,0.6113383151883441,0.5506808625171314
high_debt_burden,app,"Logistic (app, calibrated)",0.5876865671641791,0.14285714285714285,0.6114778576059487,0.5506808625171314
high_debt_burden,app,"Logistic (app, calibrated)",0.5737373737373738,0.1287981859410431,0.6119685383564224,0.5506808625171314
high_debt_burden,app,"Logistic (app, calibrated)",0.5748987854251012,0.1287981859410431,0.6123401896367895,0.5506808625171314
high_debt_burden,app,"Logistic (app, calibrated)",0.5740365111561866,0.12834467120181406,0.6123975468603144,0.5506808625171314
high_debt_burden,app,"Logistic (app, calibrated)",0.5752032520325203,0.12834467120181406,0.6126128140054432,0.5506808625171314
high_debt_burden,app,"Logistic (app, calibrated)",0.5763747454175153,0.12834467120181406,0.6134584799437016,0.5506808625171314
high_debt_burden,app,"Logistic (app, calibrated)",0.5775510204081633,0.12834467120181406,0.6137615327856147,0.5506808625171314
high_debt_burden,app,"Logistic (app, calibrated)",0.5766871165644172,0.12789115646258503,0.6140205932241873,0.5506808625171314
high_debt_burden,app,"Logistic (app, calibrated)",0.5781893004115226,0.127437641723356,0.6142844740886246,0.5506808625171314
high_debt_burden,app,"Logistic (app, calibrated)",0.5803757828810021,0.12607709750566892,0.614355620059014,0.5506808625171314
high_debt_burden,app,"Logistic (app, calibrated)",0.5819327731092437,0.12562358276643992,0.6146416020556454,0.5506808625171314
high_debt_burden,app,"Logistic (app, calibrated)",0.5831578947368421,0.12562358276643992,0.6153236081317772,0.5506808625171314
high_debt_burden,app,"Logistic (app, calibrated)",0.5843881856540084,0.12562358276643992,0.6155327068415641,0.5506808625171314
high_debt_burden,app,"Logistic (app, calibrated)",0.5851063829787234,0.12471655328798185,0.6156168204986912,0.5506808625171314
high_debt_burden,app,"Logistic (app, calibrated)",0.584051724137931,0.12290249433106576,0.6160354639996591,0.5506808625171314
high_debt_burden,app,"Logistic (app, calibrated)",0.5853131749460043,0.12290249433106576,0.6165180978264212,0.5506808625171314
high_debt_burden,app,"Logistic (app, calibrated)",0.5844155844155844,0.12244897959183673,0.6166810741951256,0.5506808625171314
high_debt_burden,app,"Logistic (app, calibrated)",0.5835140997830802,0.1219954648526077,0.6173596212678619,0.5506808625171314
high_debt_burden,app,"Logistic (app, calibrated)",0.581140350877193,0.12018140589569161,0.6174728028979605,0.5506808625171314
high_debt_burden,app,"Logistic (app, calibrated)",0.5802197802197803,0.11972789115646258,0.6177609743028571,0.5506808625171314
high_debt_burden,app,"Logistic (app, calibrated)",0.5814977973568282,0.11972789115646258,0.6177657476678837,0.5506808625171314
high_debt_burden,app,"Logistic (app, calibrated)",0.5805739514348786,0.11927437641723355,0.6181160725175142,0.5506808625171314
high_debt_burden,app,"Logistic (app, calibrated)",0.5796460176991151,0.11882086167800454,0.6185299857647977,0.5506808625171314
high_debt_burden,app,"Logistic (app, calibrated)",0.5809312638580931,0.11882086167800454,0.6186823271581687,0.5506808625171314
high_debt_burden,app,"Logistic (app, calibrated)",0.5759637188208617,0.11519274376417234,0.6187761052342162,0.5506808625171314
high_debt_burden,app,"Logistic (app, calibrated)",0.5799086757990868,0.11519274376417234,0.6193461685457781,0.5506808625171314
high_debt_burden,app,"Logistic (app, calibrated)",0.5789473684210527,0.11473922902494331,0.6194594346963623,0.5506808625171314
high_debt_burden,app,"Logistic (app, calibrated)",0.5802752293577982,0.11473922902494331,0.6197160624267888,0.5506808625171314
high_debt_burden,app,"Logistic (app, calibrated)",0.5816091954022988,0.11473922902494331,0.6198005583152071,0.5506808625171314
high_debt_burden,app,"Logistic (app, calibrated)",0.581986143187067,0.11428571428571428,0.6198993038075444,0.5506808625171314
high_debt_burden,app,"Logistic (app, calibrated)",0.5837209302325581,0.11383219954648525,0.6202766975732974,0.5506808625171314
high_debt_burden,app,"Logistic (app, calibrated)",0.585081585081585,0.11383219954648525,0.6205384856422341,0.5506808625171314
high_debt_burden,app,"Logistic (app, calibrated)",0.585480093676815,0.11337868480725624,0.6213311062129769,0.5506808625171314
high_debt_burden,app,"Logistic (app, calibrated)",0.5764411027568922,0.10430839002267574,0.622959460819441,0.5506808625171314
high_debt_burden,app,"Logistic (app, calibrated)",0.5753768844221105,0.10385487528344671,0.6238106343647746,0.5506808625171314
high_debt_burden,app,"Logistic (app, calibrated)",0.5757575757575758,0.10340136054421768,0.6242277107129324,0.5506808625171314
high_debt_burden,app,"Logistic (app, calibrated)",0.5746835443037974,0.10294784580498866,0.6248381236260826,0.5506808625171314
high_debt_burden,app,"Logistic (app, calibrated)",0.5743589743589743,0.10158730158730159,0.6253112267038559,0.5506808625171314
high_debt_burden,app,"Logistic (app, calibrated)",0.5758354755784062,0.10158730158730159,0.6256163616442126,0.5506808625171314
high_debt_burden,app,"Logistic (app, calibrated)",0.5747422680412371,0.10113378684807256,0.6259323135026506,0.5506808625171314
high_debt_burden,app,"Logistic (app, calibrated)",0.5736434108527132,0.10068027210884353,0.6269793555334728,0.5506808625171314
high_debt_burden,app,"Logistic (app, calibrated)",0.572538860103627,0.10022675736961452,0.6270540327574268,0.5506808625171314
high_debt_burden,app,"Logistic (app, calibrated)",0.5729166666666666,0.09977324263038549,0.6271338082969704,0.5506808625171314
high_debt_burden,app,"Logistic (app, calibrated)",0.5718015665796344,0.09931972789115646,0.6282311195399768,0.5506808625171314
high_debt_burden,app,"Logistic (app, calibrated)",0.5721784776902887,0.09886621315192744,0.6285235695073227,0.5506808625171314
high_debt_burden,app,"Logistic (app, calibrated)",0.5710526315789474,0.09841269841269841,0.628554625096508,0.5506808625171314
high_debt_burden,app,"Logistic (app, calibrated)",0.5699208443271768,0.09795918367346938,0.628725250246687,0.5506808625171314
high_debt_burden,app,"Logistic (app, calibrated)",0.5687830687830688,0.09750566893424037,0.6287881926964334,0.5506808625171314
high_debt_burden,app,"Logistic (app, calibrated)",0.5702917771883289,0.09750566893424037,0.6289587946621886,0.5506808625171314
high_debt_burden,app,"Logistic (app, calibrated)",0.5718085106382979,0.09750566893424037,0.6291633220119653,0.5506808625171314
high_debt_burden,app,"Logistic (app, calibrated)",0.5706666666666667,0.09705215419501134,0.629582948276181,0.5506808625171314
high_debt_burden,app,"Logistic (app, calibrated)",0.5710455764075067,0.09659863945578231,0.6296051861604857,0.5506808625171314
high_debt_burden,app,"Logistic (app, calibrated)",0.5698924731182796,0.09614512471655329,0.629731711879058,0.5506808625171314
high_debt_burden,app,"Logistic (app, calibrated)",0.5702702702702702,0.09569160997732426,0.6309173669467787,0.5506808625171314
high_debt_burden,app,"Logistic (app, calibrated)",0.5691056910569106,0.09523809523809523,0.6314745179326289,0.5506808625171314
high_debt_burden,app,"Logistic (app, calibrated)",0.569364161849711,0.08934240362811792,0.6315394700153115,0.5506808625171314
high_debt_burden,app,"Logistic (app, calibrated)",0.5730994152046783,0.08888888888888889,0.6328543028935771,0.5506808625171314
high_debt_burden,app,"Logistic (app, calibrated)",0.5747800586510264,0.08888888888888889,0.6329751102717102,0.5506808625171314
high_debt_burden,app,"Logistic (app, calibrated)",0.5604395604395604,0.06938775510204082,0.6336999574023158,0.5506808625171314
high_debt_burden,app,"Logistic (app, calibrated)",0.5625,0.06938775510204082,0.6340655036208032,0.5506808625171314
high_debt_burden,app,"Logistic (app, calibrated)",0.5592592592592592,0.06848072562358276,0.6351039821701177,0.5506808625171314
high_debt_burden,app,"Logistic (app, calibrated)",0.5542635658914729,0.06485260770975057,0.6357640495520085,0.5506808625171314
high_debt_burden,app,"Logistic (app, calibrated)",0.5525291828793775,0.06439909297052154,0.6357733869552442,0.5506808625171314
high_debt_burden,app,"Logistic (app, calibrated)",0.5546875,0.06439909297052154,0.6363943284187996,0.5506808625171314
high_debt_burden,app,"Logistic (app, calibrated)",0.5529411764705883,0.06394557823129252,0.6366051861604858,0.5506808625171314
high_debt_burden,app,"Logistic (app, calibrated)",0.5551181102362205,0.06394557823129252,0.6366316526610645,0.5506808625171314
high_debt_burden,app,"Logistic (app, calibrated)",0.5555555555555556,0.06349206349206349,0.6367446400475635,0.5506808625171314
high_debt_burden,app,"Logistic (app, calibrated)",0.5611814345991561,0.06031746031746032,0.6378886653194904,0.5506808625171314
high_debt_burden,app,"Logistic (app, calibrated)",0.5635593220338984,0.06031746031746032,0.6381999574023157,0.5506808625171314
high_debt_burden,app,"Logistic (app, calibrated)",0.5550660792951542,0.05714285714285714,0.6382608254802087,0.5506808625171314
high_debt_burden,app,"Logistic (app, calibrated)",0.5575221238938053,0.05714285714285714,0.6389372721718678,0.5506808625171314
high_debt_burden,app,"Logistic (app, calibrated)",0.5555555555555556,0.05668934240362812,0.6395574234656641,0.5506808625171314
high_debt_burden,app,"Logistic (app, calibrated)",0.5520361990950227,0.055328798185941046,0.6395715512748275,0.5506808625171314
high_debt_burden,app,"Logistic (app, calibrated)",0.55,0.05487528344671202,0.6395829307805374,0.5506808625171314
high_debt_burden,app,"Logistic (app, calibrated)",0.547945205479452,0.05442176870748299,0.6424653959412374,0.5506808625171314
high_debt_burden,app,"Logistic (app, calibrated)",0.5509259259259259,0.05396825396825397,0.6448098645230587,0.5506808625171314
high_debt_burden,app,"Logistic (app, calibrated)",0.5467289719626168,0.053061224489795916,0.644833816993869,0.5506808625171314
high_debt_burden,app,"Logistic (app, calibrated)",0.5424528301886793,0.05215419501133787,0.6451816830416631,0.5506808625171314
high_debt_burden,app,"Logistic (app, calibrated)",0.5428571428571428,0.05170068027210884,0.6456735229701228,0.5506808625171314
high_debt_burden,app,"Logistic (app, calibrated)",0.5454545454545454,0.05170068027210884,0.6457635718916631,0.5506808625171314
high_debt_burden,app,"Logistic (app, calibrated)",0.5487179487179488,0.04852607709750567,0.646576354679803,0.5506808625171314
high_debt_burden,app,"Logistic (app, calibrated)",0.5463917525773195,0.048072562358276644,0.6466063037663558,0.5506808625171314
high_debt_burden,app,"Logistic (app, calibrated)",0.5549738219895288,0.048072562358276644,0.6467650339250859,0.5506808625171314
high_debt_burden,app,"Logistic (app, calibrated)",0.5555555555555556,0.047619047619047616,0.6469175251837319,0.5506808625171314
high_debt_burden,app,"Logistic (app, calibrated)",0.5531914893617021,0.047165532879818596,0.6479058397552568,0.5506808625171314
high_debt_burden,app,"Logistic (app, calibrated)",0.5561497326203209,0.047165532879818596,0.6484624622504211,0.5506808625171314
high_debt_burden,app,"Logistic (app, calibrated)",0.5591397849462365,0.047165532879818596,0.6486809771420313,0.5506808625171314
high_debt_burden,app,"Logistic (app, calibrated)",0.5567567567567567,0.04671201814058957,0.6492633058186053,0.5506808625171314
high_debt_burden,app,"Logistic (app, calibrated)",0.5628415300546448,0.04671201814058957,0.6496814792199764,0.5506808625171314
high_debt_burden,app,"Logistic (app, calibrated)",0.5604395604395604,0.04625850340136054,0.6518098645230588,0.5506808625171314
high_debt_burden,app,"Logistic (app, calibrated)",0.5674157303370787,0.04580498866213152,0.6518134485133404,0.5506808625171314
high_debt_burden,app,"Logistic (app, calibrated)",0.5649717514124294,0.045351473922902494,0.6520451864956509,0.5506808625171314
high_debt_burden,app,"Logistic (app, calibrated)",0.5783132530120482,0.04353741496598639,0.6528616943638317,0.5506808625171314
high_debt_burden,app,"Logistic (app, calibrated)",0.5818181818181818,0.04353741496598639,0.6531025830282668,0.5506808625171314
high_debt_burden,app,"Logistic (app, calibrated)",0.5853658536585366,0.04353741496598639,0.654905839755257,0.5506808625171314
high_debt_burden,app,"Logistic (app, calibrated)",0.5789473684210527,0.039909297052154194,0.6562633058186054,0.5506808625171314
high_debt_burden,app,"Logistic (app, calibrated)",0.6224489795918368,0.027664399092970523,0.6571921433202345,0.5506808625171314
high_debt_burden,app,"Logistic (app, calibrated)",0.6263736263736264,0.02585034013605442,0.6575966391519386,0.5506808625171314
high_debt_burden,app,"Logistic (app, calibrated)",0.6363636363636364,0.025396825396825397,0.6576909598510119,0.5506808625171314
high_debt_burden,app,"Logistic (app, calibrated)",0.6436781609195402,0.025396825396825397,0.6578800957400758,0.5506808625171314
high_debt_burden,app,"Logistic (app, calibrated)",0.6395348837209303,0.024943310657596373,0.6594334975369458,0.5506808625171314
high_debt_burden,app,"Logistic (app, calibrated)",0.6352941176470588,0.024489795918367346,0.6594634466234985,0.5506808625171314
high_debt_burden,app,"Logistic (app, calibrated)",0.6309523809523809,0.024036281179138322,0.6595455668737592,0.5506808625171314
high_debt_burden,app,"Logistic (app, calibrated)",0.6265060240963856,0.023582766439909298,0.6609007120283271,0.5506808625171314
high_debt_burden,app,"Logistic (app, calibrated)",0.6219512195121951,0.02312925170068027,0.662670831388506,0.5506808625171314
high_debt_burden,app,"Logistic (app, calibrated)",0.6172839506172839,0.022675736961451247,0.6632622901829833,0.5506808625171314
high_debt_burden,app,"Logistic (app, calibrated)",0.6125,0.022222222222222223,0.6633167177667114,0.5506808625171314
high_debt_burden,app,"Logistic (app, calibrated)",0.620253164556962,0.022222222222222223,0.6636365777080062,0.5506808625171314
high_debt_burden,app,"Logistic (app, calibrated)",0.6153846153846154,0.021768707482993196,0.6638673950164554,0.5506808625171314
high_debt_burden,app,"Logistic (app, calibrated)",0.6233766233766234,0.021768707482993196,0.6649699110413396,0.5506808625171314
high_debt_burden,app,"Logistic (app, calibrated)",0.6428571428571429,0.02040816326530612,0.6675340136054422,0.5506808625171314
high_debt_burden,app,"Logistic (app, calibrated)",0.6470588235294118,0.019954648526077097,0.6698244663663492,0.5506808625171314
high_debt_burden,app,"Logistic (app, calibrated)",0.6417910447761194,0.019501133786848073,0.6703893725494247,0.5506808625171314
high_debt_burden,app,"Logistic (app, calibrated)",0.6363636363636364,0.01904761904761905,0.674904468971031,0.5506808625171314
high_debt_burden,app,"Logistic (app, calibrated)",0.6307692307692307,0.018594104308390022,0.6799025347844055,0.5506808625171314
high_debt_burden,app,"Logistic (app, calibrated)",0.640625,0.018594104308390022,0.680102317962298,0.5506808625171314
high_debt_burden,app,"Logistic (app, calibrated)",0.6349206349206349,0.018140589569160998,0.6859992931045563,0.5506808625171314
high_debt_burden,app,"Logistic (app, calibrated)",0.6229508196721312,0.017233560090702947,0.6866033269757204,0.5506808625171314
high_debt_burden,app,"Logistic (app, calibrated)",0.6166666666666667,0.016780045351473923,0.6879760207055308,0.5506808625171314
high_debt_burden,app,"Logistic (app, calibrated)",0.6101694915254238,0.0163265306122449,0.6927397839826096,0.5506808625171314
high_debt_burden,app,"Logistic (app, calibrated)",0.603448275862069,0.015873015873015872,0.695203081232493,0.5506808625171314
high_debt_burden,app,"Logistic (app, calibrated)",0.5961538461538461,0.014058956916099773,0.6960460577673693,0.5506808625171314
high_debt_burden,app,"Logistic (app, calibrated)",0.5918367346938775,0.013151927437641724,0.698697705802969,0.5506808625171314
high_debt_burden,app,"Logistic (app, calibrated)",0.6041666666666666,0.013151927437641724,0.7016701607267646,0.5506808625171314
high_debt_burden,app,"Logistic (app, calibrated)",0.5957446808510638,0.012698412698412698,0.7018288908854947,0.5506808625171314
high_debt_burden,app,"Logistic (app, calibrated)",0.6,0.012244897959183673,0.7032428645560315,0.5506808625171314
high_debt_burden,app,"Logistic (app, calibrated)",0.6136363636363636,0.012244897959183673,0.7041666666666666,0.5506808625171314
high_debt_burden,app,"Logistic (app, calibrated)",0.6,0.010884353741496598,0.7042532613585245,0.5506808625171314
high_debt_burden,app,"Logistic (app, calibrated)",0.6153846153846154,0.010884353741496598,0.7056292517006802,0.5506808625171314
high_debt_burden,app,"Logistic (app, calibrated)",0.6052631578947368,0.010430839002267574,0.7066779039820433,0.5506808625171314
high_debt_burden,app,"Logistic (app, calibrated)",0.5945945945945946,0.009977324263038548,0.7074746291959407,0.5506808625171314
high_debt_burden,app,"Logistic (app, calibrated)",0.5833333333333334,0.009523809523809525,0.7084955575521613,0.5506808625171314
high_debt_burden,app,"Logistic (app, calibrated)",0.6,0.009523809523809525,0.7134600422960519,0.5506808625171314
high_debt_burden,app,"Logistic (app, calibrated)",0.5882352941176471,0.009070294784580499,0.7138088402100846,0.5506808625171314
high_debt_burden,app,"Logistic (app, calibrated)",0.5757575757575758,0.008616780045351474,0.713819577373378,0.5506808625171314
high_debt_burden,app,"Logistic (app, calibrated)",0.59375,0.008616780045351474,0.7160128828140924,0.5506808625171314
high_debt_burden,app,"Logistic (app, calibrated)",0.5806451612903226,0.00816326530612245,0.7175998287900966,0.5506808625171314
high_debt_burden,app,"Logistic (app, calibrated)",0.6,0.00816326530612245,0.7202728864609835,0.5506808625171314
high_debt_burden,app,"Logistic (app, calibrated)",0.5862068965517241,0.007709750566893424,0.7211939702505741,0.5506808625171314
high_debt_burden,app,"Logistic (app, calibrated)",0.5416666666666666,0.0058956916099773245,0.7253130572592489,0.5506808625171314
high_debt_burden,app,"Logistic (app, calibrated)",0.5217391304347826,0.005442176870748299,0.732295918367347,0.5506808625171314
high_debt_burden,app,"Logistic (app, calibrated)",0.5238095238095238,0.004988662131519274,0.7364911330330159,0.5506808625171314
high_debt_burden,app,"Logistic (app, calibrated)",0.55,0.004988662131519274,0.7589923321351313,0.5506808625171314
high_debt_burden,app,"Logistic (app, calibrated)",0.5789473684210527,0.004988662131519274,0.7603414776016908,0.5506808625171314
high_debt_burden,app,"Logistic (app, calibrated)",0.5555555555555556,0.0045351473922902496,0.7819783487996532,0.5506808625171314
high_debt_burden,app,"Logistic (app, calibrated)",0.5882352941176471,0.0045351473922902496,0.7845238095238096,0.5506808625171314
high_debt_burden,app,"Logistic (app, calibrated)",0.625,0.0045351473922902496,0.7894387755102041,0.5506808625171314
high_debt_burden,app,"Logistic (app, calibrated)",0.6666666666666666,0.0045351473922902496,0.7952680443246481,0.5506808625171314
high_debt_burden,app,"Logistic (app, calibrated)",0.6428571428571429,0.004081632653061225,0.8002131567851833,0.5506808625171314
high_debt_burden,app,"Logistic (app, calibrated)",0.6153846153846154,0.0036281179138321997,0.8130952380952381,0.5506808625171314
high_debt_burden,app,"Logistic (app, calibrated)",0.4444444444444444,0.0018140589569160999,0.856292697833605,0.5506808625171314
high_debt_burden,app,"Logistic (app, calibrated)",0.375,0.0013605442176870747,0.8598516185060102,0.5506808625171314
high_debt_burden,app,"Logistic (app, calibrated)",0.42857142857142855,0.0013605442176870747,0.8639285714285714,0.5506808625171314
high_debt_burden,app,"Logistic (app, calibrated)",0.4,0.0009070294784580499,0.8730458221024259,0.5506808625171314
high_debt_burden,app,"Logistic (app, calibrated)",0.5,0.0009070294784580499,0.8760682998294362,0.5506808625171314
high_debt_burden,app,"Logistic (app, calibrated)",0.6666666666666666,0.0009070294784580499,0.9055434529764572,0.5506808625171314
high_debt_burden,app,"Logistic (app, calibrated)",1.0,0.0009070294784580499,0.9428571428571428,0.5506808625171314
high_debt_burden,app,"Logistic (app, calibrated)",1.0,0.0,,0.5506808625171314
