outcome,feature_set,model,y_true,y_score
default,app,"Logistic (app, calibrated)",0,0.03531615954857492
default,app,"Logistic (app, calibrated)",0,0.011443178583351664
default,app,"Logistic (app, calibrated)",0,0.02493145854612643
default,app,"Logistic (app, calibrated)",0,0.01192366780874479
default,app,"Logistic (app, calibrated)",0,0.01408213541645707
default,app,"Logistic (app, calibrated)",0,0.04011054806043508
default,app,"Logistic (app, calibrated)",0,0.04211581643581665
default,app,"Logistic (app, calibrated)",0,0.0028125870231133386
default,app,"Logistic (app, calibrated)",0,0.0035714285714285713
default,app,"Logistic (app, calibrated)",0,0.020461006134953903
default,app,"Logistic (app, calibrated)",0,0.028855311197433408
default,app,"Logistic (app, calibrated)",0,0.015137998466909098
default,app,"Logistic (app, calibrated)",0,0.0017391304347826088
default,app,"Logistic (app, calibrated)",0,0.040145396511135766
default,app,"Logistic (app, calibrated)",0,0.03218345444383278
default,app,"Logistic (app, calibrated)",0,0.0079009594089808
default,app,"Logistic (app, calibrated)",0,0.0853027122690044
default,app,"Logistic (app, calibrated)",0,0.0028125870231133386
default,app,"Logistic (app, calibrated)",0,0.03093856155875393
default,app,"Logistic (app, calibrated)",0,0.05587750353358967
default,app,"Logistic (app, calibrated)",0,0.01764154790204807
default,app,"Logistic (app, calibrated)",0,0.04211581643581665
default,app,"Logistic (app, calibrated)",0,0.030423171710853604
default,app,"Logistic (app, calibrated)",0,0.0
default,app,"Logistic (app, calibrated)",0,0.040145396511135766
default,app,"Logistic (app, calibrated)",0,0.012556245920258158
default,app,"Logistic (app, calibrated)",0,0.0754275376738022
default,app,"Logistic (app, calibrated)",0,0.02345758039613352
default,app,"Logistic (app, calibrated)",0,0.015980782773970314
default,app,"Logistic (app, calibrated)",0,0.01712767280162057
default,app,"Logistic (app, calibrated)",0,0.01056087340269316
default,app,"Logistic (app, calibrated)",0,0.0028125870231133386
default,app,"Logistic (app, calibrated)",0,0.026745562255543948
default,app,"Logistic (app, calibrated)",0,0.07454706325196611
default,app,"Logistic (app, calibrated)",0,0.01689171136419514
default,app,"Logistic (app, calibrated)",0,0.039239117376285416
default,app,"Logistic (app, calibrated)",0,0.03145881739265433
default,app,"Logistic (app, calibrated)",0,0.019341555567195755
default,app,"Logistic (app, calibrated)",0,0.042803258709407724
default,app,"Logistic (app, calibrated)",0,0.019922226860779983
default,app,"Logistic (app, calibrated)",0,0.016646292238496136
default,app,"Logistic (app, calibrated)",0,0.024743585143523168
default,app,"Logistic (app, calibrated)",0,0.011245664740441098
default,app,"Logistic (app, calibrated)",0,0.06996877995394002
default,app,"Logistic (app, calibrated)",0,0.01712767280162057
default,app,"Logistic (app, calibrated)",0,0.013417896276162614
default,app,"Logistic (app, calibrated)",0,0.04483541999902826
default,app,"Logistic (app, calibrated)",0,0.05546576103539388
default,app,"Logistic (app, calibrated)",0,0.013730395643373323
default,app,"Logistic (app, calibrated)",0,0.007220443327888249
default,app,"Logistic (app, calibrated)",0,0.002584097859327217
default,app,"Logistic (app, calibrated)",0,0.038749799126034726
default,app,"Logistic (app, calibrated)",0,0.03291843375024066
default,app,"Logistic (app, calibrated)",0,0.01085590639061799
default,app,"Logistic (app, calibrated)",0,0.03903517736572039
default,app,"Logistic (app, calibrated)",0,0.05903887150828295
default,app,"Logistic (app, calibrated)",0,0.007220443327888249
default,app,"Logistic (app, calibrated)",0,0.016214782505624015
default,app,"Logistic (app, calibrated)",0,0.08068306566822572
default,app,"Logistic (app, calibrated)",0,0.0009433962264150943
default,app,"Logistic (app, calibrated)",0,0.016946903847243046
default,app,"Logistic (app, calibrated)",0,0.00672685521734393
default,app,"Logistic (app, calibrated)",0,0.0028169014084507044
default,app,"Logistic (app, calibrated)",0,0.015520138450818993
default,app,"Logistic (app, calibrated)",0,0.008455459716259241
default,app,"Logistic (app, calibrated)",0,0.09378626107977436
default,app,"Logistic (app, calibrated)",0,0.015520138450818993
default,app,"Logistic (app, calibrated)",0,0.011987481109259856
default,app,"Logistic (app, calibrated)",0,0.02345758039613352
default,app,"Logistic (app, calibrated)",0,0.04617761366531574
default,app,"Logistic (app, calibrated)",0,0.053080629344859166
default,app,"Logistic (app, calibrated)",0,0.028757685375822233
default,app,"Logistic (app, calibrated)",0,0.009979625571829468
default,app,"Logistic (app, calibrated)",0,0.026482604690912147
default,app,"Logistic (app, calibrated)",0,0.029979252690889913
default,app,"Logistic (app, calibrated)",0,0.011245664740441098
default,app,"Logistic (app, calibrated)",0,0.059613774551528345
default,app,"Logistic (app, calibrated)",0,0.04421034026947092
default,app,"Logistic (app, calibrated)",0,0.02606341175248335
default,app,"Logistic (app, calibrated)",0,0.04448883954158507
default,app,"Logistic (app, calibrated)",0,0.008138200791473829
default,app,"Logistic (app, calibrated)",0,0.011506991883866727
default,app,"Logistic (app, calibrated)",0,0.050118772026240634
default,app,"Logistic (app, calibrated)",0,0.002684563758389261
default,app,"Logistic (app, calibrated)",0,0.0009433962264150943
default,app,"Logistic (app, calibrated)",0,0.053959559508576324
default,app,"Logistic (app, calibrated)",0,0.053080629344859166
default,app,"Logistic (app, calibrated)",0,0.034329153499692865
default,app,"Logistic (app, calibrated)",0,0.002797331492983667
default,app,"Logistic (app, calibrated)",0,0.05218181202584612
default,app,"Logistic (app, calibrated)",0,0.019310022019207555
default,app,"Logistic (app, calibrated)",0,0.016806811980659222
default,app,"Logistic (app, calibrated)",0,0.020008128337038966
default,app,"Logistic (app, calibrated)",0,0.045658007237789476
default,app,"Logistic (app, calibrated)",0,0.026482604690912147
default,app,"Logistic (app, calibrated)",0,0.0009433962264150943
default,app,"Logistic (app, calibrated)",0,0.020077182387502446
default,app,"Logistic (app, calibrated)",0,0.0
default,app,"Logistic (app, calibrated)",0,0.05546576103539388
default,app,"Logistic (app, calibrated)",0,0.0036279599848043553
default,app,"Logistic (app, calibrated)",0,0.05347518649532508
default,app,"Logistic (app, calibrated)",0,0.0
default,app,"Logistic (app, calibrated)",0,0.14939685567349262
default,app,"Logistic (app, calibrated)",0,0.020077182387502446
default,app,"Logistic (app, calibrated)",0,0.003061224489795918
default,app,"Logistic (app, calibrated)",0,0.028855311197433408
default,app,"Logistic (app, calibrated)",0,0.0389102352897822
default,app,"Logistic (app, calibrated)",0,0.05903887150828295
default,app,"Logistic (app, calibrated)",0,0.01890133581431349
default,app,"Logistic (app, calibrated)",0,0.006097036218565647
default,app,"Logistic (app, calibrated)",0,0.0
default,app,"Logistic (app, calibrated)",0,0.013861489238364083
default,app,"Logistic (app, calibrated)",0,0.016955524664710203
default,app,"Logistic (app, calibrated)",0,0.016214782505624015
default,app,"Logistic (app, calibrated)",0,0.03664487108990374
default,app,"Logistic (app, calibrated)",0,0.047866183072819646
default,app,"Logistic (app, calibrated)",0,0.02086527119418182
default,app,"Logistic (app, calibrated)",0,0.015057227460584771
default,app,"Logistic (app, calibrated)",0,0.053080629344859166
default,app,"Logistic (app, calibrated)",0,0.026482604690912147
default,app,"Logistic (app, calibrated)",0,0.016946903847243046
default,app,"Logistic (app, calibrated)",0,0.01085590639061799
default,app,"Logistic (app, calibrated)",0,0.022994326029890415
default,app,"Logistic (app, calibrated)",0,0.0560720825000276
default,app,"Logistic (app, calibrated)",0,0.014744723389689646
default,app,"Logistic (app, calibrated)",0,0.005045636320865679
default,app,"Logistic (app, calibrated)",0,0.028757685375822233
default,app,"Logistic (app, calibrated)",0,0.03204566723523266
default,app,"Logistic (app, calibrated)",0,0.0
default,app,"Logistic (app, calibrated)",0,0.0009433962264150943
default,app,"Logistic (app, calibrated)",0,0.05944159343560858
default,app,"Logistic (app, calibrated)",0,0.01599864680429993
default,app,"Logistic (app, calibrated)",0,0.06580454807593972
default,app,"Logistic (app, calibrated)",0,0.02292268822898988
default,app,"Logistic (app, calibrated)",0,0.05587750353358967
default,app,"Logistic (app, calibrated)",0,0.020077182387502446
default,app,"Logistic (app, calibrated)",0,0.02493145854612643
default,app,"Logistic (app, calibrated)",0,0.04011054806043508
default,app,"Logistic (app, calibrated)",0,0.027850642266405136
default,app,"Logistic (app, calibrated)",0,0.02730416505264769
default,app,"Logistic (app, calibrated)",0,0.03377545648709371
default,app,"Logistic (app, calibrated)",0,0.03060438751850794
default,app,"Logistic (app, calibrated)",0,0.013106480238083931
default,app,"Logistic (app, calibrated)",0,0.04011054806043508
default,app,"Logistic (app, calibrated)",0,0.059613774551528345
default,app,"Logistic (app, calibrated)",0,0.018345795590746467
default,app,"Logistic (app, calibrated)",0,0.003061224489795918
default,app,"Logistic (app, calibrated)",0,0.01867238824877504
default,app,"Logistic (app, calibrated)",0,0.04092235841006049
default,app,"Logistic (app, calibrated)",0,0.01258950705489488
default,app,"Logistic (app, calibrated)",0,0.018532466940347974
default,app,"Logistic (app, calibrated)",0,0.0009433962264150943
default,app,"Logistic (app, calibrated)",0,0.011245664740441098
default,app,"Logistic (app, calibrated)",0,0.05349848763954905
default,app,"Logistic (app, calibrated)",0,0.010959063384515967
default,app,"Logistic (app, calibrated)",0,0.00659376986649714
default,app,"Logistic (app, calibrated)",0,0.0036279599848043553
default,app,"Logistic (app, calibrated)",0,0.027817572067939573
default,app,"Logistic (app, calibrated)",0,0.05968314403647788
default,app,"Logistic (app, calibrated)",1,0.07253066688400071
default,app,"Logistic (app, calibrated)",0,0.013514156483485145
default,app,"Logistic (app, calibrated)",0,0.026482604690912147
default,app,"Logistic (app, calibrated)",0,0.0036279599848043553
default,app,"Logistic (app, calibrated)",0,0.016214782505624015
default,app,"Logistic (app, calibrated)",0,0.011443178583351664
default,app,"Logistic (app, calibrated)",0,0.03414019106888693
default,app,"Logistic (app, calibrated)",0,0.0
default,app,"Logistic (app, calibrated)",0,0.019922226860779983
default,app,"Logistic (app, calibrated)",0,0.007974970490866115
default,app,"Logistic (app, calibrated)",0,0.03903517736572039
default,app,"Logistic (app, calibrated)",0,0.04620665133559645
default,app,"Logistic (app, calibrated)",0,0.00751120105915769
default,app,"Logistic (app, calibrated)",0,0.01192366780874479
default,app,"Logistic (app, calibrated)",0,0.040145396511135766
default,app,"Logistic (app, calibrated)",0,0.027836241860754347
default,app,"Logistic (app, calibrated)",0,0.0382720598518421
default,app,"Logistic (app, calibrated)",1,0.019310022019207555
default,app,"Logistic (app, calibrated)",0,0.016955524664710203
default,app,"Logistic (app, calibrated)",0,0.01434197846375721
default,app,"Logistic (app, calibrated)",0,0.040145396511135766
default,app,"Logistic (app, calibrated)",0,0.0
default,app,"Logistic (app, calibrated)",0,0.010688651420373797
default,app,"Logistic (app, calibrated)",0,0.015832642521714117
default,app,"Logistic (app, calibrated)",0,0.0028169014084507044
default,app,"Logistic (app, calibrated)",0,0.02625475092973802
default,app,"Logistic (app, calibrated)",0,0.013521797705300109
default,app,"Logistic (app, calibrated)",0,0.03365699398858206
default,app,"Logistic (app, calibrated)",0,0.029122229954036866
default,app,"Logistic (app, calibrated)",0,0.007308230296152654
default,app,"Logistic (app, calibrated)",0,0.013899173423805556
default,app,"Logistic (app, calibrated)",0,0.05163088895517258
default,app,"Logistic (app, calibrated)",0,0.02657768466942883
default,app,"Logistic (app, calibrated)",0,0.019310022019207555
default,app,"Logistic (app, calibrated)",0,0.03982320599662782
default,app,"Logistic (app, calibrated)",0,0.018532466940347974
default,app,"Logistic (app, calibrated)",0,0.011443178583351664
default,app,"Logistic (app, calibrated)",0,0.0
default,app,"Logistic (app, calibrated)",0,0.0028125870231133386
default,app,"Logistic (app, calibrated)",0,0.0035714285714285713
default,app,"Logistic (app, calibrated)",0,0.0009433962264150943
default,app,"Logistic (app, calibrated)",0,0.01758892062448501
default,app,"Logistic (app, calibrated)",0,0.06282592281108287
default,app,"Logistic (app, calibrated)",0,0.007974970490866115
default,app,"Logistic (app, calibrated)",0,0.01819232559015675
default,app,"Logistic (app, calibrated)",0,0.053363206918006556
default,app,"Logistic (app, calibrated)",0,0.0009433962264150943
default,app,"Logistic (app, calibrated)",0,0.016200997501732338
default,app,"Logistic (app, calibrated)",0,0.020077182387502446
default,app,"Logistic (app, calibrated)",0,0.02345758039613352
default,app,"Logistic (app, calibrated)",1,0.04948910039022988
default,app,"Logistic (app, calibrated)",0,0.012140387843641536
default,app,"Logistic (app, calibrated)",0,0.02035204821887814
default,app,"Logistic (app, calibrated)",0,0.02657768466942883
default,app,"Logistic (app, calibrated)",0,0.04596565187180089
default,app,"Logistic (app, calibrated)",0,0.004479664206107975
default,app,"Logistic (app, calibrated)",0,0.03204566723523266
default,app,"Logistic (app, calibrated)",0,0.0043447567706327815
default,app,"Logistic (app, calibrated)",0,0.022363652733603606
default,app,"Logistic (app, calibrated)",0,0.05903887150828295
default,app,"Logistic (app, calibrated)",0,0.0009900990099009901
default,app,"Logistic (app, calibrated)",0,0.0028169014084507044
default,app,"Logistic (app, calibrated)",0,0.040145396511135766
default,app,"Logistic (app, calibrated)",0,0.07092116090632097
default,app,"Logistic (app, calibrated)",0,0.027774513381971472
default,app,"Logistic (app, calibrated)",0,0.04011054806043508
default,app,"Logistic (app, calibrated)",0,0.025026925372305726
default,app,"Logistic (app, calibrated)",0,0.02625475092973802
default,app,"Logistic (app, calibrated)",0,0.02884008608919822
default,app,"Logistic (app, calibrated)",0,0.03414019106888693
default,app,"Logistic (app, calibrated)",0,0.027571083809251145
default,app,"Logistic (app, calibrated)",0,0.03932699774645466
default,app,"Logistic (app, calibrated)",0,0.003061224489795918
default,app,"Logistic (app, calibrated)",0,0.007029320529022043
default,app,"Logistic (app, calibrated)",0,0.007974970490866115
default,app,"Logistic (app, calibrated)",0,0.041618725022080916
default,app,"Logistic (app, calibrated)",0,0.03700752728296171
default,app,"Logistic (app, calibrated)",0,0.016946903847243046
default,app,"Logistic (app, calibrated)",0,0.027774513381971472
default,app,"Logistic (app, calibrated)",0,0.0035714285714285713
default,app,"Logistic (app, calibrated)",0,0.023330068937527027
default,app,"Logistic (app, calibrated)",0,0.04483541999902826
default,app,"Logistic (app, calibrated)",0,0.015832642521714117
default,app,"Logistic (app, calibrated)",0,0.02799515956006446
default,app,"Logistic (app, calibrated)",0,0.02277367985179743
default,app,"Logistic (app, calibrated)",0,0.0028125870231133386
default,app,"Logistic (app, calibrated)",0,0.05738730718596926
default,app,"Logistic (app, calibrated)",0,0.035198786092901904
default,app,"Logistic (app, calibrated)",0,0.0
default,app,"Logistic (app, calibrated)",0,0.020008128337038966
default,app,"Logistic (app, calibrated)",0,0.05903887150828295
default,app,"Logistic (app, calibrated)",0,0.03504217603219274
default,app,"Logistic (app, calibrated)",0,0.026482604690912147
default,app,"Logistic (app, calibrated)",0,0.04150258841518437
default,app,"Logistic (app, calibrated)",0,0.031081432444944122
default,app,"Logistic (app, calibrated)",0,0.007974970490866115
default,app,"Logistic (app, calibrated)",0,0.03443587611075295
default,app,"Logistic (app, calibrated)",0,0.02345758039613352
default,app,"Logistic (app, calibrated)",0,0.017905359349135723
default,app,"Logistic (app, calibrated)",1,0.02345758039613352
default,app,"Logistic (app, calibrated)",0,0.019310022019207555
default,app,"Logistic (app, calibrated)",0,0.0
default,app,"Logistic (app, calibrated)",0,0.011245664740441098
default,app,"Logistic (app, calibrated)",0,0.04510522822592413
default,app,"Logistic (app, calibrated)",0,0.03158763747911984
default,app,"Logistic (app, calibrated)",0,0.046802693394873085
default,app,"Logistic (app, calibrated)",0,0.03710359973349309
default,app,"Logistic (app, calibrated)",0,0.014289571544614493
default,app,"Logistic (app, calibrated)",0,0.005684934690652164
default,app,"Logistic (app, calibrated)",0,0.018487248699488958
default,app,"Logistic (app, calibrated)",0,0.07912086782577069
default,app,"Logistic (app, calibrated)",0,0.020344101144105904
default,app,"Logistic (app, calibrated)",0,0.005196132092683816
default,app,"Logistic (app, calibrated)",0,0.041770079797658274
default,app,"Logistic (app, calibrated)",0,0.00990766994611558
default,app,"Logistic (app, calibrated)",0,0.016955524664710203
default,app,"Logistic (app, calibrated)",0,0.040145396511135766
default,app,"Logistic (app, calibrated)",0,0.014744723389689646
default,app,"Logistic (app, calibrated)",0,0.05546576103539388
default,app,"Logistic (app, calibrated)",0,0.009231871308077715
default,app,"Logistic (app, calibrated)",0,0.01141288217285766
default,app,"Logistic (app, calibrated)",0,0.035681976631863656
default,app,"Logistic (app, calibrated)",0,0.05587750353358967
default,app,"Logistic (app, calibrated)",0,0.01712767280162057
default,app,"Logistic (app, calibrated)",0,0.003061224489795918
default,app,"Logistic (app, calibrated)",0,0.005877061469265367
default,app,"Logistic (app, calibrated)",0,0.00945295827759562
default,app,"Logistic (app, calibrated)",0,0.05903887150828295
default,app,"Logistic (app, calibrated)",0,0.014717753043890208
default,app,"Logistic (app, calibrated)",0,0.04448883954158507
default,app,"Logistic (app, calibrated)",0,0.02493145854612643
default,app,"Logistic (app, calibrated)",0,0.0
default,app,"Logistic (app, calibrated)",0,0.059613774551528345
default,app,"Logistic (app, calibrated)",0,0.011987481109259856
default,app,"Logistic (app, calibrated)",0,0.059613774551528345
default,app,"Logistic (app, calibrated)",0,0.021774782735272315
default,app,"Logistic (app, calibrated)",0,0.028855311197433408
default,app,"Logistic (app, calibrated)",0,0.06447691405138214
default,app,"Logistic (app, calibrated)",1,0.015520138450818993
default,app,"Logistic (app, calibrated)",0,0.05903887150828295
default,app,"Logistic (app, calibrated)",0,0.011384419710556874
default,app,"Logistic (app, calibrated)",0,0.03476527079844428
default,app,"Logistic (app, calibrated)",0,0.015520138450818993
default,app,"Logistic (app, calibrated)",0,0.028855311197433408
default,app,"Logistic (app, calibrated)",0,0.06097372524083626
default,app,"Logistic (app, calibrated)",0,0.047161101844332365
default,app,"Logistic (app, calibrated)",0,0.016946903847243046
default,app,"Logistic (app, calibrated)",0,0.020077182387502446
default,app,"Logistic (app, calibrated)",0,0.008835704370415969
default,app,"Logistic (app, calibrated)",0,0.011987481109259856
default,app,"Logistic (app, calibrated)",0,0.03504217603219274
default,app,"Logistic (app, calibrated)",0,0.053959559508576324
default,app,"Logistic (app, calibrated)",1,0.05587750353358967
default,app,"Logistic (app, calibrated)",0,0.025263025646110566
default,app,"Logistic (app, calibrated)",0,0.0720097498191303
default,app,"Logistic (app, calibrated)",0,0.006097036218565647
default,app,"Logistic (app, calibrated)",0,0.007974970490866115
default,app,"Logistic (app, calibrated)",0,0.06094468804215145
default,app,"Logistic (app, calibrated)",0,0.045658007237789476
default,app,"Logistic (app, calibrated)",0,0.020461006134953903
default,app,"Logistic (app, calibrated)",0,0.03060438751850794
default,app,"Logistic (app, calibrated)",0,0.03414019106888693
default,app,"Logistic (app, calibrated)",0,0.016094680284838753
default,app,"Logistic (app, calibrated)",0,0.03248563025772789
default,app,"Logistic (app, calibrated)",0,0.011856516339434988
default,app,"Logistic (app, calibrated)",0,0.014663932077526953
default,app,"Logistic (app, calibrated)",0,0.007974970490866115
default,app,"Logistic (app, calibrated)",0,0.04011054806043508
default,app,"Logistic (app, calibrated)",0,0.0036279599848043553
default,app,"Logistic (app, calibrated)",0,0.022449888894023707
default,app,"Logistic (app, calibrated)",0,0.05271081665038533
default,app,"Logistic (app, calibrated)",0,0.015520138450818993
default,app,"Logistic (app, calibrated)",0,0.020937590295549074
default,app,"Logistic (app, calibrated)",0,0.04011054806043508
default,app,"Logistic (app, calibrated)",0,0.009790906803463988
default,app,"Logistic (app, calibrated)",0,0.002797331492983667
default,app,"Logistic (app, calibrated)",1,0.0009433962264150943
default,app,"Logistic (app, calibrated)",0,0.019922226860779983
default,app,"Logistic (app, calibrated)",0,0.010437695339735757
default,app,"Logistic (app, calibrated)",0,0.07734548169881554
default,app,"Logistic (app, calibrated)",0,0.013174996710302594
default,app,"Logistic (app, calibrated)",0,0.0853027122690044
default,app,"Logistic (app, calibrated)",0,0.039023989180444044
default,app,"Logistic (app, calibrated)",0,0.035118007391604776
default,app,"Logistic (app, calibrated)",0,0.0
default,app,"Logistic (app, calibrated)",0,0.005684934690652164
default,app,"Logistic (app, calibrated)",0,0.01433704714428843
default,app,"Logistic (app, calibrated)",0,0.004479664206107975
default,app,"Logistic (app, calibrated)",0,0.12217535090620815
default,app,"Logistic (app, calibrated)",0,0.02777581608993651
default,app,"Logistic (app, calibrated)",0,0.005049662597619228
default,app,"Logistic (app, calibrated)",0,0.030837698750251004
default,app,"Logistic (app, calibrated)",0,0.002797331492983667
default,app,"Logistic (app, calibrated)",0,0.011987481109259856
default,app,"Logistic (app, calibrated)",0,0.013615432951913331
default,app,"Logistic (app, calibrated)",0,0.029874045627936625
default,app,"Logistic (app, calibrated)",0,0.05562099547410419
default,app,"Logistic (app, calibrated)",0,0.017633290094770476
default,app,"Logistic (app, calibrated)",0,0.0
default,app,"Logistic (app, calibrated)",0,0.019731313917018867
default,app,"Logistic (app, calibrated)",0,0.04011054806043508
default,app,"Logistic (app, calibrated)",0,0.019922226860779983
default,app,"Logistic (app, calibrated)",0,0.010385391802709785
default,app,"Logistic (app, calibrated)",0,0.02761852406459011
default,app,"Logistic (app, calibrated)",0,0.0580030744682297
default,app,"Logistic (app, calibrated)",0,0.05587750353358967
default,app,"Logistic (app, calibrated)",0,0.06580454807593972
default,app,"Logistic (app, calibrated)",0,0.02730416505264769
default,app,"Logistic (app, calibrated)",0,0.02345758039613352
default,app,"Logistic (app, calibrated)",0,0.07034094727791551
default,app,"Logistic (app, calibrated)",0,0.011987481109259856
default,app,"Logistic (app, calibrated)",0,0.03024300393564785
default,app,"Logistic (app, calibrated)",0,0.03347058421720049
default,app,"Logistic (app, calibrated)",0,0.01359011700371188
default,app,"Logistic (app, calibrated)",0,0.026745562255543948
default,app,"Logistic (app, calibrated)",0,0.016866132840918723
default,app,"Logistic (app, calibrated)",0,0.022470806338095756
default,app,"Logistic (app, calibrated)",0,0.019396253010920895
default,app,"Logistic (app, calibrated)",0,0.038510548060435086
default,app,"Logistic (app, calibrated)",0,0.03414019106888693
default,app,"Logistic (app, calibrated)",0,0.0009433962264150943
default,app,"Logistic (app, calibrated)",0,0.005684934690652164
default,app,"Logistic (app, calibrated)",0,0.04188546783302915
default,app,"Logistic (app, calibrated)",0,0.059613774551528345
default,app,"Logistic (app, calibrated)",0,0.0009433962264150943
default,app,"Logistic (app, calibrated)",0,0.04011054806043508
default,app,"Logistic (app, calibrated)",0,0.06996877995394002
default,app,"Logistic (app, calibrated)",0,0.029122229954036866
default,app,"Logistic (app, calibrated)",0,0.026445863785416572
default,app,"Logistic (app, calibrated)",0,0.007029320529022043
default,app,"Logistic (app, calibrated)",0,0.02295613912260854
default,app,"Logistic (app, calibrated)",0,0.00751120105915769
default,app,"Logistic (app, calibrated)",0,0.06282592281108287
default,app,"Logistic (app, calibrated)",0,0.02730416505264769
default,app,"Logistic (app, calibrated)",0,0.005045636320865679
default,app,"Logistic (app, calibrated)",0,0.02070277239184399
default,app,"Logistic (app, calibrated)",0,0.021240239431891256
default,app,"Logistic (app, calibrated)",0,0.06745238996937136
default,app,"Logistic (app, calibrated)",0,0.03903517736572039
default,app,"Logistic (app, calibrated)",0,0.03982320599662782
default,app,"Logistic (app, calibrated)",0,0.03345828662335477
default,app,"Logistic (app, calibrated)",0,0.02345758039613352
default,app,"Logistic (app, calibrated)",0,0.026445863785416572
default,app,"Logistic (app, calibrated)",0,0.01085590639061799
default,app,"Logistic (app, calibrated)",0,0.015520138450818993
default,app,"Logistic (app, calibrated)",0,0.0774456139766038
default,app,"Logistic (app, calibrated)",0,0.020008128337038966
default,app,"Logistic (app, calibrated)",0,0.018464394844521996
default,app,"Logistic (app, calibrated)",0,0.05021164795395568
default,app,"Logistic (app, calibrated)",0,0.04474335128628811
default,app,"Logistic (app, calibrated)",0,0.008966952086397726
default,app,"Logistic (app, calibrated)",0,0.03414019106888693
default,app,"Logistic (app, calibrated)",0,0.0028125870231133386
default,app,"Logistic (app, calibrated)",0,0.09378626107977436
default,app,"Logistic (app, calibrated)",0,0.024172966767587244
default,app,"Logistic (app, calibrated)",0,0.027844017925761792
default,app,"Logistic (app, calibrated)",0,0.029122229954036866
default,app,"Logistic (app, calibrated)",0,0.07555580262998692
default,app,"Logistic (app, calibrated)",0,0.008529465426017149
default,app,"Logistic (app, calibrated)",0,0.053080629344859166
default,app,"Logistic (app, calibrated)",0,0.02345758039613352
default,app,"Logistic (app, calibrated)",0,0.02034216551601276
default,app,"Logistic (app, calibrated)",0,0.04483541999902826
default,app,"Logistic (app, calibrated)",0,0.03694395840775903
default,app,"Logistic (app, calibrated)",0,0.049054375733290974
default,app,"Logistic (app, calibrated)",0,0.013174996710302594
default,app,"Logistic (app, calibrated)",0,0.010329467845363469
default,app,"Logistic (app, calibrated)",1,0.01764154790204807
default,app,"Logistic (app, calibrated)",0,0.02284672879713963
default,app,"Logistic (app, calibrated)",0,0.04569110833591736
default,app,"Logistic (app, calibrated)",0,0.015112462205417778
default,app,"Logistic (app, calibrated)",0,0.04421034026947092
default,app,"Logistic (app, calibrated)",0,0.054543534786859006
default,app,"Logistic (app, calibrated)",0,0.0183473247914596
default,app,"Logistic (app, calibrated)",1,0.05830174595783209
default,app,"Logistic (app, calibrated)",0,0.06094468804215145
default,app,"Logistic (app, calibrated)",0,0.08223803425603875
default,app,"Logistic (app, calibrated)",0,0.01433704714428843
default,app,"Logistic (app, calibrated)",0,0.042803258709407724
default,app,"Logistic (app, calibrated)",0,0.050766169638543815
default,app,"Logistic (app, calibrated)",0,0.03627250611684042
default,app,"Logistic (app, calibrated)",0,0.01436258340577975
default,app,"Logistic (app, calibrated)",0,0.031982573454913885
default,app,"Logistic (app, calibrated)",0,0.07454706325196611
default,app,"Logistic (app, calibrated)",0,0.04011054806043508
default,app,"Logistic (app, calibrated)",0,0.01867238824877504
default,app,"Logistic (app, calibrated)",0,0.021776162283290733
default,app,"Logistic (app, calibrated)",0,0.02345758039613352
default,app,"Logistic (app, calibrated)",0,0.020077182387502446
default,app,"Logistic (app, calibrated)",0,0.003061224489795918
default,app,"Logistic (app, calibrated)",0,0.030423171710853604
default,app,"Logistic (app, calibrated)",0,0.0
default,app,"Logistic (app, calibrated)",0,0.010385391802709785
default,app,"Logistic (app, calibrated)",0,0.06913788140927306
default,app,"Logistic (app, calibrated)",0,0.026745562255543948
default,app,"Logistic (app, calibrated)",0,0.00689989559554777
default,app,"Logistic (app, calibrated)",0,0.007029320529022043
default,app,"Logistic (app, calibrated)",0,0.0043447567706327815
default,app,"Logistic (app, calibrated)",0,0.03504217603219274
default,app,"Logistic (app, calibrated)",0,0.05006355004521758
default,app,"Logistic (app, calibrated)",0,0.01436258340577975
default,app,"Logistic (app, calibrated)",0,0.03414019106888693
default,app,"Logistic (app, calibrated)",0,0.034022087823538265
default,app,"Logistic (app, calibrated)",0,0.004352410045686789
default,app,"Logistic (app, calibrated)",0,0.03024300393564785
default,app,"Logistic (app, calibrated)",0,0.059613774551528345
default,app,"Logistic (app, calibrated)",0,0.12217535090620815
default,app,"Logistic (app, calibrated)",0,0.01712767280162057
default,app,"Logistic (app, calibrated)",0,0.04483541999902826
default,app,"Logistic (app, calibrated)",0,0.0028169014084507044
default,app,"Logistic (app, calibrated)",0,0.013174996710302594
default,app,"Logistic (app, calibrated)",0,0.02730416505264769
default,app,"Logistic (app, calibrated)",0,0.0036279599848043553
default,app,"Logistic (app, calibrated)",0,0.0028125870231133386
default,app,"Logistic (app, calibrated)",0,0.01867238824877504
default,app,"Logistic (app, calibrated)",0,0.030285307763270812
default,app,"Logistic (app, calibrated)",0,0.011086186804323791
default,app,"Logistic (app, calibrated)",0,0.10003066688400072
default,app,"Logistic (app, calibrated)",0,0.18508555710356162
default,app,"Logistic (app, calibrated)",0,0.01597461828493834
default,app,"Logistic (app, calibrated)",0,0.06097372524083626
default,app,"Logistic (app, calibrated)",0,0.03218345444383278
default,app,"Logistic (app, calibrated)",0,0.016955524664710203
default,app,"Logistic (app, calibrated)",0,0.007029320529022043
default,app,"Logistic (app, calibrated)",0,0.03982320599662782
default,app,"Logistic (app, calibrated)",0,0.025743735935387757
default,app,"Logistic (app, calibrated)",0,0.016955524664710203
default,app,"Logistic (app, calibrated)",0,0.04460665133559645
default,app,"Logistic (app, calibrated)",0,0.012310602763719303
default,app,"Logistic (app, calibrated)",0,0.008791435066466976
default,app,"Logistic (app, calibrated)",0,0.0070658383410677
default,app,"Logistic (app, calibrated)",0,0.01670553188383264
default,app,"Logistic (app, calibrated)",0,0.04188546783302915
default,app,"Logistic (app, calibrated)",0,0.019310022019207555
default,app,"Logistic (app, calibrated)",0,0.0035714285714285713
default,app,"Logistic (app, calibrated)",0,0.0017391304347826088
default,app,"Logistic (app, calibrated)",0,0.011245664740441098
default,app,"Logistic (app, calibrated)",0,0.03193857530208698
default,app,"Logistic (app, calibrated)",0,0.019530668197300545
default,app,"Logistic (app, calibrated)",0,0.00935047056185325
default,app,"Logistic (app, calibrated)",0,0.0009433962264150943
default,app,"Logistic (app, calibrated)",0,0.006370139632123957
default,app,"Logistic (app, calibrated)",0,0.016955524664710203
default,app,"Logistic (app, calibrated)",0,0.07641121369706078
default,app,"Logistic (app, calibrated)",0,0.028855311197433408
default,app,"Logistic (app, calibrated)",0,0.028855311197433408
default,app,"Logistic (app, calibrated)",0,0.016214782505624015
default,app,"Logistic (app, calibrated)",0,0.03218345444383278
default,app,"Logistic (app, calibrated)",0,0.036184279893573625
default,app,"Logistic (app, calibrated)",0,0.029122229954036866
default,app,"Logistic (app, calibrated)",0,0.015520138450818993
default,app,"Logistic (app, calibrated)",0,0.022106916960347937
default,app,"Logistic (app, calibrated)",0,0.0829711248434267
default,app,"Logistic (app, calibrated)",0,0.07601930114974219
default,app,"Logistic (app, calibrated)",0,0.026745562255543948
default,app,"Logistic (app, calibrated)",0,0.03414019106888693
default,app,"Logistic (app, calibrated)",0,0.0028125870231133386
default,app,"Logistic (app, calibrated)",0,0.04193507557996441
default,app,"Logistic (app, calibrated)",0,0.03145881739265433
default,app,"Logistic (app, calibrated)",0,0.01627358764907489
default,app,"Logistic (app, calibrated)",0,0.0
default,app,"Logistic (app, calibrated)",0,0.02284672879713963
default,app,"Logistic (app, calibrated)",0,0.014462359717388443
default,app,"Logistic (app, calibrated)",0,0.04011263805296559
default,app,"Logistic (app, calibrated)",0,0.040145396511135766
default,app,"Logistic (app, calibrated)",0,0.03903517736572039
default,app,"Logistic (app, calibrated)",0,0.019922226860779983
default,app,"Logistic (app, calibrated)",0,0.018532466940347974
default,app,"Logistic (app, calibrated)",0,0.05903887150828295
default,app,"Logistic (app, calibrated)",0,0.010223358713847427
default,app,"Logistic (app, calibrated)",0,0.0
default,app,"Logistic (app, calibrated)",0,0.08068306566822572
default,app,"Logistic (app, calibrated)",0,0.041770079797658274
default,app,"Logistic (app, calibrated)",0,0.0
default,app,"Logistic (app, calibrated)",0,0.005045636320865679
default,app,"Logistic (app, calibrated)",0,0.0308522092094765
default,app,"Logistic (app, calibrated)",0,0.030837698750251004
default,app,"Logistic (app, calibrated)",0,0.025552104229787785
default,app,"Logistic (app, calibrated)",0,0.03414019106888693
default,app,"Logistic (app, calibrated)",1,0.028855311197433408
default,app,"Logistic (app, calibrated)",0,0.015137998466909098
default,app,"Logistic (app, calibrated)",0,0.0009433962264150943
default,app,"Logistic (app, calibrated)",0,0.014028955315021074
default,app,"Logistic (app, calibrated)",0,0.05811067994498546
default,app,"Logistic (app, calibrated)",0,0.01192366780874479
default,app,"Logistic (app, calibrated)",0,0.04483541999902826
default,app,"Logistic (app, calibrated)",0,0.0
default,app,"Logistic (app, calibrated)",0,0.004694835680751174
default,app,"Logistic (app, calibrated)",0,0.001706871060024778
default,app,"Logistic (app, calibrated)",0,0.007974970490866115
default,app,"Logistic (app, calibrated)",0,0.03152517802193048
default,app,"Logistic (app, calibrated)",0,0.007029320529022043
default,app,"Logistic (app, calibrated)",0,0.0028169014084507044
default,app,"Logistic (app, calibrated)",0,0.002797331492983667
default,app,"Logistic (app, calibrated)",0,0.024001035038809425
default,app,"Logistic (app, calibrated)",0,0.016955524664710203
default,app,"Logistic (app, calibrated)",0,0.020273708878505638
default,app,"Logistic (app, calibrated)",0,0.016214782505624015
default,app,"Logistic (app, calibrated)",0,0.014562624641850198
default,app,"Logistic (app, calibrated)",0,0.041770079797658274
default,app,"Logistic (app, calibrated)",0,0.04474335128628811
default,app,"Logistic (app, calibrated)",0,0.01712767280162057
default,app,"Logistic (app, calibrated)",0,0.03414019106888693
default,app,"Logistic (app, calibrated)",0,0.03438347140639836
default,app,"Logistic (app, calibrated)",0,0.024001035038809425
default,app,"Logistic (app, calibrated)",0,0.007974970490866115
default,app,"Logistic (app, calibrated)",0,0.007029320529022043
default,app,"Logistic (app, calibrated)",0,0.034022087823538265
default,app,"Logistic (app, calibrated)",0,0.004479664206107975
default,app,"Logistic (app, calibrated)",0,0.013521797705300109
default,app,"Logistic (app, calibrated)",0,0.019310022019207555
default,app,"Logistic (app, calibrated)",0,0.04011263805296559
default,app,"Logistic (app, calibrated)",0,0.021865800273681308
default,app,"Logistic (app, calibrated)",0,0.001058201058201058
default,app,"Logistic (app, calibrated)",0,0.026482604690912147
default,app,"Logistic (app, calibrated)",0,0.010385391802709785
default,app,"Logistic (app, calibrated)",0,0.0043447567706327815
default,app,"Logistic (app, calibrated)",0,0.01436258340577975
default,app,"Logistic (app, calibrated)",0,0.022641830423991594
default,app,"Logistic (app, calibrated)",0,0.013106480238083931
default,app,"Logistic (app, calibrated)",0,0.04483541999902826
default,app,"Logistic (app, calibrated)",0,0.04011054806043508
default,app,"Logistic (app, calibrated)",0,0.007974970490866115
default,app,"Logistic (app, calibrated)",0,0.04474335128628811
default,app,"Logistic (app, calibrated)",0,0.016806811980659222
default,app,"Logistic (app, calibrated)",0,0.03366888939405062
default,app,"Logistic (app, calibrated)",0,0.0
default,app,"Logistic (app, calibrated)",0,0.05218181202584612
default,app,"Logistic (app, calibrated)",0,0.02345758039613352
default,app,"Logistic (app, calibrated)",0,0.030837698750251004
default,app,"Logistic (app, calibrated)",0,0.015520138450818993
default,app,"Logistic (app, calibrated)",0,0.0036279599848043553
default,app,"Logistic (app, calibrated)",0,0.014717753043890208
default,app,"Logistic (app, calibrated)",0,0.00672685521734393
default,app,"Logistic (app, calibrated)",0,0.014717753043890208
default,app,"Logistic (app, calibrated)",0,0.07138467008957296
default,app,"Logistic (app, calibrated)",0,0.020077182387502446
default,app,"Logistic (app, calibrated)",0,0.001058201058201058
default,app,"Logistic (app, calibrated)",0,0.03683185510102138
default,app,"Logistic (app, calibrated)",0,0.020008128337038966
default,app,"Logistic (app, calibrated)",0,0.0036279599848043553
default,app,"Logistic (app, calibrated)",0,0.031680326707619784
default,app,"Logistic (app, calibrated)",0,0.025552104229787785
default,app,"Logistic (app, calibrated)",0,0.0028125870231133386
default,app,"Logistic (app, calibrated)",0,0.01297926540471799
default,app,"Logistic (app, calibrated)",0,0.1179622161550743
default,app,"Logistic (app, calibrated)",0,0.02024088541918618
default,app,"Logistic (app, calibrated)",0,0.04011054806043508
default,app,"Logistic (app, calibrated)",0,0.05587750353358967
default,app,"Logistic (app, calibrated)",0,0.016290388550440245
default,app,"Logistic (app, calibrated)",0,0.028154630710444717
default,app,"Logistic (app, calibrated)",0,0.0
default,app,"Logistic (app, calibrated)",0,0.029940506101464502
default,app,"Logistic (app, calibrated)",1,0.007029320529022043
default,app,"Logistic (app, calibrated)",0,0.013312958905162802
default,app,"Logistic (app, calibrated)",0,0.0017543859649122805
default,app,"Logistic (app, calibrated)",0,0.008390341652325977
default,app,"Logistic (app, calibrated)",0,0.0116414949704056
default,app,"Logistic (app, calibrated)",0,0.04011054806043508
default,app,"Logistic (app, calibrated)",0,0.05903887150828295
default,app,"Logistic (app, calibrated)",0,0.03060438751850794
default,app,"Logistic (app, calibrated)",0,0.016806811980659222
default,app,"Logistic (app, calibrated)",0,0.03242927371898617
default,app,"Logistic (app, calibrated)",0,0.027571083809251145
default,app,"Logistic (app, calibrated)",0,0.01627358764907489
default,app,"Logistic (app, calibrated)",0,0.007220443327888249
default,app,"Logistic (app, calibrated)",0,0.03982320599662782
default,app,"Logistic (app, calibrated)",0,0.055543009645816765
default,app,"Logistic (app, calibrated)",0,0.0252223318404687
default,app,"Logistic (app, calibrated)",0,0.0
default,app,"Logistic (app, calibrated)",0,0.01436258340577975
default,app,"Logistic (app, calibrated)",0,0.05903887150828295
default,app,"Logistic (app, calibrated)",0,0.101720424079495
default,app,"Logistic (app, calibrated)",1,0.011096569504450537
default,app,"Logistic (app, calibrated)",0,0.03903517736572039
default,app,"Logistic (app, calibrated)",0,0.007029320529022043
default,app,"Logistic (app, calibrated)",0,0.02802020795514821
default,app,"Logistic (app, calibrated)",0,0.007029320529022043
default,app,"Logistic (app, calibrated)",0,0.04011054806043508
default,app,"Logistic (app, calibrated)",0,0.007974970490866115
default,app,"Logistic (app, calibrated)",0,0.007700932553281375
default,app,"Logistic (app, calibrated)",0,0.05903887150828295
default,app,"Logistic (app, calibrated)",0,0.04011054806043508
default,app,"Logistic (app, calibrated)",0,0.04483541999902826
default,app,"Logistic (app, calibrated)",0,0.01141079439871676
default,app,"Logistic (app, calibrated)",0,0.0009433962264150943
default,app,"Logistic (app, calibrated)",0,0.03218345444383278
default,app,"Logistic (app, calibrated)",0,0.001058201058201058
default,app,"Logistic (app, calibrated)",0,0.008791435066466976
default,app,"Logistic (app, calibrated)",0,0.02070277239184399
default,app,"Logistic (app, calibrated)",0,0.014562624641850198
default,app,"Logistic (app, calibrated)",0,0.009979625571829468
default,app,"Logistic (app, calibrated)",0,0.0016666666666666666
default,app,"Logistic (app, calibrated)",0,0.019922226860779983
default,app,"Logistic (app, calibrated)",0,0.04011054806043508
default,app,"Logistic (app, calibrated)",0,0.03438347140639836
default,app,"Logistic (app, calibrated)",0,0.016946903847243046
default,app,"Logistic (app, calibrated)",0,0.010385391802709785
default,app,"Logistic (app, calibrated)",0,0.0016666666666666666
default,app,"Logistic (app, calibrated)",0,0.026745562255543948
default,app,"Logistic (app, calibrated)",0,0.028224455108588387
default,app,"Logistic (app, calibrated)",0,0.02345758039613352
default,app,"Logistic (app, calibrated)",0,0.03366888939405062
default,app,"Logistic (app, calibrated)",0,0.0035714285714285713
default,app,"Logistic (app, calibrated)",0,0.03476527079844428
default,app,"Logistic (app, calibrated)",0,0.018532466940347974
default,app,"Logistic (app, calibrated)",0,0.0009433962264150943
default,app,"Logistic (app, calibrated)",0,0.03710359973349309
default,app,"Logistic (app, calibrated)",0,0.004561527581329562
default,app,"Logistic (app, calibrated)",0,0.0028125870231133386
default,app,"Logistic (app, calibrated)",0,0.0036279599848043553
default,app,"Logistic (app, calibrated)",0,0.0572542703832155
default,app,"Logistic (app, calibrated)",0,0.0
default,app,"Logistic (app, calibrated)",0,0.013734032205688867
default,app,"Logistic (app, calibrated)",0,0.0009433962264150943
default,app,"Logistic (app, calibrated)",0,0.03024300393564785
default,app,"Logistic (app, calibrated)",0,0.019731313917018867
default,app,"Logistic (app, calibrated)",0,0.040145396511135766
default,app,"Logistic (app, calibrated)",0,0.013794339468287235
default,app,"Logistic (app, calibrated)",0,0.08068306566822572
default,app,"Logistic (app, calibrated)",0,0.01297926540471799
default,app,"Logistic (app, calibrated)",0,0.0
default,app,"Logistic (app, calibrated)",0,0.06094468804215145
default,app,"Logistic (app, calibrated)",1,0.030837698750251004
default,app,"Logistic (app, calibrated)",0,0.06094468804215145
default,app,"Logistic (app, calibrated)",0,0.008791435066466976
default,app,"Logistic (app, calibrated)",1,0.029122229954036866
default,app,"Logistic (app, calibrated)",0,0.029940506101464502
default,app,"Logistic (app, calibrated)",0,0.05903887150828295
default,app,"Logistic (app, calibrated)",0,0.03597008058968458
default,app,"Logistic (app, calibrated)",0,0.013312958905162802
default,app,"Logistic (app, calibrated)",0,0.007029320529022043
default,app,"Logistic (app, calibrated)",0,0.0028125870231133386
default,app,"Logistic (app, calibrated)",0,0.011987481109259856
default,app,"Logistic (app, calibrated)",0,0.03633146417254467
default,app,"Logistic (app, calibrated)",0,0.016214782505624015
default,app,"Logistic (app, calibrated)",0,0.011506991883866727
default,app,"Logistic (app, calibrated)",0,0.005449362843729041
default,app,"Logistic (app, calibrated)",0,0.020077182387502446
default,app,"Logistic (app, calibrated)",1,0.007029320529022043
default,app,"Logistic (app, calibrated)",0,0.03473146417254467
default,app,"Logistic (app, calibrated)",0,0.06913788140927306
default,app,"Logistic (app, calibrated)",0,0.039798274839349404
default,app,"Logistic (app, calibrated)",0,0.0009433962264150943
default,app,"Logistic (app, calibrated)",0,0.05521268491813144
default,app,"Logistic (app, calibrated)",0,0.02358008568763923
default,app,"Logistic (app, calibrated)",0,0.004479664206107975
default,app,"Logistic (app, calibrated)",0,0.007029320529022043
default,app,"Logistic (app, calibrated)",0,0.007029320529022043
default,app,"Logistic (app, calibrated)",0,0.047699421321401245
default,app,"Logistic (app, calibrated)",0,0.08375170558601111
default,app,"Logistic (app, calibrated)",0,0.03920174696385668
default,app,"Logistic (app, calibrated)",0,0.022994326029890415
default,app,"Logistic (app, calibrated)",0,0.025552104229787785
default,app,"Logistic (app, calibrated)",0,0.020077182387502446
default,app,"Logistic (app, calibrated)",0,0.011443178583351664
default,app,"Logistic (app, calibrated)",0,0.0028125870231133386
default,app,"Logistic (app, calibrated)",0,0.003378969654199012
default,app,"Logistic (app, calibrated)",0,0.05587750353358967
default,app,"Logistic (app, calibrated)",0,0.03903517736572039
default,app,"Logistic (app, calibrated)",0,0.02345758039613352
default,app,"Logistic (app, calibrated)",0,0.015137998466909098
default,app,"Logistic (app, calibrated)",0,0.05562099547410419
default,app,"Logistic (app, calibrated)",0,0.02799515956006446
default,app,"Logistic (app, calibrated)",0,0.008791435066466976
default,app,"Logistic (app, calibrated)",0,0.03414019106888693
default,app,"Logistic (app, calibrated)",0,0.0754275376738022
default,app,"Logistic (app, calibrated)",0,0.002797331492983667
default,app,"Logistic (app, calibrated)",0,0.020718279009120516
default,app,"Logistic (app, calibrated)",0,0.029901104576091665
default,app,"Logistic (app, calibrated)",0,0.01764154790204807
default,app,"Logistic (app, calibrated)",0,0.0
default,app,"Logistic (app, calibrated)",0,0.03176900961334391
default,app,"Logistic (app, calibrated)",0,0.026974302841592256
default,app,"Logistic (app, calibrated)",0,0.01670553188383264
default,app,"Logistic (app, calibrated)",0,0.003061224489795918
default,app,"Logistic (app, calibrated)",0,0.042453053399899146
default,app,"Logistic (app, calibrated)",0,0.011443178583351664
default,app,"Logistic (app, calibrated)",0,0.09378626107977436
default,app,"Logistic (app, calibrated)",0,0.021865800273681308
default,app,"Logistic (app, calibrated)",0,0.059613774551528345
default,app,"Logistic (app, calibrated)",0,0.04596565187180089
default,app,"Logistic (app, calibrated)",0,0.02284672879713963
default,app,"Logistic (app, calibrated)",0,0.019530668197300545
default,app,"Logistic (app, calibrated)",0,0.022994326029890415
default,app,"Logistic (app, calibrated)",0,0.03903517736572039
default,app,"Logistic (app, calibrated)",0,0.06116639107385968
default,app,"Logistic (app, calibrated)",0,0.03190289274397324
default,app,"Logistic (app, calibrated)",0,0.027406857782225284
default,app,"Logistic (app, calibrated)",0,0.03903517736572039
default,app,"Logistic (app, calibrated)",0,0.044931368397382154
default,app,"Logistic (app, calibrated)",0,0.02345758039613352
default,app,"Logistic (app, calibrated)",0,0.03414019106888693
default,app,"Logistic (app, calibrated)",0,0.010385391802709785
default,app,"Logistic (app, calibrated)",0,0.0043447567706327815
default,app,"Logistic (app, calibrated)",0,0.025552104229787785
default,app,"Logistic (app, calibrated)",0,0.0028169014084507044
default,app,"Logistic (app, calibrated)",0,0.04421034026947092
default,app,"Logistic (app, calibrated)",0,0.002797331492983667
default,app,"Logistic (app, calibrated)",0,0.08705630328716055
default,app,"Logistic (app, calibrated)",0,0.03060438751850794
default,app,"Logistic (app, calibrated)",0,0.008791435066466976
default,app,"Logistic (app, calibrated)",0,0.008519273016774307
default,app,"Logistic (app, calibrated)",0,0.0009433962264150943
default,app,"Logistic (app, calibrated)",0,0.013734032205688867
default,app,"Logistic (app, calibrated)",0,0.022363652733603606
default,app,"Logistic (app, calibrated)",0,0.027414432507076418
default,app,"Logistic (app, calibrated)",0,0.010688651420373797
default,app,"Logistic (app, calibrated)",0,0.025623391112250878
default,app,"Logistic (app, calibrated)",0,0.015137998466909098
default,app,"Logistic (app, calibrated)",1,0.03501274209694947
default,app,"Logistic (app, calibrated)",0,0.006130664826317
default,app,"Logistic (app, calibrated)",0,0.059613774551528345
default,app,"Logistic (app, calibrated)",0,0.0009433962264150943
default,app,"Logistic (app, calibrated)",0,0.044931368397382154
default,app,"Logistic (app, calibrated)",0,0.027560573691544948
default,app,"Logistic (app, calibrated)",0,0.02284672879713963
default,app,"Logistic (app, calibrated)",0,0.03183542921079671
default,app,"Logistic (app, calibrated)",0,0.01627358764907489
default,app,"Logistic (app, calibrated)",0,0.015520138450818993
default,app,"Logistic (app, calibrated)",0,0.011443178583351664
default,app,"Logistic (app, calibrated)",0,0.02730416505264769
default,app,"Logistic (app, calibrated)",0,0.014462359717388443
default,app,"Logistic (app, calibrated)",1,0.04948910039022988
default,app,"Logistic (app, calibrated)",0,0.011987481109259856
default,app,"Logistic (app, calibrated)",0,0.04011263805296559
default,app,"Logistic (app, calibrated)",0,0.02034216551601276
default,app,"Logistic (app, calibrated)",0,0.0720097498191303
default,app,"Logistic (app, calibrated)",0,0.003378969654199012
default,app,"Logistic (app, calibrated)",0,0.0
default,app,"Logistic (app, calibrated)",0,0.014744723389689646
default,app,"Logistic (app, calibrated)",0,0.032204387518507946
default,app,"Logistic (app, calibrated)",0,0.008138200791473829
default,app,"Logistic (app, calibrated)",0,0.026445863785416572
default,app,"Logistic (app, calibrated)",0,0.0308522092094765
default,app,"Logistic (app, calibrated)",0,0.011443178583351664
default,app,"Logistic (app, calibrated)",0,0.04011054806043508
default,app,"Logistic (app, calibrated)",0,0.04361940979283161
default,app,"Logistic (app, calibrated)",0,0.09691878996890717
default,app,"Logistic (app, calibrated)",0,0.02672007643230529
default,app,"Logistic (app, calibrated)",0,0.05105787053238962
default,app,"Logistic (app, calibrated)",0,0.0028125870231133386
default,app,"Logistic (app, calibrated)",0,0.01764154790204807
default,app,"Logistic (app, calibrated)",0,0.0
default,app,"Logistic (app, calibrated)",0,0.03504217603219274
default,app,"Logistic (app, calibrated)",0,0.03730258423128009
default,app,"Logistic (app, calibrated)",0,0.04011054806043508
default,app,"Logistic (app, calibrated)",0,0.030837698750251004
default,app,"Logistic (app, calibrated)",0,0.014944435046528776
default,app,"Logistic (app, calibrated)",0,0.022546626779220987
default,app,"Logistic (app, calibrated)",0,0.015137998466909098
default,app,"Logistic (app, calibrated)",0,0.07454706325196611
default,app,"Logistic (app, calibrated)",0,0.03513346644302593
default,app,"Logistic (app, calibrated)",0,0.01712767280162057
default,app,"Logistic (app, calibrated)",0,0.05459412286399011
default,app,"Logistic (app, calibrated)",0,0.02292268822898988
default,app,"Logistic (app, calibrated)",0,0.03353566401157726
default,app,"Logistic (app, calibrated)",0,0.04211581643581665
default,app,"Logistic (app, calibrated)",0,0.06282592281108287
default,app,"Logistic (app, calibrated)",0,0.028855311197433408
default,app,"Logistic (app, calibrated)",0,0.002797331492983667
default,app,"Logistic (app, calibrated)",0,0.03683185510102138
default,app,"Logistic (app, calibrated)",0,0.00944794365271808
default,app,"Logistic (app, calibrated)",0,0.030837698750251004
default,app,"Logistic (app, calibrated)",0,0.03168765034558167
default,app,"Logistic (app, calibrated)",0,0.10656703858504309
default,app,"Logistic (app, calibrated)",0,0.011245664740441098
default,app,"Logistic (app, calibrated)",0,0.030837698750251004
default,app,"Logistic (app, calibrated)",0,0.019310022019207555
default,app,"Logistic (app, calibrated)",0,0.03204566723523266
default,app,"Logistic (app, calibrated)",0,0.00935047056185325
default,app,"Logistic (app, calibrated)",0,0.008138200791473829
default,app,"Logistic (app, calibrated)",0,0.03414019106888693
default,app,"Logistic (app, calibrated)",0,0.10546223190180057
default,app,"Logistic (app, calibrated)",0,0.0
default,app,"Logistic (app, calibrated)",0,0.0035714285714285713
default,app,"Logistic (app, calibrated)",0,0.015520138450818993
default,app,"Logistic (app, calibrated)",0,0.05891380212043869
default,app,"Logistic (app, calibrated)",0,0.022363652733603606
default,app,"Logistic (app, calibrated)",0,0.022336383582799244
default,app,"Logistic (app, calibrated)",0,0.008791435066466976
default,app,"Logistic (app, calibrated)",0,0.02277367985179743
default,app,"Logistic (app, calibrated)",0,0.03218345444383278
default,app,"Logistic (app, calibrated)",0,0.0
default,app,"Logistic (app, calibrated)",0,0.008791435066466976
default,app,"Logistic (app, calibrated)",0,0.007029320529022043
default,app,"Logistic (app, calibrated)",0,0.007220443327888249
default,app,"Logistic (app, calibrated)",0,0.02345758039613352
default,app,"Logistic (app, calibrated)",0,0.04011054806043508
default,app,"Logistic (app, calibrated)",0,0.0009433962264150943
default,app,"Logistic (app, calibrated)",0,0.018532466940347974
default,app,"Logistic (app, calibrated)",0,0.022470806338095756
default,app,"Logistic (app, calibrated)",0,0.0062303443179872586
default,app,"Logistic (app, calibrated)",0,0.005049662597619228
default,app,"Logistic (app, calibrated)",0,0.021865800273681308
default,app,"Logistic (app, calibrated)",0,0.059613774551528345
default,app,"Logistic (app, calibrated)",0,0.016214782505624015
default,app,"Logistic (app, calibrated)",0,0.004561527581329562
default,app,"Logistic (app, calibrated)",0,0.006811594202898551
default,app,"Logistic (app, calibrated)",0,0.10084345405714153
default,app,"Logistic (app, calibrated)",0,0.014744723389689646
default,app,"Logistic (app, calibrated)",0,0.04027186755814484
default,app,"Logistic (app, calibrated)",0,0.032204387518507946
default,app,"Logistic (app, calibrated)",0,0.02827122257709101
default,app,"Logistic (app, calibrated)",0,0.014562624641850198
default,app,"Logistic (app, calibrated)",0,0.015137998466909098
default,app,"Logistic (app, calibrated)",0,0.03700752728296171
default,app,"Logistic (app, calibrated)",0,0.02345758039613352
default,app,"Logistic (app, calibrated)",0,0.03117216117216117
default,app,"Logistic (app, calibrated)",0,0.027774513381971472
default,app,"Logistic (app, calibrated)",0,0.0028125870231133386
default,app,"Logistic (app, calibrated)",0,0.026482604690912147
default,app,"Logistic (app, calibrated)",0,0.0308522092094765
default,app,"Logistic (app, calibrated)",0,0.043519325901867995
default,app,"Logistic (app, calibrated)",0,0.007974970490866115
default,app,"Logistic (app, calibrated)",0,0.01085590639061799
default,app,"Logistic (app, calibrated)",0,0.021865800273681308
default,app,"Logistic (app, calibrated)",0,0.026482604690912147
default,app,"Logistic (app, calibrated)",0,0.024001035038809425
default,app,"Logistic (app, calibrated)",0,0.05587750353358967
default,app,"Logistic (app, calibrated)",0,0.013106480238083931
default,app,"Logistic (app, calibrated)",0,0.002797331492983667
default,app,"Logistic (app, calibrated)",0,0.04714759333413171
default,app,"Logistic (app, calibrated)",0,0.03903517736572039
default,app,"Logistic (app, calibrated)",0,0.051786888031789616
default,app,"Logistic (app, calibrated)",0,0.024382201560663074
default,app,"Logistic (app, calibrated)",0,0.016214782505624015
default,app,"Logistic (app, calibrated)",0,0.01519913360701464
default,app,"Logistic (app, calibrated)",0,0.05587750353358967
default,app,"Logistic (app, calibrated)",0,0.0
default,app,"Logistic (app, calibrated)",0,0.01670553188383264
default,app,"Logistic (app, calibrated)",0,0.04620665133559645
default,app,"Logistic (app, calibrated)",0,0.03414019106888693
default,app,"Logistic (app, calibrated)",0,0.040145396511135766
default,app,"Logistic (app, calibrated)",0,0.04186180344158569
default,app,"Logistic (app, calibrated)",0,0.015439367444494667
default,app,"Logistic (app, calibrated)",0,0.01764154790204807
default,app,"Logistic (app, calibrated)",0,0.01867238824877504
default,app,"Logistic (app, calibrated)",0,0.0016666666666666666
default,app,"Logistic (app, calibrated)",0,0.042665972589931184
default,app,"Logistic (app, calibrated)",0,0.040145396511135766
default,app,"Logistic (app, calibrated)",0,0.016955524664710203
default,app,"Logistic (app, calibrated)",0,0.059972327222701495
default,app,"Logistic (app, calibrated)",0,0.0009433962264150943
default,app,"Logistic (app, calibrated)",0,0.007029320529022043
default,app,"Logistic (app, calibrated)",0,0.04361940979283161
default,app,"Logistic (app, calibrated)",0,0.0035714285714285713
default,app,"Logistic (app, calibrated)",0,0.04387525394278803
default,app,"Logistic (app, calibrated)",0,0.03414019106888693
default,app,"Logistic (app, calibrated)",0,0.03414019106888693
default,app,"Logistic (app, calibrated)",0,0.02493145854612643
default,app,"Logistic (app, calibrated)",1,0.0
default,app,"Logistic (app, calibrated)",0,0.01258950705489488
default,app,"Logistic (app, calibrated)",1,0.053080629344859166
default,app,"Logistic (app, calibrated)",0,0.03204566723523266
default,app,"Logistic (app, calibrated)",0,0.0036279599848043553
default,app,"Logistic (app, calibrated)",0,0.005196132092683816
default,app,"Logistic (app, calibrated)",0,0.00672685521734393
default,app,"Logistic (app, calibrated)",0,0.011987481109259856
default,app,"Logistic (app, calibrated)",0,0.014744723389689646
default,app,"Logistic (app, calibrated)",0,0.02277367985179743
default,app,"Logistic (app, calibrated)",0,0.043533432052023015
default,app,"Logistic (app, calibrated)",0,0.014685329863630622
default,app,"Logistic (app, calibrated)",0,0.03145881739265433
default,app,"Logistic (app, calibrated)",0,0.008138200791473829
default,app,"Logistic (app, calibrated)",0,0.014744723389689646
default,app,"Logistic (app, calibrated)",0,0.03414019106888693
default,app,"Logistic (app, calibrated)",0,0.0035714285714285713
default,app,"Logistic (app, calibrated)",0,0.016946903847243046
default,app,"Logistic (app, calibrated)",0,0.0028169014084507044
default,app,"Logistic (app, calibrated)",0,0.006719761075161772
default,app,"Logistic (app, calibrated)",0,0.019530668197300545
default,app,"Logistic (app, calibrated)",0,0.028855311197433408
default,app,"Logistic (app, calibrated)",0,0.01297926540471799
default,app,"Logistic (app, calibrated)",0,0.04011263805296559
default,app,"Logistic (app, calibrated)",0,0.026745562255543948
default,app,"Logistic (app, calibrated)",0,0.020527478202465293
default,app,"Logistic (app, calibrated)",0,0.01990261705650805
default,app,"Logistic (app, calibrated)",0,0.03438484121766143
default,app,"Logistic (app, calibrated)",0,0.040876293521102544
default,app,"Logistic (app, calibrated)",0,0.01141079439871676
default,app,"Logistic (app, calibrated)",0,0.03909905195469481
default,app,"Logistic (app, calibrated)",0,0.02345758039613352
default,app,"Logistic (app, calibrated)",0,0.016806811980659222
default,app,"Logistic (app, calibrated)",0,0.008791435066466976
default,app,"Logistic (app, calibrated)",0,0.01192366780874479
default,app,"Logistic (app, calibrated)",0,0.0028125870231133386
default,app,"Logistic (app, calibrated)",0,0.022449888894023707
default,app,"Logistic (app, calibrated)",0,0.016214782505624015
default,app,"Logistic (app, calibrated)",0,0.1225855571035616
default,app,"Logistic (app, calibrated)",0,0.0009433962264150943
default,app,"Logistic (app, calibrated)",0,0.03414019106888693
default,app,"Logistic (app, calibrated)",1,0.04483541999902826
default,app,"Logistic (app, calibrated)",0,0.09378626107977436
default,app,"Logistic (app, calibrated)",0,0.0043447567706327815
default,app,"Logistic (app, calibrated)",0,0.008138200791473829
default,app,"Logistic (app, calibrated)",0,0.016214782505624015
default,app,"Logistic (app, calibrated)",1,0.010393281145878532
default,app,"Logistic (app, calibrated)",1,0.024267953795412883
default,app,"Logistic (app, calibrated)",0,0.0201551096247301
default,app,"Logistic (app, calibrated)",0,0.005045636320865679
default,app,"Logistic (app, calibrated)",0,0.019530668197300545
default,app,"Logistic (app, calibrated)",0,0.026745562255543948
default,app,"Logistic (app, calibrated)",0,0.018532466940347974
default,app,"Logistic (app, calibrated)",0,0.0009433962264150943
default,app,"Logistic (app, calibrated)",0,0.03182823883305962
default,app,"Logistic (app, calibrated)",0,0.028757685375822233
default,app,"Logistic (app, calibrated)",0,0.0242374607363291
default,app,"Logistic (app, calibrated)",0,0.030837698750251004
default,app,"Logistic (app, calibrated)",0,0.020077182387502446
default,app,"Logistic (app, calibrated)",1,0.0009433962264150943
default,app,"Logistic (app, calibrated)",0,0.0005053021522255436
default,app,"Logistic (app, calibrated)",0,0.02284672879713963
default,app,"Logistic (app, calibrated)",0,0.013521797705300109
default,app,"Logistic (app, calibrated)",0,0.0395152768499973
default,app,"Logistic (app, calibrated)",0,0.0009433962264150943
default,app,"Logistic (app, calibrated)",0,0.01085590639061799
default,app,"Logistic (app, calibrated)",0,0.007974970490866115
default,app,"Logistic (app, calibrated)",0,0.009225462720239077
default,app,"Logistic (app, calibrated)",0,0.01519913360701464
default,app,"Logistic (app, calibrated)",0,0.03414019106888693
default,app,"Logistic (app, calibrated)",0,0.04242756744770604
default,app,"Logistic (app, calibrated)",0,0.016200997501732338
default,app,"Logistic (app, calibrated)",0,0.021559915248986844
default,app,"Logistic (app, calibrated)",0,0.0014184397163120566
default,app,"Logistic (app, calibrated)",0,0.02145040035073955
default,app,"Logistic (app, calibrated)",0,0.0014184397163120566
default,app,"Logistic (app, calibrated)",0,0.03218345444383278
default,app,"Logistic (app, calibrated)",0,0.02349409246975525
default,app,"Logistic (app, calibrated)",0,0.01192366780874479
default,app,"Logistic (app, calibrated)",0,0.02799515956006446
default,app,"Logistic (app, calibrated)",0,0.04460665133559645
default,app,"Logistic (app, calibrated)",0,0.02657768466942883
default,app,"Logistic (app, calibrated)",0,0.04011054806043508
default,app,"Logistic (app, calibrated)",0,0.04483541999902826
default,app,"Logistic (app, calibrated)",0,0.02672007643230529
default,app,"Logistic (app, calibrated)",0,0.02358656964603332
default,app,"Logistic (app, calibrated)",0,0.03784366131159158
default,app,"Logistic (app, calibrated)",0,0.013565775883107456
default,app,"Logistic (app, calibrated)",0,0.021559915248986844
default,app,"Logistic (app, calibrated)",0,0.03222431034230799
default,app,"Logistic (app, calibrated)",1,0.04483541999902826
default,app,"Logistic (app, calibrated)",0,0.06913788140927306
default,app,"Logistic (app, calibrated)",0,0.0009433962264150943
default,app,"Logistic (app, calibrated)",0,0.014462359717388443
default,app,"Logistic (app, calibrated)",0,0.00803878379138118
default,app,"Logistic (app, calibrated)",0,0.016955524664710203
default,app,"Logistic (app, calibrated)",0,0.0327679653479723
default,app,"Logistic (app, calibrated)",0,0.02968887543991346
default,app,"Logistic (app, calibrated)",0,0.03624070298561209
default,app,"Logistic (app, calibrated)",0,0.007974970490866115
default,app,"Logistic (app, calibrated)",0,0.050229690349630374
default,app,"Logistic (app, calibrated)",0,0.006719761075161772
default,app,"Logistic (app, calibrated)",0,0.00944794365271808
default,app,"Logistic (app, calibrated)",0,0.016806811980659222
default,app,"Logistic (app, calibrated)",0,0.05562099547410419
default,app,"Logistic (app, calibrated)",0,0.0
default,app,"Logistic (app, calibrated)",1,0.12217535090620815
default,app,"Logistic (app, calibrated)",0,0.0
default,app,"Logistic (app, calibrated)",0,0.05587750353358967
default,app,"Logistic (app, calibrated)",0,0.030837698750251004
default,app,"Logistic (app, calibrated)",0,0.016955524664710203
default,app,"Logistic (app, calibrated)",0,0.011245664740441098
default,app,"Logistic (app, calibrated)",0,0.03414019106888693
default,app,"Logistic (app, calibrated)",0,0.013734032205688867
default,app,"Logistic (app, calibrated)",0,0.016955524664710203
default,app,"Logistic (app, calibrated)",0,0.006439461853630031
default,app,"Logistic (app, calibrated)",0,0.0
default,app,"Logistic (app, calibrated)",0,0.03414019106888693
default,app,"Logistic (app, calibrated)",0,0.01628884317920456
default,app,"Logistic (app, calibrated)",1,0.015110988015523666
default,app,"Logistic (app, calibrated)",0,0.13236469610635454
default,app,"Logistic (app, calibrated)",0,0.016955524664710203
default,app,"Logistic (app, calibrated)",0,0.027635514232529156
default,app,"Logistic (app, calibrated)",0,0.04474335128628811
default,app,"Logistic (app, calibrated)",0,0.014717753043890208
default,app,"Logistic (app, calibrated)",0,0.02638659676419295
default,app,"Logistic (app, calibrated)",0,0.040145396511135766
default,app,"Logistic (app, calibrated)",0,0.03659569112855001
default,app,"Logistic (app, calibrated)",0,0.08523591621443628
default,app,"Logistic (app, calibrated)",0,0.005684934690652164
default,app,"Logistic (app, calibrated)",0,0.0016666666666666666
default,app,"Logistic (app, calibrated)",0,0.007871750011923093
default,app,"Logistic (app, calibrated)",0,0.024743585143523168
default,app,"Logistic (app, calibrated)",0,0.0379692943691327
default,app,"Logistic (app, calibrated)",0,0.015520138450818993
default,app,"Logistic (app, calibrated)",0,0.040145396511135766
default,app,"Logistic (app, calibrated)",0,0.01436258340577975
default,app,"Logistic (app, calibrated)",0,0.02884008608919822
default,app,"Logistic (app, calibrated)",0,0.01436258340577975
default,app,"Logistic (app, calibrated)",0,0.016806811980659222
default,app,"Logistic (app, calibrated)",0,0.022449888894023707
default,app,"Logistic (app, calibrated)",0,0.0774456139766038
default,app,"Logistic (app, calibrated)",0,0.026974302841592256
default,app,"Logistic (app, calibrated)",0,0.010045733536444322
default,app,"Logistic (app, calibrated)",0,0.08223803425603875
default,app,"Logistic (app, calibrated)",0,0.007220443327888249
default,app,"Logistic (app, calibrated)",0,0.038510548060435086
default,app,"Logistic (app, calibrated)",0,0.018345795590746467
default,app,"Logistic (app, calibrated)",0,0.026010284611810857
default,app,"Logistic (app, calibrated)",0,0.007974970490866115
default,app,"Logistic (app, calibrated)",0,0.03414019106888693
default,app,"Logistic (app, calibrated)",0,0.028855311197433408
default,app,"Logistic (app, calibrated)",0,0.1292522237702283
default,app,"Logistic (app, calibrated)",0,0.012400230890941676
default,app,"Logistic (app, calibrated)",0,0.0028125870231133386
default,app,"Logistic (app, calibrated)",0,0.0028169014084507044
default,app,"Logistic (app, calibrated)",0,0.013794339468287235
default,app,"Logistic (app, calibrated)",0,0.00539007452224929
default,app,"Logistic (app, calibrated)",0,0.03473146417254467
default,app,"Logistic (app, calibrated)",0,0.0017391304347826088
default,app,"Logistic (app, calibrated)",0,0.02627965878678724
default,app,"Logistic (app, calibrated)",0,0.0036279599848043553
default,app,"Logistic (app, calibrated)",0,0.008791435066466976
default,app,"Logistic (app, calibrated)",0,0.04669024700947464
default,app,"Logistic (app, calibrated)",0,0.022449888894023707
default,app,"Logistic (app, calibrated)",0,0.02730416505264769
default,app,"Logistic (app, calibrated)",0,0.05140704441524323
default,app,"Logistic (app, calibrated)",0,0.008966952086397726
default,app,"Logistic (app, calibrated)",0,0.053080629344859166
default,app,"Logistic (app, calibrated)",0,0.02292268822898988
default,app,"Logistic (app, calibrated)",0,0.014562624641850198
default,app,"Logistic (app, calibrated)",0,0.02345758039613352
default,app,"Logistic (app, calibrated)",0,0.0308522092094765
default,app,"Logistic (app, calibrated)",0,0.050766169638543815
default,app,"Logistic (app, calibrated)",0,0.03414019106888693
default,app,"Logistic (app, calibrated)",0,0.04474335128628811
default,app,"Logistic (app, calibrated)",0,0.0009433962264150943
default,app,"Logistic (app, calibrated)",0,0.020952195537201616
default,app,"Logistic (app, calibrated)",0,0.021685588244365832
default,app,"Logistic (app, calibrated)",0,0.0036279599848043553
default,app,"Logistic (app, calibrated)",1,0.013106480238083931
default,app,"Logistic (app, calibrated)",0,0.04193507557996441
default,app,"Logistic (app, calibrated)",0,0.0
default,app,"Logistic (app, calibrated)",0,0.04421034026947092
default,app,"Logistic (app, calibrated)",0,0.02321761133832209
default,app,"Logistic (app, calibrated)",0,0.039239117376285416
default,app,"Logistic (app, calibrated)",0,0.011987481109259856
default,app,"Logistic (app, calibrated)",0,0.028855311197433408
default,app,"Logistic (app, calibrated)",0,0.017905359349135723
default,app,"Logistic (app, calibrated)",0,0.008835704370415969
default,app,"Logistic (app, calibrated)",0,0.002797331492983667
default,app,"Logistic (app, calibrated)",0,0.04353051408714435
default,app,"Logistic (app, calibrated)",0,0.018532466940347974
default,app,"Logistic (app, calibrated)",0,0.02034216551601276
default,app,"Logistic (app, calibrated)",0,0.03903517736572039
default,app,"Logistic (app, calibrated)",0,0.04421034026947092
default,app,"Logistic (app, calibrated)",0,0.029395164070547514
default,app,"Logistic (app, calibrated)",0,0.04669024700947464
default,app,"Logistic (app, calibrated)",0,0.03145881739265433
default,app,"Logistic (app, calibrated)",0,0.05271081665038533
default,app,"Logistic (app, calibrated)",0,0.030837698750251004
default,app,"Logistic (app, calibrated)",0,0.05300251754423113
default,app,"Logistic (app, calibrated)",0,0.0
default,app,"Logistic (app, calibrated)",0,0.0
default,app,"Logistic (app, calibrated)",0,0.05903887150828295
default,app,"Logistic (app, calibrated)",0,0.04474335128628811
default,app,"Logistic (app, calibrated)",0,0.04361940979283161
default,app,"Logistic (app, calibrated)",0,0.0009433962264150943
default,app,"Logistic (app, calibrated)",0,0.03414019106888693
default,app,"Logistic (app, calibrated)",0,0.010688651420373797
default,app,"Logistic (app, calibrated)",0,0.002797331492983667
default,app,"Logistic (app, calibrated)",0,0.0009433962264150943
default,app,"Logistic (app, calibrated)",0,0.00672685521734393
default,app,"Logistic (app, calibrated)",0,0.04011054806043508
default,app,"Logistic (app, calibrated)",0,0.01085590639061799
default,app,"Logistic (app, calibrated)",0,0.03414019106888693
default,app,"Logistic (app, calibrated)",0,0.004128205128205128
default,app,"Logistic (app, calibrated)",0,0.028154630710444717
default,app,"Logistic (app, calibrated)",0,0.0028125870231133386
default,app,"Logistic (app, calibrated)",0,0.007029320529022043
default,app,"Logistic (app, calibrated)",0,0.004479664206107975
default,app,"Logistic (app, calibrated)",0,0.0028125870231133386
default,app,"Logistic (app, calibrated)",0,0.025552104229787785
default,app,"Logistic (app, calibrated)",0,0.029122229954036866
default,app,"Logistic (app, calibrated)",0,0.0017391304347826088
default,app,"Logistic (app, calibrated)",0,0.030837698750251004
default,app,"Logistic (app, calibrated)",0,0.017905359349135723
default,app,"Logistic (app, calibrated)",0,0.007974970490866115
default,app,"Logistic (app, calibrated)",0,0.0009433962264150943
default,app,"Logistic (app, calibrated)",0,0.016955524664710203
default,app,"Logistic (app, calibrated)",0,0.015520138450818993
default,app,"Logistic (app, calibrated)",0,0.053080629344859166
default,app,"Logistic (app, calibrated)",0,0.04897494371362662
default,app,"Logistic (app, calibrated)",0,0.015778000626206944
default,app,"Logistic (app, calibrated)",0,0.04620665133559645
default,app,"Logistic (app, calibrated)",0,0.03204566723523266
default,app,"Logistic (app, calibrated)",0,0.05562099547410419
default,app,"Logistic (app, calibrated)",0,0.016124860590248414
default,app,"Logistic (app, calibrated)",0,0.004128205128205128
default,app,"Logistic (app, calibrated)",0,0.002797331492983667
default,app,"Logistic (app, calibrated)",0,0.04421034026947092
default,app,"Logistic (app, calibrated)",0,0.007029320529022043
default,app,"Logistic (app, calibrated)",0,0.021774782735272315
default,app,"Logistic (app, calibrated)",0,0.03024300393564785
default,app,"Logistic (app, calibrated)",0,0.06282592281108287
default,app,"Logistic (app, calibrated)",0,0.019310022019207555
default,app,"Logistic (app, calibrated)",0,0.014744723389689646
default,app,"Logistic (app, calibrated)",0,0.005045636320865679
default,app,"Logistic (app, calibrated)",0,0.003061224489795918
default,app,"Logistic (app, calibrated)",0,0.020754652870588263
default,app,"Logistic (app, calibrated)",0,0.01085590639061799
default,app,"Logistic (app, calibrated)",0,0.03414019106888693
default,app,"Logistic (app, calibrated)",0,0.05587750353358967
default,app,"Logistic (app, calibrated)",0,0.0009433962264150943
default,app,"Logistic (app, calibrated)",0,0.02799515956006446
default,app,"Logistic (app, calibrated)",0,0.05587750353358967
default,app,"Logistic (app, calibrated)",0,0.01689171136419514
default,app,"Logistic (app, calibrated)",0,0.018532466940347974
default,app,"Logistic (app, calibrated)",0,0.03476527079844428
default,app,"Logistic (app, calibrated)",0,0.01434197846375721
default,app,"Logistic (app, calibrated)",0,0.01764154790204807
default,app,"Logistic (app, calibrated)",0,0.008791435066466976
default,app,"Logistic (app, calibrated)",0,0.0009433962264150943
default,app,"Logistic (app, calibrated)",0,0.01085590639061799
default,app,"Logistic (app, calibrated)",0,0.007029320529022043
default,app,"Logistic (app, calibrated)",0,0.0785073678028727
default,app,"Logistic (app, calibrated)",0,0.03060438751850794
default,app,"Logistic (app, calibrated)",0,0.015112462205417778
default,app,"Logistic (app, calibrated)",1,0.02625475092973802
default,app,"Logistic (app, calibrated)",0,0.0028169014084507044
default,app,"Logistic (app, calibrated)",0,0.07912086782577069
default,app,"Logistic (app, calibrated)",0,0.007029320529022043
default,app,"Logistic (app, calibrated)",0,0.04483541999902826
default,app,"Logistic (app, calibrated)",0,0.04460665133559645
default,app,"Logistic (app, calibrated)",0,0.015520138450818993
default,app,"Logistic (app, calibrated)",0,0.08297479689788241
default,app,"Logistic (app, calibrated)",0,0.04474335128628811
default,app,"Logistic (app, calibrated)",0,0.07138467008957296
default,app,"Logistic (app, calibrated)",0,0.03218345444383278
default,app,"Logistic (app, calibrated)",0,0.00953140307935971
default,app,"Logistic (app, calibrated)",0,0.012089856133052477
default,app,"Logistic (app, calibrated)",0,0.04011054806043508
default,app,"Logistic (app, calibrated)",0,0.027243739621335812
default,app,"Logistic (app, calibrated)",0,0.05546576103539388
default,app,"Logistic (app, calibrated)",0,0.03024617144749337
default,app,"Logistic (app, calibrated)",0,0.07454706325196611
default,app,"Logistic (app, calibrated)",0,0.03504217603219274
default,app,"Logistic (app, calibrated)",0,0.0043447567706327815
default,app,"Logistic (app, calibrated)",0,0.007700932553281375
default,app,"Logistic (app, calibrated)",0,0.03241180215833863
default,app,"Logistic (app, calibrated)",0,0.008138200791473829
default,app,"Logistic (app, calibrated)",0,0.04474335128628811
default,app,"Logistic (app, calibrated)",0,0.028855311197433408
default,app,"Logistic (app, calibrated)",0,0.03414019106888693
default,app,"Logistic (app, calibrated)",0,0.0522692642450867
default,app,"Logistic (app, calibrated)",0,0.053363206918006556
default,app,"Logistic (app, calibrated)",0,0.014744723389689646
default,app,"Logistic (app, calibrated)",0,0.02606341175248335
default,app,"Logistic (app, calibrated)",0,0.015520138450818993
default,app,"Logistic (app, calibrated)",0,0.009979625571829468
default,app,"Logistic (app, calibrated)",0,0.014562624641850198
default,app,"Logistic (app, calibrated)",0,0.01297926540471799
default,app,"Logistic (app, calibrated)",0,0.019310022019207555
default,app,"Logistic (app, calibrated)",0,0.03060438751850794
default,app,"Logistic (app, calibrated)",0,0.026745562255543948
default,app,"Logistic (app, calibrated)",0,0.11829658955653603
default,app,"Logistic (app, calibrated)",0,0.059613774551528345
default,app,"Logistic (app, calibrated)",0,0.0
default,app,"Logistic (app, calibrated)",0,0.03903517736572039
default,app,"Logistic (app, calibrated)",0,0.04617761366531574
default,app,"Logistic (app, calibrated)",0,0.008835704370415969
default,app,"Logistic (app, calibrated)",0,0.03785484949686794
default,app,"Logistic (app, calibrated)",0,0.032204387518507946
default,app,"Logistic (app, calibrated)",0,0.011615958708914282
default,app,"Logistic (app, calibrated)",0,0.0009433962264150943
default,app,"Logistic (app, calibrated)",0,0.004561527581329562
default,app,"Logistic (app, calibrated)",0,0.019530668197300545
default,app,"Logistic (app, calibrated)",0,0.05587750353358967
default,app,"Logistic (app, calibrated)",0,0.015832642521714117
default,app,"Logistic (app, calibrated)",0,0.020008128337038966
default,app,"Logistic (app, calibrated)",0,0.013794339468287235
default,app,"Logistic (app, calibrated)",0,0.04361940979283161
default,app,"Logistic (app, calibrated)",0,0.010809957070756599
default,app,"Logistic (app, calibrated)",0,0.06580454807593972
default,app,"Logistic (app, calibrated)",0,0.0016666666666666666
default,app,"Logistic (app, calibrated)",0,0.03414019106888693
default,app,"Logistic (app, calibrated)",0,0.010755110249753171
default,app,"Logistic (app, calibrated)",0,0.011443178583351664
default,app,"Logistic (app, calibrated)",0,0.03024300393564785
default,app,"Logistic (app, calibrated)",0,0.005196132092683816
default,app,"Logistic (app, calibrated)",0,0.0009433962264150943
default,app,"Logistic (app, calibrated)",0,0.05177830376346382
default,app,"Logistic (app, calibrated)",0,0.034304367492952556
default,app,"Logistic (app, calibrated)",0,0.006145920356446672
default,app,"Logistic (app, calibrated)",0,0.015520138450818993
default,app,"Logistic (app, calibrated)",0,0.008791435066466976
default,app,"Logistic (app, calibrated)",0,0.0028169014084507044
default,app,"Logistic (app, calibrated)",0,0.005684934690652164
default,app,"Logistic (app, calibrated)",0,0.20145678076712561
default,app,"Logistic (app, calibrated)",0,0.04111667681528329
default,app,"Logistic (app, calibrated)",0,0.04596565187180089
default,app,"Logistic (app, calibrated)",0,0.010859289226847976
default,app,"Logistic (app, calibrated)",0,0.03414019106888693
default,app,"Logistic (app, calibrated)",0,0.041770079797658274
default,app,"Logistic (app, calibrated)",0,0.011245664740441098
default,app,"Logistic (app, calibrated)",0,0.03414019106888693
default,app,"Logistic (app, calibrated)",0,0.016200997501732338
default,app,"Logistic (app, calibrated)",0,0.007596080502258992
default,app,"Logistic (app, calibrated)",0,0.03496157595916729
default,app,"Logistic (app, calibrated)",0,0.005045636320865679
default,app,"Logistic (app, calibrated)",0,0.040243584863188846
default,app,"Logistic (app, calibrated)",0,0.011443178583351664
default,app,"Logistic (app, calibrated)",0,0.0
default,app,"Logistic (app, calibrated)",1,0.040145396511135766
default,app,"Logistic (app, calibrated)",0,0.003061224489795918
default,app,"Logistic (app, calibrated)",0,0.04011054806043508
default,app,"Logistic (app, calibrated)",0,0.02730416505264769
default,app,"Logistic (app, calibrated)",0,0.003493516399694889
default,app,"Logistic (app, calibrated)",0,0.014562624641850198
default,app,"Logistic (app, calibrated)",0,0.1292522237702283
default,app,"Logistic (app, calibrated)",0,0.05587750353358967
default,app,"Logistic (app, calibrated)",0,0.0009433962264150943
default,app,"Logistic (app, calibrated)",0,0.007029320529022043
default,app,"Logistic (app, calibrated)",0,0.016094680284838753
default,app,"Logistic (app, calibrated)",0,0.014028955315021074
default,app,"Logistic (app, calibrated)",0,0.03871682508256434
default,app,"Logistic (app, calibrated)",0,0.015520138450818993
default,app,"Logistic (app, calibrated)",0,0.02606341175248335
default,app,"Logistic (app, calibrated)",0,0.053080629344859166
default,app,"Logistic (app, calibrated)",0,0.01359011700371188
default,app,"Logistic (app, calibrated)",0,0.004479664206107975
default,app,"Logistic (app, calibrated)",0,0.03414019106888693
default,app,"Logistic (app, calibrated)",0,0.004479664206107975
default,app,"Logistic (app, calibrated)",0,0.04192281117342934
default,app,"Logistic (app, calibrated)",0,0.016214782505624015
default,app,"Logistic (app, calibrated)",0,0.005684934690652164
default,app,"Logistic (app, calibrated)",0,0.0
default,app,"Logistic (app, calibrated)",0,0.06913788140927306
default,app,"Logistic (app, calibrated)",0,0.028855311197433408
default,app,"Logistic (app, calibrated)",0,0.026745562255543948
default,app,"Logistic (app, calibrated)",0,0.009979625571829468
default,app,"Logistic (app, calibrated)",0,0.010385391802709785
default,app,"Logistic (app, calibrated)",0,0.04638537615174739
default,app,"Logistic (app, calibrated)",0,0.005449362843729041
default,app,"Logistic (app, calibrated)",0,0.059613774551528345
default,app,"Logistic (app, calibrated)",0,0.007974970490866115
default,app,"Logistic (app, calibrated)",0,0.02345758039613352
default,app,"Logistic (app, calibrated)",0,0.040145396511135766
default,app,"Logistic (app, calibrated)",0,0.00935047056185325
default,app,"Logistic (app, calibrated)",0,0.0774456139766038
default,app,"Logistic (app, calibrated)",0,0.03633146417254467
default,app,"Logistic (app, calibrated)",0,0.050397870103316623
default,app,"Logistic (app, calibrated)",0,0.05903887150828295
default,app,"Logistic (app, calibrated)",0,0.045658007237789476
default,app,"Logistic (app, calibrated)",0,0.028855311197433408
default,app,"Logistic (app, calibrated)",0,0.0
default,app,"Logistic (app, calibrated)",0,0.020718279009120516
default,app,"Logistic (app, calibrated)",0,0.03784366131159158
default,app,"Logistic (app, calibrated)",1,0.04011054806043508
default,app,"Logistic (app, calibrated)",0,0.05349848763954905
default,app,"Logistic (app, calibrated)",0,0.014174468447299604
default,app,"Logistic (app, calibrated)",0,0.004561527581329562
default,app,"Logistic (app, calibrated)",0,0.047699421321401245
default,app,"Logistic (app, calibrated)",0,0.021865800273681308
default,app,"Logistic (app, calibrated)",0,0.0
default,app,"Logistic (app, calibrated)",0,0.00935047056185325
default,app,"Logistic (app, calibrated)",0,0.020077182387502446
default,app,"Logistic (app, calibrated)",0,0.02730416505264769
default,app,"Logistic (app, calibrated)",0,0.02292268822898988
default,app,"Logistic (app, calibrated)",0,0.008791435066466976
default,app,"Logistic (app, calibrated)",0,0.028855311197433408
default,app,"Logistic (app, calibrated)",0,0.040145396511135766
default,app,"Logistic (app, calibrated)",0,0.034968929838003836
default,app,"Logistic (app, calibrated)",0,0.014744723389689646
default,app,"Logistic (app, calibrated)",0,0.007974970490866115
default,app,"Logistic (app, calibrated)",0,0.027774513381971472
default,app,"Logistic (app, calibrated)",0,0.04011054806043508
default,app,"Logistic (app, calibrated)",0,0.009836314319232969
default,app,"Logistic (app, calibrated)",1,0.04150258841518437
default,app,"Logistic (app, calibrated)",0,0.01085590639061799
default,app,"Logistic (app, calibrated)",0,0.05349848763954905
default,app,"Logistic (app, calibrated)",0,0.03060438751850794
default,app,"Logistic (app, calibrated)",0,0.1917522237702283
default,app,"Logistic (app, calibrated)",0,0.018532466940347974
default,app,"Logistic (app, calibrated)",0,0.02730416505264769
default,app,"Logistic (app, calibrated)",0,0.021768959517442156
default,app,"Logistic (app, calibrated)",0,0.01764154790204807
default,app,"Logistic (app, calibrated)",0,0.022676272584608533
default,app,"Logistic (app, calibrated)",0,0.028509278214699795
default,app,"Logistic (app, calibrated)",0,0.014562624641850198
default,app,"Logistic (app, calibrated)",0,0.0009433962264150943
default,app,"Logistic (app, calibrated)",0,0.002797331492983667
default,app,"Logistic (app, calibrated)",0,0.01085590639061799
default,app,"Logistic (app, calibrated)",0,0.038510548060435086
default,app,"Logistic (app, calibrated)",0,0.0017543859649122805
default,app,"Logistic (app, calibrated)",0,0.013794339468287235
default,app,"Logistic (app, calibrated)",0,0.029874045627936625
default,app,"Logistic (app, calibrated)",0,0.030837698750251004
default,app,"Logistic (app, calibrated)",0,0.00689989559554777
default,app,"Logistic (app, calibrated)",0,0.007974970490866115
default,app,"Logistic (app, calibrated)",0,0.00026014682305234465
default,app,"Logistic (app, calibrated)",0,0.022449888894023707
default,app,"Logistic (app, calibrated)",0,0.011245664740441098
default,app,"Logistic (app, calibrated)",0,0.0580030744682297
default,app,"Logistic (app, calibrated)",0,0.03443587611075295
default,app,"Logistic (app, calibrated)",0,0.008138200791473829
default,app,"Logistic (app, calibrated)",0,0.03414019106888693
default,app,"Logistic (app, calibrated)",0,0.023550715115620013
default,app,"Logistic (app, calibrated)",0,0.03811309809133513
default,app,"Logistic (app, calibrated)",0,0.001058201058201058
default,app,"Logistic (app, calibrated)",0,0.021628328532288167
default,app,"Logistic (app, calibrated)",0,0.00012156059321586453
default,app,"Logistic (app, calibrated)",0,0.04847992607830327
default,app,"Logistic (app, calibrated)",0,0.020008128337038966
default,app,"Logistic (app, calibrated)",0,0.04872757219358594
default,app,"Logistic (app, calibrated)",0,0.03414019106888693
default,app,"Logistic (app, calibrated)",0,0.009225462720239077
default,app,"Logistic (app, calibrated)",0,0.003807000418351694
default,app,"Logistic (app, calibrated)",0,0.026745562255543948
default,app,"Logistic (app, calibrated)",0,0.013615432951913331
default,app,"Logistic (app, calibrated)",0,0.018532466940347974
default,app,"Logistic (app, calibrated)",0,0.047699421321401245
default,app,"Logistic (app, calibrated)",0,0.015520138450818993
default,app,"Logistic (app, calibrated)",0,0.0
default,app,"Logistic (app, calibrated)",0,0.05903887150828295
default,app,"Logistic (app, calibrated)",0,0.01433704714428843
default,app,"Logistic (app, calibrated)",0,0.011245664740441098
default,app,"Logistic (app, calibrated)",0,0.0330144028755439
default,app,"Logistic (app, calibrated)",0,0.033492880257544856
default,app,"Logistic (app, calibrated)",0,0.022994326029890415
default,app,"Logistic (app, calibrated)",0,0.07092116090632097
default,app,"Logistic (app, calibrated)",0,0.011506991883866727
default,app,"Logistic (app, calibrated)",0,0.019310022019207555
default,app,"Logistic (app, calibrated)",1,0.07454706325196611
default,app,"Logistic (app, calibrated)",0,0.02827122257709101
default,app,"Logistic (app, calibrated)",0,0.05891380212043869
default,app,"Logistic (app, calibrated)",0,0.015520138450818993
default,app,"Logistic (app, calibrated)",0,0.01924620871869249
default,app,"Logistic (app, calibrated)",0,0.0
default,app,"Logistic (app, calibrated)",0,0.019530668197300545
default,app,"Logistic (app, calibrated)",0,0.002584097859327217
default,app,"Logistic (app, calibrated)",0,0.020419182497300077
default,app,"Logistic (app, calibrated)",0,0.05349848763954905
default,app,"Logistic (app, calibrated)",0,0.03504217603219274
default,app,"Logistic (app, calibrated)",0,0.041770079797658274
default,app,"Logistic (app, calibrated)",0,0.047866183072819646
default,app,"Logistic (app, calibrated)",0,0.02493145854612643
default,app,"Logistic (app, calibrated)",0,0.03683185510102138
default,app,"Logistic (app, calibrated)",0,0.011443178583351664
default,app,"Logistic (app, calibrated)",0,0.028597613556944255
default,app,"Logistic (app, calibrated)",0,0.02086527119418182
default,app,"Logistic (app, calibrated)",0,0.04483541999902826
default,app,"Logistic (app, calibrated)",0,0.016946903847243046
default,app,"Logistic (app, calibrated)",0,0.059613774551528345
default,app,"Logistic (app, calibrated)",0,0.025552104229787785
default,app,"Logistic (app, calibrated)",1,0.030837698750251004
default,app,"Logistic (app, calibrated)",1,0.040145396511135766
default,app,"Logistic (app, calibrated)",0,0.028855311197433408
default,app,"Logistic (app, calibrated)",0,0.022016750694434255
default,app,"Logistic (app, calibrated)",0,0.00824049513704686
default,app,"Logistic (app, calibrated)",0,0.03166913852234343
default,app,"Logistic (app, calibrated)",0,0.028757685375822233
default,app,"Logistic (app, calibrated)",0,0.024001035038809425
default,app,"Logistic (app, calibrated)",0,0.017633290094770476
default,app,"Logistic (app, calibrated)",0,0.016195960381665334
default,app,"Logistic (app, calibrated)",0,0.05587750353358967
default,app,"Logistic (app, calibrated)",0,0.019530668197300545
default,app,"Logistic (app, calibrated)",0,0.010385391802709785
default,app,"Logistic (app, calibrated)",0,0.01085590639061799
default,app,"Logistic (app, calibrated)",0,0.01433704714428843
default,app,"Logistic (app, calibrated)",0,0.02799515956006446
default,app,"Logistic (app, calibrated)",0,0.02354281668152408
default,app,"Logistic (app, calibrated)",0,0.019408202300281414
default,app,"Logistic (app, calibrated)",0,0.018487248699488958
default,app,"Logistic (app, calibrated)",0,0.03903517736572039
default,app,"Logistic (app, calibrated)",1,0.0092103948025987
default,app,"Logistic (app, calibrated)",0,0.03024300393564785
default,app,"Logistic (app, calibrated)",0,0.016200997501732338
default,app,"Logistic (app, calibrated)",1,0.01436258340577975
default,app,"Logistic (app, calibrated)",0,0.03745283398569287
default,app,"Logistic (app, calibrated)",0,0.019530668197300545
default,app,"Logistic (app, calibrated)",0,0.003378969654199012
default,app,"Logistic (app, calibrated)",0,0.023365105946093756
default,app,"Logistic (app, calibrated)",0,0.03414019106888693
default,app,"Logistic (app, calibrated)",0,0.02638659676419295
default,app,"Logistic (app, calibrated)",0,0.014744723389689646
default,app,"Logistic (app, calibrated)",0,0.005196132092683816
default,app,"Logistic (app, calibrated)",0,0.020008128337038966
default,app,"Logistic (app, calibrated)",0,0.015520138450818993
default,app,"Logistic (app, calibrated)",0,0.01192366780874479
default,app,"Logistic (app, calibrated)",0,0.025395883680016957
default,app,"Logistic (app, calibrated)",0,0.034042375243697166
default,app,"Logistic (app, calibrated)",1,0.019530668197300545
default,app,"Logistic (app, calibrated)",0,0.0007185009322378563
default,app,"Logistic (app, calibrated)",0,0.032204387518507946
default,app,"Logistic (app, calibrated)",0,0.01442990283778387
default,app,"Logistic (app, calibrated)",0,0.026225217607323586
default,app,"Logistic (app, calibrated)",0,0.017125470539065414
default,app,"Logistic (app, calibrated)",0,0.019922226860779983
default,app,"Logistic (app, calibrated)",0,0.04011054806043508
default,app,"Logistic (app, calibrated)",0,0.04011263805296559
default,app,"Logistic (app, calibrated)",0,0.015073211316382335
default,app,"Logistic (app, calibrated)",0,0.02672007643230529
default,app,"Logistic (app, calibrated)",0,0.01436258340577975
default,app,"Logistic (app, calibrated)",0,0.05903887150828295
default,app,"Logistic (app, calibrated)",0,0.09885090903867769
default,app,"Logistic (app, calibrated)",0,0.019731313917018867
default,app,"Logistic (app, calibrated)",0,0.0
default,app,"Logistic (app, calibrated)",0,0.021129499807183365
default,app,"Logistic (app, calibrated)",0,0.05271081665038533
default,app,"Logistic (app, calibrated)",0,0.020718279009120516
default,app,"Logistic (app, calibrated)",0,0.041770079797658274
default,app,"Logistic (app, calibrated)",1,0.015832642521714117
default,app,"Logistic (app, calibrated)",0,0.0070658383410677
default,app,"Logistic (app, calibrated)",0,0.007029320529022043
default,app,"Logistic (app, calibrated)",0,0.019922226860779983
default,app,"Logistic (app, calibrated)",0,0.0028125870231133386
default,app,"Logistic (app, calibrated)",0,0.03785484949686794
default,app,"Logistic (app, calibrated)",0,0.04011054806043508
default,app,"Logistic (app, calibrated)",0,0.00751120105915769
default,app,"Logistic (app, calibrated)",0,0.012089856133052477
default,app,"Logistic (app, calibrated)",0,0.02041732353177949
default,app,"Logistic (app, calibrated)",0,0.01867238824877504
default,app,"Logistic (app, calibrated)",0,0.011443178583351664
default,app,"Logistic (app, calibrated)",0,0.01359011700371188
default,app,"Logistic (app, calibrated)",0,0.0389102352897822
default,app,"Logistic (app, calibrated)",0,0.007029320529022043
default,app,"Logistic (app, calibrated)",0,0.059613774551528345
default,app,"Logistic (app, calibrated)",0,0.053959559508576324
default,app,"Logistic (app, calibrated)",0,0.011615958708914282
default,app,"Logistic (app, calibrated)",0,0.008390341652325977
default,app,"Logistic (app, calibrated)",0,0.016094680284838753
default,app,"Logistic (app, calibrated)",0,0.055573861946236126
default,app,"Logistic (app, calibrated)",0,0.05271081665038533
default,app,"Logistic (app, calibrated)",0,0.029025185271146926
default,app,"Logistic (app, calibrated)",0,0.01297926540471799
default,app,"Logistic (app, calibrated)",0,0.03409186356278909
default,app,"Logistic (app, calibrated)",0,0.08223803425603875
default,app,"Logistic (app, calibrated)",0,0.04011054806043508
default,app,"Logistic (app, calibrated)",0,0.04474335128628811
default,app,"Logistic (app, calibrated)",0,0.03414019106888693
default,app,"Logistic (app, calibrated)",0,0.019731313917018867
default,app,"Logistic (app, calibrated)",0,0.0017391304347826088
default,app,"Logistic (app, calibrated)",0,0.027045474199365194
default,app,"Logistic (app, calibrated)",0,0.019530668197300545
default,app,"Logistic (app, calibrated)",0,0.023550715115620013
default,app,"Logistic (app, calibrated)",1,0.003493516399694889
default,app,"Logistic (app, calibrated)",0,0.08479257164590548
default,app,"Logistic (app, calibrated)",0,0.013174996710302594
default,app,"Logistic (app, calibrated)",0,0.0016666666666666666
default,app,"Logistic (app, calibrated)",0,0.009473479914209399
default,app,"Logistic (app, calibrated)",0,0.0062303443179872586
default,app,"Logistic (app, calibrated)",0,0.06257687904203427
default,app,"Logistic (app, calibrated)",0,0.02990952161800644
default,app,"Logistic (app, calibrated)",0,0.002797331492983667
default,app,"Logistic (app, calibrated)",0,0.00758082497212932
default,app,"Logistic (app, calibrated)",0,0.0043447567706327815
default,app,"Logistic (app, calibrated)",0,0.0009433962264150943
default,app,"Logistic (app, calibrated)",0,0.024382201560663074
default,app,"Logistic (app, calibrated)",0,0.0009433962264150943
default,app,"Logistic (app, calibrated)",0,0.02959199794926524
default,app,"Logistic (app, calibrated)",0,0.01764154790204807
default,app,"Logistic (app, calibrated)",0,0.026745562255543948
default,app,"Logistic (app, calibrated)",0,0.006439461853630031
default,app,"Logistic (app, calibrated)",0,0.025395883680016957
default,app,"Logistic (app, calibrated)",0,0.015137998466909098
default,app,"Logistic (app, calibrated)",0,0.03849617890447136
default,app,"Logistic (app, calibrated)",0,0.010385391802709785
default,app,"Logistic (app, calibrated)",1,0.014744723389689646
default,app,"Logistic (app, calibrated)",0,0.02672007643230529
default,app,"Logistic (app, calibrated)",0,0.03562225343037177
default,app,"Logistic (app, calibrated)",0,0.007596080502258992
default,app,"Logistic (app, calibrated)",0,0.0
default,app,"Logistic (app, calibrated)",0,0.010914158305462652
default,app,"Logistic (app, calibrated)",0,0.016955524664710203
default,app,"Logistic (app, calibrated)",0,0.02284672879713963
default,app,"Logistic (app, calibrated)",0,0.1179622161550743
default,app,"Logistic (app, calibrated)",0,0.05696046713485362
default,app,"Logistic (app, calibrated)",0,0.03004821967870467
default,app,"Logistic (app, calibrated)",0,0.0116414949704056
default,app,"Logistic (app, calibrated)",0,0.05271081665038533
default,app,"Logistic (app, calibrated)",0,0.02345758039613352
default,app,"Logistic (app, calibrated)",1,0.05471010438499528
default,app,"Logistic (app, calibrated)",0,0.002797331492983667
default,app,"Logistic (app, calibrated)",0,0.03218345444383278
default,app,"Logistic (app, calibrated)",0,0.019922226860779983
default,app,"Logistic (app, calibrated)",0,0.006135061573752326
default,app,"Logistic (app, calibrated)",0,0.002584097859327217
default,app,"Logistic (app, calibrated)",0,0.0580030744682297
default,app,"Logistic (app, calibrated)",0,0.04421034026947092
default,app,"Logistic (app, calibrated)",0,0.04633968813835021
default,app,"Logistic (app, calibrated)",0,0.008138200791473829
default,app,"Logistic (app, calibrated)",0,0.050229690349630374
default,app,"Logistic (app, calibrated)",0,0.05903887150828295
default,app,"Logistic (app, calibrated)",0,0.020077182387502446
default,app,"Logistic (app, calibrated)",0,0.004424339109092312
default,app,"Logistic (app, calibrated)",0,0.03145881739265433
default,app,"Logistic (app, calibrated)",0,0.02348888938078324
default,app,"Logistic (app, calibrated)",0,0.03859610073648788
default,app,"Logistic (app, calibrated)",0,0.02345758039613352
default,app,"Logistic (app, calibrated)",0,0.047379083220163716
default,app,"Logistic (app, calibrated)",0,0.09936833336234849
default,app,"Logistic (app, calibrated)",0,0.05830174595783209
default,app,"Logistic (app, calibrated)",0,0.028154630710444717
default,app,"Logistic (app, calibrated)",0,0.04483541999902826
default,app,"Logistic (app, calibrated)",0,0.01388189529921328
default,app,"Logistic (app, calibrated)",0,0.0308522092094765
default,app,"Logistic (app, calibrated)",0,0.040163686030662595
default,app,"Logistic (app, calibrated)",0,0.005049662597619228
default,app,"Logistic (app, calibrated)",0,0.04188546783302915
default,app,"Logistic (app, calibrated)",0,0.0092103948025987
default,app,"Logistic (app, calibrated)",0,0.026482604690912147
default,app,"Logistic (app, calibrated)",0,0.022994326029890415
default,app,"Logistic (app, calibrated)",0,0.020077182387502446
default,app,"Logistic (app, calibrated)",0,0.030837698750251004
default,app,"Logistic (app, calibrated)",0,0.05349848763954905
default,app,"Logistic (app, calibrated)",0,0.029122229954036866
default,app,"Logistic (app, calibrated)",0,0.03204566723523266
default,app,"Logistic (app, calibrated)",0,0.013479420417973542
default,app,"Logistic (app, calibrated)",0,0.029395164070547514
default,app,"Logistic (app, calibrated)",1,0.14939685567349262
default,app,"Logistic (app, calibrated)",0,0.05903887150828295
default,app,"Logistic (app, calibrated)",0,0.0
default,app,"Logistic (app, calibrated)",0,0.040145396511135766
default,app,"Logistic (app, calibrated)",1,0.015112462205417778
default,app,"Logistic (app, calibrated)",0,0.005045636320865679
default,app,"Logistic (app, calibrated)",0,0.022546626779220987
default,app,"Logistic (app, calibrated)",0,0.02780839128430453
default,app,"Logistic (app, calibrated)",0,0.0009433962264150943
default,app,"Logistic (app, calibrated)",0,0.007029320529022043
default,app,"Logistic (app, calibrated)",0,0.03024300393564785
default,app,"Logistic (app, calibrated)",0,0.034968929838003836
default,app,"Logistic (app, calibrated)",0,0.1438858772219976
default,app,"Logistic (app, calibrated)",0,0.01764154790204807
default,app,"Logistic (app, calibrated)",0,0.03473146417254467
default,app,"Logistic (app, calibrated)",0,0.019310022019207555
default,app,"Logistic (app, calibrated)",0,0.030837698750251004
default,app,"Logistic (app, calibrated)",0,0.014744723389689646
default,app,"Logistic (app, calibrated)",0,0.01519913360701464
default,app,"Logistic (app, calibrated)",0,0.02683988008629575
default,app,"Logistic (app, calibrated)",0,0.0853027122690044
default,app,"Logistic (app, calibrated)",0,0.1292522237702283
default,app,"Logistic (app, calibrated)",0,0.02730416505264769
default,app,"Logistic (app, calibrated)",0,0.01712767280162057
default,app,"Logistic (app, calibrated)",0,0.04474335128628811
default,app,"Logistic (app, calibrated)",0,0.04092235841006049
default,app,"Logistic (app, calibrated)",0,0.028855311197433408
default,app,"Logistic (app, calibrated)",0,0.01819232559015675
default,app,"Logistic (app, calibrated)",0,0.03414019106888693
default,app,"Logistic (app, calibrated)",0,0.007974970490866115
default,app,"Logistic (app, calibrated)",0,0.03444655510068617
default,app,"Logistic (app, calibrated)",0,0.02546865914063336
default,app,"Logistic (app, calibrated)",0,0.03166913852234343
default,app,"Logistic (app, calibrated)",0,0.05349848763954905
default,app,"Logistic (app, calibrated)",0,0.030837698750251004
default,app,"Logistic (app, calibrated)",0,0.016955524664710203
default,app,"Logistic (app, calibrated)",0,0.010385391802709785
default,app,"Logistic (app, calibrated)",0,0.003061224489795918
default,app,"Logistic (app, calibrated)",0,0.05903887150828295
default,app,"Logistic (app, calibrated)",0,0.016195960381665334
default,app,"Logistic (app, calibrated)",0,0.02292268822898988
default,app,"Logistic (app, calibrated)",0,0.0424418652146228
default,app,"Logistic (app, calibrated)",0,0.018532466940347974
default,app,"Logistic (app, calibrated)",0,0.011443178583351664
default,app,"Logistic (app, calibrated)",0,0.04011054806043508
default,app,"Logistic (app, calibrated)",0,0.03414019106888693
default,app,"Logistic (app, calibrated)",0,0.00758082497212932
default,app,"Logistic (app, calibrated)",0,0.020077182387502446
default,app,"Logistic (app, calibrated)",0,0.05903887150828295
default,app,"Logistic (app, calibrated)",0,0.07138467008957296
default,app,"Logistic (app, calibrated)",0,0.0009433962264150943
default,app,"Logistic (app, calibrated)",0,0.0043447567706327815
default,app,"Logistic (app, calibrated)",0,0.019922226860779983
default,app,"Logistic (app, calibrated)",0,0.032204387518507946
default,app,"Logistic (app, calibrated)",0,0.03145881739265433
default,app,"Logistic (app, calibrated)",0,0.01436258340577975
default,app,"Logistic (app, calibrated)",0,0.028855311197433408
default,app,"Logistic (app, calibrated)",0,0.03473146417254467
default,app,"Logistic (app, calibrated)",0,0.006439461853630031
default,app,"Logistic (app, calibrated)",0,0.10003066688400072
default,app,"Logistic (app, calibrated)",0,0.011443178583351664
default,app,"Logistic (app, calibrated)",0,0.022449888894023707
default,app,"Logistic (app, calibrated)",0,0.0009433962264150943
default,app,"Logistic (app, calibrated)",1,0.013132016499575249
default,app,"Logistic (app, calibrated)",0,0.023416946418467026
default,app,"Logistic (app, calibrated)",0,0.0092103948025987
default,app,"Logistic (app, calibrated)",0,0.03414019106888693
default,app,"Logistic (app, calibrated)",0,0.05329942102966993
default,app,"Logistic (app, calibrated)",0,0.059613774551528345
default,app,"Logistic (app, calibrated)",0,0.012266840777576142
default,app,"Logistic (app, calibrated)",0,0.03598347140639836
default,app,"Logistic (app, calibrated)",0,0.006826849733028223
default,app,"Logistic (app, calibrated)",0,0.022145044405544573
default,app,"Logistic (app, calibrated)",0,0.019310022019207555
default,app,"Logistic (app, calibrated)",0,0.03903517736572039
default,app,"Logistic (app, calibrated)",0,0.08705630328716055
default,app,"Logistic (app, calibrated)",0,0.019310022019207555
default,app,"Logistic (app, calibrated)",0,0.05587750353358967
default,app,"Logistic (app, calibrated)",0,0.007029320529022043
default,app,"Logistic (app, calibrated)",0,0.012282927461228218
default,app,"Logistic (app, calibrated)",0,0.0009433962264150943
default,app,"Logistic (app, calibrated)",0,0.022994326029890415
default,app,"Logistic (app, calibrated)",0,0.011443178583351664
default,app,"Logistic (app, calibrated)",1,0.02530262063890944
default,app,"Logistic (app, calibrated)",0,0.023542716548687802
default,app,"Logistic (app, calibrated)",0,0.053080629344859166
default,app,"Logistic (app, calibrated)",0,0.01146675798961188
default,app,"Logistic (app, calibrated)",0,0.004137931034482759
default,app,"Logistic (app, calibrated)",0,0.03830210919349074
default,app,"Logistic (app, calibrated)",0,0.04150258841518437
default,app,"Logistic (app, calibrated)",0,0.059613774551528345
default,app,"Logistic (app, calibrated)",0,0.014744723389689646
default,app,"Logistic (app, calibrated)",0,0.03504217603219274
default,app,"Logistic (app, calibrated)",0,0.02086527119418182
default,app,"Logistic (app, calibrated)",0,0.02730416505264769
default,app,"Logistic (app, calibrated)",0,0.023967101787619922
default,app,"Logistic (app, calibrated)",0,0.046930630303655387
default,app,"Logistic (app, calibrated)",0,0.02284672879713963
default,app,"Logistic (app, calibrated)",0,0.041770079797658274
default,app,"Logistic (app, calibrated)",0,0.023550715115620013
default,app,"Logistic (app, calibrated)",0,0.011987481109259856
default,app,"Logistic (app, calibrated)",0,0.005684934690652164
default,app,"Logistic (app, calibrated)",0,0.0009433962264150943
default,app,"Logistic (app, calibrated)",0,0.02295613912260854
default,app,"Logistic (app, calibrated)",0,0.002797331492983667
default,app,"Logistic (app, calibrated)",0,0.005045636320865679
default,app,"Logistic (app, calibrated)",0,0.03414019106888693
default,app,"Logistic (app, calibrated)",0,0.009979625571829468
default,app,"Logistic (app, calibrated)",0,0.005049662597619228
default,app,"Logistic (app, calibrated)",0,0.0058569500674763835
default,app,"Logistic (app, calibrated)",0,0.01867238824877504
default,app,"Logistic (app, calibrated)",0,0.06772588770755524
default,app,"Logistic (app, calibrated)",0,0.005045636320865679
default,app,"Logistic (app, calibrated)",0,0.04011054806043508
default,app,"Logistic (app, calibrated)",0,0.01436258340577975
default,app,"Logistic (app, calibrated)",0,0.04011054806043508
default,app,"Logistic (app, calibrated)",0,0.02773679432935574
default,app,"Logistic (app, calibrated)",0,0.02284672879713963
default,app,"Logistic (app, calibrated)",0,0.019310022019207555
default,app,"Logistic (app, calibrated)",0,0.03414019106888693
default,app,"Logistic (app, calibrated)",0,0.037068087004756015
default,app,"Logistic (app, calibrated)",0,0.04483541999902826
default,app,"Logistic (app, calibrated)",0,0.01433704714428843
default,app,"Logistic (app, calibrated)",0,0.05903887150828295
default,app,"Logistic (app, calibrated)",1,0.026745562255543948
default,app,"Logistic (app, calibrated)",0,0.022363652733603606
default,app,"Logistic (app, calibrated)",0,0.01764154790204807
default,app,"Logistic (app, calibrated)",0,0.02198194896024455
default,app,"Logistic (app, calibrated)",0,0.029286552605465282
default,app,"Logistic (app, calibrated)",0,0.009231871308077715
default,app,"Logistic (app, calibrated)",0,0.00990766994611558
default,app,"Logistic (app, calibrated)",0,0.015520138450818993
default,app,"Logistic (app, calibrated)",0,0.0009433962264150943
default,app,"Logistic (app, calibrated)",0,0.0009433962264150943
default,app,"Logistic (app, calibrated)",0,0.04483541999902826
default,app,"Logistic (app, calibrated)",0,0.0036279599848043553
default,app,"Logistic (app, calibrated)",0,0.07454706325196611
default,app,"Logistic (app, calibrated)",0,0.05903887150828295
default,app,"Logistic (app, calibrated)",0,0.04010144986768923
default,app,"Logistic (app, calibrated)",0,0.019530668197300545
default,app,"Logistic (app, calibrated)",0,0.04483541999902826
default,app,"Logistic (app, calibrated)",0,0.04421034026947092
default,app,"Logistic (app, calibrated)",0,0.018464394844521996
default,app,"Logistic (app, calibrated)",0,0.048690622191240596
default,app,"Logistic (app, calibrated)",0,0.03024300393564785
default,app,"Logistic (app, calibrated)",0,0.030837698750251004
default,app,"Logistic (app, calibrated)",0,0.007596080502258992
default,app,"Logistic (app, calibrated)",0,0.016955524664710203
default,app,"Logistic (app, calibrated)",0,0.003061224489795918
default,app,"Logistic (app, calibrated)",0,0.001058201058201058
default,app,"Logistic (app, calibrated)",0,0.02345758039613352
default,app,"Logistic (app, calibrated)",0,0.05616603293314395
default,app,"Logistic (app, calibrated)",0,0.002797331492983667
default,app,"Logistic (app, calibrated)",0,0.017905359349135723
default,app,"Logistic (app, calibrated)",0,0.018532466940347974
default,app,"Logistic (app, calibrated)",0,0.0
default,app,"Logistic (app, calibrated)",0,0.04387525394278803
default,app,"Logistic (app, calibrated)",0,0.027774513381971472
default,app,"Logistic (app, calibrated)",0,0.009979625571829468
default,app,"Logistic (app, calibrated)",0,0.009979625571829468
default,app,"Logistic (app, calibrated)",0,0.05891380212043869
default,app,"Logistic (app, calibrated)",0,0.008138200791473829
default,app,"Logistic (app, calibrated)",0,0.0028125870231133386
default,app,"Logistic (app, calibrated)",0,0.0720097498191303
default,app,"Logistic (app, calibrated)",0,0.012495222236306686
default,app,"Logistic (app, calibrated)",0,0.0017543859649122805
default,app,"Logistic (app, calibrated)",0,0.021776162283290733
default,app,"Logistic (app, calibrated)",0,0.01359011700371188
default,app,"Logistic (app, calibrated)",0,0.005684934690652164
default,app,"Logistic (app, calibrated)",0,0.015137998466909098
default,app,"Logistic (app, calibrated)",0,0.059613774551528345
default,app,"Logistic (app, calibrated)",0,0.011987481109259856
default,app,"Logistic (app, calibrated)",0,0.01297926540471799
default,app,"Logistic (app, calibrated)",0,0.0580030744682297
default,app,"Logistic (app, calibrated)",0,0.02024088541918618
default,app,"Logistic (app, calibrated)",0,0.01433704714428843
default,app,"Logistic (app, calibrated)",0,0.03903517736572039
default,app,"Logistic (app, calibrated)",1,0.08523591621443628
default,app,"Logistic (app, calibrated)",0,0.07013942444484014
default,app,"Logistic (app, calibrated)",0,0.03414019106888693
default,app,"Logistic (app, calibrated)",0,0.014971931219555751
default,app,"Logistic (app, calibrated)",0,0.024510684592428462
default,app,"Logistic (app, calibrated)",0,0.03265151499363721
default,app,"Logistic (app, calibrated)",0,0.022876210878843454
default,app,"Logistic (app, calibrated)",0,0.0036279599848043553
default,app,"Logistic (app, calibrated)",0,0.015137998466909098
default,app,"Logistic (app, calibrated)",0,0.0009433962264150943
default,app,"Logistic (app, calibrated)",0,0.01436258340577975
default,app,"Logistic (app, calibrated)",0,0.02730416505264769
default,app,"Logistic (app, calibrated)",0,0.059613774551528345
default,app,"Logistic (app, calibrated)",1,0.047699421321401245
default,app,"Logistic (app, calibrated)",0,0.038510548060435086
default,app,"Logistic (app, calibrated)",0,0.03784366131159158
default,app,"Logistic (app, calibrated)",0,0.02799515956006446
default,app,"Logistic (app, calibrated)",0,0.025605118473092787
default,app,"Logistic (app, calibrated)",0,0.03414019106888693
default,app,"Logistic (app, calibrated)",0,0.01670553188383264
default,app,"Logistic (app, calibrated)",0,0.021729041189229904
default,app,"Logistic (app, calibrated)",0,0.0009433962264150943
default,app,"Logistic (app, calibrated)",0,0.032151115817809356
default,app,"Logistic (app, calibrated)",1,0.020568631987837843
default,app,"Logistic (app, calibrated)",0,0.03414019106888693
default,app,"Logistic (app, calibrated)",0,0.0265528991775068
default,app,"Logistic (app, calibrated)",0,0.019310022019207555
default,app,"Logistic (app, calibrated)",0,0.04948910039022988
default,app,"Logistic (app, calibrated)",0,0.026986995188908746
default,app,"Logistic (app, calibrated)",1,0.03871682508256434
default,app,"Logistic (app, calibrated)",0,0.00751120105915769
default,app,"Logistic (app, calibrated)",0,0.004694835680751174
default,app,"Logistic (app, calibrated)",0,0.026490773837203985
default,app,"Logistic (app, calibrated)",0,0.019310022019207555
default,app,"Logistic (app, calibrated)",0,0.03024300393564785
default,app,"Logistic (app, calibrated)",0,0.010615188941326103
default,app,"Logistic (app, calibrated)",0,0.01626246849104468
default,app,"Logistic (app, calibrated)",0,0.01867238824877504
default,app,"Logistic (app, calibrated)",0,0.030837698750251004
default,app,"Logistic (app, calibrated)",0,0.02619151559464671
default,app,"Logistic (app, calibrated)",0,0.0
default,app,"Logistic (app, calibrated)",0,0.0036279599848043553
default,app,"Logistic (app, calibrated)",0,0.00751120105915769
default,app,"Logistic (app, calibrated)",0,0.013514156483485145
default,app,"Logistic (app, calibrated)",0,0.016806811980659222
default,app,"Logistic (app, calibrated)",0,0.0009433962264150943
default,app,"Logistic (app, calibrated)",0,0.02345758039613352
default,app,"Logistic (app, calibrated)",0,0.021628328532288167
default,app,"Logistic (app, calibrated)",0,0.05830174595783209
default,app,"Logistic (app, calibrated)",0,0.014339236064894331
default,app,"Logistic (app, calibrated)",0,0.0092103948025987
default,app,"Logistic (app, calibrated)",0,0.02349569558746325
default,app,"Logistic (app, calibrated)",0,0.0009433962264150943
default,app,"Logistic (app, calibrated)",0,0.053080629344859166
default,app,"Logistic (app, calibrated)",0,0.0308522092094765
default,app,"Logistic (app, calibrated)",0,0.011615958708914282
default,app,"Logistic (app, calibrated)",0,0.016955524664710203
default,app,"Logistic (app, calibrated)",0,0.013132016499575249
default,app,"Logistic (app, calibrated)",0,0.0070669682232754214
default,app,"Logistic (app, calibrated)",0,0.01297926540471799
default,app,"Logistic (app, calibrated)",0,0.05903887150828295
default,app,"Logistic (app, calibrated)",0,0.03193857530208698
default,app,"Logistic (app, calibrated)",0,0.03272330731694689
default,app,"Logistic (app, calibrated)",0,0.1179622161550743
default,app,"Logistic (app, calibrated)",0,0.008835704370415969
default,app,"Logistic (app, calibrated)",0,0.026482604690912147
default,app,"Logistic (app, calibrated)",0,0.007204621465491031
default,app,"Logistic (app, calibrated)",0,0.028154630710444717
default,app,"Logistic (app, calibrated)",0,0.035283379616917895
default,app,"Logistic (app, calibrated)",0,0.020077182387502446
default,app,"Logistic (app, calibrated)",0,0.0043447567706327815
default,app,"Logistic (app, calibrated)",1,0.012556245920258158
default,app,"Logistic (app, calibrated)",0,0.047866183072819646
default,app,"Logistic (app, calibrated)",0,0.020461006134953903
default,app,"Logistic (app, calibrated)",0,0.021717158610524825
default,app,"Logistic (app, calibrated)",0,0.0017391304347826088
default,app,"Logistic (app, calibrated)",0,0.04010144986768923
default,app,"Logistic (app, calibrated)",0,0.05903887150828295
default,app,"Logistic (app, calibrated)",0,0.015520138450818993
default,app,"Logistic (app, calibrated)",0,0.058934351797022555
default,app,"Logistic (app, calibrated)",0,0.03309838003900748
default,app,"Logistic (app, calibrated)",0,0.020077182387502446
default,app,"Logistic (app, calibrated)",0,0.05287340790999171
default,app,"Logistic (app, calibrated)",0,0.038835678406393175
default,app,"Logistic (app, calibrated)",0,0.053080629344859166
default,app,"Logistic (app, calibrated)",0,0.040145396511135766
default,app,"Logistic (app, calibrated)",0,0.026745562255543948
default,app,"Logistic (app, calibrated)",0,0.02990952161800644
default,app,"Logistic (app, calibrated)",0,0.03982320599662782
default,app,"Logistic (app, calibrated)",0,0.007974970490866115
default,app,"Logistic (app, calibrated)",0,0.0
default,app,"Logistic (app, calibrated)",0,0.016955524664710203
default,app,"Logistic (app, calibrated)",0,0.010914158305462652
default,app,"Logistic (app, calibrated)",0,0.011169140645766924
default,app,"Logistic (app, calibrated)",0,0.024001035038809425
default,app,"Logistic (app, calibrated)",0,0.0036279599848043553
default,app,"Logistic (app, calibrated)",0,0.002797331492983667
default,app,"Logistic (app, calibrated)",0,0.10003066688400072
default,app,"Logistic (app, calibrated)",0,0.07943717718392096
default,app,"Logistic (app, calibrated)",0,0.028855311197433408
default,app,"Logistic (app, calibrated)",0,0.0092103948025987
default,app,"Logistic (app, calibrated)",0,0.00751120105915769
default,app,"Logistic (app, calibrated)",0,0.021865800273681308
default,app,"Logistic (app, calibrated)",0,0.041770079797658274
default,app,"Logistic (app, calibrated)",0,0.03414019106888693
default,app,"Logistic (app, calibrated)",0,0.04011054806043508
default,app,"Logistic (app, calibrated)",0,0.034370080589684576
default,app,"Logistic (app, calibrated)",0,0.04514095123482675
default,app,"Logistic (app, calibrated)",0,0.0389102352897822
default,app,"Logistic (app, calibrated)",0,0.046802693394873085
default,app,"Logistic (app, calibrated)",0,0.03366888939405062
default,app,"Logistic (app, calibrated)",1,0.04483541999902826
default,app,"Logistic (app, calibrated)",0,0.01819232559015675
default,app,"Logistic (app, calibrated)",0,0.034370080589684576
default,app,"Logistic (app, calibrated)",0,0.0
default,app,"Logistic (app, calibrated)",0,0.026482604690912147
default,app,"Logistic (app, calibrated)",0,0.02627965878678724
default,app,"Logistic (app, calibrated)",0,0.026482604690912147
default,app,"Logistic (app, calibrated)",0,0.032204387518507946
default,app,"Logistic (app, calibrated)",0,0.004128205128205128
default,app,"Logistic (app, calibrated)",0,0.09014030938646192
default,app,"Logistic (app, calibrated)",0,0.011245664740441098
default,app,"Logistic (app, calibrated)",1,0.02345758039613352
default,app,"Logistic (app, calibrated)",0,0.02345758039613352
default,app,"Logistic (app, calibrated)",0,0.08922165351715841
default,app,"Logistic (app, calibrated)",0,0.016955524664710203
default,app,"Logistic (app, calibrated)",0,0.0580030744682297
default,app,"Logistic (app, calibrated)",0,0.04847992607830327
default,app,"Logistic (app, calibrated)",0,0.02625475092973802
default,app,"Logistic (app, calibrated)",0,0.046802693394873085
default,app,"Logistic (app, calibrated)",0,0.03633146417254467
default,app,"Logistic (app, calibrated)",0,0.008791435066466976
default,app,"Logistic (app, calibrated)",0,0.013312958905162802
default,app,"Logistic (app, calibrated)",0,0.011987481109259856
default,app,"Logistic (app, calibrated)",0,0.011709175728826005
default,app,"Logistic (app, calibrated)",0,0.05260631103464434
default,app,"Logistic (app, calibrated)",0,0.016195960381665334
default,app,"Logistic (app, calibrated)",0,0.053080629344859166
default,app,"Logistic (app, calibrated)",0,0.02698549102686861
default,app,"Logistic (app, calibrated)",0,0.028855311197433408
default,app,"Logistic (app, calibrated)",0,0.04011054806043508
default,app,"Logistic (app, calibrated)",0,0.09384130011793708
default,app,"Logistic (app, calibrated)",0,0.007029320529022043
default,app,"Logistic (app, calibrated)",0,0.05287340790999171
default,app,"Logistic (app, calibrated)",0,0.05218181202584612
default,app,"Logistic (app, calibrated)",0,0.019630033820192287
default,app,"Logistic (app, calibrated)",0,0.014289571544614493
default,app,"Logistic (app, calibrated)",0,0.019310022019207555
default,app,"Logistic (app, calibrated)",0,0.05349848763954905
default,app,"Logistic (app, calibrated)",0,0.007974970490866115
default,app,"Logistic (app, calibrated)",0,0.015520138450818993
default,app,"Logistic (app, calibrated)",0,0.05903887150828295
default,app,"Logistic (app, calibrated)",0,0.03504217603219274
default,app,"Logistic (app, calibrated)",0,0.015520138450818993
default,app,"Logistic (app, calibrated)",0,0.027635514232529156
default,app,"Logistic (app, calibrated)",0,0.0016666666666666666
default,app,"Logistic (app, calibrated)",0,0.032204387518507946
default,app,"Logistic (app, calibrated)",0,0.03903517736572039
default,app,"Logistic (app, calibrated)",0,0.008138200791473829
default,app,"Logistic (app, calibrated)",0,0.024732002262973517
default,app,"Logistic (app, calibrated)",0,0.02070277239184399
default,app,"Logistic (app, calibrated)",0,0.013730395643373323
default,app,"Logistic (app, calibrated)",0,0.05388327068121675
default,app,"Logistic (app, calibrated)",0,0.01436258340577975
default,app,"Logistic (app, calibrated)",0,0.03060438751850794
default,app,"Logistic (app, calibrated)",0,0.006439461853630031
default,app,"Logistic (app, calibrated)",0,0.019922226860779983
default,app,"Logistic (app, calibrated)",0,0.03633146417254467
default,app,"Logistic (app, calibrated)",0,0.005196132092683816
default,app,"Logistic (app, calibrated)",0,0.01160703662927332
default,app,"Logistic (app, calibrated)",0,0.006106871308077716
default,app,"Logistic (app, calibrated)",0,0.00758082497212932
default,app,"Logistic (app, calibrated)",0,0.053959559508576324
default,app,"Logistic (app, calibrated)",0,0.07092116090632097
default,app,"Logistic (app, calibrated)",0,0.01408213541645707
default,app,"Logistic (app, calibrated)",0,0.0017391304347826088
default,app,"Logistic (app, calibrated)",0,0.028855311197433408
default,app,"Logistic (app, calibrated)",0,0.03892112199883678
default,app,"Logistic (app, calibrated)",0,0.011479461881543243
default,app,"Logistic (app, calibrated)",0,0.020364344417805928
default,app,"Logistic (app, calibrated)",0,0.03414019106888693
default,app,"Logistic (app, calibrated)",1,0.008791435066466976
default,app,"Logistic (app, calibrated)",0,0.02730416505264769
default,app,"Logistic (app, calibrated)",0,0.0
default,app,"Logistic (app, calibrated)",0,0.013888894769629387
default,app,"Logistic (app, calibrated)",0,0.007308230296152654
default,app,"Logistic (app, calibrated)",0,0.0
default,app,"Logistic (app, calibrated)",0,0.016214782505624015
default,app,"Logistic (app, calibrated)",0,0.005045636320865679
default,app,"Logistic (app, calibrated)",0,0.03414019106888693
default,app,"Logistic (app, calibrated)",0,0.023125134162044026
default,app,"Logistic (app, calibrated)",0,0.018161793638750257
default,app,"Logistic (app, calibrated)",0,0.024941237056049347
default,app,"Logistic (app, calibrated)",0,0.00751120105915769
default,app,"Logistic (app, calibrated)",0,0.009979625571829468
default,app,"Logistic (app, calibrated)",0,0.03204566723523266
default,app,"Logistic (app, calibrated)",0,0.005045636320865679
default,app,"Logistic (app, calibrated)",0,0.0
default,app,"Logistic (app, calibrated)",0,0.01436258340577975
default,app,"Logistic (app, calibrated)",0,0.04011054806043508
default,app,"Logistic (app, calibrated)",0,0.019310022019207555
default,app,"Logistic (app, calibrated)",0,0.019922226860779983
default,app,"Logistic (app, calibrated)",0,0.019310022019207555
default,app,"Logistic (app, calibrated)",0,0.01689171136419514
default,app,"Logistic (app, calibrated)",0,0.007974970490866115
default,app,"Logistic (app, calibrated)",0,0.016955524664710203
default,app,"Logistic (app, calibrated)",0,0.005684934690652164
default,app,"Logistic (app, calibrated)",0,0.026445863785416572
default,app,"Logistic (app, calibrated)",0,0.049054375733290974
default,app,"Logistic (app, calibrated)",0,0.020461006134953903
default,app,"Logistic (app, calibrated)",0,0.046802693394873085
default,app,"Logistic (app, calibrated)",0,0.04483541999902826
default,app,"Logistic (app, calibrated)",0,0.03504217603219274
default,app,"Logistic (app, calibrated)",0,0.00286803328220146
default,app,"Logistic (app, calibrated)",0,0.0053084155010318735
default,app,"Logistic (app, calibrated)",0,0.06288205608869266
default,app,"Logistic (app, calibrated)",0,0.034042375243697166
default,app,"Logistic (app, calibrated)",0,0.019310022019207555
default,app,"Logistic (app, calibrated)",0,0.06580454807593972
default,app,"Logistic (app, calibrated)",0,0.005045636320865679
default,app,"Logistic (app, calibrated)",0,0.04474335128628811
default,app,"Logistic (app, calibrated)",0,0.026750551090032982
default,app,"Logistic (app, calibrated)",0,0.01764154790204807
default,app,"Logistic (app, calibrated)",0,0.019310022019207555
default,app,"Logistic (app, calibrated)",0,0.040145396511135766
default,app,"Logistic (app, calibrated)",0,0.015520138450818993
default,app,"Logistic (app, calibrated)",0,0.0
default,app,"Logistic (app, calibrated)",0,0.030632308299047062
default,app,"Logistic (app, calibrated)",0,0.059613774551528345
default,app,"Logistic (app, calibrated)",0,0.0028169014084507044
default,app,"Logistic (app, calibrated)",0,0.011856516339434988
default,app,"Logistic (app, calibrated)",0,0.01085590639061799
default,app,"Logistic (app, calibrated)",0,0.008835704370415969
default,app,"Logistic (app, calibrated)",0,0.005196132092683816
default,app,"Logistic (app, calibrated)",0,0.059613774551528345
default,app,"Logistic (app, calibrated)",0,0.02070277239184399
default,app,"Logistic (app, calibrated)",0,0.019922226860779983
default,app,"Logistic (app, calibrated)",0,0.04483541999902826
default,app,"Logistic (app, calibrated)",0,0.02938147060607823
default,app,"Logistic (app, calibrated)",0,0.06291837225267777
default,app,"Logistic (app, calibrated)",0,0.027014372948209887
default,app,"Logistic (app, calibrated)",0,0.0308522092094765
default,app,"Logistic (app, calibrated)",0,0.015520138450818993
default,app,"Logistic (app, calibrated)",0,0.008791435066466976
default,app,"Logistic (app, calibrated)",0,0.013267294995155072
default,app,"Logistic (app, calibrated)",0,0.002797331492983667
default,app,"Logistic (app, calibrated)",0,0.02070277239184399
default,app,"Logistic (app, calibrated)",0,0.026482604690912147
default,app,"Logistic (app, calibrated)",0,0.021895247288891622
default,app,"Logistic (app, calibrated)",0,0.002797331492983667
default,app,"Logistic (app, calibrated)",0,0.016214782505624015
default,app,"Logistic (app, calibrated)",0,0.007974970490866115
default,app,"Logistic (app, calibrated)",0,0.011395538868587084
default,app,"Logistic (app, calibrated)",0,0.026357038491335843
default,app,"Logistic (app, calibrated)",0,0.03710359973349309
default,app,"Logistic (app, calibrated)",0,0.014278165163242146
default,app,"Logistic (app, calibrated)",0,0.08705630328716055
default,app,"Logistic (app, calibrated)",0,0.07072025824438116
default,app,"Logistic (app, calibrated)",0,0.003807000418351694
default,app,"Logistic (app, calibrated)",0,0.049093491099300855
default,app,"Logistic (app, calibrated)",0,0.02773679432935574
default,app,"Logistic (app, calibrated)",0,0.05271081665038533
default,app,"Logistic (app, calibrated)",0,0.0036279599848043553
default,app,"Logistic (app, calibrated)",0,0.005045636320865679
default,app,"Logistic (app, calibrated)",0,0.07257978985612129
default,app,"Logistic (app, calibrated)",0,0.0009433962264150943
default,app,"Logistic (app, calibrated)",0,0.013132016499575249
default,app,"Logistic (app, calibrated)",0,0.016214782505624015
default,app,"Logistic (app, calibrated)",0,0.019731313917018867
default,app,"Logistic (app, calibrated)",0,0.0028169014084507044
default,app,"Logistic (app, calibrated)",0,0.020077182387502446
default,app,"Logistic (app, calibrated)",0,0.016214782505624015
default,app,"Logistic (app, calibrated)",0,0.05903887150828295
default,app,"Logistic (app, calibrated)",0,0.030877627744069706
default,app,"Logistic (app, calibrated)",0,0.04011054806043508
default,app,"Logistic (app, calibrated)",0,0.028855311197433408
default,app,"Logistic (app, calibrated)",0,0.0009433962264150943
default,app,"Logistic (app, calibrated)",0,0.01712767280162057
default,app,"Logistic (app, calibrated)",0,0.01085590639061799
default,app,"Logistic (app, calibrated)",0,0.026750551090032982
default,app,"Logistic (app, calibrated)",0,0.04011054806043508
default,app,"Logistic (app, calibrated)",0,0.00751120105915769
default,app,"Logistic (app, calibrated)",0,0.007220443327888249
default,app,"Logistic (app, calibrated)",0,0.003061224489795918
default,app,"Logistic (app, calibrated)",0,0.040145396511135766
default,app,"Logistic (app, calibrated)",0,0.03528255932637349
default,app,"Logistic (app, calibrated)",0,0.0009433962264150943
default,app,"Logistic (app, calibrated)",0,0.034370080589684576
default,app,"Logistic (app, calibrated)",0,0.03060438751850794
default,app,"Logistic (app, calibrated)",0,0.06933816728293085
default,app,"Logistic (app, calibrated)",0,0.1438858772219976
default,app,"Logistic (app, calibrated)",0,0.04342833843896507
default,app,"Logistic (app, calibrated)",0,0.015117831081700806
default,app,"Logistic (app, calibrated)",0,0.015520138450818993
default,app,"Logistic (app, calibrated)",0,0.015112462205417778
default,app,"Logistic (app, calibrated)",0,0.01663740678624535
default,app,"Logistic (app, calibrated)",0,0.09755498685049174
default,app,"Logistic (app, calibrated)",0,0.09803741987172539
default,app,"Logistic (app, calibrated)",0,0.030837698750251004
default,app,"Logistic (app, calibrated)",0,0.07652563658940735
default,app,"Logistic (app, calibrated)",0,0.05587750353358967
default,app,"Logistic (app, calibrated)",0,0.026789641048943706
default,app,"Logistic (app, calibrated)",0,0.0009433962264150943
default,app,"Logistic (app, calibrated)",0,0.014744723389689646
default,app,"Logistic (app, calibrated)",0,0.00539007452224929
default,app,"Logistic (app, calibrated)",0,0.019310022019207555
default,app,"Logistic (app, calibrated)",0,0.022449888894023707
default,app,"Logistic (app, calibrated)",0,0.020077182387502446
default,app,"Logistic (app, calibrated)",0,0.019530668197300545
default,app,"Logistic (app, calibrated)",0,0.0043447567706327815
default,app,"Logistic (app, calibrated)",0,0.012871131828302435
default,app,"Logistic (app, calibrated)",0,0.024732002262973517
default,app,"Logistic (app, calibrated)",0,0.030837698750251004
default,app,"Logistic (app, calibrated)",0,0.015220795590746466
default,app,"Logistic (app, calibrated)",0,0.007029320529022043
default,app,"Logistic (app, calibrated)",0,0.028757685375822233
default,app,"Logistic (app, calibrated)",0,0.016214782505624015
default,app,"Logistic (app, calibrated)",0,0.017981436903857357
default,app,"Logistic (app, calibrated)",0,0.0001096768447958355
default,app,"Logistic (app, calibrated)",0,0.00672685521734393
default,app,"Logistic (app, calibrated)",0,0.0017391304347826088
default,app,"Logistic (app, calibrated)",0,0.00751120105915769
default,app,"Logistic (app, calibrated)",0,0.019310022019207555
default,app,"Logistic (app, calibrated)",0,0.01141288217285766
default,app,"Logistic (app, calibrated)",0,0.013794339468287235
default,app,"Logistic (app, calibrated)",0,0.01192366780874479
default,app,"Logistic (app, calibrated)",0,0.05903887150828295
default,app,"Logistic (app, calibrated)",0,0.0647747185624872
default,app,"Logistic (app, calibrated)",0,0.005196132092683816
default,app,"Logistic (app, calibrated)",0,0.053080629344859166
default,app,"Logistic (app, calibrated)",0,0.022449888894023707
default,app,"Logistic (app, calibrated)",0,0.007308230296152654
default,app,"Logistic (app, calibrated)",0,0.05349848763954905
default,app,"Logistic (app, calibrated)",0,0.0
default,app,"Logistic (app, calibrated)",0,0.012871131828302435
default,app,"Logistic (app, calibrated)",0,0.00776474585379644
default,app,"Logistic (app, calibrated)",0,0.007974970490866115
default,app,"Logistic (app, calibrated)",0,0.005569099861370047
default,app,"Logistic (app, calibrated)",0,0.04342833843896507
default,app,"Logistic (app, calibrated)",0,0.03060438751850794
default,app,"Logistic (app, calibrated)",0,0.0062303443179872586
default,app,"Logistic (app, calibrated)",0,0.00751120105915769
default,app,"Logistic (app, calibrated)",0,0.01434197846375721
default,app,"Logistic (app, calibrated)",0,0.016946903847243046
default,app,"Logistic (app, calibrated)",0,0.01712767280162057
default,app,"Logistic (app, calibrated)",0,0.009473479914209399
default,app,"Logistic (app, calibrated)",0,0.0079009594089808
default,app,"Logistic (app, calibrated)",0,0.0028125870231133386
default,app,"Logistic (app, calibrated)",0,0.032204387518507946
default,app,"Logistic (app, calibrated)",0,0.026924063804240218
default,app,"Logistic (app, calibrated)",0,0.04483541999902826
default,app,"Logistic (app, calibrated)",0,0.03438347140639836
default,app,"Logistic (app, calibrated)",0,0.0017391304347826088
default,app,"Logistic (app, calibrated)",0,0.0028169014084507044
default,app,"Logistic (app, calibrated)",0,0.020008128337038966
default,app,"Logistic (app, calibrated)",0,0.07136451066001555
default,app,"Logistic (app, calibrated)",0,0.0009433962264150943
default,app,"Logistic (app, calibrated)",0,0.022470806338095756
default,app,"Logistic (app, calibrated)",0,0.04483541999902826
default,app,"Logistic (app, calibrated)",0,0.026306551240370752
default,app,"Logistic (app, calibrated)",0,0.021723979731856632
default,app,"Logistic (app, calibrated)",0,0.049019273087431744
default,app,"Logistic (app, calibrated)",0,0.002797331492983667
default,app,"Logistic (app, calibrated)",0,0.021865800273681308
default,app,"Logistic (app, calibrated)",0,0.00286803328220146
default,app,"Logistic (app, calibrated)",1,0.02493145854612643
default,app,"Logistic (app, calibrated)",0,0.017905359349135723
default,app,"Logistic (app, calibrated)",0,0.06929180799671086
default,app,"Logistic (app, calibrated)",0,0.03409186356278909
default,app,"Logistic (app, calibrated)",0,0.023330068937527027
default,app,"Logistic (app, calibrated)",0,0.01626246849104468
default,app,"Logistic (app, calibrated)",0,0.03812428627661148
default,app,"Logistic (app, calibrated)",0,0.038510548060435086
default,app,"Logistic (app, calibrated)",0,0.02730416505264769
default,app,"Logistic (app, calibrated)",0,0.019530668197300545
default,app,"Logistic (app, calibrated)",0,0.059613774551528345
default,app,"Logistic (app, calibrated)",0,0.015520138450818993
default,app,"Logistic (app, calibrated)",0,0.020077182387502446
default,app,"Logistic (app, calibrated)",0,0.008728318414468398
default,app,"Logistic (app, calibrated)",0,0.03710359973349309
default,app,"Logistic (app, calibrated)",0,0.05766912753968684
default,app,"Logistic (app, calibrated)",0,0.011505349700058908
default,app,"Logistic (app, calibrated)",0,0.04948910039022988
default,app,"Logistic (app, calibrated)",0,0.040145396511135766
default,app,"Logistic (app, calibrated)",0,0.023610716085105763
default,app,"Logistic (app, calibrated)",0,0.014728872201920418
default,app,"Logistic (app, calibrated)",0,0.04140869621479819
default,app,"Logistic (app, calibrated)",0,0.020008128337038966
default,app,"Logistic (app, calibrated)",0,0.04361940979283161
default,app,"Logistic (app, calibrated)",0,0.0009433962264150943
default,app,"Logistic (app, calibrated)",0,0.02345758039613352
default,app,"Logistic (app, calibrated)",0,0.038374913260078136
default,app,"Logistic (app, calibrated)",0,0.04483541999902826
default,app,"Logistic (app, calibrated)",0,0.009368767697678328
default,app,"Logistic (app, calibrated)",0,0.012400230890941676
default,app,"Logistic (app, calibrated)",0,0.04483541999902826
default,app,"Logistic (app, calibrated)",0,0.008791435066466976
default,app,"Logistic (app, calibrated)",0,0.007029320529022043
default,app,"Logistic (app, calibrated)",0,0.01085590639061799
default,app,"Logistic (app, calibrated)",0,0.007029320529022043
default,app,"Logistic (app, calibrated)",0,0.010410928064201103
default,app,"Logistic (app, calibrated)",0,0.0242374607363291
default,app,"Logistic (app, calibrated)",0,0.04011054806043508
default,app,"Logistic (app, calibrated)",0,0.016955524664710203
default,app,"Logistic (app, calibrated)",0,0.03982320599662782
default,app,"Logistic (app, calibrated)",0,0.013106480238083931
default,app,"Logistic (app, calibrated)",0,0.02345758039613352
default,app,"Logistic (app, calibrated)",0,0.005045636320865679
default,app,"Logistic (app, calibrated)",0,0.01436258340577975
default,app,"Logistic (app, calibrated)",0,0.006106871308077716
default,app,"Logistic (app, calibrated)",0,0.019310022019207555
default,app,"Logistic (app, calibrated)",0,0.007700932553281375
default,app,"Logistic (app, calibrated)",0,0.03168090514837185
default,app,"Logistic (app, calibrated)",0,0.06291837225267777
default,app,"Logistic (app, calibrated)",0,0.0727838107868167
default,app,"Logistic (app, calibrated)",0,0.010752464720888862
default,app,"Logistic (app, calibrated)",0,0.006439461853630031
default,app,"Logistic (app, calibrated)",0,0.016955524664710203
default,app,"Logistic (app, calibrated)",0,0.0009433962264150943
default,app,"Logistic (app, calibrated)",0,0.008791435066466976
default,app,"Logistic (app, calibrated)",0,0.02493145854612643
default,app,"Logistic (app, calibrated)",0,0.017798379913192202
default,app,"Logistic (app, calibrated)",0,0.021865800273681308
default,app,"Logistic (app, calibrated)",0,0.011987481109259856
default,app,"Logistic (app, calibrated)",0,0.08068306566822572
default,app,"Logistic (app, calibrated)",0,0.016214782505624015
default,app,"Logistic (app, calibrated)",0,0.014562624641850198
default,app,"Logistic (app, calibrated)",0,0.03166913852234343
default,app,"Logistic (app, calibrated)",0,0.015137998466909098
default,app,"Logistic (app, calibrated)",0,0.007974970490866115
default,app,"Logistic (app, calibrated)",0,0.010045255748288014
default,app,"Logistic (app, calibrated)",0,0.040145396511135766
default,app,"Logistic (app, calibrated)",0,0.03414019106888693
default,app,"Logistic (app, calibrated)",0,0.002284359901042131
default,app,"Logistic (app, calibrated)",0,0.011245664740441098
default,app,"Logistic (app, calibrated)",0,0.06547542976667195
default,app,"Logistic (app, calibrated)",0,0.003061224489795918
default,app,"Logistic (app, calibrated)",0,0.05587750353358967
default,app,"Logistic (app, calibrated)",0,0.0009433962264150943
default,app,"Logistic (app, calibrated)",0,0.011443178583351664
default,app,"Logistic (app, calibrated)",0,0.04421034026947092
default,app,"Logistic (app, calibrated)",0,0.002797414480907803
default,app,"Logistic (app, calibrated)",0,0.04716412725677117
default,app,"Logistic (app, calibrated)",0,0.0028125870231133386
default,app,"Logistic (app, calibrated)",0,0.04474335128628811
default,app,"Logistic (app, calibrated)",0,0.06580454807593972
default,app,"Logistic (app, calibrated)",0,0.059613774551528345
default,app,"Logistic (app, calibrated)",0,0.013521797705300109
default,app,"Logistic (app, calibrated)",0,0.016214782505624015
default,app,"Logistic (app, calibrated)",0,0.028855311197433408
default,app,"Logistic (app, calibrated)",0,0.028855311197433408
default,app,"Logistic (app, calibrated)",0,0.013200358653888768
default,app,"Logistic (app, calibrated)",0,0.01297926540471799
default,app,"Logistic (app, calibrated)",0,0.026697829938955708
default,app,"Logistic (app, calibrated)",0,0.019310022019207555
default,app,"Logistic (app, calibrated)",0,0.032204387518507946
default,app,"Logistic (app, calibrated)",0,0.0035714285714285713
default,app,"Logistic (app, calibrated)",0,0.03414019106888693
default,app,"Logistic (app, calibrated)",0,0.02606183073721418
default,app,"Logistic (app, calibrated)",0,0.0210450947552963
default,app,"Logistic (app, calibrated)",0,0.0028169014084507044
default,app,"Logistic (app, calibrated)",0,0.020077182387502446
default,app,"Logistic (app, calibrated)",1,0.04011054806043508
default,app,"Logistic (app, calibrated)",0,0.03565225467596721
default,app,"Logistic (app, calibrated)",0,0.03145881739265433
default,app,"Logistic (app, calibrated)",0,0.007220443327888249
default,app,"Logistic (app, calibrated)",0,0.0017391304347826088
default,app,"Logistic (app, calibrated)",0,0.01672928371580382
default,app,"Logistic (app, calibrated)",0,0.04448883954158507
default,app,"Logistic (app, calibrated)",0,0.01258950705489488
default,app,"Logistic (app, calibrated)",0,0.025552104229787785
default,app,"Logistic (app, calibrated)",0,0.03204566723523266
default,app,"Logistic (app, calibrated)",0,0.017905359349135723
default,app,"Logistic (app, calibrated)",0,0.01433704714428843
default,app,"Logistic (app, calibrated)",0,0.007974970490866115
default,app,"Logistic (app, calibrated)",0,0.030837698750251004
default,app,"Logistic (app, calibrated)",0,0.019530668197300545
default,app,"Logistic (app, calibrated)",0,0.011506991883866727
default,app,"Logistic (app, calibrated)",0,0.015120613318193973
default,app,"Logistic (app, calibrated)",0,0.02842810654610419
default,app,"Logistic (app, calibrated)",0,0.007974970490866115
default,app,"Logistic (app, calibrated)",0,0.0036279599848043553
default,app,"Logistic (app, calibrated)",1,0.030837698750251004
default,app,"Logistic (app, calibrated)",0,0.0
default,app,"Logistic (app, calibrated)",0,0.004403541919437544
default,app,"Logistic (app, calibrated)",0,0.04483541999902826
default,app,"Logistic (app, calibrated)",0,0.02321761133832209
default,app,"Logistic (app, calibrated)",0,0.00751120105915769
default,app,"Logistic (app, calibrated)",0,0.03633146417254467
default,app,"Logistic (app, calibrated)",0,0.002797331492983667
default,app,"Logistic (app, calibrated)",0,0.053629523988134455
default,app,"Logistic (app, calibrated)",0,0.0
default,app,"Logistic (app, calibrated)",0,0.012282927461228218
default,app,"Logistic (app, calibrated)",0,0.020001639624140383
default,app,"Logistic (app, calibrated)",0,0.02938147060607823
default,app,"Logistic (app, calibrated)",0,0.02493145854612643
default,app,"Logistic (app, calibrated)",0,0.03218345444383278
default,app,"Logistic (app, calibrated)",0,0.0036279599848043553
default,app,"Logistic (app, calibrated)",0,0.0009174311926605505
default,app,"Logistic (app, calibrated)",0,0.0
default,app,"Logistic (app, calibrated)",0,0.0036279599848043553
default,app,"Logistic (app, calibrated)",0,0.04367514690185779
default,app,"Logistic (app, calibrated)",0,0.027855496800877157
default,app,"Logistic (app, calibrated)",0,0.053959559508576324
default,app,"Logistic (app, calibrated)",0,0.02070277239184399
default,app,"Logistic (app, calibrated)",0,0.007974970490866115
default,app,"Logistic (app, calibrated)",0,0.0028125870231133386
default,app,"Logistic (app, calibrated)",0,0.026750551090032982
default,app,"Logistic (app, calibrated)",0,0.04011054806043508
default,app,"Logistic (app, calibrated)",0,0.013521797705300109
default,app,"Logistic (app, calibrated)",0,0.013487316572224656
default,app,"Logistic (app, calibrated)",0,0.015520138450818993
default,app,"Logistic (app, calibrated)",0,0.0028125870231133386
default,app,"Logistic (app, calibrated)",0,0.020077182387502446
default,app,"Logistic (app, calibrated)",0,0.025011961591267062
default,app,"Logistic (app, calibrated)",0,0.037292934881564134
default,app,"Logistic (app, calibrated)",0,0.017633290094770476
default,app,"Logistic (app, calibrated)",0,0.007974970490866115
default,app,"Logistic (app, calibrated)",1,0.05587750353358967
default,app,"Logistic (app, calibrated)",0,0.0
default,app,"Logistic (app, calibrated)",0,0.008138200791473829
default,app,"Logistic (app, calibrated)",0,0.016214782505624015
default,app,"Logistic (app, calibrated)",0,0.016094680284838753
default,app,"Logistic (app, calibrated)",0,0.011968467033145472
default,app,"Logistic (app, calibrated)",0,0.0043447567706327815
default,app,"Logistic (app, calibrated)",1,0.0305977315877483
default,app,"Logistic (app, calibrated)",0,0.0012108744438805437
default,app,"Logistic (app, calibrated)",0,0.016955524664710203
default,app,"Logistic (app, calibrated)",0,0.0016666666666666666
default,app,"Logistic (app, calibrated)",0,0.03414019106888693
default,app,"Logistic (app, calibrated)",0,0.039239117376285416
default,app,"Logistic (app, calibrated)",0,0.018345795590746467
default,app,"Logistic (app, calibrated)",0,0.08808524504155546
default,app,"Logistic (app, calibrated)",0,0.011245664740441098
default,app,"Logistic (app, calibrated)",0,0.040947147490084324
default,app,"Logistic (app, calibrated)",0,0.013734032205688867
default,app,"Logistic (app, calibrated)",0,0.0308522092094765
default,app,"Logistic (app, calibrated)",0,0.030981470606078233
default,app,"Logistic (app, calibrated)",0,0.03414019106888693
default,app,"Logistic (app, calibrated)",0,0.03395995681364241
default,app,"Logistic (app, calibrated)",0,0.040145396511135766
default,app,"Logistic (app, calibrated)",0,0.011903878553574535
default,app,"Logistic (app, calibrated)",0,0.02034216551601276
default,app,"Logistic (app, calibrated)",0,0.014744723389689646
default,app,"Logistic (app, calibrated)",0,0.0391526452828935
default,app,"Logistic (app, calibrated)",0,0.0
default,app,"Logistic (app, calibrated)",0,0.013132016499575249
default,app,"Logistic (app, calibrated)",0,0.029122229954036866
default,app,"Logistic (app, calibrated)",0,0.009979625571829468
default,app,"Logistic (app, calibrated)",0,0.015137998466909098
default,app,"Logistic (app, calibrated)",0,0.007974970490866115
default,app,"Logistic (app, calibrated)",0,0.04011054806043508
default,app,"Logistic (app, calibrated)",0,0.013174996710302594
default,app,"Logistic (app, calibrated)",0,0.03284946639119589
default,app,"Logistic (app, calibrated)",0,0.008791435066466976
default,app,"Logistic (app, calibrated)",0,0.016195960381665334
default,app,"Logistic (app, calibrated)",0,0.004479664206107975
default,app,"Logistic (app, calibrated)",1,0.09378626107977436
default,app,"Logistic (app, calibrated)",0,0.035118007391604776
default,app,"Logistic (app, calibrated)",0,0.03309838003900748
default,app,"Logistic (app, calibrated)",0,0.032204387518507946
default,app,"Logistic (app, calibrated)",0,0.04483541999902826
default,app,"Logistic (app, calibrated)",0,0.002797331492983667
default,app,"Logistic (app, calibrated)",0,0.016955524664710203
default,app,"Logistic (app, calibrated)",0,0.08705630328716055
default,app,"Logistic (app, calibrated)",0,0.029684933662182455
default,app,"Logistic (app, calibrated)",0,0.011453925620051927
default,app,"Logistic (app, calibrated)",0,0.0073435120853534135
default,app,"Logistic (app, calibrated)",0,0.002797331492983667
default,app,"Logistic (app, calibrated)",0,0.02613471065655006
default,app,"Logistic (app, calibrated)",0,0.014857674352317274
default,app,"Logistic (app, calibrated)",0,0.0028125870231133386
default,app,"Logistic (app, calibrated)",0,0.027941935403680306
default,app,"Logistic (app, calibrated)",0,0.007974970490866115
default,app,"Logistic (app, calibrated)",0,0.019310022019207555
default,app,"Logistic (app, calibrated)",0,0.059613774551528345
default,app,"Logistic (app, calibrated)",0,0.014744723389689646
default,app,"Logistic (app, calibrated)",0,0.04361940979283161
default,app,"Logistic (app, calibrated)",0,0.0009433962264150943
default,app,"Logistic (app, calibrated)",0,0.013615432951913331
default,app,"Logistic (app, calibrated)",0,0.027774513381971472
default,app,"Logistic (app, calibrated)",0,0.005045636320865679
default,app,"Logistic (app, calibrated)",0,0.0036279599848043553
default,app,"Logistic (app, calibrated)",0,0.03730258423128009
default,app,"Logistic (app, calibrated)",0,0.04342833843896507
default,app,"Logistic (app, calibrated)",0,0.011443178583351664
default,app,"Logistic (app, calibrated)",0,0.015520138450818993
default,app,"Logistic (app, calibrated)",0,0.05163088895517258
default,app,"Logistic (app, calibrated)",0,0.0009433962264150943
default,app,"Logistic (app, calibrated)",0,0.007029320529022043
default,app,"Logistic (app, calibrated)",0,0.018464394844521996
default,app,"Logistic (app, calibrated)",0,0.06580454807593972
default,app,"Logistic (app, calibrated)",0,0.019922226860779983
default,app,"Logistic (app, calibrated)",0,0.007029320529022043
default,app,"Logistic (app, calibrated)",0,0.024172966767587244
default,app,"Logistic (app, calibrated)",0,0.028757685375822233
default,app,"Logistic (app, calibrated)",0,0.05766912753968684
default,app,"Logistic (app, calibrated)",0,0.002797331492983667
default,app,"Logistic (app, calibrated)",0,0.010678510558922579
default,app,"Logistic (app, calibrated)",0,0.03784366131159158
default,app,"Logistic (app, calibrated)",0,0.026490773837203985
default,app,"Logistic (app, calibrated)",0,0.05903887150828295
default,app,"Logistic (app, calibrated)",0,0.016845810523494084
default,app,"Logistic (app, calibrated)",0,0.00672685521734393
default,app,"Logistic (app, calibrated)",0,0.055543009645816765
default,app,"Logistic (app, calibrated)",0,0.06913788140927306
default,app,"Logistic (app, calibrated)",0,0.014857674352317274
default,app,"Logistic (app, calibrated)",0,0.048807125071354894
default,app,"Logistic (app, calibrated)",0,0.007029320529022043
default,app,"Logistic (app, calibrated)",0,0.01627358764907489
default,app,"Logistic (app, calibrated)",0,0.029940506101464502
default,app,"Logistic (app, calibrated)",0,0.040145396511135766
default,app,"Logistic (app, calibrated)",0,0.011443178583351664
default,app,"Logistic (app, calibrated)",0,0.007029320529022043
default,app,"Logistic (app, calibrated)",0,0.019530668197300545
default,app,"Logistic (app, calibrated)",0,0.013861489238364083
default,app,"Logistic (app, calibrated)",0,0.03414019106888693
default,app,"Logistic (app, calibrated)",0,0.053080629344859166
default,app,"Logistic (app, calibrated)",0,0.016806811980659222
default,app,"Logistic (app, calibrated)",0,0.016143244811690792
default,app,"Logistic (app, calibrated)",0,0.004479664206107975
default,app,"Logistic (app, calibrated)",0,0.01258950705489488
default,app,"Logistic (app, calibrated)",0,0.03681571145612793
default,app,"Logistic (app, calibrated)",0,0.022546626779220987
default,app,"Logistic (app, calibrated)",0,0.004479664206107975
default,app,"Logistic (app, calibrated)",0,0.004128205128205128
default,app,"Logistic (app, calibrated)",0,0.0
default,app,"Logistic (app, calibrated)",0,0.0009433962264150943
default,app,"Logistic (app, calibrated)",0,0.005877061469265367
default,app,"Logistic (app, calibrated)",0,0.0
default,app,"Logistic (app, calibrated)",0,0.019922226860779983
default,app,"Logistic (app, calibrated)",0,0.0
default,app,"Logistic (app, calibrated)",0,0.09378626107977436
default,app,"Logistic (app, calibrated)",0,0.002247191011235955
default,app,"Logistic (app, calibrated)",0,0.006141822722100547
default,app,"Logistic (app, calibrated)",1,0.053629523988134455
default,app,"Logistic (app, calibrated)",0,0.05587750353358967
default,app,"Logistic (app, calibrated)",0,0.03267990070245282
default,app,"Logistic (app, calibrated)",0,0.03720050335138684
default,app,"Logistic (app, calibrated)",0,0.04483541999902826
default,app,"Logistic (app, calibrated)",0,0.015220795590746466
default,app,"Logistic (app, calibrated)",0,0.009979625571829468
default,app,"Logistic (app, calibrated)",0,0.059613774551528345
default,app,"Logistic (app, calibrated)",0,0.029122229954036866
default,app,"Logistic (app, calibrated)",0,0.05776520001146453
default,app,"Logistic (app, calibrated)",0,0.016417053630836113
default,app,"Logistic (app, calibrated)",0,0.00751120105915769
default,app,"Logistic (app, calibrated)",0,0.013106480238083931
default,app,"Logistic (app, calibrated)",0,0.020008128337038966
default,app,"Logistic (app, calibrated)",0,0.03060438751850794
default,app,"Logistic (app, calibrated)",0,0.040145396511135766
default,app,"Logistic (app, calibrated)",1,0.07454706325196611
default,app,"Logistic (app, calibrated)",0,0.03633146417254467
default,app,"Logistic (app, calibrated)",0,0.05486832922166307
default,app,"Logistic (app, calibrated)",0,0.06913788140927306
default,app,"Logistic (app, calibrated)",0,0.018487248699488958
default,app,"Logistic (app, calibrated)",0,0.016214782505624015
default,app,"Logistic (app, calibrated)",0,0.059613774551528345
default,app,"Logistic (app, calibrated)",0,0.04408475157245365
default,app,"Logistic (app, calibrated)",0,0.00286803328220146
default,app,"Logistic (app, calibrated)",0,0.05891380212043869
default,app,"Logistic (app, calibrated)",0,0.011984706765961342
default,app,"Logistic (app, calibrated)",0,0.0
default,app,"Logistic (app, calibrated)",0,0.02625475092973802
default,app,"Logistic (app, calibrated)",0,0.03414019106888693
default,app,"Logistic (app, calibrated)",0,0.002247191011235955
default,app,"Logistic (app, calibrated)",0,0.020718279009120516
default,app,"Logistic (app, calibrated)",0,0.007974970490866115
default,app,"Logistic (app, calibrated)",0,0.021628328532288167
default,app,"Logistic (app, calibrated)",0,0.02284672879713963
default,app,"Logistic (app, calibrated)",0,0.019530668197300545
default,app,"Logistic (app, calibrated)",0,0.05295038519664972
default,app,"Logistic (app, calibrated)",0,0.02345758039613352
default,app,"Logistic (app, calibrated)",0,0.0572542703832155
default,app,"Logistic (app, calibrated)",0,0.03903517736572039
default,app,"Logistic (app, calibrated)",0,0.005877061469265367
default,app,"Logistic (app, calibrated)",0,0.04011054806043508
default,app,"Logistic (app, calibrated)",0,0.040145396511135766
default,app,"Logistic (app, calibrated)",0,0.007871750011923093
default,app,"Logistic (app, calibrated)",0,0.014462359717388443
default,app,"Logistic (app, calibrated)",0,0.00659376986649714
default,app,"Logistic (app, calibrated)",0,0.008455459716259241
default,app,"Logistic (app, calibrated)",0,0.05903887150828295
default,app,"Logistic (app, calibrated)",0,0.03683185510102138
default,app,"Logistic (app, calibrated)",0,0.011615958708914282
default,app,"Logistic (app, calibrated)",0,0.05903887150828295
default,app,"Logistic (app, calibrated)",0,0.015137998466909098
default,app,"Logistic (app, calibrated)",0,0.010678510558922579
default,app,"Logistic (app, calibrated)",0,0.039023989180444044
default,app,"Logistic (app, calibrated)",0,0.03414019106888693
default,app,"Logistic (app, calibrated)",0,0.007029320529022043
default,app,"Logistic (app, calibrated)",0,0.03414019106888693
default,app,"Logistic (app, calibrated)",0,0.008138200791473829
default,app,"Logistic (app, calibrated)",0,0.022789642153620004
default,app,"Logistic (app, calibrated)",0,0.015520138450818993
default,app,"Logistic (app, calibrated)",0,0.03023542921079671
default,app,"Logistic (app, calibrated)",0,0.007974970490866115
default,app,"Logistic (app, calibrated)",0,0.02345758039613352
default,app,"Logistic (app, calibrated)",0,0.006752391478835248
default,app,"Logistic (app, calibrated)",0,0.01192366780874479
default,app,"Logistic (app, calibrated)",0,0.02493145854612643
default,app,"Logistic (app, calibrated)",0,0.04193507557996441
default,app,"Logistic (app, calibrated)",1,0.06282592281108287
default,app,"Logistic (app, calibrated)",0,0.04483541999902826
default,app,"Logistic (app, calibrated)",0,0.008455459716259241
default,app,"Logistic (app, calibrated)",0,0.018487248699488958
default,app,"Logistic (app, calibrated)",0,0.011987481109259856
default,app,"Logistic (app, calibrated)",0,0.007029320529022043
default,app,"Logistic (app, calibrated)",0,0.07092116090632097
default,app,"Logistic (app, calibrated)",0,0.010929413835592325
default,app,"Logistic (app, calibrated)",1,0.019530668197300545
default,app,"Logistic (app, calibrated)",0,0.01628884317920456
default,app,"Logistic (app, calibrated)",0,0.010410928064201103
default,app,"Logistic (app, calibrated)",0,0.01670553188383264
default,app,"Logistic (app, calibrated)",0,0.0522692642450867
default,app,"Logistic (app, calibrated)",0,0.006439461853630031
default,app,"Logistic (app, calibrated)",0,0.04948910039022988
default,app,"Logistic (app, calibrated)",0,0.007029320529022043
default,app,"Logistic (app, calibrated)",0,0.022336383582799244
default,app,"Logistic (app, calibrated)",0,0.027774513381971472
default,app,"Logistic (app, calibrated)",0,0.008138200791473829
default,app,"Logistic (app, calibrated)",0,0.030837698750251004
default,app,"Logistic (app, calibrated)",0,0.023125134162044026
default,app,"Logistic (app, calibrated)",0,0.016806811980659222
default,app,"Logistic (app, calibrated)",0,0.0036279599848043553
default,app,"Logistic (app, calibrated)",0,0.016955524664710203
default,app,"Logistic (app, calibrated)",0,0.0024615384615384616
default,app,"Logistic (app, calibrated)",0,0.00659376986649714
default,app,"Logistic (app, calibrated)",0,0.03227998127432637
default,app,"Logistic (app, calibrated)",0,0.0009433962264150943
default,app,"Logistic (app, calibrated)",0,0.06447691405138214
default,app,"Logistic (app, calibrated)",0,0.04091971237668542
default,app,"Logistic (app, calibrated)",0,0.0
default,app,"Logistic (app, calibrated)",0,0.03504217603219274
default,app,"Logistic (app, calibrated)",0,0.007029320529022043
default,app,"Logistic (app, calibrated)",0,0.055629553644230514
default,app,"Logistic (app, calibrated)",0,0.01890133581431349
default,app,"Logistic (app, calibrated)",0,0.059613774551528345
default,app,"Logistic (app, calibrated)",0,0.026482604690912147
default,app,"Logistic (app, calibrated)",0,0.02284672879713963
default,app,"Logistic (app, calibrated)",0,0.1292522237702283
default,app,"Logistic (app, calibrated)",0,0.011245664740441098
default,app,"Logistic (app, calibrated)",0,0.008791435066466976
default,app,"Logistic (app, calibrated)",0,0.018345795590746467
default,app,"Logistic (app, calibrated)",0,0.007029320529022043
default,app,"Logistic (app, calibrated)",0,0.0028169014084507044
default,app,"Logistic (app, calibrated)",0,0.014289571544614493
default,app,"Logistic (app, calibrated)",0,0.030837698750251004
default,app,"Logistic (app, calibrated)",0,0.014744127732050092
default,app,"Logistic (app, calibrated)",0,0.05903887150828295
default,app,"Logistic (app, calibrated)",0,0.02799515956006446
default,app,"Logistic (app, calibrated)",0,0.04006519359595286
default,app,"Logistic (app, calibrated)",0,0.1225855571035616
default,app,"Logistic (app, calibrated)",0,0.016214782505624015
default,app,"Logistic (app, calibrated)",0,0.013615432951913331
default,app,"Logistic (app, calibrated)",0,0.049168508654214994
default,app,"Logistic (app, calibrated)",1,0.1292522237702283
default,app,"Logistic (app, calibrated)",0,0.04872757219358594
default,app,"Logistic (app, calibrated)",0,0.015057227460584771
default,app,"Logistic (app, calibrated)",0,0.01379767593784902
default,app,"Logistic (app, calibrated)",0,0.019530668197300545
default,app,"Logistic (app, calibrated)",0,0.03975897343796134
default,app,"Logistic (app, calibrated)",0,0.011987481109259856
default,app,"Logistic (app, calibrated)",0,0.016806811980659222
default,app,"Logistic (app, calibrated)",0,0.015520138450818993
default,app,"Logistic (app, calibrated)",0,0.014744723389689646
default,app,"Logistic (app, calibrated)",1,0.011506991883866727
default,app,"Logistic (app, calibrated)",0,0.01192366780874479
default,app,"Logistic (app, calibrated)",0,0.016955524664710203
default,app,"Logistic (app, calibrated)",0,0.03801825568499445
default,app,"Logistic (app, calibrated)",0,0.0
default,app,"Logistic (app, calibrated)",0,0.040145396511135766
default,app,"Logistic (app, calibrated)",0,0.029874045627936625
default,app,"Logistic (app, calibrated)",0,0.014744127732050092
default,app,"Logistic (app, calibrated)",0,0.018345795590746467
default,app,"Logistic (app, calibrated)",0,0.02493145854612643
default,app,"Logistic (app, calibrated)",0,0.05903887150828295
default,app,"Logistic (app, calibrated)",0,0.04483541999902826
default,app,"Logistic (app, calibrated)",0,0.011987481109259856
default,app,"Logistic (app, calibrated)",0,0.028224455108588387
default,app,"Logistic (app, calibrated)",0,0.033492880257544856
default,app,"Logistic (app, calibrated)",0,0.009979625571829468
default,app,"Logistic (app, calibrated)",0,0.028757685375822233
default,app,"Logistic (app, calibrated)",0,0.004128205128205128
default,app,"Logistic (app, calibrated)",0,0.02451162484053547
default,app,"Logistic (app, calibrated)",1,0.03633146417254467
default,app,"Logistic (app, calibrated)",0,0.02247940265449696
default,app,"Logistic (app, calibrated)",0,0.034329153499692865
default,app,"Logistic (app, calibrated)",0,0.04474335128628811
default,app,"Logistic (app, calibrated)",0,0.0009433962264150943
default,app,"Logistic (app, calibrated)",0,0.02024088541918618
default,app,"Logistic (app, calibrated)",0,0.024732002262973517
default,app,"Logistic (app, calibrated)",0,0.003493516399694889
default,app,"Logistic (app, calibrated)",0,0.04737273343186408
default,app,"Logistic (app, calibrated)",0,0.021628328532288167
default,app,"Logistic (app, calibrated)",0,0.0028125870231133386
default,app,"Logistic (app, calibrated)",0,0.0009433962264150943
default,app,"Logistic (app, calibrated)",0,0.008835704370415969
default,app,"Logistic (app, calibrated)",0,0.007029320529022043
default,app,"Logistic (app, calibrated)",1,0.03903517736572039
default,app,"Logistic (app, calibrated)",0,0.013766021773898674
default,app,"Logistic (app, calibrated)",0,0.02990952161800644
default,app,"Logistic (app, calibrated)",0,0.005045636320865679
default,app,"Logistic (app, calibrated)",0,0.04483541999902826
default,app,"Logistic (app, calibrated)",0,0.02284672879713963
default,app,"Logistic (app, calibrated)",0,0.020077182387502446
default,app,"Logistic (app, calibrated)",0,0.03414019106888693
default,app,"Logistic (app, calibrated)",0,0.02292268822898988
default,app,"Logistic (app, calibrated)",0,0.033492880257544856
default,app,"Logistic (app, calibrated)",0,0.016955524664710203
default,app,"Logistic (app, calibrated)",0,0.005196132092683816
default,app,"Logistic (app, calibrated)",0,0.034329153499692865
default,app,"Logistic (app, calibrated)",0,0.0308522092094765
default,app,"Logistic (app, calibrated)",0,0.011987481109259856
default,app,"Logistic (app, calibrated)",0,0.06580454807593972
default,app,"Logistic (app, calibrated)",0,0.011759683167855176
default,app,"Logistic (app, calibrated)",0,0.0
default,app,"Logistic (app, calibrated)",0,0.005045636320865679
default,app,"Logistic (app, calibrated)",0,0.04011054806043508
default,app,"Logistic (app, calibrated)",0,0.026482604690912147
default,app,"Logistic (app, calibrated)",0,0.03596250586483344
default,app,"Logistic (app, calibrated)",0,0.014569824146210938
default,app,"Logistic (app, calibrated)",0,0.01764154790204807
default,app,"Logistic (app, calibrated)",1,0.05412743548818608
default,app,"Logistic (app, calibrated)",0,0.042453053399899146
default,app,"Logistic (app, calibrated)",0,0.02638659676419295
default,app,"Logistic (app, calibrated)",0,0.013132016499575249
default,app,"Logistic (app, calibrated)",0,0.02799515956006446
default,app,"Logistic (app, calibrated)",0,0.013861489238364083
default,app,"Logistic (app, calibrated)",0,0.02277367985179743
default,app,"Logistic (app, calibrated)",0,0.011459947203518084
default,app,"Logistic (app, calibrated)",0,0.0009433962264150943
default,app,"Logistic (app, calibrated)",0,0.025552104229787785
default,app,"Logistic (app, calibrated)",0,0.007974970490866115
default,app,"Logistic (app, calibrated)",0,0.03414019106888693
default,app,"Logistic (app, calibrated)",0,0.0028169014084507044
default,app,"Logistic (app, calibrated)",0,0.026482604690912147
default,app,"Logistic (app, calibrated)",0,0.002797331492983667
default,app,"Logistic (app, calibrated)",0,0.01819232559015675
default,app,"Logistic (app, calibrated)",0,0.055851849845864984
default,app,"Logistic (app, calibrated)",0,0.012023634954315496
default,app,"Logistic (app, calibrated)",0,0.004479664206107975
default,app,"Logistic (app, calibrated)",0,0.012978622609107598
default,app,"Logistic (app, calibrated)",0,0.01434197846375721
default,app,"Logistic (app, calibrated)",0,0.027776779802824735
default,app,"Logistic (app, calibrated)",0,0.02657768466942883
default,app,"Logistic (app, calibrated)",0,0.013730395643373323
default,app,"Logistic (app, calibrated)",0,0.015520138450818993
default,app,"Logistic (app, calibrated)",0,0.03414019106888693
default,app,"Logistic (app, calibrated)",0,0.022016750694434255
default,app,"Logistic (app, calibrated)",0,0.0
default,app,"Logistic (app, calibrated)",0,0.01192366780874479
default,app,"Logistic (app, calibrated)",0,0.04011054806043508
default,app,"Logistic (app, calibrated)",1,0.03414019106888693
default,app,"Logistic (app, calibrated)",0,0.053080629344859166
default,app,"Logistic (app, calibrated)",0,0.03438347140639836
default,app,"Logistic (app, calibrated)",0,0.030837698750251004
default,app,"Logistic (app, calibrated)",0,0.0034661960629413435
default,app,"Logistic (app, calibrated)",0,0.002584097859327217
default,app,"Logistic (app, calibrated)",0,0.029122229954036866
default,app,"Logistic (app, calibrated)",0,0.02961729666463848
default,app,"Logistic (app, calibrated)",0,0.014018322115942006
default,app,"Logistic (app, calibrated)",0,0.02070277239184399
default,app,"Logistic (app, calibrated)",0,0.08595981205909035
default,app,"Logistic (app, calibrated)",0,0.05388327068121675
default,app,"Logistic (app, calibrated)",0,0.059613774551528345
default,app,"Logistic (app, calibrated)",0,0.043806450453427195
default,app,"Logistic (app, calibrated)",0,0.02827122257709101
default,app,"Logistic (app, calibrated)",0,0.03473146417254467
default,app,"Logistic (app, calibrated)",0,0.01519913360701464
default,app,"Logistic (app, calibrated)",0,0.04483541999902826
default,app,"Logistic (app, calibrated)",0,0.006145920356446672
default,app,"Logistic (app, calibrated)",0,0.018464394844521996
default,app,"Logistic (app, calibrated)",0,0.02606341175248335
default,app,"Logistic (app, calibrated)",0,0.03218345444383278
default,app,"Logistic (app, calibrated)",0,0.05349848763954905
default,app,"Logistic (app, calibrated)",0,0.04010144986768923
default,app,"Logistic (app, calibrated)",0,0.02345758039613352
default,app,"Logistic (app, calibrated)",0,0.016214782505624015
default,app,"Logistic (app, calibrated)",0,0.02520626889534049
default,app,"Logistic (app, calibrated)",0,0.04011054806043508
default,app,"Logistic (app, calibrated)",0,0.03414019106888693
default,app,"Logistic (app, calibrated)",0,0.01867238824877504
default,app,"Logistic (app, calibrated)",0,0.004128205128205128
default,app,"Logistic (app, calibrated)",0,0.007029320529022043
default,app,"Logistic (app, calibrated)",0,0.011987481109259856
default,app,"Logistic (app, calibrated)",0,0.040145396511135766
default,app,"Logistic (app, calibrated)",0,0.03060438751850794
default,app,"Logistic (app, calibrated)",0,0.004132231404958678
default,app,"Logistic (app, calibrated)",0,0.022994326029890415
default,app,"Logistic (app, calibrated)",0,0.05903887150828295
default,app,"Logistic (app, calibrated)",0,0.02578471055117997
default,app,"Logistic (app, calibrated)",0,0.03377545648709371
default,app,"Logistic (app, calibrated)",0,0.016955524664710203
default,app,"Logistic (app, calibrated)",0,0.013312958905162802
default,app,"Logistic (app, calibrated)",0,0.01433704714428843
default,app,"Logistic (app, calibrated)",0,0.053080629344859166
default,app,"Logistic (app, calibrated)",0,0.006370139632123957
default,app,"Logistic (app, calibrated)",0,0.05587750353358967
default,app,"Logistic (app, calibrated)",0,0.013312958905162802
default,app,"Logistic (app, calibrated)",0,0.03903517736572039
default,app,"Logistic (app, calibrated)",0,0.03504217603219274
default,app,"Logistic (app, calibrated)",1,0.04855427703659918
default,app,"Logistic (app, calibrated)",0,0.030837698750251004
default,app,"Logistic (app, calibrated)",0,0.02730416505264769
default,app,"Logistic (app, calibrated)",0,0.00935047056185325
default,app,"Logistic (app, calibrated)",0,0.01218851107228157
default,app,"Logistic (app, calibrated)",0,0.03903517736572039
default,app,"Logistic (app, calibrated)",1,0.03414019106888693
default,app,"Logistic (app, calibrated)",0,0.03176900961334391
default,app,"Logistic (app, calibrated)",0,0.009473479914209399
default,app,"Logistic (app, calibrated)",0,0.0424418652146228
default,app,"Logistic (app, calibrated)",0,0.01297926540471799
default,app,"Logistic (app, calibrated)",1,0.05574655773171779
default,app,"Logistic (app, calibrated)",0,0.03414019106888693
default,app,"Logistic (app, calibrated)",0,0.02292268822898988
default,app,"Logistic (app, calibrated)",0,0.03903517736572039
default,app,"Logistic (app, calibrated)",0,0.02627965878678724
default,app,"Logistic (app, calibrated)",0,0.011245664740441098
default,app,"Logistic (app, calibrated)",0,0.05562099547410419
default,app,"Logistic (app, calibrated)",0,0.02716564201884693
default,app,"Logistic (app, calibrated)",0,0.04011054806043508
default,app,"Logistic (app, calibrated)",0,0.05115816710805413
default,app,"Logistic (app, calibrated)",0,0.046802693394873085
default,app,"Logistic (app, calibrated)",0,0.030837698750251004
default,app,"Logistic (app, calibrated)",0,0.0036279599848043553
default,app,"Logistic (app, calibrated)",0,0.049168508654214994
default,app,"Logistic (app, calibrated)",0,0.005196132092683816
default,app,"Logistic (app, calibrated)",0,0.016946903847243046
default,app,"Logistic (app, calibrated)",0,0.026490729387640334
default,app,"Logistic (app, calibrated)",0,0.031477288939033836
default,app,"Logistic (app, calibrated)",0,0.015137998466909098
default,app,"Logistic (app, calibrated)",0,0.03903517736572039
default,app,"Logistic (app, calibrated)",0,0.002584097859327217
default,app,"Logistic (app, calibrated)",0,0.028855311197433408
default,app,"Logistic (app, calibrated)",0,0.028855311197433408
default,app,"Logistic (app, calibrated)",0,0.0357578440399113
default,app,"Logistic (app, calibrated)",0,0.0522692642450867
default,app,"Logistic (app, calibrated)",0,0.0393960013452986
default,app,"Logistic (app, calibrated)",0,0.006439461853630031
default,app,"Logistic (app, calibrated)",0,0.026745562255543948
default,app,"Logistic (app, calibrated)",0,0.0
default,app,"Logistic (app, calibrated)",0,0.022994326029890415
default,app,"Logistic (app, calibrated)",0,0.059613774551528345
default,app,"Logistic (app, calibrated)",0,0.019922226860779983
default,app,"Logistic (app, calibrated)",0,0.014278165163242146
default,app,"Logistic (app, calibrated)",0,0.022994326029890415
default,app,"Logistic (app, calibrated)",0,0.0036279599848043553
default,app,"Logistic (app, calibrated)",0,0.034205772147651275
default,app,"Logistic (app, calibrated)",0,0.013514156483485145
default,app,"Logistic (app, calibrated)",0,0.05587750353358967
default,app,"Logistic (app, calibrated)",0,0.005045636320865679
default,app,"Logistic (app, calibrated)",0,0.010385391802709785
default,app,"Logistic (app, calibrated)",0,0.05349848763954905
default,app,"Logistic (app, calibrated)",0,0.01627358764907489
default,app,"Logistic (app, calibrated)",0,0.03710359973349309
default,app,"Logistic (app, calibrated)",0,0.026593442558724152
default,app,"Logistic (app, calibrated)",0,0.04474335128628811
default,app,"Logistic (app, calibrated)",0,0.07976748467871328
default,app,"Logistic (app, calibrated)",0,0.03414019106888693
default,app,"Logistic (app, calibrated)",0,0.010385391802709785
default,app,"Logistic (app, calibrated)",0,0.02284672879713963
default,app,"Logistic (app, calibrated)",0,0.026445863785416572
default,app,"Logistic (app, calibrated)",0,0.01519913360701464
default,app,"Logistic (app, calibrated)",0,0.05068417985262334
default,app,"Logistic (app, calibrated)",0,0.0009433962264150943
default,app,"Logistic (app, calibrated)",0,0.11027808222900859
default,app,"Logistic (app, calibrated)",0,0.054410910565995674
default,app,"Logistic (app, calibrated)",0,0.031477288939033836
default,app,"Logistic (app, calibrated)",0,0.015520138450818993
default,app,"Logistic (app, calibrated)",0,0.03414019106888693
default,app,"Logistic (app, calibrated)",0,0.016955524664710203
default,app,"Logistic (app, calibrated)",0,0.12107885967813799
default,app,"Logistic (app, calibrated)",0,0.053080629344859166
default,app,"Logistic (app, calibrated)",0,0.020077182387502446
default,app,"Logistic (app, calibrated)",0,0.011245664740441098
default,app,"Logistic (app, calibrated)",0,0.026745562255543948
default,app,"Logistic (app, calibrated)",0,0.01712767280162057
default,app,"Logistic (app, calibrated)",0,0.09740403393502375
default,app,"Logistic (app, calibrated)",0,0.023326569647220192
default,app,"Logistic (app, calibrated)",0,0.009691775365723132
default,app,"Logistic (app, calibrated)",0,0.024460988837162967
default,app,"Logistic (app, calibrated)",0,0.013861489238364083
default,app,"Logistic (app, calibrated)",0,0.01867238824877504
default,app,"Logistic (app, calibrated)",0,0.0017391304347826088
default,app,"Logistic (app, calibrated)",0,0.027817572067939573
default,app,"Logistic (app, calibrated)",0,0.03903517736572039
default,app,"Logistic (app, calibrated)",0,0.025552104229787785
default,app,"Logistic (app, calibrated)",0,0.05140108942200183
default,app,"Logistic (app, calibrated)",0,0.025552104229787785
default,app,"Logistic (app, calibrated)",0,0.04474335128628811
default,app,"Logistic (app, calibrated)",0,0.011987481109259856
default,app,"Logistic (app, calibrated)",0,0.03903517736572039
default,app,"Logistic (app, calibrated)",0,0.018713558245476394
default,app,"Logistic (app, calibrated)",0,0.015520138450818993
default,app,"Logistic (app, calibrated)",0,0.045658007237789476
default,app,"Logistic (app, calibrated)",0,0.03681571145612793
default,app,"Logistic (app, calibrated)",0,0.016955524664710203
default,app,"Logistic (app, calibrated)",0,0.025395883680016957
default,app,"Logistic (app, calibrated)",0,0.013174996710302594
default,app,"Logistic (app, calibrated)",0,0.02657768466942883
default,app,"Logistic (app, calibrated)",0,0.012474129282746797
default,app,"Logistic (app, calibrated)",0,0.017633290094770476
default,app,"Logistic (app, calibrated)",0,0.00953140307935971
default,app,"Logistic (app, calibrated)",0,0.02520626889534049
default,app,"Logistic (app, calibrated)",0,0.04289179450192583
default,app,"Logistic (app, calibrated)",0,0.005045636320865679
default,app,"Logistic (app, calibrated)",0,0.01234087760035984
default,app,"Logistic (app, calibrated)",0,0.06580454807593972
default,app,"Logistic (app, calibrated)",0,0.0016666666666666666
default,app,"Logistic (app, calibrated)",0,0.008390341652325977
default,app,"Logistic (app, calibrated)",0,0.1438858772219976
default,app,"Logistic (app, calibrated)",0,0.03145881739265433
default,app,"Logistic (app, calibrated)",0,0.007029320529022043
default,app,"Logistic (app, calibrated)",0,0.040947147490084324
default,app,"Logistic (app, calibrated)",0,0.07871065727645743
default,app,"Logistic (app, calibrated)",0,0.04421034026947092
default,app,"Logistic (app, calibrated)",0,0.032204387518507946
default,app,"Logistic (app, calibrated)",0,0.03414019106888693
default,app,"Logistic (app, calibrated)",0,0.00944794365271808
default,app,"Logistic (app, calibrated)",0,0.0009433962264150943
default,app,"Logistic (app, calibrated)",0,0.009979625571829468
default,app,"Logistic (app, calibrated)",0,0.013907431560704597
default,app,"Logistic (app, calibrated)",1,0.053080629344859166
default,app,"Logistic (app, calibrated)",0,0.02086527119418182
default,app,"Logistic (app, calibrated)",0,0.030837698750251004
default,app,"Logistic (app, calibrated)",0,0.025552104229787785
default,app,"Logistic (app, calibrated)",0,0.05554482474755131
default,app,"Logistic (app, calibrated)",0,0.027414432507076418
default,app,"Logistic (app, calibrated)",0,0.016214782505624015
default,app,"Logistic (app, calibrated)",0,0.0
default,app,"Logistic (app, calibrated)",0,0.03414019106888693
default,app,"Logistic (app, calibrated)",0,0.05271081665038533
default,app,"Logistic (app, calibrated)",0,0.002797331492983667
default,app,"Logistic (app, calibrated)",0,0.015520138450818993
default,app,"Logistic (app, calibrated)",0,0.01436258340577975
default,app,"Logistic (app, calibrated)",0,0.07454706325196611
default,app,"Logistic (app, calibrated)",0,0.002584097859327217
default,app,"Logistic (app, calibrated)",0,0.03414019106888693
default,app,"Logistic (app, calibrated)",0,0.053959559508576324
default,app,"Logistic (app, calibrated)",0,0.07912086782577069
default,app,"Logistic (app, calibrated)",0,0.025236160165381556
default,app,"Logistic (app, calibrated)",0,0.0567298195359215
default,app,"Logistic (app, calibrated)",0,0.04483541999902826
default,app,"Logistic (app, calibrated)",0,0.00935047056185325
default,app,"Logistic (app, calibrated)",0,0.016214782505624015
default,app,"Logistic (app, calibrated)",0,0.019396253010920895
default,app,"Logistic (app, calibrated)",0,0.03060438751850794
default,app,"Logistic (app, calibrated)",0,0.0009433962264150943
default,app,"Logistic (app, calibrated)",0,0.0
default,app,"Logistic (app, calibrated)",0,0.002561369119640158
default,app,"Logistic (app, calibrated)",0,0.14137017391076775
default,app,"Logistic (app, calibrated)",0,0.0016666666666666666
default,app,"Logistic (app, calibrated)",0,0.09378626107977436
default,app,"Logistic (app, calibrated)",0,0.009225462720239077
default,app,"Logistic (app, calibrated)",0,0.0
default,app,"Logistic (app, calibrated)",0,0.029925178021930475
default,app,"Logistic (app, calibrated)",0,0.0009433962264150943
default,app,"Logistic (app, calibrated)",0,0.022449888894023707
default,app,"Logistic (app, calibrated)",0,0.0036279599848043553
default,app,"Logistic (app, calibrated)",0,0.02493145854612643
default,app,"Logistic (app, calibrated)",0,0.014728872201920418
default,app,"Logistic (app, calibrated)",0,0.011443178583351664
default,app,"Logistic (app, calibrated)",0,0.02345758039613352
default,app,"Logistic (app, calibrated)",0,0.021774782735272315
default,app,"Logistic (app, calibrated)",0,0.03414019106888693
default,app,"Logistic (app, calibrated)",0,0.0382720598518421
default,app,"Logistic (app, calibrated)",0,0.039023989180444044
default,app,"Logistic (app, calibrated)",0,0.05903887150828295
default,app,"Logistic (app, calibrated)",0,0.03204566723523266
default,app,"Logistic (app, calibrated)",0,0.02345758039613352
default,app,"Logistic (app, calibrated)",0,0.015137998466909098
default,app,"Logistic (app, calibrated)",0,0.04483541999902826
default,app,"Logistic (app, calibrated)",0,0.025552104229787785
default,app,"Logistic (app, calibrated)",0,0.02625475092973802
default,app,"Logistic (app, calibrated)",0,0.005877061469265367
default,app,"Logistic (app, calibrated)",0,0.020501941940973975
default,app,"Logistic (app, calibrated)",0,0.005449362843729041
default,app,"Logistic (app, calibrated)",0,0.013615432951913331
default,app,"Logistic (app, calibrated)",0,0.013119328722280188
default,app,"Logistic (app, calibrated)",0,0.019922226860779983
default,app,"Logistic (app, calibrated)",0,0.033680077579326964
default,app,"Logistic (app, calibrated)",0,0.01085590639061799
default,app,"Logistic (app, calibrated)",0,0.018345795590746467
default,app,"Logistic (app, calibrated)",0,0.0017391304347826088
default,app,"Logistic (app, calibrated)",0,0.016955524664710203
default,app,"Logistic (app, calibrated)",0,0.002797331492983667
default,app,"Logistic (app, calibrated)",0,0.02730416505264769
default,app,"Logistic (app, calibrated)",0,0.029122229954036866
default,app,"Logistic (app, calibrated)",0,0.019310022019207555
default,app,"Logistic (app, calibrated)",0,0.05903887150828295
default,app,"Logistic (app, calibrated)",0,0.04620665133559645
default,app,"Logistic (app, calibrated)",0,0.02145040035073955
default,app,"Logistic (app, calibrated)",0,0.034022087823538265
default,app,"Logistic (app, calibrated)",0,0.057402995990650706
default,app,"Logistic (app, calibrated)",0,0.009231871308077715
default,app,"Logistic (app, calibrated)",0,0.02284672879713963
default,app,"Logistic (app, calibrated)",0,0.015137998466909098
default,app,"Logistic (app, calibrated)",0,0.010490432951913332
default,app,"Logistic (app, calibrated)",0,0.02292268822898988
default,app,"Logistic (app, calibrated)",0,0.052586459908234115
default,app,"Logistic (app, calibrated)",0,0.021895247288891622
default,app,"Logistic (app, calibrated)",0,0.013734032205688867
default,app,"Logistic (app, calibrated)",0,0.12217535090620815
default,app,"Logistic (app, calibrated)",0,0.018464394844521996
default,app,"Logistic (app, calibrated)",0,0.016806811980659222
default,app,"Logistic (app, calibrated)",0,0.04092235841006049
default,app,"Logistic (app, calibrated)",0,0.03903517736572039
default,app,"Logistic (app, calibrated)",0,0.01192366780874479
default,app,"Logistic (app, calibrated)",0,0.02284672879713963
default,app,"Logistic (app, calibrated)",0,0.00751120105915769
default,app,"Logistic (app, calibrated)",0,0.0017543859649122805
default,app,"Logistic (app, calibrated)",0,0.020008128337038966
default,app,"Logistic (app, calibrated)",0,0.025597543748241646
default,app,"Logistic (app, calibrated)",0,0.0389102352897822
default,app,"Logistic (app, calibrated)",0,0.011987481109259856
default,app,"Logistic (app, calibrated)",0,0.11401412853213304
default,app,"Logistic (app, calibrated)",0,0.0
default,app,"Logistic (app, calibrated)",0,0.03414019106888693
default,app,"Logistic (app, calibrated)",0,0.02730416505264769
default,app,"Logistic (app, calibrated)",0,0.016955524664710203
default,app,"Logistic (app, calibrated)",0,0.002797331492983667
default,app,"Logistic (app, calibrated)",0,0.010678510558922579
default,app,"Logistic (app, calibrated)",0,0.011506991883866727
default,app,"Logistic (app, calibrated)",0,0.011506991883866727
default,app,"Logistic (app, calibrated)",0,0.05616603293314395
default,app,"Logistic (app, calibrated)",0,0.0
default,app,"Logistic (app, calibrated)",0,0.019922226860779983
default,app,"Logistic (app, calibrated)",0,0.003061224489795918
default,app,"Logistic (app, calibrated)",0,0.019530668197300545
default,app,"Logistic (app, calibrated)",0,0.015520138450818993
default,app,"Logistic (app, calibrated)",0,0.0043447567706327815
default,app,"Logistic (app, calibrated)",0,0.03438484121766143
default,app,"Logistic (app, calibrated)",0,0.013730395643373323
default,app,"Logistic (app, calibrated)",0,0.026745562255543948
default,app,"Logistic (app, calibrated)",0,0.007324167312913865
default,app,"Logistic (app, calibrated)",0,0.029122229954036866
default,app,"Logistic (app, calibrated)",1,0.019922226860779983
default,app,"Logistic (app, calibrated)",0,0.08479257164590548
default,app,"Logistic (app, calibrated)",0,0.004128205128205128
default,app,"Logistic (app, calibrated)",0,0.02622514679279071
default,app,"Logistic (app, calibrated)",0,0.014744723389689646
default,app,"Logistic (app, calibrated)",0,0.04421034026947092
default,app,"Logistic (app, calibrated)",0,0.018464394844521996
default,app,"Logistic (app, calibrated)",0,0.04872757219358594
default,app,"Logistic (app, calibrated)",0,0.03024300393564785
default,app,"Logistic (app, calibrated)",0,0.02345758039613352
default,app,"Logistic (app, calibrated)",0,0.015439367444494667
default,app,"Logistic (app, calibrated)",0,0.00758082497212932
default,app,"Logistic (app, calibrated)",0,0.01085590639061799
default,app,"Logistic (app, calibrated)",0,0.034370080589684576
default,app,"Logistic (app, calibrated)",0,0.04483541999902826
default,app,"Logistic (app, calibrated)",0,0.040145396511135766
default,app,"Logistic (app, calibrated)",0,0.03204566723523266
default,app,"Logistic (app, calibrated)",0,0.007029320529022043
default,app,"Logistic (app, calibrated)",0,0.005877061469265367
default,app,"Logistic (app, calibrated)",0,0.03060438751850794
default,app,"Logistic (app, calibrated)",0,0.017981436903857357
default,app,"Logistic (app, calibrated)",0,0.03504217603219274
default,app,"Logistic (app, calibrated)",0,0.018532466940347974
default,app,"Logistic (app, calibrated)",0,0.0534230058493028
default,app,"Logistic (app, calibrated)",0,0.013174996710302594
default,app,"Logistic (app, calibrated)",0,0.015832642521714117
default,app,"Logistic (app, calibrated)",0,0.0017391304347826088
default,app,"Logistic (app, calibrated)",0,0.002797331492983667
default,app,"Logistic (app, calibrated)",0,0.03145881739265433
default,app,"Logistic (app, calibrated)",0,0.0774456139766038
default,app,"Logistic (app, calibrated)",0,0.015520138450818993
default,app,"Logistic (app, calibrated)",0,0.04011054806043508
default,app,"Logistic (app, calibrated)",0,0.039023989180444044
default,app,"Logistic (app, calibrated)",0,0.008932022798456129
default,app,"Logistic (app, calibrated)",0,0.009225462720239077
default,app,"Logistic (app, calibrated)",0,0.05271081665038533
default,app,"Logistic (app, calibrated)",0,0.005196132092683816
default,app,"Logistic (app, calibrated)",0,0.019530668197300545
default,app,"Logistic (app, calibrated)",0,0.04483541999902826
default,app,"Logistic (app, calibrated)",0,0.008791435066466976
default,app,"Logistic (app, calibrated)",0,0.03633146417254467
default,app,"Logistic (app, calibrated)",0,0.011987481109259856
default,app,"Logistic (app, calibrated)",0,0.04483541999902826
default,app,"Logistic (app, calibrated)",0,0.016955524664710203
default,app,"Logistic (app, calibrated)",0,0.04361940979283161
default,app,"Logistic (app, calibrated)",0,0.02070277239184399
default,app,"Logistic (app, calibrated)",0,0.01436258340577975
default,app,"Logistic (app, calibrated)",0,0.05903887150828295
default,app,"Logistic (app, calibrated)",0,0.038510548060435086
default,app,"Logistic (app, calibrated)",0,0.013615432951913331
default,app,"Logistic (app, calibrated)",0,0.06193978019632749
default,app,"Logistic (app, calibrated)",0,0.022145044405544573
default,app,"Logistic (app, calibrated)",0,0.020008128337038966
default,app,"Logistic (app, calibrated)",0,0.03265151499363721
default,app,"Logistic (app, calibrated)",0,0.0
default,app,"Logistic (app, calibrated)",0,0.02638659676419295
default,app,"Logistic (app, calibrated)",0,0.008791435066466976
default,app,"Logistic (app, calibrated)",0,0.032916877997723616
default,app,"Logistic (app, calibrated)",0,0.0009433962264150943
default,app,"Logistic (app, calibrated)",0,0.016955524664710203
default,app,"Logistic (app, calibrated)",0,0.025944883749900356
default,app,"Logistic (app, calibrated)",0,0.0009433962264150943
default,app,"Logistic (app, calibrated)",0,0.006439461853630031
default,app,"Logistic (app, calibrated)",0,0.011384419710556874
default,app,"Logistic (app, calibrated)",0,0.020008128337038966
default,app,"Logistic (app, calibrated)",0,0.032204387518507946
default,app,"Logistic (app, calibrated)",0,0.008791435066466976
default,app,"Logistic (app, calibrated)",0,0.016214782505624015
default,app,"Logistic (app, calibrated)",0,0.1917522237702283
default,app,"Logistic (app, calibrated)",0,0.019530668197300545
default,app,"Logistic (app, calibrated)",0,0.030911866756201056
default,app,"Logistic (app, calibrated)",0,0.002797331492983667
default,app,"Logistic (app, calibrated)",0,0.033363524490285054
default,app,"Logistic (app, calibrated)",0,0.0028125870231133386
default,app,"Logistic (app, calibrated)",0,0.014028955315021074
default,app,"Logistic (app, calibrated)",0,0.02539760807259516
default,app,"Logistic (app, calibrated)",0,0.028757685375822233
default,app,"Logistic (app, calibrated)",0,0.024172966767587244
default,app,"Logistic (app, calibrated)",0,0.03627250611684042
default,app,"Logistic (app, calibrated)",0,0.029068313710086068
default,app,"Logistic (app, calibrated)",0,0.008791435066466976
default,app,"Logistic (app, calibrated)",0,0.030423171710853604
default,app,"Logistic (app, calibrated)",0,0.01867238824877504
default,app,"Logistic (app, calibrated)",0,0.02345758039613352
default,app,"Logistic (app, calibrated)",0,0.05347518649532508
default,app,"Logistic (app, calibrated)",0,0.007029320529022043
default,app,"Logistic (app, calibrated)",0,0.01670553188383264
default,app,"Logistic (app, calibrated)",0,0.013794339468287235
default,app,"Logistic (app, calibrated)",1,0.06291837225267777
default,app,"Logistic (app, calibrated)",0,0.019310022019207555
default,app,"Logistic (app, calibrated)",0,0.05891380212043869
default,app,"Logistic (app, calibrated)",0,0.05347518649532508
default,app,"Logistic (app, calibrated)",0,0.04483541999902826
default,app,"Logistic (app, calibrated)",0,0.10856886977542654
default,app,"Logistic (app, calibrated)",0,0.003061224489795918
default,app,"Logistic (app, calibrated)",0,0.026745562255543948
default,app,"Logistic (app, calibrated)",0,0.03218345444383278
default,app,"Logistic (app, calibrated)",0,0.002797331492983667
default,app,"Logistic (app, calibrated)",0,0.03903517736572039
default,app,"Logistic (app, calibrated)",0,0.03060438751850794
default,app,"Logistic (app, calibrated)",0,0.0009433962264150943
default,app,"Logistic (app, calibrated)",0,0.01819232559015675
default,app,"Logistic (app, calibrated)",0,0.025395883680016957
default,app,"Logistic (app, calibrated)",0,0.0
default,app,"Logistic (app, calibrated)",1,0.032204387518507946
default,app,"Logistic (app, calibrated)",0,0.01436258340577975
default,app,"Logistic (app, calibrated)",0,0.059613774551528345
default,app,"Logistic (app, calibrated)",0,0.0028125870231133386
default,app,"Logistic (app, calibrated)",0,0.002584097859327217
default,app,"Logistic (app, calibrated)",0,0.04567580672130678
default,app,"Logistic (app, calibrated)",0,0.03414019106888693
default,app,"Logistic (app, calibrated)",0,0.007029320529022043
default,app,"Logistic (app, calibrated)",0,0.011987481109259856
default,app,"Logistic (app, calibrated)",0,0.02627965878678724
default,app,"Logistic (app, calibrated)",0,0.007974970490866115
default,app,"Logistic (app, calibrated)",0,0.04342833843896507
default,app,"Logistic (app, calibrated)",1,0.04872757219358594
default,app,"Logistic (app, calibrated)",0,0.011615958708914282
default,app,"Logistic (app, calibrated)",0,0.0009433962264150943
default,app,"Logistic (app, calibrated)",0,0.03204566723523266
default,app,"Logistic (app, calibrated)",0,0.040145396511135766
default,app,"Logistic (app, calibrated)",0,0.04483541999902826
default,app,"Logistic (app, calibrated)",0,0.038510548060435086
default,app,"Logistic (app, calibrated)",0,0.042453053399899146
default,app,"Logistic (app, calibrated)",0,0.0330144028755439
default,app,"Logistic (app, calibrated)",0,0.03060438751850794
default,app,"Logistic (app, calibrated)",0,0.014375756310018592
default,app,"Logistic (app, calibrated)",0,0.12217535090620815
default,app,"Logistic (app, calibrated)",0,0.008529465426017149
default,app,"Logistic (app, calibrated)",0,0.03633146417254467
default,app,"Logistic (app, calibrated)",0,0.0017391304347826088
default,app,"Logistic (app, calibrated)",0,0.008394367929079527
default,app,"Logistic (app, calibrated)",0,0.01712767280162057
default,app,"Logistic (app, calibrated)",0,0.005045636320865679
default,app,"Logistic (app, calibrated)",0,0.0
default,app,"Logistic (app, calibrated)",0,0.02657768466942883
default,app,"Logistic (app, calibrated)",0,0.003061224489795918
default,app,"Logistic (app, calibrated)",0,0.03920174696385668
default,app,"Logistic (app, calibrated)",0,0.0043447567706327815
default,app,"Logistic (app, calibrated)",0,0.04010144986768923
default,app,"Logistic (app, calibrated)",0,0.007383185638326616
default,app,"Logistic (app, calibrated)",0,0.0
default,app,"Logistic (app, calibrated)",0,0.010385391802709785
default,app,"Logistic (app, calibrated)",0,0.020077182387502446
default,app,"Logistic (app, calibrated)",0,0.008966952086397726
default,app,"Logistic (app, calibrated)",0,0.002797331492983667
default,app,"Logistic (app, calibrated)",0,0.008966952086397726
default,app,"Logistic (app, calibrated)",0,0.026482604690912147
default,app,"Logistic (app, calibrated)",0,0.020077182387502446
default,app,"Logistic (app, calibrated)",0,0.029901104576091665
default,app,"Logistic (app, calibrated)",0,0.05903887150828295
default,app,"Logistic (app, calibrated)",0,0.02493145854612643
default,app,"Logistic (app, calibrated)",0,0.013174996710302594
default,app,"Logistic (app, calibrated)",0,0.09378626107977436
default,app,"Logistic (app, calibrated)",0,0.02070277239184399
default,app,"Logistic (app, calibrated)",0,0.0
default,app,"Logistic (app, calibrated)",0,0.04948910039022988
default,app,"Logistic (app, calibrated)",0,0.05587750353358967
default,app,"Logistic (app, calibrated)",0,0.06679417677933684
default,app,"Logistic (app, calibrated)",0,0.014562624641850198
default,app,"Logistic (app, calibrated)",0,0.03414019106888693
default,app,"Logistic (app, calibrated)",0,0.050229690349630374
default,app,"Logistic (app, calibrated)",0,0.02493145854612643
default,app,"Logistic (app, calibrated)",0,0.05609857643127086
default,app,"Logistic (app, calibrated)",0,0.05903887150828295
default,app,"Logistic (app, calibrated)",0,0.030837698750251004
default,app,"Logistic (app, calibrated)",0,0.0028169014084507044
default,app,"Logistic (app, calibrated)",0,0.05587750353358967
default,app,"Logistic (app, calibrated)",0,0.1225855571035616
default,app,"Logistic (app, calibrated)",0,0.008455459716259241
default,app,"Logistic (app, calibrated)",0,0.07454706325196611
default,app,"Logistic (app, calibrated)",0,0.04011054806043508
default,app,"Logistic (app, calibrated)",0,0.1438858772219976
default,app,"Logistic (app, calibrated)",0,0.0028125870231133386
default,app,"Logistic (app, calibrated)",0,0.04010144986768923
default,app,"Logistic (app, calibrated)",0,0.0028125870231133386
default,app,"Logistic (app, calibrated)",0,0.003061224489795918
default,app,"Logistic (app, calibrated)",0,0.02804434747670138
default,app,"Logistic (app, calibrated)",0,0.03903517736572039
default,app,"Logistic (app, calibrated)",0,0.025395883680016957
default,app,"Logistic (app, calibrated)",0,0.00751120105915769
default,app,"Logistic (app, calibrated)",0,0.043127292825973926
default,app,"Logistic (app, calibrated)",0,0.05332002734083432
default,app,"Logistic (app, calibrated)",0,0.019530668197300545
default,app,"Logistic (app, calibrated)",0,0.0305977315877483
default,app,"Logistic (app, calibrated)",0,0.021559915248986844
default,app,"Logistic (app, calibrated)",0,0.006439461853630031
default,app,"Logistic (app, calibrated)",0,0.059613774551528345
default,app,"Logistic (app, calibrated)",1,0.0043447567706327815
default,app,"Logistic (app, calibrated)",0,0.0028169014084507044
default,app,"Logistic (app, calibrated)",0,0.011688040521771876
default,app,"Logistic (app, calibrated)",0,0.014857674352317274
default,app,"Logistic (app, calibrated)",0,0.10856886977542654
default,app,"Logistic (app, calibrated)",0,0.015112462205417778
default,app,"Logistic (app, calibrated)",0,0.08698675689769209
default,app,"Logistic (app, calibrated)",0,0.04483541999902826
default,app,"Logistic (app, calibrated)",0,0.03024300393564785
default,app,"Logistic (app, calibrated)",0,0.002584097859327217
default,app,"Logistic (app, calibrated)",0,0.03618968198515097
default,app,"Logistic (app, calibrated)",0,0.0
default,app,"Logistic (app, calibrated)",0,0.022470806338095756
default,app,"Logistic (app, calibrated)",0,0.02799515956006446
default,app,"Logistic (app, calibrated)",0,0.01819232559015675
default,app,"Logistic (app, calibrated)",0,0.007029320529022043
default,app,"Logistic (app, calibrated)",0,0.034370080589684576
default,app,"Logistic (app, calibrated)",0,0.04717642604880022
default,app,"Logistic (app, calibrated)",0,0.02284672879713963
default,app,"Logistic (app, calibrated)",0,0.009979625571829468
default,app,"Logistic (app, calibrated)",0,0.008455459716259241
default,app,"Logistic (app, calibrated)",0,0.05587750353358967
default,app,"Logistic (app, calibrated)",0,0.040145396511135766
default,app,"Logistic (app, calibrated)",0,0.06282592281108287
default,app,"Logistic (app, calibrated)",0,0.10003066688400072
default,app,"Logistic (app, calibrated)",0,0.00672685521734393
default,app,"Logistic (app, calibrated)",0,0.036267342425374646
default,app,"Logistic (app, calibrated)",0,0.04361940979283161
default,app,"Logistic (app, calibrated)",0,0.05603580107238487
default,app,"Logistic (app, calibrated)",0,0.022449888894023707
default,app,"Logistic (app, calibrated)",0,0.009938475197957439
default,app,"Logistic (app, calibrated)",1,0.10876682960295
default,app,"Logistic (app, calibrated)",0,0.011759683167855176
default,app,"Logistic (app, calibrated)",0,0.01141079439871676
default,app,"Logistic (app, calibrated)",0,0.015520138450818993
default,app,"Logistic (app, calibrated)",0,0.02345758039613352
default,app,"Logistic (app, calibrated)",0,0.0
default,app,"Logistic (app, calibrated)",0,0.047904081606679375
default,app,"Logistic (app, calibrated)",0,0.030837698750251004
default,app,"Logistic (app, calibrated)",1,0.030837698750251004
default,app,"Logistic (app, calibrated)",0,0.026445863785416572
default,app,"Logistic (app, calibrated)",0,0.03366888939405062
default,app,"Logistic (app, calibrated)",0,0.01258950705489488
default,app,"Logistic (app, calibrated)",0,0.007974970490866115
default,app,"Logistic (app, calibrated)",0,0.01442990283778387
default,app,"Logistic (app, calibrated)",0,0.016955524664710203
default,app,"Logistic (app, calibrated)",0,0.028855311197433408
default,app,"Logistic (app, calibrated)",0,0.009691775365723132
default,app,"Logistic (app, calibrated)",0,0.025552104229787785
default,app,"Logistic (app, calibrated)",0,0.005045636320865679
default,app,"Logistic (app, calibrated)",1,0.03184300393564785
default,app,"Logistic (app, calibrated)",0,0.02345758039613352
default,app,"Logistic (app, calibrated)",0,0.007974970490866115
default,app,"Logistic (app, calibrated)",0,0.006439461853630031
default,app,"Logistic (app, calibrated)",0,0.0092103948025987
default,app,"Logistic (app, calibrated)",0,0.013155170174904782
default,app,"Logistic (app, calibrated)",0,0.02657768466942883
default,app,"Logistic (app, calibrated)",0,0.059613774551528345
default,app,"Logistic (app, calibrated)",0,0.00935047056185325
default,app,"Logistic (app, calibrated)",0,0.03060438751850794
default,app,"Logistic (app, calibrated)",0,0.02345758039613352
default,app,"Logistic (app, calibrated)",0,0.0016666666666666666
default,app,"Logistic (app, calibrated)",0,0.011506991883866727
default,app,"Logistic (app, calibrated)",0,0.016214782505624015
default,app,"Logistic (app, calibrated)",0,0.019530668197300545
default,app,"Logistic (app, calibrated)",0,0.017779346957647716
default,app,"Logistic (app, calibrated)",0,0.018345795590746467
default,app,"Logistic (app, calibrated)",0,0.008138200791473829
default,app,"Logistic (app, calibrated)",0,0.0016666666666666666
default,app,"Logistic (app, calibrated)",0,0.03414019106888693
default,app,"Logistic (app, calibrated)",0,0.011443178583351664
default,app,"Logistic (app, calibrated)",0,0.021628328532288167
default,app,"Logistic (app, calibrated)",0,0.036932770222482675
default,app,"Logistic (app, calibrated)",0,0.01670553188383264
default,app,"Logistic (app, calibrated)",0,0.03370619917264114
default,app,"Logistic (app, calibrated)",0,0.04011054806043508
default,app,"Logistic (app, calibrated)",0,0.011987481109259856
default,app,"Logistic (app, calibrated)",0,0.008791435066466976
default,app,"Logistic (app, calibrated)",0,0.02147782022996622
default,app,"Logistic (app, calibrated)",0,0.03681571145612793
default,app,"Logistic (app, calibrated)",0,0.020077182387502446
default,app,"Logistic (app, calibrated)",1,0.007974970490866115
default,app,"Logistic (app, calibrated)",0,0.03541536325969756
default,app,"Logistic (app, calibrated)",0,0.008784126278902637
default,app,"Logistic (app, calibrated)",0,0.039023989180444044
default,app,"Logistic (app, calibrated)",0,0.002797331492983667
default,app,"Logistic (app, calibrated)",0,0.014562624641850198
default,app,"Logistic (app, calibrated)",0,0.005196132092683816
default,app,"Logistic (app, calibrated)",0,0.01359011700371188
default,app,"Logistic (app, calibrated)",0,0.013106480238083931
default,app,"Logistic (app, calibrated)",0,0.018532466940347974
default,app,"Logistic (app, calibrated)",0,0.02493145854612643
default,app,"Logistic (app, calibrated)",0,0.0017391304347826088
default,app,"Logistic (app, calibrated)",0,0.03414019106888693
default,app,"Logistic (app, calibrated)",0,0.046802693394873085
default,app,"Logistic (app, calibrated)",0,0.034107554350934086
default,app,"Logistic (app, calibrated)",0,0.011443178583351664
default,app,"Logistic (app, calibrated)",0,0.002797331492983667
default,app,"Logistic (app, calibrated)",0,0.016955524664710203
default,app,"Logistic (app, calibrated)",0,0.010678510558922579
default,app,"Logistic (app, calibrated)",0,0.055556977986714995
default,app,"Logistic (app, calibrated)",0,0.03204566723523266
default,app,"Logistic (app, calibrated)",0,0.004403541919437544
default,app,"Logistic (app, calibrated)",0,0.02606341175248335
default,app,"Logistic (app, calibrated)",0,0.05587750353358967
default,app,"Logistic (app, calibrated)",0,0.01085590639061799
default,app,"Logistic (app, calibrated)",0,0.020008128337038966
default,app,"Logistic (app, calibrated)",1,0.03366888939405062
default,app,"Logistic (app, calibrated)",0,0.07454706325196611
default,app,"Logistic (app, calibrated)",0,0.03414019106888693
default,app,"Logistic (app, calibrated)",0,0.0335344666387541
default,app,"Logistic (app, calibrated)",0,0.03359850284972033
default,app,"Logistic (app, calibrated)",0,0.010615188941326103
default,app,"Logistic (app, calibrated)",0,0.03504217603219274
default,app,"Logistic (app, calibrated)",0,0.054543534786859006
default,app,"Logistic (app, calibrated)",0,0.01085590639061799
default,app,"Logistic (app, calibrated)",0,0.01434197846375721
default,app,"Logistic (app, calibrated)",0,0.02617718395934513
default,app,"Logistic (app, calibrated)",0,0.059613774551528345
default,app,"Logistic (app, calibrated)",0,0.022169337533671184
default,app,"Logistic (app, calibrated)",0,0.005045636320865679
default,app,"Logistic (app, calibrated)",0,0.057961410821037763
default,app,"Logistic (app, calibrated)",0,0.02345758039613352
default,app,"Logistic (app, calibrated)",0,0.040145396511135766
default,app,"Logistic (app, calibrated)",0,0.008791435066466976
default,app,"Logistic (app, calibrated)",0,0.011573828470380193
default,app,"Logistic (app, calibrated)",0,0.005877061469265367
default,app,"Logistic (app, calibrated)",0,0.03060438751850794
default,app,"Logistic (app, calibrated)",0,0.10656703858504309
default,app,"Logistic (app, calibrated)",0,0.028757685375822233
default,app,"Logistic (app, calibrated)",0,0.0
default,app,"Logistic (app, calibrated)",0,0.0028125870231133386
default,app,"Logistic (app, calibrated)",0,0.030837698750251004
default,app,"Logistic (app, calibrated)",0,0.028855311197433408
default,app,"Logistic (app, calibrated)",0,0.033492880257544856
default,app,"Logistic (app, calibrated)",0,0.0009433962264150943
default,app,"Logistic (app, calibrated)",0,0.016806811980659222
default,app,"Logistic (app, calibrated)",0,0.005684934690652164
default,app,"Logistic (app, calibrated)",0,0.02638659676419295
default,app,"Logistic (app, calibrated)",0,0.008835704370415969
default,app,"Logistic (app, calibrated)",0,0.015057227460584771
default,app,"Logistic (app, calibrated)",0,0.1292522237702283
default,app,"Logistic (app, calibrated)",0,0.03414019106888693
default,app,"Logistic (app, calibrated)",0,0.010615188941326103
default,app,"Logistic (app, calibrated)",0,0.0028125870231133386
default,app,"Logistic (app, calibrated)",0,0.013312958905162802
default,app,"Logistic (app, calibrated)",0,0.009979625571829468
default,app,"Logistic (app, calibrated)",0,0.0
default,app,"Logistic (app, calibrated)",1,0.059613774551528345
default,app,"Logistic (app, calibrated)",0,0.03694688312982347
default,app,"Logistic (app, calibrated)",0,0.0018779342723004694
default,app,"Logistic (app, calibrated)",0,0.028154630710444717
default,app,"Logistic (app, calibrated)",0,0.02554099039887489
default,app,"Logistic (app, calibrated)",0,0.004479664206107975
default,app,"Logistic (app, calibrated)",0,0.03414019106888693
default,app,"Logistic (app, calibrated)",0,0.010385391802709785
default,app,"Logistic (app, calibrated)",0,0.00751120105915769
default,app,"Logistic (app, calibrated)",0,0.025395883680016957
default,app,"Logistic (app, calibrated)",0,0.03414019106888693
default,app,"Logistic (app, calibrated)",0,0.01433704714428843
default,app,"Logistic (app, calibrated)",0,0.020364344417805928
default,app,"Logistic (app, calibrated)",0,0.007974970490866115
default,app,"Logistic (app, calibrated)",0,0.00751120105915769
default,app,"Logistic (app, calibrated)",0,0.02024088541918618
default,app,"Logistic (app, calibrated)",0,0.05968314403647788
default,app,"Logistic (app, calibrated)",0,0.04361940979283161
default,app,"Logistic (app, calibrated)",0,0.011245664740441098
default,app,"Logistic (app, calibrated)",0,0.030837698750251004
default,app,"Logistic (app, calibrated)",0,0.02345758039613352
default,app,"Logistic (app, calibrated)",0,0.06424928574330088
default,app,"Logistic (app, calibrated)",0,0.040145396511135766
default,app,"Logistic (app, calibrated)",0,0.019310022019207555
default,app,"Logistic (app, calibrated)",0,0.0
default,app,"Logistic (app, calibrated)",0,0.00672367498565931
default,app,"Logistic (app, calibrated)",0,0.05903887150828295
default,app,"Logistic (app, calibrated)",0,0.025642270495701468
default,app,"Logistic (app, calibrated)",0,0.03291843375024066
default,app,"Logistic (app, calibrated)",0,0.02672007643230529
default,app,"Logistic (app, calibrated)",0,0.04483541999902826
default,app,"Logistic (app, calibrated)",0,0.008780100002149087
default,app,"Logistic (app, calibrated)",0,0.04717642604880022
default,app,"Logistic (app, calibrated)",0,0.016806811980659222
default,app,"Logistic (app, calibrated)",0,0.013174996710302594
default,app,"Logistic (app, calibrated)",0,0.032204387518507946
default,app,"Logistic (app, calibrated)",0,0.05295038519664972
default,app,"Logistic (app, calibrated)",0,0.0
default,app,"Logistic (app, calibrated)",0,0.05903887150828295
default,app,"Logistic (app, calibrated)",0,0.069786719881296
default,app,"Logistic (app, calibrated)",0,0.01819232559015675
default,app,"Logistic (app, calibrated)",0,0.0210450947552963
default,app,"Logistic (app, calibrated)",0,0.002797331492983667
default,app,"Logistic (app, calibrated)",0,0.03414019106888693
default,app,"Logistic (app, calibrated)",0,0.01764154790204807
default,app,"Logistic (app, calibrated)",0,0.03144916243234307
default,app,"Logistic (app, calibrated)",0,0.05903887150828295
default,app,"Logistic (app, calibrated)",0,0.016214782505624015
default,app,"Logistic (app, calibrated)",0,0.024172966767587244
default,app,"Logistic (app, calibrated)",0,0.019530668197300545
default,app,"Logistic (app, calibrated)",0,0.008835704370415969
default,app,"Logistic (app, calibrated)",0,0.008791435066466976
default,app,"Logistic (app, calibrated)",0,0.022994326029890415
default,app,"Logistic (app, calibrated)",0,0.043519325901867995
default,app,"Logistic (app, calibrated)",0,0.025623391112250878
default,app,"Logistic (app, calibrated)",0,0.020077182387502446
default,app,"Logistic (app, calibrated)",0,0.02345758039613352
default,app,"Logistic (app, calibrated)",0,0.05587750353358967
default,app,"Logistic (app, calibrated)",0,0.013174996710302594
default,app,"Logistic (app, calibrated)",0,0.00935047056185325
default,app,"Logistic (app, calibrated)",0,0.03482152985409976
default,app,"Logistic (app, calibrated)",0,0.07658355439293488
default,app,"Logistic (app, calibrated)",0,0.01712767280162057
default,app,"Logistic (app, calibrated)",0,0.0036745139529508045
default,app,"Logistic (app, calibrated)",0,0.019731313917018867
default,app,"Logistic (app, calibrated)",0,0.03060438751850794
default,app,"Logistic (app, calibrated)",0,0.032488561525198155
default,app,"Logistic (app, calibrated)",0,0.020077182387502446
default,app,"Logistic (app, calibrated)",0,0.03204566723523266
default,app,"Logistic (app, calibrated)",0,0.019922226860779983
default,app,"Logistic (app, calibrated)",0,0.0043447567706327815
default,app,"Logistic (app, calibrated)",0,0.014278165163242146
default,app,"Logistic (app, calibrated)",0,0.014278165163242146
default,app,"Logistic (app, calibrated)",0,0.0009433962264150943
default,app,"Logistic (app, calibrated)",0,0.006826849733028223
default,app,"Logistic (app, calibrated)",0,0.026986995188908746
default,app,"Logistic (app, calibrated)",0,0.050174905303850416
default,app,"Logistic (app, calibrated)",0,0.011987481109259856
default,app,"Logistic (app, calibrated)",0,0.001058201058201058
default,app,"Logistic (app, calibrated)",0,0.002797331492983667
default,app,"Logistic (app, calibrated)",0,0.017779346957647716
default,app,"Logistic (app, calibrated)",0,0.03204566723523266
default,app,"Logistic (app, calibrated)",0,0.008791435066466976
default,app,"Logistic (app, calibrated)",0,0.059613774551528345
default,app,"Logistic (app, calibrated)",0,0.03903517736572039
default,app,"Logistic (app, calibrated)",0,0.03903517736572039
default,app,"Logistic (app, calibrated)",0,0.02345758039613352
default,app,"Logistic (app, calibrated)",0,0.03218345444383278
default,app,"Logistic (app, calibrated)",0,0.0036279599848043553
default,app,"Logistic (app, calibrated)",0,0.002797331492983667
default,app,"Logistic (app, calibrated)",0,0.040145396511135766
default,app,"Logistic (app, calibrated)",0,0.0009433962264150943
default,app,"Logistic (app, calibrated)",0,0.015520138450818993
default,app,"Logistic (app, calibrated)",0,0.003061224489795918
default,app,"Logistic (app, calibrated)",0,0.010859289226847976
default,app,"Logistic (app, calibrated)",0,0.016955524664710203
default,app,"Logistic (app, calibrated)",0,0.014642611367236952
default,app,"Logistic (app, calibrated)",0,0.015137998466909098
default,app,"Logistic (app, calibrated)",0,0.015112462205417778
default,app,"Logistic (app, calibrated)",0,0.008390341652325977
default,app,"Logistic (app, calibrated)",0,0.025552104229787785
default,app,"Logistic (app, calibrated)",0,0.026745562255543948
default,app,"Logistic (app, calibrated)",0,0.03982320599662782
default,app,"Logistic (app, calibrated)",0,0.016955524664710203
default,app,"Logistic (app, calibrated)",0,0.008992488347889044
default,app,"Logistic (app, calibrated)",0,0.07353984119592734
default,app,"Logistic (app, calibrated)",1,0.0028125870231133386
default,app,"Logistic (app, calibrated)",0,0.05903887150828295
default,app,"Logistic (app, calibrated)",0,0.027774513381971472
default,app,"Logistic (app, calibrated)",0,0.02345758039613352
default,app,"Logistic (app, calibrated)",0,0.013734032205688867
default,app,"Logistic (app, calibrated)",0,0.01359011700371188
default,app,"Logistic (app, calibrated)",0,0.009175027870680044
default,app,"Logistic (app, calibrated)",0,0.04669024700947464
default,app,"Logistic (app, calibrated)",0,0.026745562255543948
default,app,"Logistic (app, calibrated)",0,0.06257687904203427
default,app,"Logistic (app, calibrated)",0,0.025395883680016957
default,app,"Logistic (app, calibrated)",0,0.06370487780906926
default,app,"Logistic (app, calibrated)",1,0.04421034026947092
default,app,"Logistic (app, calibrated)",0,0.02024088541918618
default,app,"Logistic (app, calibrated)",0,0.12107885967813799
default,app,"Logistic (app, calibrated)",0,0.034362505864833436
default,app,"Logistic (app, calibrated)",0,0.06094468804215145
default,app,"Logistic (app, calibrated)",0,0.01408213541645707
default,app,"Logistic (app, calibrated)",0,0.011987481109259856
default,app,"Logistic (app, calibrated)",0,0.028855311197433408
default,app,"Logistic (app, calibrated)",0,0.014562624641850198
default,app,"Logistic (app, calibrated)",0,0.03859610073648788
default,app,"Logistic (app, calibrated)",0,0.020077182387502446
default,app,"Logistic (app, calibrated)",0,0.022994326029890415
default,app,"Logistic (app, calibrated)",0,0.025552104229787785
default,app,"Logistic (app, calibrated)",0,0.01297926540471799
default,app,"Logistic (app, calibrated)",0,0.01192366780874479
default,app,"Logistic (app, calibrated)",0,0.02348690181510495
default,app,"Logistic (app, calibrated)",0,0.0022205517305125466
default,app,"Logistic (app, calibrated)",0,0.039023989180444044
default,app,"Logistic (app, calibrated)",0,0.04011263805296559
default,app,"Logistic (app, calibrated)",0,0.0036279599848043553
default,app,"Logistic (app, calibrated)",0,0.05903887150828295
default,app,"Logistic (app, calibrated)",0,0.04011263805296559
default,app,"Logistic (app, calibrated)",0,0.006439461853630031
default,app,"Logistic (app, calibrated)",0,0.021865800273681308
default,app,"Logistic (app, calibrated)",0,0.007974970490866115
default,app,"Logistic (app, calibrated)",0,0.01396223394691085
default,app,"Logistic (app, calibrated)",0,0.007220443327888249
default,app,"Logistic (app, calibrated)",0,0.027111934672893072
default,app,"Logistic (app, calibrated)",0,0.019466854896785478
default,app,"Logistic (app, calibrated)",0,0.0308522092094765
default,app,"Logistic (app, calibrated)",0,0.040827567447706034
default,app,"Logistic (app, calibrated)",0,0.02657768466942883
default,app,"Logistic (app, calibrated)",0,0.030252333719800427
default,app,"Logistic (app, calibrated)",0,0.014744127732050092
default,app,"Logistic (app, calibrated)",0,0.008966952086397726
default,app,"Logistic (app, calibrated)",0,0.005045636320865679
default,app,"Logistic (app, calibrated)",0,0.034022087823538265
default,app,"Logistic (app, calibrated)",0,0.022994326029890415
default,app,"Logistic (app, calibrated)",0,0.00944794365271808
default,app,"Logistic (app, calibrated)",0,0.015520138450818993
default,app,"Logistic (app, calibrated)",0,0.05903887150828295
default,app,"Logistic (app, calibrated)",0,0.026482604690912147
default,app,"Logistic (app, calibrated)",0,0.016806811980659222
default,app,"Logistic (app, calibrated)",0,0.005877061469265367
default,app,"Logistic (app, calibrated)",0,0.046802693394873085
default,app,"Logistic (app, calibrated)",0,0.016214782505624015
default,app,"Logistic (app, calibrated)",0,0.04483541999902826
default,app,"Logistic (app, calibrated)",0,0.047866183072819646
default,app,"Logistic (app, calibrated)",0,0.01670553188383264
default,app,"Logistic (app, calibrated)",0,0.015520138450818993
default,app,"Logistic (app, calibrated)",0,0.019530668197300545
default,app,"Logistic (app, calibrated)",0,0.040827567447706034
default,app,"Logistic (app, calibrated)",0,0.02345758039613352
default,app,"Logistic (app, calibrated)",0,0.03414019106888693
default,app,"Logistic (app, calibrated)",0,0.03504217603219274
default,app,"Logistic (app, calibrated)",1,0.053959559508576324
default,app,"Logistic (app, calibrated)",0,0.015778000626206944
default,app,"Logistic (app, calibrated)",0,0.053080629344859166
default,app,"Logistic (app, calibrated)",0,0.02730416505264769
default,app,"Logistic (app, calibrated)",0,0.0036279599848043553
default,app,"Logistic (app, calibrated)",0,0.03023542921079671
default,app,"Logistic (app, calibrated)",0,0.018345795590746467
default,app,"Logistic (app, calibrated)",0,0.02990952161800644
default,app,"Logistic (app, calibrated)",0,0.026745562255543948
default,app,"Logistic (app, calibrated)",0,0.0028125870231133386
default,app,"Logistic (app, calibrated)",0,0.019731313917018867
default,app,"Logistic (app, calibrated)",0,0.018487248699488958
default,app,"Logistic (app, calibrated)",0,0.015520138450818993
default,app,"Logistic (app, calibrated)",0,0.03764300314362155
default,app,"Logistic (app, calibrated)",0,0.02034216551601276
default,app,"Logistic (app, calibrated)",0,0.06580454807593972
default,app,"Logistic (app, calibrated)",0,0.01436258340577975
default,app,"Logistic (app, calibrated)",0,0.013794339468287235
default,app,"Logistic (app, calibrated)",0,0.007029320529022043
default,app,"Logistic (app, calibrated)",1,0.019530668197300545
default,app,"Logistic (app, calibrated)",0,0.04934000682770891
default,app,"Logistic (app, calibrated)",0,0.0557432758712576
default,app,"Logistic (app, calibrated)",1,0.08236832922166307
default,app,"Logistic (app, calibrated)",0,0.013615432951913331
default,app,"Logistic (app, calibrated)",0,0.0720097498191303
default,app,"Logistic (app, calibrated)",0,0.016214782505624015
default,app,"Logistic (app, calibrated)",0,0.013106480238083931
default,app,"Logistic (app, calibrated)",0,0.019530668197300545
default,app,"Logistic (app, calibrated)",0,0.014278165163242146
default,app,"Logistic (app, calibrated)",0,0.0017391304347826088
default,app,"Logistic (app, calibrated)",0,0.013521797705300109
default,app,"Logistic (app, calibrated)",0,0.029579122518604412
default,app,"Logistic (app, calibrated)",0,0.0053084155010318735
default,app,"Logistic (app, calibrated)",0,0.04934000682770891
default,app,"Logistic (app, calibrated)",0,0.021559915248986844
default,app,"Logistic (app, calibrated)",0,0.011615958708914282
default,app,"Logistic (app, calibrated)",0,0.003493516399694889
default,app,"Logistic (app, calibrated)",0,0.01519913360701464
default,app,"Logistic (app, calibrated)",0,0.03659569112855001
default,app,"Logistic (app, calibrated)",1,0.022676272584608533
default,app,"Logistic (app, calibrated)",0,0.03414019106888693
default,app,"Logistic (app, calibrated)",0,0.04483541999902826
default,app,"Logistic (app, calibrated)",0,0.0
default,app,"Logistic (app, calibrated)",0,0.015137998466909098
default,app,"Logistic (app, calibrated)",0,0.0
default,app,"Logistic (app, calibrated)",0,0.03024300393564785
default,app,"Logistic (app, calibrated)",0,0.04474335128628811
default,app,"Logistic (app, calibrated)",0,0.007455596690890809
default,app,"Logistic (app, calibrated)",0,0.05287340790999171
default,app,"Logistic (app, calibrated)",0,0.018532466940347974
default,app,"Logistic (app, calibrated)",0,0.03882783457640622
default,app,"Logistic (app, calibrated)",0,0.03414019106888693
default,app,"Logistic (app, calibrated)",0,0.053080629344859166
default,app,"Logistic (app, calibrated)",0,0.01867238824877504
default,app,"Logistic (app, calibrated)",0,0.0028125870231133386
default,app,"Logistic (app, calibrated)",0,0.027734438038235
default,app,"Logistic (app, calibrated)",0,0.013132016499575249
default,app,"Logistic (app, calibrated)",0,0.03060438751850794
default,app,"Logistic (app, calibrated)",0,0.019310022019207555
default,app,"Logistic (app, calibrated)",0,0.002584097859327217
default,app,"Logistic (app, calibrated)",0,0.007029320529022043
default,app,"Logistic (app, calibrated)",0,0.018532466940347974
default,app,"Logistic (app, calibrated)",0,0.06913788140927306
default,app,"Logistic (app, calibrated)",0,0.053080629344859166
default,app,"Logistic (app, calibrated)",0,0.041770079797658274
default,app,"Logistic (app, calibrated)",0,0.0036279599848043553
default,app,"Logistic (app, calibrated)",0,0.045534785680011215
default,app,"Logistic (app, calibrated)",0,0.040145396511135766
default,app,"Logistic (app, calibrated)",0,0.00953140307935971
default,app,"Logistic (app, calibrated)",0,0.009691775365723132
default,app,"Logistic (app, calibrated)",0,0.028280038716721127
default,app,"Logistic (app, calibrated)",0,0.041618725022080916
default,app,"Logistic (app, calibrated)",0,0.03024300393564785
default,app,"Logistic (app, calibrated)",0,0.019530668197300545
default,app,"Logistic (app, calibrated)",0,0.030837698750251004
default,app,"Logistic (app, calibrated)",0,0.040145396511135766
default,app,"Logistic (app, calibrated)",0,0.03414019106888693
default,app,"Logistic (app, calibrated)",0,0.014562624641850198
default,app,"Logistic (app, calibrated)",0,0.03183542921079671
default,app,"Logistic (app, calibrated)",0,0.019922226860779983
default,app,"Logistic (app, calibrated)",0,0.02345758039613352
default,app,"Logistic (app, calibrated)",0,0.04421034026947092
default,app,"Logistic (app, calibrated)",0,0.020077182387502446
default,app,"Logistic (app, calibrated)",0,0.0016666666666666666
default,app,"Logistic (app, calibrated)",0,0.01433704714428843
default,app,"Logistic (app, calibrated)",0,0.030837698750251004
default,app,"Logistic (app, calibrated)",0,0.027844017925761792
default,app,"Logistic (app, calibrated)",1,0.014278165163242146
default,app,"Logistic (app, calibrated)",0,0.0
default,app,"Logistic (app, calibrated)",0,0.04948910039022988
default,app,"Logistic (app, calibrated)",0,0.005045636320865679
default,app,"Logistic (app, calibrated)",0,0.026482604690912147
default,app,"Logistic (app, calibrated)",0,0.022145044405544573
default,app,"Logistic (app, calibrated)",0,0.03145881739265433
default,app,"Logistic (app, calibrated)",0,0.022363652733603606
default,app,"Logistic (app, calibrated)",0,0.008138200791473829
default,app,"Logistic (app, calibrated)",0,0.007029320529022043
default,app,"Logistic (app, calibrated)",0,0.003493516399694889
default,app,"Logistic (app, calibrated)",0,0.008138200791473829
default,app,"Logistic (app, calibrated)",0,0.00751120105915769
default,app,"Logistic (app, calibrated)",0,0.019310022019207555
default,app,"Logistic (app, calibrated)",0,0.01597461828493834
default,app,"Logistic (app, calibrated)",0,0.007029320529022043
default,app,"Logistic (app, calibrated)",0,0.0017543859649122805
default,app,"Logistic (app, calibrated)",0,0.007974970490866115
default,app,"Logistic (app, calibrated)",0,0.03764300314362155
default,app,"Logistic (app, calibrated)",0,0.10003066688400072
default,app,"Logistic (app, calibrated)",0,0.02952296033405368
default,app,"Logistic (app, calibrated)",0,0.09936833336234849
default,app,"Logistic (app, calibrated)",0,0.008791435066466976
default,app,"Logistic (app, calibrated)",0,0.029810747937311522
default,app,"Logistic (app, calibrated)",0,0.04474335128628811
default,app,"Logistic (app, calibrated)",0,0.03233741831793608
default,app,"Logistic (app, calibrated)",0,0.05903887150828295
default,app,"Logistic (app, calibrated)",0,0.013312958905162802
default,app,"Logistic (app, calibrated)",0,0.07454706325196611
default,app,"Logistic (app, calibrated)",0,0.04011054806043508
default,app,"Logistic (app, calibrated)",0,0.08068306566822572
default,app,"Logistic (app, calibrated)",0,0.020077182387502446
default,app,"Logistic (app, calibrated)",0,0.0009433962264150943
default,app,"Logistic (app, calibrated)",1,0.050766169638543815
default,app,"Logistic (app, calibrated)",0,0.03145881739265433
default,app,"Logistic (app, calibrated)",0,0.04668799829812963
default,app,"Logistic (app, calibrated)",0,0.0
default,app,"Logistic (app, calibrated)",0,0.01867238824877504
default,app,"Logistic (app, calibrated)",0,0.008791435066466976
default,app,"Logistic (app, calibrated)",0,0.0017391304347826088
default,app,"Logistic (app, calibrated)",0,0.0009433962264150943
default,app,"Logistic (app, calibrated)",0,0.015137998466909098
default,app,"Logistic (app, calibrated)",0,0.04011054806043508
default,app,"Logistic (app, calibrated)",0,0.04011054806043508
default,app,"Logistic (app, calibrated)",0,0.020077182387502446
default,app,"Logistic (app, calibrated)",0,0.014562624641850198
default,app,"Logistic (app, calibrated)",0,0.038510548060435086
default,app,"Logistic (app, calibrated)",0,0.040145396511135766
default,app,"Logistic (app, calibrated)",0,0.009979625571829468
default,app,"Logistic (app, calibrated)",0,0.005049662597619228
default,app,"Logistic (app, calibrated)",0,0.02493145854612643
default,app,"Logistic (app, calibrated)",0,0.005045636320865679
default,app,"Logistic (app, calibrated)",0,0.039023989180444044
default,app,"Logistic (app, calibrated)",1,0.1160635223401593
default,app,"Logistic (app, calibrated)",0,0.13758868296753396
default,app,"Logistic (app, calibrated)",0,0.040145396511135766
default,app,"Logistic (app, calibrated)",0,0.015520138450818993
default,app,"Logistic (app, calibrated)",0,0.019530668197300545
default,app,"Logistic (app, calibrated)",0,0.03476527079844428
default,app,"Logistic (app, calibrated)",0,0.010959063384515967
default,app,"Logistic (app, calibrated)",0,0.02938147060607823
default,app,"Logistic (app, calibrated)",0,0.013861489238364083
default,app,"Logistic (app, calibrated)",0,0.01258950705489488
default,app,"Logistic (app, calibrated)",0,0.05811067994498546
default,app,"Logistic (app, calibrated)",0,0.02884008608919822
default,app,"Logistic (app, calibrated)",0,0.015137998466909098
default,app,"Logistic (app, calibrated)",0,0.015832642521714117
default,app,"Logistic (app, calibrated)",0,0.06913788140927306
default,app,"Logistic (app, calibrated)",0,0.0028169014084507044
default,app,"Logistic (app, calibrated)",0,0.04011054806043508
default,app,"Logistic (app, calibrated)",0,0.04483541999902826
default,app,"Logistic (app, calibrated)",0,0.07137048652707578
default,app,"Logistic (app, calibrated)",0,0.013312958905162802
default,app,"Logistic (app, calibrated)",0,0.020077182387502446
default,app,"Logistic (app, calibrated)",0,0.024941237056049347
default,app,"Logistic (app, calibrated)",0,0.041770079797658274
default,app,"Logistic (app, calibrated)",0,0.0017391304347826088
default,app,"Logistic (app, calibrated)",0,0.02729042096689662
default,app,"Logistic (app, calibrated)",0,0.030837698750251004
default,app,"Logistic (app, calibrated)",0,0.07454706325196611
default,app,"Logistic (app, calibrated)",0,0.02345758039613352
default,app,"Logistic (app, calibrated)",0,0.006097036218565647
default,app,"Logistic (app, calibrated)",0,0.05903887150828295
default,app,"Logistic (app, calibrated)",0,0.03204566723523266
default,app,"Logistic (app, calibrated)",0,0.011443178583351664
default,app,"Logistic (app, calibrated)",0,0.019310022019207555
default,app,"Logistic (app, calibrated)",0,0.054775346255389955
default,app,"Logistic (app, calibrated)",0,0.03784366131159158
default,app,"Logistic (app, calibrated)",0,0.010212505321042805
default,app,"Logistic (app, calibrated)",0,0.020718279009120516
default,app,"Logistic (app, calibrated)",0,0.01764154790204807
default,app,"Logistic (app, calibrated)",0,0.014174468447299604
default,app,"Logistic (app, calibrated)",0,0.013730395643373323
default,app,"Logistic (app, calibrated)",0,0.002797331492983667
default,app,"Logistic (app, calibrated)",0,0.022058745143653226
default,app,"Logistic (app, calibrated)",0,0.014744723389689646
default,app,"Logistic (app, calibrated)",0,0.015832642521714117
default,app,"Logistic (app, calibrated)",0,0.01851157746449038
default,app,"Logistic (app, calibrated)",0,0.017980091089767992
default,app,"Logistic (app, calibrated)",0,0.005045636320865679
default,app,"Logistic (app, calibrated)",0,0.028855311197433408
default,app,"Logistic (app, calibrated)",0,0.03377545648709371
default,app,"Logistic (app, calibrated)",0,0.007029320529022043
default,app,"Logistic (app, calibrated)",0,0.0009433962264150943
default,app,"Logistic (app, calibrated)",0,0.04011054806043508
default,app,"Logistic (app, calibrated)",0,0.01141079439871676
default,app,"Logistic (app, calibrated)",0,0.0009900990099009901
default,app,"Logistic (app, calibrated)",0,0.040947147490084324
default,app,"Logistic (app, calibrated)",0,0.016195960381665334
default,app,"Logistic (app, calibrated)",0,0.011443178583351664
default,app,"Logistic (app, calibrated)",0,0.053080629344859166
default,app,"Logistic (app, calibrated)",0,0.04596565187180089
default,app,"Logistic (app, calibrated)",0,0.007029320529022043
default,app,"Logistic (app, calibrated)",0,0.00935047056185325
default,app,"Logistic (app, calibrated)",0,0.0043447567706327815
default,app,"Logistic (app, calibrated)",0,0.02672007643230529
default,app,"Logistic (app, calibrated)",0,0.027111934672893072
default,app,"Logistic (app, calibrated)",0,0.02345758039613352
default,app,"Logistic (app, calibrated)",0,0.02137802653715981
default,app,"Logistic (app, calibrated)",0,0.0009433962264150943
default,app,"Logistic (app, calibrated)",0,0.02345758039613352
default,app,"Logistic (app, calibrated)",1,0.019530668197300545
default,app,"Logistic (app, calibrated)",0,0.011987481109259856
default,app,"Logistic (app, calibrated)",0,0.042665972589931184
default,app,"Logistic (app, calibrated)",0,0.006145920356446672
default,app,"Logistic (app, calibrated)",0,0.013794339468287235
default,app,"Logistic (app, calibrated)",0,0.028855311197433408
default,app,"Logistic (app, calibrated)",0,0.0043447567706327815
default,app,"Logistic (app, calibrated)",0,0.06094468804215145
default,app,"Logistic (app, calibrated)",0,0.0036279599848043553
default,app,"Logistic (app, calibrated)",0,0.02284672879713963
default,app,"Logistic (app, calibrated)",0,0.022016750694434255
default,app,"Logistic (app, calibrated)",0,0.00751120105915769
default,app,"Logistic (app, calibrated)",0,0.016955524664710203
default,app,"Logistic (app, calibrated)",0,0.026750551090032982
default,app,"Logistic (app, calibrated)",0,0.025552104229787785
default,app,"Logistic (app, calibrated)",0,0.0009433962264150943
default,app,"Logistic (app, calibrated)",0,0.007029320529022043
default,app,"Logistic (app, calibrated)",0,0.02090961818637519
default,app,"Logistic (app, calibrated)",0,0.006145920356446672
default,app,"Logistic (app, calibrated)",0,0.06003956560919845
default,app,"Logistic (app, calibrated)",0,0.04483541999902826
default,app,"Logistic (app, calibrated)",0,0.013521797705300109
default,app,"Logistic (app, calibrated)",0,0.021559915248986844
default,app,"Logistic (app, calibrated)",0,0.046930630303655387
default,app,"Logistic (app, calibrated)",0,0.04421034026947092
default,app,"Logistic (app, calibrated)",0,0.0036279599848043553
default,app,"Logistic (app, calibrated)",0,0.028757685375822233
default,app,"Logistic (app, calibrated)",0,0.0043447567706327815
default,app,"Logistic (app, calibrated)",0,0.03235413876990164
default,app,"Logistic (app, calibrated)",0,0.03414019106888693
default,app,"Logistic (app, calibrated)",0,0.03024300393564785
default,app,"Logistic (app, calibrated)",0,0.019922226860779983
default,app,"Logistic (app, calibrated)",0,0.0009433962264150943
default,app,"Logistic (app, calibrated)",0,0.04448883954158507
default,app,"Logistic (app, calibrated)",0,0.013106480238083931
default,app,"Logistic (app, calibrated)",0,0.05562099547410419
default,app,"Logistic (app, calibrated)",0,0.0043447567706327815
default,app,"Logistic (app, calibrated)",0,0.015520138450818993
default,app,"Logistic (app, calibrated)",0,0.07943717718392096
default,app,"Logistic (app, calibrated)",1,0.04483541999902826
default,app,"Logistic (app, calibrated)",0,0.1292522237702283
default,app,"Logistic (app, calibrated)",0,0.004303818337438684
default,app,"Logistic (app, calibrated)",0,0.026974302841592256
default,app,"Logistic (app, calibrated)",0,0.06679417677933684
default,app,"Logistic (app, calibrated)",0,0.07138467008957296
default,app,"Logistic (app, calibrated)",0,0.02625475092973802
default,app,"Logistic (app, calibrated)",0,0.031477288939033836
default,app,"Logistic (app, calibrated)",0,0.01258950705489488
default,app,"Logistic (app, calibrated)",0,0.01757715276573459
default,app,"Logistic (app, calibrated)",0,0.007029320529022043
default,app,"Logistic (app, calibrated)",0,0.03414019106888693
default,app,"Logistic (app, calibrated)",0,0.027571083809251145
default,app,"Logistic (app, calibrated)",0,0.05295038519664972
default,app,"Logistic (app, calibrated)",0,0.030837698750251004
default,app,"Logistic (app, calibrated)",0,0.03414019106888693
default,app,"Logistic (app, calibrated)",0,0.04774952846304363
default,app,"Logistic (app, calibrated)",0,0.014744723389689646
default,app,"Logistic (app, calibrated)",0,0.03204566723523266
default,app,"Logistic (app, calibrated)",0,0.042665972589931184
default,app,"Logistic (app, calibrated)",0,0.03982320599662782
default,app,"Logistic (app, calibrated)",0,0.059613774551528345
default,app,"Logistic (app, calibrated)",0,0.015832642521714117
default,app,"Logistic (app, calibrated)",0,0.03438347140639836
default,app,"Logistic (app, calibrated)",0,0.030837698750251004
default,app,"Logistic (app, calibrated)",0,0.031148238235869402
default,app,"Logistic (app, calibrated)",0,0.019530668197300545
default,app,"Logistic (app, calibrated)",0,0.03596250586483344
default,app,"Logistic (app, calibrated)",0,0.019922226860779983
default,app,"Logistic (app, calibrated)",0,0.015520138450818993
default,app,"Logistic (app, calibrated)",0,0.08833055556163516
default,app,"Logistic (app, calibrated)",0,0.027111934672893072
default,app,"Logistic (app, calibrated)",0,0.02034216551601276
default,app,"Logistic (app, calibrated)",0,0.012978622609107598
default,app,"Logistic (app, calibrated)",0,0.03903517736572039
default,app,"Logistic (app, calibrated)",0,0.004694835680751174
default,app,"Logistic (app, calibrated)",0,0.0036279599848043553
default,app,"Logistic (app, calibrated)",0,0.005196132092683816
default,app,"Logistic (app, calibrated)",0,0.019922226860779983
default,app,"Logistic (app, calibrated)",0,0.01867238824877504
default,app,"Logistic (app, calibrated)",0,0.0009900990099009901
default,app,"Logistic (app, calibrated)",0,0.014857674352317274
default,app,"Logistic (app, calibrated)",0,0.003378969654199012
default,app,"Logistic (app, calibrated)",0,0.006439461853630031
default,app,"Logistic (app, calibrated)",1,0.06094468804215145
default,app,"Logistic (app, calibrated)",0,0.053080629344859166
default,app,"Logistic (app, calibrated)",0,0.0
default,app,"Logistic (app, calibrated)",0,0.06996877995394002
default,app,"Logistic (app, calibrated)",0,0.01085590639061799
default,app,"Logistic (app, calibrated)",0,0.01433704714428843
default,app,"Logistic (app, calibrated)",0,0.03903517736572039
default,app,"Logistic (app, calibrated)",0,0.04345290818104444
default,app,"Logistic (app, calibrated)",0,0.0
default,app,"Logistic (app, calibrated)",0,0.017368274446392024
default,app,"Logistic (app, calibrated)",0,0.02086527119418182
default,app,"Logistic (app, calibrated)",0,0.039023989180444044
default,app,"Logistic (app, calibrated)",1,0.04336489804812856
default,app,"Logistic (app, calibrated)",0,0.019922226860779983
default,app,"Logistic (app, calibrated)",0,0.05546576103539388
default,app,"Logistic (app, calibrated)",0,0.0043447567706327815
default,app,"Logistic (app, calibrated)",0,0.01819232559015675
default,app,"Logistic (app, calibrated)",0,0.019873870791301984
default,app,"Logistic (app, calibrated)",0,0.015137998466909098
default,app,"Logistic (app, calibrated)",0,0.033492880257544856
default,app,"Logistic (app, calibrated)",0,0.027243739621335812
default,app,"Logistic (app, calibrated)",0,0.040876293521102544
default,app,"Logistic (app, calibrated)",0,0.00659376986649714
default,app,"Logistic (app, calibrated)",1,0.0028125870231133386
default,app,"Logistic (app, calibrated)",0,0.019310022019207555
default,app,"Logistic (app, calibrated)",0,0.047866183072819646
default,app,"Logistic (app, calibrated)",0,0.00751120105915769
default,app,"Logistic (app, calibrated)",0,0.0009900990099009901
default,app,"Logistic (app, calibrated)",0,0.04872757219358594
default,app,"Logistic (app, calibrated)",0,0.009979625571829468
default,app,"Logistic (app, calibrated)",0,0.04483541999902826
default,app,"Logistic (app, calibrated)",0,0.059613774551528345
default,app,"Logistic (app, calibrated)",0,0.04483541999902826
default,app,"Logistic (app, calibrated)",0,0.005106937208664656
default,app,"Logistic (app, calibrated)",0,0.0028169014084507044
default,app,"Logistic (app, calibrated)",0,0.0
default,app,"Logistic (app, calibrated)",0,0.07454706325196611
default,app,"Logistic (app, calibrated)",0,0.01192366780874479
default,app,"Logistic (app, calibrated)",0,0.03406758275550123
default,app,"Logistic (app, calibrated)",0,0.0018779342723004694
default,app,"Logistic (app, calibrated)",0,0.007974970490866115
default,app,"Logistic (app, calibrated)",0,0.023550715115620013
default,app,"Logistic (app, calibrated)",0,0.02345758039613352
default,app,"Logistic (app, calibrated)",0,0.04421034026947092
default,app,"Logistic (app, calibrated)",0,0.03414019106888693
default,app,"Logistic (app, calibrated)",0,0.030837698750251004
default,app,"Logistic (app, calibrated)",0,0.05776520001146453
default,app,"Logistic (app, calibrated)",0,0.0
default,app,"Logistic (app, calibrated)",0,0.05271081665038533
default,app,"Logistic (app, calibrated)",0,0.04011054806043508
default,app,"Logistic (app, calibrated)",0,0.015520138450818993
default,app,"Logistic (app, calibrated)",0,0.026750551090032982
default,app,"Logistic (app, calibrated)",0,0.07340015250295963
default,app,"Logistic (app, calibrated)",0,0.014744723389689646
default,app,"Logistic (app, calibrated)",0,0.015674085958937944
default,app,"Logistic (app, calibrated)",0,0.015520138450818993
default,app,"Logistic (app, calibrated)",0,0.01670553188383264
default,app,"Logistic (app, calibrated)",0,0.04011054806043508
default,app,"Logistic (app, calibrated)",0,0.019922226860779983
default,app,"Logistic (app, calibrated)",0,0.018532466940347974
default,app,"Logistic (app, calibrated)",0,0.07454706325196611
default,app,"Logistic (app, calibrated)",0,0.0043447567706327815
default,app,"Logistic (app, calibrated)",0,0.01712767280162057
default,app,"Logistic (app, calibrated)",0,0.008138200791473829
default,app,"Logistic (app, calibrated)",0,0.0
default,app,"Logistic (app, calibrated)",0,0.016094680284838753
default,app,"Logistic (app, calibrated)",0,0.05587750353358967
default,app,"Logistic (app, calibrated)",0,0.007029320529022043
default,app,"Logistic (app, calibrated)",0,0.05388327068121675
default,app,"Logistic (app, calibrated)",0,0.04353051408714435
default,app,"Logistic (app, calibrated)",0,0.02345758039613352
default,app,"Logistic (app, calibrated)",0,0.030837698750251004
default,app,"Logistic (app, calibrated)",0,0.03024617144749337
default,app,"Logistic (app, calibrated)",0,0.08253729164350539
default,app,"Logistic (app, calibrated)",0,0.03414019106888693
default,app,"Logistic (app, calibrated)",0,0.018002146369705117
default,app,"Logistic (app, calibrated)",0,0.09990037191837642
default,app,"Logistic (app, calibrated)",0,0.002797331492983667
default,app,"Logistic (app, calibrated)",0,0.017265749178726857
default,app,"Logistic (app, calibrated)",0,0.05891380212043869
default,app,"Logistic (app, calibrated)",0,0.03903517736572039
default,app,"Logistic (app, calibrated)",0,0.008791435066466976
default,app,"Logistic (app, calibrated)",0,0.010859289226847976
default,app,"Logistic (app, calibrated)",0,0.046802693394873085
default,app,"Logistic (app, calibrated)",0,0.01192366780874479
default,app,"Logistic (app, calibrated)",0,0.0
default,app,"Logistic (app, calibrated)",0,0.015112462205417778
default,app,"Logistic (app, calibrated)",0,0.015520138450818993
default,app,"Logistic (app, calibrated)",0,0.02657768466942883
default,app,"Logistic (app, calibrated)",0,0.0116414949704056
default,app,"Logistic (app, calibrated)",0,0.04483541999902826
default,app,"Logistic (app, calibrated)",0,0.026745562255543948
default,app,"Logistic (app, calibrated)",0,0.03562225343037177
default,app,"Logistic (app, calibrated)",0,0.008138200791473829
default,app,"Logistic (app, calibrated)",0,0.0
default,app,"Logistic (app, calibrated)",0,0.010385391802709785
default,app,"Logistic (app, calibrated)",0,0.005196132092683816
default,app,"Logistic (app, calibrated)",0,0.01621522406297461
default,app,"Logistic (app, calibrated)",0,0.04415926266594572
default,app,"Logistic (app, calibrated)",0,0.026445863785416572
default,app,"Logistic (app, calibrated)",0,0.014744723389689646
default,app,"Logistic (app, calibrated)",0,0.007596080502258992
default,app,"Logistic (app, calibrated)",0,0.08201941855040837
default,app,"Logistic (app, calibrated)",0,0.026225217607323586
default,app,"Logistic (app, calibrated)",0,0.05478113576516911
default,app,"Logistic (app, calibrated)",0,0.011443178583351664
default,app,"Logistic (app, calibrated)",0,0.005449362843729041
default,app,"Logistic (app, calibrated)",0,0.013521797705300109
default,app,"Logistic (app, calibrated)",0,0.0193863480239492
default,app,"Logistic (app, calibrated)",0,0.03414019106888693
default,app,"Logistic (app, calibrated)",0,0.01192366780874479
default,app,"Logistic (app, calibrated)",0,0.03145881739265433
default,app,"Logistic (app, calibrated)",0,0.05349848763954905
default,app,"Logistic (app, calibrated)",0,0.02345758039613352
default,app,"Logistic (app, calibrated)",0,0.009836314319232969
default,app,"Logistic (app, calibrated)",0,0.008390341652325977
default,app,"Logistic (app, calibrated)",0,0.01764154790204807
default,app,"Logistic (app, calibrated)",0,0.034022087823538265
default,app,"Logistic (app, calibrated)",0,0.022994326029890415
default,app,"Logistic (app, calibrated)",0,0.014744723389689646
default,app,"Logistic (app, calibrated)",0,0.007029320529022043
default,app,"Logistic (app, calibrated)",0,0.04313040223563956
default,app,"Logistic (app, calibrated)",0,0.013174996710302594
default,app,"Logistic (app, calibrated)",0,0.0389102352897822
default,app,"Logistic (app, calibrated)",0,0.02493145854612643
default,app,"Logistic (app, calibrated)",0,0.03218345444383278
default,app,"Logistic (app, calibrated)",0,0.011443178583351664
default,app,"Logistic (app, calibrated)",0,0.01085590639061799
default,app,"Logistic (app, calibrated)",0,0.047866183072819646
default,app,"Logistic (app, calibrated)",0,0.10170612467738734
default,app,"Logistic (app, calibrated)",0,0.03836372507480178
default,app,"Logistic (app, calibrated)",0,0.016916694610011024
default,app,"Logistic (app, calibrated)",0,0.01867238824877504
default,app,"Logistic (app, calibrated)",0,0.0036279599848043553
default,app,"Logistic (app, calibrated)",0,0.02090850571049237
default,app,"Logistic (app, calibrated)",0,0.018161793638750257
default,app,"Logistic (app, calibrated)",0,0.016955524664710203
default,app,"Logistic (app, calibrated)",0,0.022145044405544573
default,app,"Logistic (app, calibrated)",0,0.00935047056185325
default,app,"Logistic (app, calibrated)",0,0.01379767593784902
default,app,"Logistic (app, calibrated)",0,0.002797331492983667
default,app,"Logistic (app, calibrated)",0,0.017577774597509206
default,app,"Logistic (app, calibrated)",0,0.018487248699488958
default,app,"Logistic (app, calibrated)",0,0.03414019106888693
default,app,"Logistic (app, calibrated)",0,0.07340478254571292
default,app,"Logistic (app, calibrated)",0,0.004479664206107975
default,app,"Logistic (app, calibrated)",0,0.018345795590746467
default,app,"Logistic (app, calibrated)",0,0.0009433962264150943
default,app,"Logistic (app, calibrated)",0,0.007029320529022043
default,app,"Logistic (app, calibrated)",0,0.011245664740441098
default,app,"Logistic (app, calibrated)",1,0.06282592281108287
default,app,"Logistic (app, calibrated)",0,0.028154630710444717
default,app,"Logistic (app, calibrated)",1,0.02799515956006446
default,app,"Logistic (app, calibrated)",0,0.029004333871991066
default,app,"Logistic (app, calibrated)",0,0.05021050578013862
default,app,"Logistic (app, calibrated)",0,0.09938945025782082
default,app,"Logistic (app, calibrated)",0,0.008791435066466976
default,app,"Logistic (app, calibrated)",0,0.0308522092094765
default,app,"Logistic (app, calibrated)",0,0.007324167312913865
default,app,"Logistic (app, calibrated)",0,0.014971931219555751
default,app,"Logistic (app, calibrated)",0,0.025597543748241646
default,app,"Logistic (app, calibrated)",0,0.011987481109259856
default,app,"Logistic (app, calibrated)",0,0.007974970490866115
default,app,"Logistic (app, calibrated)",0,0.01434197846375721
default,app,"Logistic (app, calibrated)",0,0.03633146417254467
default,app,"Logistic (app, calibrated)",0,0.03414019106888693
default,app,"Logistic (app, calibrated)",0,0.0043447567706327815
default,app,"Logistic (app, calibrated)",0,0.02625475092973802
default,app,"Logistic (app, calibrated)",0,0.008966952086397726
default,app,"Logistic (app, calibrated)",0,0.01819232559015675
default,app,"Logistic (app, calibrated)",0,0.019922226860779983
default,app,"Logistic (app, calibrated)",1,0.0853027122690044
default,app,"Logistic (app, calibrated)",0,0.02345758039613352
default,app,"Logistic (app, calibrated)",0,0.03975897343796134
default,app,"Logistic (app, calibrated)",0,0.04421034026947092
default,app,"Logistic (app, calibrated)",0,0.008791435066466976
default,app,"Logistic (app, calibrated)",0,0.041213917226651714
default,app,"Logistic (app, calibrated)",0,0.053959559508576324
default,app,"Logistic (app, calibrated)",0,0.018026282474440068
default,app,"Logistic (app, calibrated)",0,0.02827122257709101
default,app,"Logistic (app, calibrated)",0,0.007220443327888249
default,app,"Logistic (app, calibrated)",0,0.055543009645816765
default,app,"Logistic (app, calibrated)",0,0.0
default,app,"Logistic (app, calibrated)",0,0.03745049949010656
default,app,"Logistic (app, calibrated)",0,0.0036279599848043553
default,app,"Logistic (app, calibrated)",0,0.03903517736572039
default,app,"Logistic (app, calibrated)",0,0.0036279599848043553
default,app,"Logistic (app, calibrated)",0,0.016214782505624015
default,app,"Logistic (app, calibrated)",0,0.01712767280162057
default,app,"Logistic (app, calibrated)",0,0.002797331492983667
default,app,"Logistic (app, calibrated)",0,0.003807000418351694
default,app,"Logistic (app, calibrated)",0,0.025395883680016957
default,app,"Logistic (app, calibrated)",0,0.10591511104052179
default,app,"Logistic (app, calibrated)",0,0.005045636320865679
default,app,"Logistic (app, calibrated)",0,0.010393281145878532
default,app,"Logistic (app, calibrated)",0,0.032204387518507946
default,app,"Logistic (app, calibrated)",0,0.0009433962264150943
default,app,"Logistic (app, calibrated)",0,0.011987481109259856
default,app,"Logistic (app, calibrated)",0,0.040947147490084324
default,app,"Logistic (app, calibrated)",0,0.005049662597619228
default,app,"Logistic (app, calibrated)",0,0.08068306566822572
default,app,"Logistic (app, calibrated)",0,0.002797331492983667
default,app,"Logistic (app, calibrated)",0,0.033492880257544856
default,app,"Logistic (app, calibrated)",0,0.02345758039613352
default,app,"Logistic (app, calibrated)",0,0.007974970490866115
default,app,"Logistic (app, calibrated)",0,0.039023989180444044
default,app,"Logistic (app, calibrated)",0,0.025552104229787785
default,app,"Logistic (app, calibrated)",0,0.019310022019207555
default,app,"Logistic (app, calibrated)",0,0.018532466940347974
default,app,"Logistic (app, calibrated)",0,0.041770079797658274
default,app,"Logistic (app, calibrated)",0,0.007974970490866115
default,app,"Logistic (app, calibrated)",0,0.013734032205688867
default,app,"Logistic (app, calibrated)",0,0.05587750353358967
default,app,"Logistic (app, calibrated)",1,0.08201941855040837
default,app,"Logistic (app, calibrated)",0,0.013521797705300109
default,app,"Logistic (app, calibrated)",0,0.059613774551528345
default,app,"Logistic (app, calibrated)",0,0.03903517736572039
default,app,"Logistic (app, calibrated)",0,0.03633146417254467
default,app,"Logistic (app, calibrated)",0,0.01670553188383264
default,app,"Logistic (app, calibrated)",1,0.046781948731245984
default,app,"Logistic (app, calibrated)",0,0.053080629344859166
default,app,"Logistic (app, calibrated)",0,0.00803878379138118
default,app,"Logistic (app, calibrated)",0,0.005684934690652164
default,app,"Logistic (app, calibrated)",0,0.02090961818637519
default,app,"Logistic (app, calibrated)",0,0.026745562255543948
default,app,"Logistic (app, calibrated)",0,0.0
default,app,"Logistic (app, calibrated)",0,0.013615432951913331
default,app,"Logistic (app, calibrated)",0,0.0036279599848043553
default,app,"Logistic (app, calibrated)",0,0.007029320529022043
default,app,"Logistic (app, calibrated)",0,0.014857674352317274
default,app,"Logistic (app, calibrated)",0,0.015220795590746466
default,app,"Logistic (app, calibrated)",0,0.040145396511135766
default,app,"Logistic (app, calibrated)",0,0.0
default,app,"Logistic (app, calibrated)",0,0.030837698750251004
default,app,"Logistic (app, calibrated)",0,0.0
default,app,"Logistic (app, calibrated)",0,0.07257978985612129
default,app,"Logistic (app, calibrated)",0,0.008791435066466976
default,app,"Logistic (app, calibrated)",0,0.03975897343796134
default,app,"Logistic (app, calibrated)",0,0.011245664740441098
default,app,"Logistic (app, calibrated)",0,0.03597008058968458
default,app,"Logistic (app, calibrated)",0,0.016094680284838753
default,app,"Logistic (app, calibrated)",0,0.021628328532288167
default,app,"Logistic (app, calibrated)",0,0.0522692642450867
default,app,"Logistic (app, calibrated)",0,0.01436258340577975
default,app,"Logistic (app, calibrated)",0,0.0092103948025987
default,app,"Logistic (app, calibrated)",0,0.03982320599662782
default,app,"Logistic (app, calibrated)",0,0.05891380212043869
default,app,"Logistic (app, calibrated)",0,0.04353051408714435
default,app,"Logistic (app, calibrated)",0,0.011987481109259856
default,app,"Logistic (app, calibrated)",0,0.040876293521102544
default,app,"Logistic (app, calibrated)",0,0.008672179751155987
default,app,"Logistic (app, calibrated)",0,0.011506991883866727
default,app,"Logistic (app, calibrated)",0,0.013730395643373323
default,app,"Logistic (app, calibrated)",0,0.002584097859327217
default,app,"Logistic (app, calibrated)",0,0.016955524664710203
default,app,"Logistic (app, calibrated)",0,0.020008128337038966
default,app,"Logistic (app, calibrated)",0,0.019310022019207555
default,app,"Logistic (app, calibrated)",0,0.05776520001146453
default,app,"Logistic (app, calibrated)",0,0.028932296417080273
default,app,"Logistic (app, calibrated)",0,0.020344101144105904
default,app,"Logistic (app, calibrated)",0,0.028855311197433408
default,app,"Logistic (app, calibrated)",0,0.010385391802709785
default,app,"Logistic (app, calibrated)",0,0.0572542703832155
default,app,"Logistic (app, calibrated)",0,0.023550715115620013
default,app,"Logistic (app, calibrated)",0,0.01085590639061799
default,app,"Logistic (app, calibrated)",0,0.02799515956006446
default,app,"Logistic (app, calibrated)",0,0.029579122518604412
default,app,"Logistic (app, calibrated)",0,0.04474335128628811
default,app,"Logistic (app, calibrated)",0,0.02554099039887489
default,app,"Logistic (app, calibrated)",0,0.04884857432866873
default,app,"Logistic (app, calibrated)",0,0.0016666666666666666
default,app,"Logistic (app, calibrated)",0,0.0
default,app,"Logistic (app, calibrated)",0,0.01359011700371188
default,app,"Logistic (app, calibrated)",0,0.004479664206107975
default,app,"Logistic (app, calibrated)",0,0.03607562736533981
default,app,"Logistic (app, calibrated)",0,0.015520138450818993
default,app,"Logistic (app, calibrated)",0,0.016062460104814998
default,app,"Logistic (app, calibrated)",0,0.007029320529022043
default,app,"Logistic (app, calibrated)",0,0.023386743098971957
default,app,"Logistic (app, calibrated)",1,0.09936833336234849
default,app,"Logistic (app, calibrated)",0,0.02147782022996622
default,app,"Logistic (app, calibrated)",0,0.04010144986768923
default,app,"Logistic (app, calibrated)",0,0.026482604690912147
default,app,"Logistic (app, calibrated)",0,0.008791435066466976
default,app,"Logistic (app, calibrated)",0,0.02657768466942883
default,app,"Logistic (app, calibrated)",0,0.024732002262973517
default,app,"Logistic (app, calibrated)",0,0.027111934672893072
default,app,"Logistic (app, calibrated)",0,0.0853027122690044
default,app,"Logistic (app, calibrated)",0,0.007596080502258992
default,app,"Logistic (app, calibrated)",0,0.03060438751850794
default,app,"Logistic (app, calibrated)",1,0.04361940979283161
default,app,"Logistic (app, calibrated)",0,0.04011054806043508
default,app,"Logistic (app, calibrated)",0,0.03414019106888693
default,app,"Logistic (app, calibrated)",0,0.0522692642450867
default,app,"Logistic (app, calibrated)",0,0.03903517736572039
default,app,"Logistic (app, calibrated)",0,0.05587750353358967
default,app,"Logistic (app, calibrated)",0,0.044931368397382154
default,app,"Logistic (app, calibrated)",0,0.01434197846375721
default,app,"Logistic (app, calibrated)",0,0.002797331492983667
default,app,"Logistic (app, calibrated)",0,0.01519913360701464
default,app,"Logistic (app, calibrated)",0,0.04011054806043508
default,app,"Logistic (app, calibrated)",0,0.028154630710444717
default,app,"Logistic (app, calibrated)",0,0.04668799829812963
default,app,"Logistic (app, calibrated)",0,0.030423171710853604
default,app,"Logistic (app, calibrated)",0,0.05587750353358967
default,app,"Logistic (app, calibrated)",0,0.026482604690912147
default,app,"Logistic (app, calibrated)",0,0.0308522092094765
default,app,"Logistic (app, calibrated)",0,0.03633146417254467
default,app,"Logistic (app, calibrated)",0,0.03284946639119589
default,app,"Logistic (app, calibrated)",0,0.0009433962264150943
default,app,"Logistic (app, calibrated)",0,0.00286803328220146
default,app,"Logistic (app, calibrated)",0,0.010517726943179527
default,app,"Logistic (app, calibrated)",0,0.03145881739265433
default,app,"Logistic (app, calibrated)",0,0.019310022019207555
default,app,"Logistic (app, calibrated)",0,0.00751120105915769
default,app,"Logistic (app, calibrated)",0,0.01085590639061799
default,app,"Logistic (app, calibrated)",0,0.0009433962264150943
default,app,"Logistic (app, calibrated)",0,0.013312958905162802
default,app,"Logistic (app, calibrated)",0,0.05349848763954905
default,app,"Logistic (app, calibrated)",0,0.032860654576472234
default,app,"Logistic (app, calibrated)",0,0.018532466940347974
default,app,"Logistic (app, calibrated)",0,0.07454706325196611
default,app,"Logistic (app, calibrated)",0,0.008835704370415969
default,app,"Logistic (app, calibrated)",0,0.02827122257709101
default,app,"Logistic (app, calibrated)",0,0.06580454807593972
default,app,"Logistic (app, calibrated)",0,0.0036279599848043553
default,app,"Logistic (app, calibrated)",0,0.016214782505624015
default,app,"Logistic (app, calibrated)",0,0.0
default,app,"Logistic (app, calibrated)",0,0.019922226860779983
default,app,"Logistic (app, calibrated)",0,0.03166913852234343
default,app,"Logistic (app, calibrated)",0,0.04620665133559645
default,app,"Logistic (app, calibrated)",0,0.05587750353358967
default,app,"Logistic (app, calibrated)",0,0.016214782505624015
default,app,"Logistic (app, calibrated)",0,0.020077182387502446
default,app,"Logistic (app, calibrated)",0,0.011713576783263194
default,app,"Logistic (app, calibrated)",0,0.018464394844521996
default,app,"Logistic (app, calibrated)",0,0.0034782608695652175
default,app,"Logistic (app, calibrated)",0,0.011576829706216681
default,app,"Logistic (app, calibrated)",0,0.03366888939405062
default,app,"Logistic (app, calibrated)",0,0.0009433962264150943
default,app,"Logistic (app, calibrated)",0,0.020461006134953903
default,app,"Logistic (app, calibrated)",0,0.08705630328716055
default,app,"Logistic (app, calibrated)",0,0.0009433962264150943
default,app,"Logistic (app, calibrated)",0,0.02441324249815058
default,app,"Logistic (app, calibrated)",0,0.0
default,app,"Logistic (app, calibrated)",0,0.013312958905162802
default,app,"Logistic (app, calibrated)",0,0.015439367444494667
default,app,"Logistic (app, calibrated)",0,0.028828443518800217
default,app,"Logistic (app, calibrated)",0,0.08392049010492524
default,app,"Logistic (app, calibrated)",0,0.019530668197300545
default,app,"Logistic (app, calibrated)",0,0.03204566723523266
default,app,"Logistic (app, calibrated)",0,0.030837698750251004
default,app,"Logistic (app, calibrated)",0,0.04011054806043508
default,app,"Logistic (app, calibrated)",0,0.0
default,app,"Logistic (app, calibrated)",0,0.047136431708277624
default,app,"Logistic (app, calibrated)",0,0.0
default,app,"Logistic (app, calibrated)",0,0.016955524664710203
default,app,"Logistic (app, calibrated)",0,0.028855311197433408
default,app,"Logistic (app, calibrated)",0,0.053080629344859166
default,app,"Logistic (app, calibrated)",0,0.04483541999902826
default,app,"Logistic (app, calibrated)",0,0.016195960381665334
default,app,"Logistic (app, calibrated)",0,0.009473479914209399
default,app,"Logistic (app, calibrated)",0,0.010809957070756599
default,app,"Logistic (app, calibrated)",0,0.041770079797658274
default,app,"Logistic (app, calibrated)",0,0.03204566723523266
default,app,"Logistic (app, calibrated)",0,0.014744723389689646
default,app,"Logistic (app, calibrated)",0,0.07257978985612129
default,app,"Logistic (app, calibrated)",0,0.02730416505264769
default,app,"Logistic (app, calibrated)",0,0.02345758039613352
default,app,"Logistic (app, calibrated)",0,0.028154630710444717
default,app,"Logistic (app, calibrated)",1,0.05295038519664972
default,app,"Logistic (app, calibrated)",0,0.05287340790999171
default,app,"Logistic (app, calibrated)",0,0.019128276261565436
default,app,"Logistic (app, calibrated)",0,0.0017391304347826088
default,app,"Logistic (app, calibrated)",0,0.047866183072819646
default,app,"Logistic (app, calibrated)",0,0.03903517736572039
default,app,"Logistic (app, calibrated)",0,0.013174996710302594
default,app,"Logistic (app, calibrated)",0,0.003061224489795918
default,app,"Logistic (app, calibrated)",0,0.021865800273681308
default,app,"Logistic (app, calibrated)",0,0.017851537563766423
default,app,"Logistic (app, calibrated)",0,0.03414019106888693
default,app,"Logistic (app, calibrated)",0,0.0009433962264150943
default,app,"Logistic (app, calibrated)",0,0.0028169014084507044
default,app,"Logistic (app, calibrated)",0,0.0
default,app,"Logistic (app, calibrated)",0,0.016955524664710203
default,app,"Logistic (app, calibrated)",0,0.020077182387502446
default,app,"Logistic (app, calibrated)",0,0.0580030744682297
default,app,"Logistic (app, calibrated)",0,0.017798379913192202
default,app,"Logistic (app, calibrated)",0,0.053080629344859166
default,app,"Logistic (app, calibrated)",0,0.025537718945405345
default,app,"Logistic (app, calibrated)",0,0.03182746564301979
default,app,"Logistic (app, calibrated)",0,0.004128205128205128
default,app,"Logistic (app, calibrated)",0,0.043564613940849546
default,app,"Logistic (app, calibrated)",0,0.015520138450818993
default,app,"Logistic (app, calibrated)",0,0.004403541919437544
default,app,"Logistic (app, calibrated)",0,0.03024300393564785
default,app,"Logistic (app, calibrated)",0,0.02345758039613352
default,app,"Logistic (app, calibrated)",0,0.002797331492983667
default,app,"Logistic (app, calibrated)",0,0.030837698750251004
default,app,"Logistic (app, calibrated)",0,0.011506991883866727
default,app,"Logistic (app, calibrated)",0,0.007029320529022043
default,app,"Logistic (app, calibrated)",0,0.019311375261786095
default,app,"Logistic (app, calibrated)",0,0.0043447567706327815
default,app,"Logistic (app, calibrated)",0,0.026974302841592256
default,app,"Logistic (app, calibrated)",1,0.015520138450818993
default,app,"Logistic (app, calibrated)",0,0.043519325901867995
default,app,"Logistic (app, calibrated)",0,0.019922226860779983
default,app,"Logistic (app, calibrated)",0,0.05903887150828295
default,app,"Logistic (app, calibrated)",0,0.011506991883866727
default,app,"Logistic (app, calibrated)",0,0.008394367929079527
default,app,"Logistic (app, calibrated)",0,0.01867238824877504
default,app,"Logistic (app, calibrated)",0,0.019128276261565436
default,app,"Logistic (app, calibrated)",0,0.002797331492983667
default,app,"Logistic (app, calibrated)",0,0.025729979115987726
default,app,"Logistic (app, calibrated)",0,0.02345758039613352
default,app,"Logistic (app, calibrated)",0,0.011245664740441098
default,app,"Logistic (app, calibrated)",0,0.03903517736572039
default,app,"Logistic (app, calibrated)",0,0.04011054806043508
default,app,"Logistic (app, calibrated)",0,0.020008128337038966
default,app,"Logistic (app, calibrated)",0,0.040145396511135766
default,app,"Logistic (app, calibrated)",0,0.016955524664710203
default,app,"Logistic (app, calibrated)",0,0.04483541999902826
default,app,"Logistic (app, calibrated)",0,0.008835704370415969
default,app,"Logistic (app, calibrated)",0,0.0009433962264150943
default,app,"Logistic (app, calibrated)",0,0.0028169014084507044
default,app,"Logistic (app, calibrated)",0,0.09740403393502375
default,app,"Logistic (app, calibrated)",0,0.0028125870231133386
default,app,"Logistic (app, calibrated)",0,0.02070277239184399
default,app,"Logistic (app, calibrated)",0,0.05903887150828295
default,app,"Logistic (app, calibrated)",0,0.014361079620561861
default,app,"Logistic (app, calibrated)",0,0.04141287364183043
default,app,"Logistic (app, calibrated)",0,0.0016666666666666666
default,app,"Logistic (app, calibrated)",0,0.01434197846375721
default,app,"Logistic (app, calibrated)",0,0.003378969654199012
default,app,"Logistic (app, calibrated)",0,0.006984871480965124
default,app,"Logistic (app, calibrated)",0,0.03414019106888693
default,app,"Logistic (app, calibrated)",0,0.01433704714428843
default,app,"Logistic (app, calibrated)",1,0.04011263805296559
default,app,"Logistic (app, calibrated)",0,0.03395153176262511
default,app,"Logistic (app, calibrated)",0,0.019922226860779983
default,app,"Logistic (app, calibrated)",0,0.016955524664710203
default,app,"Logistic (app, calibrated)",0,0.026225217607323586
default,app,"Logistic (app, calibrated)",1,0.03903517736572039
default,app,"Logistic (app, calibrated)",0,0.009979625571829468
default,app,"Logistic (app, calibrated)",0,0.028855311197433408
default,app,"Logistic (app, calibrated)",0,0.040145396511135766
default,app,"Logistic (app, calibrated)",0,0.02380690695231117
default,app,"Logistic (app, calibrated)",0,0.02345758039613352
default,app,"Logistic (app, calibrated)",0,0.049019273087431744
default,app,"Logistic (app, calibrated)",0,0.032204387518507946
default,app,"Logistic (app, calibrated)",0,0.059613774551528345
default,app,"Logistic (app, calibrated)",0,0.022449888894023707
default,app,"Logistic (app, calibrated)",0,0.01670553188383264
default,app,"Logistic (app, calibrated)",0,0.005045636320865679
default,app,"Logistic (app, calibrated)",0,0.024732002262973517
default,app,"Logistic (app, calibrated)",0,0.004479664206107975
default,app,"Logistic (app, calibrated)",0,0.04421034026947092
default,app,"Logistic (app, calibrated)",0,0.06291837225267777
default,app,"Logistic (app, calibrated)",0,0.028757685375822233
default,app,"Logistic (app, calibrated)",0,0.03694688312982347
default,app,"Logistic (app, calibrated)",0,0.02345758039613352
default,app,"Logistic (app, calibrated)",0,0.03541536325969756
default,app,"Logistic (app, calibrated)",0,0.015112462205417778
default,app,"Logistic (app, calibrated)",0,0.013794339468287235
default,app,"Logistic (app, calibrated)",0,0.01085590639061799
default,app,"Logistic (app, calibrated)",0,0.07766130771149941
default,app,"Logistic (app, calibrated)",0,0.030837698750251004
default,app,"Logistic (app, calibrated)",0,0.020461006134953903
default,app,"Logistic (app, calibrated)",0,0.022363652733603606
default,app,"Logistic (app, calibrated)",0,0.023550715115620013
default,app,"Logistic (app, calibrated)",0,0.02622514679279071
default,app,"Logistic (app, calibrated)",0,0.03982320599662782
default,app,"Logistic (app, calibrated)",0,0.019922226860779983
default,app,"Logistic (app, calibrated)",0,0.04857490530385041
default,app,"Logistic (app, calibrated)",0,0.009938475197957439
default,app,"Logistic (app, calibrated)",0,0.047699421321401245
default,app,"Logistic (app, calibrated)",1,0.007029320529022043
default,app,"Logistic (app, calibrated)",0,0.002797331492983667
default,app,"Logistic (app, calibrated)",0,0.09936833336234849
default,app,"Logistic (app, calibrated)",0,0.040947147490084324
default,app,"Logistic (app, calibrated)",0,0.021865800273681308
default,app,"Logistic (app, calibrated)",0,0.07454706325196611
default,app,"Logistic (app, calibrated)",0,0.016955524664710203
default,app,"Logistic (app, calibrated)",0,0.1179622161550743
default,app,"Logistic (app, calibrated)",0,0.019310022019207555
default,app,"Logistic (app, calibrated)",1,0.05349848763954905
default,app,"Logistic (app, calibrated)",0,0.003807000418351694
default,app,"Logistic (app, calibrated)",0,0.007029320529022043
default,app,"Logistic (app, calibrated)",0,0.048285043337788866
default,app,"Logistic (app, calibrated)",0,0.008791435066466976
default,app,"Logistic (app, calibrated)",0,0.0009433962264150943
default,app,"Logistic (app, calibrated)",0,0.022449888894023707
default,app,"Logistic (app, calibrated)",0,0.007974970490866115
default,app,"Logistic (app, calibrated)",1,0.10370441816870217
default,app,"Logistic (app, calibrated)",0,0.020077182387502446
default,app,"Logistic (app, calibrated)",0,0.00672685521734393
default,app,"Logistic (app, calibrated)",0,0.05349848763954905
default,app,"Logistic (app, calibrated)",0,0.0043447567706327815
default,app,"Logistic (app, calibrated)",1,0.08201941855040837
default,app,"Logistic (app, calibrated)",0,0.041770079797658274
default,app,"Logistic (app, calibrated)",0,0.047699421321401245
default,app,"Logistic (app, calibrated)",0,0.02799515956006446
default,app,"Logistic (app, calibrated)",0,0.008791435066466976
default,app,"Logistic (app, calibrated)",0,0.007029320529022043
default,app,"Logistic (app, calibrated)",0,0.002584097859327217
default,app,"Logistic (app, calibrated)",0,0.03903517736572039
default,app,"Logistic (app, calibrated)",1,0.03024300393564785
default,app,"Logistic (app, calibrated)",0,0.05776520001146453
default,app,"Logistic (app, calibrated)",0,0.04361940979283161
default,app,"Logistic (app, calibrated)",0,0.0
default,app,"Logistic (app, calibrated)",0,0.0424418652146228
default,app,"Logistic (app, calibrated)",0,0.015832642521714117
default,app,"Logistic (app, calibrated)",0,0.002797331492983667
default,app,"Logistic (app, calibrated)",0,0.029122229954036866
default,app,"Logistic (app, calibrated)",0,0.04011054806043508
default,app,"Logistic (app, calibrated)",0,0.0308522092094765
default,app,"Logistic (app, calibrated)",0,0.00691515112567744
default,app,"Logistic (app, calibrated)",0,0.019310022019207555
default,app,"Logistic (app, calibrated)",0,0.012344179322474915
default,app,"Logistic (app, calibrated)",0,0.01851157746449038
default,app,"Logistic (app, calibrated)",0,0.027915893838180817
default,app,"Logistic (app, calibrated)",0,0.011384419710556874
default,app,"Logistic (app, calibrated)",0,0.05349848763954905
default,app,"Logistic (app, calibrated)",0,0.05014321458088825
default,app,"Logistic (app, calibrated)",0,0.0
default,app,"Logistic (app, calibrated)",0,0.05271081665038533
default,app,"Logistic (app, calibrated)",0,0.0242374607363291
default,app,"Logistic (app, calibrated)",0,0.03633146417254467
default,app,"Logistic (app, calibrated)",0,0.0028125870231133386
default,app,"Logistic (app, calibrated)",0,0.04421034026947092
default,app,"Logistic (app, calibrated)",0,0.01519913360701464
default,app,"Logistic (app, calibrated)",0,0.03024300393564785
default,app,"Logistic (app, calibrated)",0,0.0053084155010318735
default,app,"Logistic (app, calibrated)",0,0.019731313917018867
default,app,"Logistic (app, calibrated)",0,0.007974970490866115
default,app,"Logistic (app, calibrated)",0,0.06913788140927306
default,app,"Logistic (app, calibrated)",0,0.040145396511135766
default,app,"Logistic (app, calibrated)",1,0.03982320599662782
default,app,"Logistic (app, calibrated)",0,0.0036279599848043553
default,app,"Logistic (app, calibrated)",0,0.015137998466909098
default,app,"Logistic (app, calibrated)",0,0.02292268822898988
default,app,"Logistic (app, calibrated)",0,0.09609473141548822
default,app,"Logistic (app, calibrated)",0,0.005045636320865679
default,app,"Logistic (app, calibrated)",0,0.01085590639061799
default,app,"Logistic (app, calibrated)",0,0.02730416505264769
default,app,"Logistic (app, calibrated)",0,0.0009433962264150943
default,app,"Logistic (app, calibrated)",0,0.019530668197300545
default,app,"Logistic (app, calibrated)",0,0.053385326959743816
default,app,"Logistic (app, calibrated)",0,0.016214782505624015
default,app,"Logistic (app, calibrated)",0,0.008791435066466976
default,app,"Logistic (app, calibrated)",0,0.011443178583351664
default,app,"Logistic (app, calibrated)",0,0.04336489804812856
default,app,"Logistic (app, calibrated)",0,0.002797331492983667
default,app,"Logistic (app, calibrated)",0,0.02730416505264769
default,app,"Logistic (app, calibrated)",0,0.019922226860779983
default,app,"Logistic (app, calibrated)",0,0.03060438751850794
default,app,"Logistic (app, calibrated)",0,0.024382201560663074
default,app,"Logistic (app, calibrated)",0,0.008394367929079527
default,app,"Logistic (app, calibrated)",0,0.019527684630986458
default,app,"Logistic (app, calibrated)",0,0.011615958708914282
default,app,"Logistic (app, calibrated)",0,0.01434197846375721
default,app,"Logistic (app, calibrated)",0,0.059613774551528345
default,app,"Logistic (app, calibrated)",0,0.05587750353358967
default,app,"Logistic (app, calibrated)",0,0.019922226860779983
default,app,"Logistic (app, calibrated)",0,0.053080629344859166
default,app,"Logistic (app, calibrated)",0,0.04011054806043508
default,app,"Logistic (app, calibrated)",0,0.008455459716259241
default,app,"Logistic (app, calibrated)",0,0.053080629344859166
default,app,"Logistic (app, calibrated)",0,0.1179622161550743
default,app,"Logistic (app, calibrated)",0,0.016946903847243046
default,app,"Logistic (app, calibrated)",0,0.0009433962264150943
default,app,"Logistic (app, calibrated)",0,0.019810368837829988
default,app,"Logistic (app, calibrated)",0,0.04361940979283161
default,app,"Logistic (app, calibrated)",0,0.002797331492983667
default,app,"Logistic (app, calibrated)",0,0.002584097859327217
default,app,"Logistic (app, calibrated)",0,0.01085590639061799
default,app,"Logistic (app, calibrated)",0,0.05903887150828295
default,app,"Logistic (app, calibrated)",0,0.019922226860779983
default,app,"Logistic (app, calibrated)",0,0.03785484949686794
default,app,"Logistic (app, calibrated)",0,0.03903517736572039
default,app,"Logistic (app, calibrated)",0,0.013312958905162802
default,app,"Logistic (app, calibrated)",0,0.0009433962264150943
default,app,"Logistic (app, calibrated)",0,0.011649433268658863
default,app,"Logistic (app, calibrated)",0,0.0853699066014931
default,app,"Logistic (app, calibrated)",0,0.0
default,app,"Logistic (app, calibrated)",0,0.013174996710302594
default,app,"Logistic (app, calibrated)",0,0.04483541999902826
default,app,"Logistic (app, calibrated)",0,0.04687601540922366
default,app,"Logistic (app, calibrated)",0,0.04011054806043508
default,app,"Logistic (app, calibrated)",0,0.007974970490866115
default,app,"Logistic (app, calibrated)",0,0.011506991883866727
default,app,"Logistic (app, calibrated)",0,0.03414019106888693
default,app,"Logistic (app, calibrated)",0,0.00776474585379644
default,app,"Logistic (app, calibrated)",0,0.02345758039613352
default,app,"Logistic (app, calibrated)",0,0.02754524561201092
default,app,"Logistic (app, calibrated)",0,0.0036585365853658534
default,app,"Logistic (app, calibrated)",0,0.007029320529022043
default,app,"Logistic (app, calibrated)",0,0.011443178583351664
default,app,"Logistic (app, calibrated)",0,0.00758082497212932
default,app,"Logistic (app, calibrated)",0,0.001058201058201058
default,app,"Logistic (app, calibrated)",0,0.03414019106888693
default,app,"Logistic (app, calibrated)",0,0.0053084155010318735
default,app,"Logistic (app, calibrated)",0,0.008390341652325977
default,app,"Logistic (app, calibrated)",0,0.0009433962264150943
default,app,"Logistic (app, calibrated)",0,0.01297926540471799
default,app,"Logistic (app, calibrated)",0,0.01297926540471799
default,app,"Logistic (app, calibrated)",0,0.0
default,app,"Logistic (app, calibrated)",0,0.02024088541918618
default,app,"Logistic (app, calibrated)",0,0.0028125870231133386
default,app,"Logistic (app, calibrated)",0,0.05349848763954905
default,app,"Logistic (app, calibrated)",0,0.00935047056185325
default,app,"Logistic (app, calibrated)",0,0.05587750353358967
default,app,"Logistic (app, calibrated)",0,0.05349848763954905
default,app,"Logistic (app, calibrated)",0,0.0308522092094765
default,app,"Logistic (app, calibrated)",1,0.036318620042392204
default,app,"Logistic (app, calibrated)",0,0.014562624641850198
default,app,"Logistic (app, calibrated)",0,0.07454706325196611
default,app,"Logistic (app, calibrated)",0,0.003061224489795918
default,app,"Logistic (app, calibrated)",0,0.0252223318404687
default,app,"Logistic (app, calibrated)",0,0.03598347140639836
default,app,"Logistic (app, calibrated)",0,0.010385391802709785
default,app,"Logistic (app, calibrated)",0,0.0009433962264150943
default,app,"Logistic (app, calibrated)",0,0.03414019106888693
default,app,"Logistic (app, calibrated)",0,0.02683988008629575
default,app,"Logistic (app, calibrated)",0,0.03414019106888693
default,app,"Logistic (app, calibrated)",0,0.0364318490766581
default,app,"Logistic (app, calibrated)",0,0.011987481109259856
default,app,"Logistic (app, calibrated)",0,0.03204566723523266
default,app,"Logistic (app, calibrated)",0,0.003493516399694889
default,app,"Logistic (app, calibrated)",0,0.008784126278902637
default,app,"Logistic (app, calibrated)",1,0.02541311468987169
default,app,"Logistic (app, calibrated)",0,0.008828058117054085
default,app,"Logistic (app, calibrated)",0,0.006439461853630031
default,app,"Logistic (app, calibrated)",0,0.005049662597619228
default,app,"Logistic (app, calibrated)",0,0.0016666666666666666
default,app,"Logistic (app, calibrated)",0,0.052410346557323295
default,app,"Logistic (app, calibrated)",0,0.006439461853630031
default,app,"Logistic (app, calibrated)",0,0.0028169014084507044
default,app,"Logistic (app, calibrated)",0,0.020008128337038966
default,app,"Logistic (app, calibrated)",0,0.08596092545903893
default,app,"Logistic (app, calibrated)",0,0.05349848763954905
default,app,"Logistic (app, calibrated)",0,0.0043447567706327815
default,app,"Logistic (app, calibrated)",0,0.044931368397382154
default,app,"Logistic (app, calibrated)",0,0.006145920356446672
default,app,"Logistic (app, calibrated)",0,0.027571083809251145
default,app,"Logistic (app, calibrated)",0,0.011856516339434988
default,app,"Logistic (app, calibrated)",0,0.003413442909536554
default,app,"Logistic (app, calibrated)",0,0.007974970490866115
default,app,"Logistic (app, calibrated)",0,0.05587750353358967
default,app,"Logistic (app, calibrated)",0,0.016955524664710203
default,app,"Logistic (app, calibrated)",0,0.04011054806043508
default,app,"Logistic (app, calibrated)",0,0.0035714285714285713
default,app,"Logistic (app, calibrated)",0,0.0020619041685229537
default,app,"Logistic (app, calibrated)",0,0.026745562255543948
default,app,"Logistic (app, calibrated)",0,0.021865800273681308
default,app,"Logistic (app, calibrated)",0,0.016946903847243046
default,app,"Logistic (app, calibrated)",0,0.016200997501732338
default,app,"Logistic (app, calibrated)",0,0.019466854896785478
default,app,"Logistic (app, calibrated)",0,0.013132016499575249
default,app,"Logistic (app, calibrated)",0,0.05776520001146453
default,app,"Logistic (app, calibrated)",0,0.00751120105915769
default,app,"Logistic (app, calibrated)",0,0.045658007237789476
default,app,"Logistic (app, calibrated)",0,0.02086527119418182
default,app,"Logistic (app, calibrated)",0,0.0027976267296956196
default,app,"Logistic (app, calibrated)",0,0.02147782022996622
default,app,"Logistic (app, calibrated)",1,0.10836733079203202
default,app,"Logistic (app, calibrated)",0,0.03204566723523266
default,app,"Logistic (app, calibrated)",0,0.018713558245476394
default,app,"Logistic (app, calibrated)",0,0.010385391802709785
default,app,"Logistic (app, calibrated)",0,0.004561527581329562
default,app,"Logistic (app, calibrated)",0,0.029286552605465282
default,app,"Logistic (app, calibrated)",0,0.014744723389689646
default,app,"Logistic (app, calibrated)",0,0.009225462720239077
default,app,"Logistic (app, calibrated)",0,0.005196132092683816
default,app,"Logistic (app, calibrated)",0,0.013794339468287235
default,app,"Logistic (app, calibrated)",0,0.04483541999902826
default,app,"Logistic (app, calibrated)",0,0.022470806338095756
default,app,"Logistic (app, calibrated)",0,0.025552104229787785
default,app,"Logistic (app, calibrated)",0,0.014562624641850198
default,app,"Logistic (app, calibrated)",0,0.040827567447706034
default,app,"Logistic (app, calibrated)",0,0.05903887150828295
default,app,"Logistic (app, calibrated)",0,0.028855311197433408
default,app,"Logistic (app, calibrated)",0,0.05903887150828295
default,app,"Logistic (app, calibrated)",0,0.014361079620561861
default,app,"Logistic (app, calibrated)",0,0.059613774551528345
default,app,"Logistic (app, calibrated)",0,0.015520138450818993
default,app,"Logistic (app, calibrated)",0,0.01359011700371188
default,app,"Logistic (app, calibrated)",0,0.01670553188383264
default,app,"Logistic (app, calibrated)",0,0.03204566723523266
default,app,"Logistic (app, calibrated)",0,0.013734032205688867
default,app,"Logistic (app, calibrated)",0,0.10170612467738734
default,app,"Logistic (app, calibrated)",0,0.010014351978896687
default,app,"Logistic (app, calibrated)",0,0.01797154593627226
default,app,"Logistic (app, calibrated)",0,0.02345758039613352
default,app,"Logistic (app, calibrated)",0,0.1179622161550743
default,app,"Logistic (app, calibrated)",0,0.01192366780874479
default,app,"Logistic (app, calibrated)",0,0.010578751932383373
default,app,"Logistic (app, calibrated)",0,0.0028169014084507044
default,app,"Logistic (app, calibrated)",0,0.01992735733071464
default,app,"Logistic (app, calibrated)",0,0.04011054806043508
default,app,"Logistic (app, calibrated)",0,0.0308522092094765
default,app,"Logistic (app, calibrated)",0,0.008455459716259241
default,app,"Logistic (app, calibrated)",0,0.008791435066466976
default,app,"Logistic (app, calibrated)",0,0.07092116090632097
default,app,"Logistic (app, calibrated)",0,0.04011263805296559
default,app,"Logistic (app, calibrated)",0,0.018532466940347974
default,app,"Logistic (app, calibrated)",0,0.03024300393564785
default,app,"Logistic (app, calibrated)",0,0.04737273343186408
default,app,"Logistic (app, calibrated)",0,0.020461006134953903
default,app,"Logistic (app, calibrated)",0,0.0009433962264150943
default,app,"Logistic (app, calibrated)",0,0.04010144986768923
default,app,"Logistic (app, calibrated)",0,0.040145396511135766
default,app,"Logistic (app, calibrated)",0,0.010233228928881103
default,app,"Logistic (app, calibrated)",0,0.027571083809251145
default,app,"Logistic (app, calibrated)",0,0.013025108699056464
default,app,"Logistic (app, calibrated)",0,0.038374913260078136
default,app,"Logistic (app, calibrated)",0,0.005049662597619228
default,app,"Logistic (app, calibrated)",0,0.029901104576091665
default,app,"Logistic (app, calibrated)",0,0.02345758039613352
default,app,"Logistic (app, calibrated)",0,0.017366161724120505
default,app,"Logistic (app, calibrated)",0,0.013794339468287235
default,app,"Logistic (app, calibrated)",0,0.007029320529022043
default,app,"Logistic (app, calibrated)",0,0.004694835680751174
default,app,"Logistic (app, calibrated)",0,0.05766912753968684
default,app,"Logistic (app, calibrated)",0,0.06996877995394002
default,app,"Logistic (app, calibrated)",0,0.015499622438175561
default,app,"Logistic (app, calibrated)",0,0.008455459716259241
default,app,"Logistic (app, calibrated)",0,0.008791435066466976
default,app,"Logistic (app, calibrated)",0,0.006665906803463989
default,app,"Logistic (app, calibrated)",0,0.022994326029890415
default,app,"Logistic (app, calibrated)",0,0.10170612467738734
default,app,"Logistic (app, calibrated)",0,0.020461006134953903
default,app,"Logistic (app, calibrated)",0,0.06282592281108287
default,app,"Logistic (app, calibrated)",0,0.10379302215091549
default,app,"Logistic (app, calibrated)",0,0.011506991883866727
default,app,"Logistic (app, calibrated)",0,0.021865800273681308
default,app,"Logistic (app, calibrated)",0,0.007029320529022043
default,app,"Logistic (app, calibrated)",0,0.014562624641850198
default,app,"Logistic (app, calibrated)",0,0.023416946418467026
default,app,"Logistic (app, calibrated)",0,0.007029320529022043
default,app,"Logistic (app, calibrated)",0,0.0028169014084507044
default,app,"Logistic (app, calibrated)",0,0.021776162283290733
default,app,"Logistic (app, calibrated)",0,0.04688005061793312
default,app,"Logistic (app, calibrated)",0,0.00691515112567744
default,app,"Logistic (app, calibrated)",0,0.03504217603219274
default,app,"Logistic (app, calibrated)",0,0.03024300393564785
default,app,"Logistic (app, calibrated)",0,0.025026925372305726
default,app,"Logistic (app, calibrated)",0,0.0009433962264150943
default,app,"Logistic (app, calibrated)",0,0.010974129265560243
default,app,"Logistic (app, calibrated)",0,0.03314882563084041
default,app,"Logistic (app, calibrated)",0,0.0017391304347826088
default,app,"Logistic (app, calibrated)",0,0.026010284611810857
default,app,"Logistic (app, calibrated)",0,0.015520138450818993
default,app,"Logistic (app, calibrated)",0,0.004128205128205128
default,app,"Logistic (app, calibrated)",0,0.029874045627936625
default,app,"Logistic (app, calibrated)",0,0.057961410821037763
default,app,"Logistic (app, calibrated)",0,0.013907431560704597
default,app,"Logistic (app, calibrated)",0,0.06334668217860949
default,app,"Logistic (app, calibrated)",0,0.03633146417254467
default,app,"Logistic (app, calibrated)",0,0.030837698750251004
default,app,"Logistic (app, calibrated)",0,0.022994326029890415
default,app,"Logistic (app, calibrated)",0,0.03476527079844428
default,app,"Logistic (app, calibrated)",0,0.0580030744682297
default,app,"Logistic (app, calibrated)",0,0.031540506101464506
default,app,"Logistic (app, calibrated)",0,0.00751120105915769
default,app,"Logistic (app, calibrated)",0,0.013312958905162802
default,app,"Logistic (app, calibrated)",0,0.019310022019207555
default,app,"Logistic (app, calibrated)",0,0.0009433962264150943
default,app,"Logistic (app, calibrated)",0,0.02493145854612643
default,app,"Logistic (app, calibrated)",0,0.018532466940347974
default,app,"Logistic (app, calibrated)",0,0.0017391304347826088
default,app,"Logistic (app, calibrated)",0,0.008835704370415969
default,app,"Logistic (app, calibrated)",0,0.023416946418467026
default,app,"Logistic (app, calibrated)",1,0.02760654618436865
default,app,"Logistic (app, calibrated)",1,0.013521797705300109
default,app,"Logistic (app, calibrated)",0,0.002797331492983667
default,app,"Logistic (app, calibrated)",1,0.020077182387502446
default,app,"Logistic (app, calibrated)",0,0.011987481109259856
default,app,"Logistic (app, calibrated)",0,0.04011054806043508
default,app,"Logistic (app, calibrated)",0,0.008835704370415969
default,app,"Logistic (app, calibrated)",1,0.08479257164590548
default,app,"Logistic (app, calibrated)",0,0.040145396511135766
default,app,"Logistic (app, calibrated)",0,0.04421034026947092
default,app,"Logistic (app, calibrated)",0,0.02292268822898988
default,app,"Logistic (app, calibrated)",0,0.00659376986649714
default,app,"Logistic (app, calibrated)",0,0.004479664206107975
default,app,"Logistic (app, calibrated)",0,0.007029320529022043
default,app,"Logistic (app, calibrated)",0,0.02345758039613352
default,app,"Logistic (app, calibrated)",0,0.04011054806043508
default,app,"Logistic (app, calibrated)",0,0.05891380212043869
default,app,"Logistic (app, calibrated)",0,0.05587750353358967
default,app,"Logistic (app, calibrated)",0,0.013174996710302594
default,app,"Logistic (app, calibrated)",0,0.002797331492983667
default,app,"Logistic (app, calibrated)",0,0.03381963580259319
default,app,"Logistic (app, calibrated)",0,0.02137802653715981
default,app,"Logistic (app, calibrated)",0,0.026793726770116898
default,app,"Logistic (app, calibrated)",0,0.03710359973349309
default,app,"Logistic (app, calibrated)",0,0.016214782505624015
default,app,"Logistic (app, calibrated)",0,0.007029320529022043
default,app,"Logistic (app, calibrated)",0,0.019530668197300545
default,app,"Logistic (app, calibrated)",0,0.056079303803075964
default,app,"Logistic (app, calibrated)",0,0.04483541999902826
default,app,"Logistic (app, calibrated)",0,0.019310022019207555
default,app,"Logistic (app, calibrated)",0,0.020285291759055284
default,app,"Logistic (app, calibrated)",0,0.02493145854612643
default,app,"Logistic (app, calibrated)",0,0.019922226860779983
default,app,"Logistic (app, calibrated)",0,0.008791435066466976
default,app,"Logistic (app, calibrated)",0,0.014857674352317274
default,app,"Logistic (app, calibrated)",0,0.059613774551528345
default,app,"Logistic (app, calibrated)",0,0.011987481109259856
default,app,"Logistic (app, calibrated)",0,0.01436258340577975
default,app,"Logistic (app, calibrated)",0,0.023386743098971957
default,app,"Logistic (app, calibrated)",0,0.03598347140639836
default,app,"Logistic (app, calibrated)",0,0.0043447567706327815
default,app,"Logistic (app, calibrated)",0,0.0092103948025987
default,app,"Logistic (app, calibrated)",0,0.040145396511135766
default,app,"Logistic (app, calibrated)",0,0.014744723389689646
default,app,"Logistic (app, calibrated)",0,0.032204387518507946
default,app,"Logistic (app, calibrated)",0,0.05903887150828295
default,app,"Logistic (app, calibrated)",0,0.04319220514150239
default,app,"Logistic (app, calibrated)",0,0.02097557158302967
default,app,"Logistic (app, calibrated)",0,0.030837698750251004
default,app,"Logistic (app, calibrated)",0,0.038510548060435086
default,app,"Logistic (app, calibrated)",0,0.05349848763954905
default,app,"Logistic (app, calibrated)",0,0.02884008608919822
default,app,"Logistic (app, calibrated)",0,0.0043447567706327815
default,app,"Logistic (app, calibrated)",0,0.0
default,app,"Logistic (app, calibrated)",0,0.032204387518507946
default,app,"Logistic (app, calibrated)",0,0.025026925372305726
default,app,"Logistic (app, calibrated)",0,0.02024088541918618
default,app,"Logistic (app, calibrated)",0,0.005045636320865679
default,app,"Logistic (app, calibrated)",0,0.05349848763954905
default,app,"Logistic (app, calibrated)",0,0.059613774551528345
default,app,"Logistic (app, calibrated)",0,0.02827122257709101
default,app,"Logistic (app, calibrated)",0,0.011094416549364647
default,app,"Logistic (app, calibrated)",0,0.005045636320865679
default,app,"Logistic (app, calibrated)",0,0.0
default,app,"Logistic (app, calibrated)",0,0.0
default,app,"Logistic (app, calibrated)",0,0.0638751171459363
default,app,"Logistic (app, calibrated)",0,0.025597543748241646
default,app,"Logistic (app, calibrated)",0,0.013132016499575249
default,app,"Logistic (app, calibrated)",0,0.01297926540471799
default,app,"Logistic (app, calibrated)",0,0.0327679653479723
default,app,"Logistic (app, calibrated)",0,0.03903517736572039
default,app,"Logistic (app, calibrated)",0,0.0116414949704056
default,app,"Logistic (app, calibrated)",0,0.015520138450818993
default,app,"Logistic (app, calibrated)",0,0.015112462205417778
default,app,"Logistic (app, calibrated)",0,0.045658007237789476
default,app,"Logistic (app, calibrated)",0,0.0036279599848043553
default,app,"Logistic (app, calibrated)",0,0.016946903847243046
default,app,"Logistic (app, calibrated)",0,0.07789787010331661
default,app,"Logistic (app, calibrated)",0,0.0017391304347826088
default,app,"Logistic (app, calibrated)",0,0.03629792476136623
default,app,"Logistic (app, calibrated)",0,0.0
default,app,"Logistic (app, calibrated)",0,0.0
default,app,"Logistic (app, calibrated)",0,0.011232953946281989
default,app,"Logistic (app, calibrated)",0,0.020077182387502446
default,app,"Logistic (app, calibrated)",0,0.03145881739265433
default,app,"Logistic (app, calibrated)",0,0.0009433962264150943
default,app,"Logistic (app, calibrated)",0,0.03903517736572039
default,app,"Logistic (app, calibrated)",0,0.041770079797658274
default,app,"Logistic (app, calibrated)",0,0.0
default,app,"Logistic (app, calibrated)",0,0.03414019106888693
default,app,"Logistic (app, calibrated)",0,0.05891380212043869
default,app,"Logistic (app, calibrated)",0,0.011443178583351664
default,app,"Logistic (app, calibrated)",0,0.0009433962264150943
default,app,"Logistic (app, calibrated)",0,0.01712767280162057
default,app,"Logistic (app, calibrated)",0,0.04322314974420205
default,app,"Logistic (app, calibrated)",0,0.0028169014084507044
default,app,"Logistic (app, calibrated)",0,0.019530668197300545
default,app,"Logistic (app, calibrated)",0,0.041770079797658274
default,app,"Logistic (app, calibrated)",0,0.022994326029890415
default,app,"Logistic (app, calibrated)",0,0.05218181202584612
default,app,"Logistic (app, calibrated)",0,0.004479664206107975
default,app,"Logistic (app, calibrated)",0,0.007029320529022043
default,app,"Logistic (app, calibrated)",0,0.019530668197300545
default,app,"Logistic (app, calibrated)",0,0.02525251214587836
default,app,"Logistic (app, calibrated)",0,0.10170612467738734
default,app,"Logistic (app, calibrated)",0,0.03060438751850794
default,app,"Logistic (app, calibrated)",0,0.017980091089767992
default,app,"Logistic (app, calibrated)",0,0.0028169014084507044
default,app,"Logistic (app, calibrated)",0,0.005449362843729041
default,app,"Logistic (app, calibrated)",0,0.011683498899893726
default,app,"Logistic (app, calibrated)",0,0.040145396511135766
default,app,"Logistic (app, calibrated)",0,0.02606341175248335
default,app,"Logistic (app, calibrated)",1,0.07454706325196611
default,app,"Logistic (app, calibrated)",0,0.02263192559241517
default,app,"Logistic (app, calibrated)",0,0.016955524664710203
default,app,"Logistic (app, calibrated)",0,0.013174996710302594
default,app,"Logistic (app, calibrated)",0,0.011987481109259856
default,app,"Logistic (app, calibrated)",0,0.03903517736572039
default,app,"Logistic (app, calibrated)",0,0.016214782505624015
default,app,"Logistic (app, calibrated)",0,0.03504217603219274
default,app,"Logistic (app, calibrated)",0,0.015520138450818993
default,app,"Logistic (app, calibrated)",0,0.10170612467738734
default,app,"Logistic (app, calibrated)",0,0.002584097859327217
default,app,"Logistic (app, calibrated)",0,0.02730416505264769
default,app,"Logistic (app, calibrated)",0,0.009368767697678328
default,app,"Logistic (app, calibrated)",0,0.05903887150828295
default,app,"Logistic (app, calibrated)",0,0.05903887150828295
default,app,"Logistic (app, calibrated)",0,0.0700211694482484
default,app,"Logistic (app, calibrated)",0,0.004479664206107975
default,app,"Logistic (app, calibrated)",0,0.025623391112250878
default,app,"Logistic (app, calibrated)",0,0.03024300393564785
default,app,"Logistic (app, calibrated)",0,0.002797331492983667
default,app,"Logistic (app, calibrated)",0,0.03284946639119589
default,app,"Logistic (app, calibrated)",0,0.028855311197433408
default,app,"Logistic (app, calibrated)",0,0.02520626889534049
default,app,"Logistic (app, calibrated)",0,0.059613774551528345
default,app,"Logistic (app, calibrated)",0,0.03473146417254467
default,app,"Logistic (app, calibrated)",0,0.019530668197300545
default,app,"Logistic (app, calibrated)",0,0.04483541999902826
default,app,"Logistic (app, calibrated)",0,0.03184300393564785
default,app,"Logistic (app, calibrated)",0,0.005877061469265367
default,app,"Logistic (app, calibrated)",0,0.004128205128205128
default,app,"Logistic (app, calibrated)",0,0.04011054806043508
default,app,"Logistic (app, calibrated)",0,0.011615958708914282
default,app,"Logistic (app, calibrated)",0,0.0009433962264150943
default,app,"Logistic (app, calibrated)",0,0.015520138450818993
default,app,"Logistic (app, calibrated)",0,0.008529465426017149
default,app,"Logistic (app, calibrated)",0,0.0009174311926605505
default,app,"Logistic (app, calibrated)",0,0.013983011316682215
default,app,"Logistic (app, calibrated)",0,0.024267953795412883
default,app,"Logistic (app, calibrated)",0,0.07004247642328547
default,app,"Logistic (app, calibrated)",0,0.028855311197433408
default,app,"Logistic (app, calibrated)",0,0.0009433962264150943
default,app,"Logistic (app, calibrated)",0,0.040145396511135766
default,app,"Logistic (app, calibrated)",0,0.03024300393564785
default,app,"Logistic (app, calibrated)",0,0.020077182387502446
default,app,"Logistic (app, calibrated)",0,0.04626618307281964
default,app,"Logistic (app, calibrated)",0,0.03903517736572039
default,app,"Logistic (app, calibrated)",0,0.003061224489795918
default,app,"Logistic (app, calibrated)",0,0.04011054806043508
default,app,"Logistic (app, calibrated)",0,0.01799145887219349
default,app,"Logistic (app, calibrated)",0,0.003378969654199012
default,app,"Logistic (app, calibrated)",0,0.018532466940347974
default,app,"Logistic (app, calibrated)",0,0.0
default,app,"Logistic (app, calibrated)",0,0.006439461853630031
default,app,"Logistic (app, calibrated)",0,0.0
default,app,"Logistic (app, calibrated)",0,0.06094468804215145
default,app,"Logistic (app, calibrated)",0,0.013312958905162802
default,app,"Logistic (app, calibrated)",0,0.00803878379138118
default,app,"Logistic (app, calibrated)",0,0.030837698750251004
default,app,"Logistic (app, calibrated)",0,0.022676272584608533
default,app,"Logistic (app, calibrated)",0,0.008835704370415969
default,app,"Logistic (app, calibrated)",0,0.04474335128628811
default,app,"Logistic (app, calibrated)",0,0.05287340790999171
default,app,"Logistic (app, calibrated)",0,0.004128205128205128
default,app,"Logistic (app, calibrated)",0,0.021898606877972977
default,app,"Logistic (app, calibrated)",0,0.05546576103539388
default,app,"Logistic (app, calibrated)",0,0.03903517736572039
default,app,"Logistic (app, calibrated)",0,0.030837698750251004
default,app,"Logistic (app, calibrated)",0,0.0036279599848043553
default,app,"Logistic (app, calibrated)",0,0.05903887150828295
default,app,"Logistic (app, calibrated)",0,0.0079009594089808
default,app,"Logistic (app, calibrated)",0,0.03297424533924559
default,app,"Logistic (app, calibrated)",0,0.023330068937527027
default,app,"Logistic (app, calibrated)",0,0.03414019106888693
default,app,"Logistic (app, calibrated)",0,0.0009433962264150943
default,app,"Logistic (app, calibrated)",0,0.01670553188383264
default,app,"Logistic (app, calibrated)",0,0.007029320529022043
default,app,"Logistic (app, calibrated)",0,0.031081432444944122
default,app,"Logistic (app, calibrated)",0,0.05587750353358967
default,app,"Logistic (app, calibrated)",0,0.06913788140927306
default,app,"Logistic (app, calibrated)",0,0.04011054806043508
default,app,"Logistic (app, calibrated)",0,0.016955524664710203
default,app,"Logistic (app, calibrated)",0,0.013861489238364083
default,app,"Logistic (app, calibrated)",0,0.04010144986768923
default,app,"Logistic (app, calibrated)",0,0.027316855674122963
default,app,"Logistic (app, calibrated)",0,0.053080629344859166
default,app,"Logistic (app, calibrated)",0,0.04011054806043508
default,app,"Logistic (app, calibrated)",0,0.05891380212043869
default,app,"Logistic (app, calibrated)",0,0.004561527581329562
default,app,"Logistic (app, calibrated)",0,0.018532466940347974
default,app,"Logistic (app, calibrated)",1,0.03341826241058396
default,app,"Logistic (app, calibrated)",0,0.003061224489795918
default,app,"Logistic (app, calibrated)",0,0.003378969654199012
default,app,"Logistic (app, calibrated)",0,0.00751120105915769
default,app,"Logistic (app, calibrated)",0,0.013312958905162802
default,app,"Logistic (app, calibrated)",0,0.05271081665038533
default,app,"Logistic (app, calibrated)",0,0.011443178583351664
default,app,"Logistic (app, calibrated)",0,0.007029320529022043
default,app,"Logistic (app, calibrated)",0,0.0050769763016779105
default,app,"Logistic (app, calibrated)",0,0.016417053630836113
default,app,"Logistic (app, calibrated)",0,0.03414019106888693
default,app,"Logistic (app, calibrated)",0,0.00935047056185325
default,app,"Logistic (app, calibrated)",0,0.04211581643581665
default,app,"Logistic (app, calibrated)",0,0.0308522092094765
default,app,"Logistic (app, calibrated)",0,0.010074180873171622
default,app,"Logistic (app, calibrated)",0,0.004128205128205128
default,app,"Logistic (app, calibrated)",0,0.009855619898119294
default,app,"Logistic (app, calibrated)",0,0.01434197846375721
default,app,"Logistic (app, calibrated)",0,0.0043447567706327815
default,app,"Logistic (app, calibrated)",0,0.019922226860779983
default,app,"Logistic (app, calibrated)",0,0.009979625571829468
default,app,"Logistic (app, calibrated)",0,0.020568631987837843
default,app,"Logistic (app, calibrated)",0,0.013025108699056464
default,app,"Logistic (app, calibrated)",0,0.06282592281108287
default,app,"Logistic (app, calibrated)",0,0.011987481109259856
default,app,"Logistic (app, calibrated)",0,0.005045636320865679
default,app,"Logistic (app, calibrated)",0,0.03504217603219274
default,app,"Logistic (app, calibrated)",0,0.001058201058201058
default,app,"Logistic (app, calibrated)",0,0.059613774551528345
default,app,"Logistic (app, calibrated)",0,0.024382201560663074
default,app,"Logistic (app, calibrated)",0,0.006439461853630031
default,app,"Logistic (app, calibrated)",0,0.04011263805296559
default,app,"Logistic (app, calibrated)",0,0.02204632939275954
default,app,"Logistic (app, calibrated)",0,0.0
default,app,"Logistic (app, calibrated)",0,0.02493145854612643
default,app,"Logistic (app, calibrated)",0,0.004561527581329562
default,app,"Logistic (app, calibrated)",0,0.02284672879713963
default,app,"Logistic (app, calibrated)",0,0.12708210639724757
default,app,"Logistic (app, calibrated)",0,0.019310022019207555
default,app,"Logistic (app, calibrated)",0,0.004479664206107975
default,app,"Logistic (app, calibrated)",0,0.007029320529022043
default,app,"Logistic (app, calibrated)",0,0.030837698750251004
default,app,"Logistic (app, calibrated)",0,0.04483541999902826
default,app,"Logistic (app, calibrated)",0,0.025026925372305726
default,app,"Logistic (app, calibrated)",0,0.04011054806043508
default,app,"Logistic (app, calibrated)",0,0.05287340790999171
default,app,"Logistic (app, calibrated)",0,0.011443178583351664
default,app,"Logistic (app, calibrated)",1,0.030837698750251004
default,app,"Logistic (app, calibrated)",0,0.06996877995394002
default,app,"Logistic (app, calibrated)",0,0.019310022019207555
default,app,"Logistic (app, calibrated)",0,0.04590478254571294
default,app,"Logistic (app, calibrated)",0,0.08117788639572664
default,app,"Logistic (app, calibrated)",0,0.0009433962264150943
default,app,"Logistic (app, calibrated)",0,0.025552104229787785
default,app,"Logistic (app, calibrated)",0,0.021723979731856632
default,app,"Logistic (app, calibrated)",0,0.015520138450818993
default,app,"Logistic (app, calibrated)",0,0.0036279599848043553
default,app,"Logistic (app, calibrated)",0,0.0193863480239492
default,app,"Logistic (app, calibrated)",0,0.06513464504211365
default,app,"Logistic (app, calibrated)",0,0.0009433962264150943
default,app,"Logistic (app, calibrated)",0,0.024633888676243568
default,app,"Logistic (app, calibrated)",0,0.09740403393502375
default,app,"Logistic (app, calibrated)",0,0.026745562255543948
default,app,"Logistic (app, calibrated)",0,0.04011263805296559
default,app,"Logistic (app, calibrated)",0,0.027014372948209887
default,app,"Logistic (app, calibrated)",0,0.002797331492983667
default,app,"Logistic (app, calibrated)",0,0.022672010729401258
default,app,"Logistic (app, calibrated)",0,0.019310022019207555
default,app,"Logistic (app, calibrated)",0,0.01192366780874479
default,app,"Logistic (app, calibrated)",0,0.020008128337038966
default,app,"Logistic (app, calibrated)",0,0.021865800273681308
default,app,"Logistic (app, calibrated)",0,0.015073211316382335
default,app,"Logistic (app, calibrated)",0,0.031477288939033836
default,app,"Logistic (app, calibrated)",0,0.031092620630220467
default,app,"Logistic (app, calibrated)",0,0.04934000682770891
default,app,"Logistic (app, calibrated)",0,0.010410928064201103
default,app,"Logistic (app, calibrated)",0,0.017577774597509206
default,app,"Logistic (app, calibrated)",0,0.0009433962264150943
default,app,"Logistic (app, calibrated)",0,0.047866183072819646
default,app,"Logistic (app, calibrated)",0,0.059613774551528345
default,app,"Logistic (app, calibrated)",0,0.020077182387502446
default,app,"Logistic (app, calibrated)",1,0.03366888939405062
default,app,"Logistic (app, calibrated)",0,0.011987481109259856
default,app,"Logistic (app, calibrated)",0,0.002584097859327217
default,app,"Logistic (app, calibrated)",1,0.04011054806043508
default,app,"Logistic (app, calibrated)",0,0.0
default,app,"Logistic (app, calibrated)",0,0.009225462720239077
default,app,"Logistic (app, calibrated)",0,0.06435955909824201
default,app,"Logistic (app, calibrated)",0,0.05368490663238901
default,app,"Logistic (app, calibrated)",0,0.007029320529022043
default,app,"Logistic (app, calibrated)",0,0.01192366780874479
default,app,"Logistic (app, calibrated)",0,0.03633146417254467
default,app,"Logistic (app, calibrated)",0,0.0043447567706327815
default,app,"Logistic (app, calibrated)",0,0.02730416505264769
default,app,"Logistic (app, calibrated)",0,0.01436258340577975
default,app,"Logistic (app, calibrated)",0,0.03414019106888693
default,app,"Logistic (app, calibrated)",0,0.09803741987172539
default,app,"Logistic (app, calibrated)",0,0.0036279599848043553
default,app,"Logistic (app, calibrated)",0,0.01085590639061799
default,app,"Logistic (app, calibrated)",0,0.02730416505264769
default,app,"Logistic (app, calibrated)",0,0.035667582755501234
default,app,"Logistic (app, calibrated)",0,0.024956471778687542
default,app,"Logistic (app, calibrated)",0,0.06116639107385968
default,app,"Logistic (app, calibrated)",0,0.05014321458088825
default,app,"Logistic (app, calibrated)",0,0.033492880257544856
default,app,"Logistic (app, calibrated)",0,0.019310022019207555
default,app,"Logistic (app, calibrated)",0,0.049019273087431744
default,app,"Logistic (app, calibrated)",0,0.027844017925761792
default,app,"Logistic (app, calibrated)",0,0.01297926540471799
default,app,"Logistic (app, calibrated)",0,0.008791435066466976
default,app,"Logistic (app, calibrated)",0,0.02410303798103259
default,app,"Logistic (app, calibrated)",0,0.03060438751850794
default,app,"Logistic (app, calibrated)",0,0.019530668197300545
default,app,"Logistic (app, calibrated)",0,0.016946903847243046
default,app,"Logistic (app, calibrated)",0,0.022363652733603606
default,app,"Logistic (app, calibrated)",0,0.0
default,app,"Logistic (app, calibrated)",0,0.010045255748288014
default,app,"Logistic (app, calibrated)",0,0.009231871308077715
default,app,"Logistic (app, calibrated)",0,0.041770079797658274
default,app,"Logistic (app, calibrated)",0,0.019310022019207555
default,app,"Logistic (app, calibrated)",0,0.02090961818637519
default,app,"Logistic (app, calibrated)",0,0.0017391304347826088
default,app,"Logistic (app, calibrated)",0,0.10266661535621766
default,app,"Logistic (app, calibrated)",0,0.016806811980659222
default,app,"Logistic (app, calibrated)",0,0.012871390228463092
default,app,"Logistic (app, calibrated)",0,0.020077182387502446
default,app,"Logistic (app, calibrated)",0,0.02292268822898988
default,app,"Logistic (app, calibrated)",0,0.04010144986768923
default,app,"Logistic (app, calibrated)",0,0.03476527079844428
default,app,"Logistic (app, calibrated)",0,0.07454706325196611
default,app,"Logistic (app, calibrated)",0,0.008455459716259241
default,app,"Logistic (app, calibrated)",0,0.011919741665548548
default,app,"Logistic (app, calibrated)",0,0.05587750353358967
default,app,"Logistic (app, calibrated)",0,0.008780100002149087
default,app,"Logistic (app, calibrated)",0,0.05587750353358967
default,app,"Logistic (app, calibrated)",0,0.07363785860497356
default,app,"Logistic (app, calibrated)",0,0.003061224489795918
default,app,"Logistic (app, calibrated)",0,0.0
default,app,"Logistic (app, calibrated)",0,0.07454706325196611
default,app,"Logistic (app, calibrated)",0,0.05587750353358967
default,app,"Logistic (app, calibrated)",0,0.04626618307281964
default,app,"Logistic (app, calibrated)",0,0.047866183072819646
default,app,"Logistic (app, calibrated)",0,0.01085590639061799
default,app,"Logistic (app, calibrated)",0,0.008791435066466976
default,app,"Logistic (app, calibrated)",1,0.1179622161550743
default,app,"Logistic (app, calibrated)",0,0.0
default,app,"Logistic (app, calibrated)",0,0.04011054806043508
default,app,"Logistic (app, calibrated)",0,0.059613774551528345
default,app,"Logistic (app, calibrated)",0,0.0009433962264150943
default,app,"Logistic (app, calibrated)",0,0.026482604690912147
default,app,"Logistic (app, calibrated)",0,0.010914158305462652
default,app,"Logistic (app, calibrated)",0,0.007220443327888249
default,app,"Logistic (app, calibrated)",0,0.007974970490866115
default,app,"Logistic (app, calibrated)",0,0.01436258340577975
default,app,"Logistic (app, calibrated)",0,0.05562099547410419
default,app,"Logistic (app, calibrated)",0,0.015137998466909098
default,app,"Logistic (app, calibrated)",0,0.02606341175248335
default,app,"Logistic (app, calibrated)",0,0.007220443327888249
default,app,"Logistic (app, calibrated)",0,0.05115816710805413
default,app,"Logistic (app, calibrated)",0,0.007982958385039748
default,app,"Logistic (app, calibrated)",0,0.008791435066466976
default,app,"Logistic (app, calibrated)",0,0.053080629344859166
default,app,"Logistic (app, calibrated)",0,0.03414019106888693
default,app,"Logistic (app, calibrated)",0,0.027111934672893072
default,app,"Logistic (app, calibrated)",0,0.059613774551528345
default,app,"Logistic (app, calibrated)",0,0.0036279599848043553
default,app,"Logistic (app, calibrated)",0,0.016214782505624015
default,app,"Logistic (app, calibrated)",0,0.007029320529022043
default,app,"Logistic (app, calibrated)",1,0.05587750353358967
default,app,"Logistic (app, calibrated)",0,0.019530668197300545
default,app,"Logistic (app, calibrated)",0,0.0024615384615384616
default,app,"Logistic (app, calibrated)",0,0.03145881739265433
default,app,"Logistic (app, calibrated)",0,0.03023542921079671
default,app,"Logistic (app, calibrated)",0,0.0028169014084507044
default,app,"Logistic (app, calibrated)",0,0.014174468447299604
default,app,"Logistic (app, calibrated)",0,0.005049662597619228
default,app,"Logistic (app, calibrated)",0,0.008835704370415969
default,app,"Logistic (app, calibrated)",0,0.03716752930791645
default,app,"Logistic (app, calibrated)",0,0.057961410821037763
default,app,"Logistic (app, calibrated)",0,0.05587750353358967
default,app,"Logistic (app, calibrated)",0,0.03414019106888693
default,app,"Logistic (app, calibrated)",0,0.0043447567706327815
default,app,"Logistic (app, calibrated)",0,0.057893464967649244
default,app,"Logistic (app, calibrated)",0,0.016955524664710203
default,app,"Logistic (app, calibrated)",0,0.03785484949686794
default,app,"Logistic (app, calibrated)",0,0.01810218233477654
default,app,"Logistic (app, calibrated)",0,0.012463455582901222
default,app,"Logistic (app, calibrated)",0,0.00539007452224929
default,app,"Logistic (app, calibrated)",0,0.05587750353358967
default,app,"Logistic (app, calibrated)",0,0.024001035038809425
default,app,"Logistic (app, calibrated)",0,0.07454706325196611
default,app,"Logistic (app, calibrated)",0,0.0028125870231133386
default,app,"Logistic (app, calibrated)",0,0.0282596017925258
default,app,"Logistic (app, calibrated)",0,0.027316855674122963
default,app,"Logistic (app, calibrated)",0,0.04353051408714435
default,app,"Logistic (app, calibrated)",0,0.008390341652325977
default,app,"Logistic (app, calibrated)",0,0.05903887150828295
default,app,"Logistic (app, calibrated)",0,0.040145396511135766
default,app,"Logistic (app, calibrated)",0,0.017981436903857357
default,app,"Logistic (app, calibrated)",0,0.0009433962264150943
default,app,"Logistic (app, calibrated)",0,0.017980091089767992
default,app,"Logistic (app, calibrated)",0,0.03694395840775903
default,app,"Logistic (app, calibrated)",0,0.03204566723523266
default,app,"Logistic (app, calibrated)",0,0.026039632483767294
default,app,"Logistic (app, calibrated)",0,0.015520138450818993
default,app,"Logistic (app, calibrated)",0,0.10856886977542654
default,app,"Logistic (app, calibrated)",0,0.026745562255543948
default,app,"Logistic (app, calibrated)",0,0.019310022019207555
default,app,"Logistic (app, calibrated)",0,0.014984215599419514
default,app,"Logistic (app, calibrated)",0,0.011443178583351664
default,app,"Logistic (app, calibrated)",0,0.01799145887219349
default,app,"Logistic (app, calibrated)",0,0.029940506101464502
default,app,"Logistic (app, calibrated)",0,0.03218345444383278
default,app,"Logistic (app, calibrated)",0,0.03265151499363721
default,app,"Logistic (app, calibrated)",0,0.011987481109259856
default,app,"Logistic (app, calibrated)",0,0.022363652733603606
default,app,"Logistic (app, calibrated)",0,0.040145396511135766
default,app,"Logistic (app, calibrated)",0,0.015112462205417778
default,app,"Logistic (app, calibrated)",0,0.046802693394873085
default,app,"Logistic (app, calibrated)",0,0.00751120105915769
default,app,"Logistic (app, calibrated)",0,0.017905359349135723
default,app,"Logistic (app, calibrated)",0,0.019310022019207555
default,app,"Logistic (app, calibrated)",0,0.03903517736572039
default,app,"Logistic (app, calibrated)",0,0.028855311197433408
default,app,"Logistic (app, calibrated)",0,0.0028125870231133386
default,app,"Logistic (app, calibrated)",0,0.05811067994498546
default,app,"Logistic (app, calibrated)",0,0.027243739621335812
default,app,"Logistic (app, calibrated)",0,0.039023989180444044
default,app,"Logistic (app, calibrated)",0,0.08705630328716055
default,app,"Logistic (app, calibrated)",0,0.0
default,app,"Logistic (app, calibrated)",0,0.014289571544614493
default,app,"Logistic (app, calibrated)",0,0.03414019106888693
default,app,"Logistic (app, calibrated)",0,0.03476527079844428
default,app,"Logistic (app, calibrated)",0,0.03633146417254467
default,app,"Logistic (app, calibrated)",0,0.014744723389689646
default,app,"Logistic (app, calibrated)",0,0.08705630328716055
default,app,"Logistic (app, calibrated)",0,0.03218345444383278
default,app,"Logistic (app, calibrated)",0,0.03363450944488785
default,app,"Logistic (app, calibrated)",0,0.020273708878505638
default,app,"Logistic (app, calibrated)",0,0.010914158305462652
default,app,"Logistic (app, calibrated)",0,0.0
default,app,"Logistic (app, calibrated)",0,0.025026925372305726
default,app,"Logistic (app, calibrated)",0,0.034362505864833436
default,app,"Logistic (app, calibrated)",0,0.008791435066466976
default,app,"Logistic (app, calibrated)",0,0.008791435066466976
default,app,"Logistic (app, calibrated)",0,0.02345758039613352
default,app,"Logistic (app, calibrated)",0,0.01085590639061799
default,app,"Logistic (app, calibrated)",0,0.00758082497212932
default,app,"Logistic (app, calibrated)",0,0.010809957070756599
default,app,"Logistic (app, calibrated)",0,0.07004247642328547
default,app,"Logistic (app, calibrated)",0,0.019310022019207555
default,app,"Logistic (app, calibrated)",0,0.03473146417254467
default,app,"Logistic (app, calibrated)",0,0.008835704370415969
default,app,"Logistic (app, calibrated)",0,0.007029320529022043
default,app,"Logistic (app, calibrated)",0,0.013174996710302594
default,app,"Logistic (app, calibrated)",0,0.03218345444383278
default,app,"Logistic (app, calibrated)",0,0.03932699774645466
default,app,"Logistic (app, calibrated)",0,0.019310022019207555
default,app,"Logistic (app, calibrated)",0,0.003493516399694889
default,app,"Logistic (app, calibrated)",0,0.01258950705489488
default,app,"Logistic (app, calibrated)",0,0.019922226860779983
default,app,"Logistic (app, calibrated)",0,0.029979252690889913
default,app,"Logistic (app, calibrated)",0,0.0774456139766038
default,app,"Logistic (app, calibrated)",0,0.04872757219358594
default,app,"Logistic (app, calibrated)",0,0.03982320599662782
default,app,"Logistic (app, calibrated)",0,0.03414019106888693
default,app,"Logistic (app, calibrated)",0,0.04011054806043508
default,app,"Logistic (app, calibrated)",0,0.03785484949686794
default,app,"Logistic (app, calibrated)",0,0.030837698750251004
default,app,"Logistic (app, calibrated)",0,0.007974970490866115
default,app,"Logistic (app, calibrated)",0,0.0210450947552963
default,app,"Logistic (app, calibrated)",0,0.03267990070245282
default,app,"Logistic (app, calibrated)",0,0.013106480238083931
default,app,"Logistic (app, calibrated)",0,0.01297926540471799
default,app,"Logistic (app, calibrated)",0,0.0009174311926605505
default,app,"Logistic (app, calibrated)",0,0.03060438751850794
default,app,"Logistic (app, calibrated)",0,0.01436258340577975
default,app,"Logistic (app, calibrated)",0,0.002797331492983667
default,app,"Logistic (app, calibrated)",0,0.03903517736572039
default,app,"Logistic (app, calibrated)",0,0.00751120105915769
default,app,"Logistic (app, calibrated)",0,0.016955524664710203
default,app,"Logistic (app, calibrated)",0,0.05903887150828295
default,app,"Logistic (app, calibrated)",0,0.05116070612782109
default,app,"Logistic (app, calibrated)",0,0.059613774551528345
default,app,"Logistic (app, calibrated)",0,0.010410928064201103
default,app,"Logistic (app, calibrated)",0,0.004352410045686789
default,app,"Logistic (app, calibrated)",0,0.02097557158302967
default,app,"Logistic (app, calibrated)",0,0.06913788140927306
default,app,"Logistic (app, calibrated)",0,0.0009433962264150943
default,app,"Logistic (app, calibrated)",0,0.007974970490866115
default,app,"Logistic (app, calibrated)",0,0.02070277239184399
default,app,"Logistic (app, calibrated)",0,0.04011054806043508
default,app,"Logistic (app, calibrated)",0,0.0009433962264150943
default,app,"Logistic (app, calibrated)",0,0.002797331492983667
default,app,"Logistic (app, calibrated)",0,0.09421978587957311
default,app,"Logistic (app, calibrated)",0,0.015832642521714117
default,app,"Logistic (app, calibrated)",0,0.020077182387502446
default,app,"Logistic (app, calibrated)",0,0.03903517736572039
default,app,"Logistic (app, calibrated)",0,0.047866183072819646
default,app,"Logistic (app, calibrated)",0,0.019922226860779983
default,app,"Logistic (app, calibrated)",0,0.03204566723523266
default,app,"Logistic (app, calibrated)",0,0.016200997501732338
default,app,"Logistic (app, calibrated)",0,0.007029320529022043
default,app,"Logistic (app, calibrated)",0,0.0572542703832155
default,app,"Logistic (app, calibrated)",0,0.03157767043608924
default,app,"Logistic (app, calibrated)",0,0.011245664740441098
default,app,"Logistic (app, calibrated)",0,0.02472015116605808
default,app,"Logistic (app, calibrated)",0,0.008791435066466976
default,app,"Logistic (app, calibrated)",0,0.0028169014084507044
default,app,"Logistic (app, calibrated)",0,0.005045636320865679
default,app,"Logistic (app, calibrated)",0,0.015499622438175561
default,app,"Logistic (app, calibrated)",0,0.01867238824877504
default,app,"Logistic (app, calibrated)",0,0.0028125870231133386
default,app,"Logistic (app, calibrated)",0,0.030837698750251004
default,app,"Logistic (app, calibrated)",0,0.04130231421936782
default,app,"Logistic (app, calibrated)",0,0.02070277239184399
default,app,"Logistic (app, calibrated)",0,0.007029320529022043
default,app,"Logistic (app, calibrated)",0,0.036562037871597355
default,app,"Logistic (app, calibrated)",0,0.029122229954036866
default,app,"Logistic (app, calibrated)",0,0.010859289226847976
default,app,"Logistic (app, calibrated)",0,0.005196132092683816
default,app,"Logistic (app, calibrated)",0,0.015137998466909098
default,app,"Logistic (app, calibrated)",0,0.019310022019207555
default,app,"Logistic (app, calibrated)",0,0.013036576309303582
default,app,"Logistic (app, calibrated)",0,0.008138200791473829
default,app,"Logistic (app, calibrated)",0,0.01712767280162057
default,app,"Logistic (app, calibrated)",0,0.0028169014084507044
default,app,"Logistic (app, calibrated)",0,0.007029320529022043
default,app,"Logistic (app, calibrated)",0,0.016214782505624015
default,app,"Logistic (app, calibrated)",0,0.01297926540471799
default,app,"Logistic (app, calibrated)",0,0.015520138450818993
default,app,"Logistic (app, calibrated)",0,0.017368274446392024
default,app,"Logistic (app, calibrated)",1,0.015112462205417778
default,app,"Logistic (app, calibrated)",0,0.04176368603066259
default,app,"Logistic (app, calibrated)",0,0.07912086782577069
default,app,"Logistic (app, calibrated)",0,0.0308522092094765
default,app,"Logistic (app, calibrated)",0,0.009212595242936583
default,app,"Logistic (app, calibrated)",0,0.05388327068121675
default,app,"Logistic (app, calibrated)",0,0.0
default,app,"Logistic (app, calibrated)",0,0.019922226860779983
default,app,"Logistic (app, calibrated)",0,0.07092116090632097
default,app,"Logistic (app, calibrated)",0,0.0028125870231133386
default,app,"Logistic (app, calibrated)",0,0.01297926540471799
default,app,"Logistic (app, calibrated)",0,0.03683185510102138
default,app,"Logistic (app, calibrated)",0,0.03060438751850794
default,app,"Logistic (app, calibrated)",0,0.02086527119418182
default,app,"Logistic (app, calibrated)",0,0.03681571145612793
default,app,"Logistic (app, calibrated)",0,0.05349848763954905
default,app,"Logistic (app, calibrated)",0,0.019530668197300545
default,app,"Logistic (app, calibrated)",0,0.02606341175248335
default,app,"Logistic (app, calibrated)",0,0.016214782505624015
default,app,"Logistic (app, calibrated)",0,0.0
default,app,"Logistic (app, calibrated)",0,0.01085590639061799
default,app,"Logistic (app, calibrated)",0,0.0009433962264150943
default,app,"Logistic (app, calibrated)",0,0.03204566723523266
default,app,"Logistic (app, calibrated)",0,0.07454706325196611
default,app,"Logistic (app, calibrated)",0,0.011987481109259856
default,app,"Logistic (app, calibrated)",0,0.0043447567706327815
default,app,"Logistic (app, calibrated)",0,0.019530668197300545
default,app,"Logistic (app, calibrated)",0,0.0043447567706327815
default,app,"Logistic (app, calibrated)",0,0.013514156483485145
default,app,"Logistic (app, calibrated)",0,0.024267953795412883
default,app,"Logistic (app, calibrated)",0,0.042803258709407724
default,app,"Logistic (app, calibrated)",0,0.019530668197300545
default,app,"Logistic (app, calibrated)",0,0.0036279599848043553
default,app,"Logistic (app, calibrated)",0,0.012556245920258158
default,app,"Logistic (app, calibrated)",0,0.02493145854612643
default,app,"Logistic (app, calibrated)",0,0.02816581889572107
default,app,"Logistic (app, calibrated)",0,0.033492880257544856
default,app,"Logistic (app, calibrated)",0,0.027850642266405136
default,app,"Logistic (app, calibrated)",0,0.04011054806043508
default,app,"Logistic (app, calibrated)",0,0.01519913360701464
default,app,"Logistic (app, calibrated)",0,0.008835704370415969
default,app,"Logistic (app, calibrated)",0,0.0028028747415324183
default,app,"Logistic (app, calibrated)",0,0.019311375261786095
default,app,"Logistic (app, calibrated)",0,0.05903887150828295
default,app,"Logistic (app, calibrated)",0,0.04011054806043508
default,app,"Logistic (app, calibrated)",0,0.06282592281108287
default,app,"Logistic (app, calibrated)",0,0.00751120105915769
default,app,"Logistic (app, calibrated)",0,0.005684934690652164
default,app,"Logistic (app, calibrated)",0,0.003061224489795918
default,app,"Logistic (app, calibrated)",0,0.04242756744770604
default,app,"Logistic (app, calibrated)",0,0.05903887150828295
default,app,"Logistic (app, calibrated)",0,0.02884008608919822
default,app,"Logistic (app, calibrated)",0,0.02625475092973802
default,app,"Logistic (app, calibrated)",0,0.03982320599662782
default,app,"Logistic (app, calibrated)",0,0.010385391802709785
default,app,"Logistic (app, calibrated)",0,0.0050769763016779105
default,app,"Logistic (app, calibrated)",0,0.040145396511135766
default,app,"Logistic (app, calibrated)",0,0.02493145854612643
default,app,"Logistic (app, calibrated)",0,0.04669024700947464
default,app,"Logistic (app, calibrated)",0,0.016955524664710203
default,app,"Logistic (app, calibrated)",0,0.07454706325196611
default,app,"Logistic (app, calibrated)",0,0.04011054806043508
default,app,"Logistic (app, calibrated)",0,0.03745283398569287
default,app,"Logistic (app, calibrated)",0,0.045658007237789476
default,app,"Logistic (app, calibrated)",0,0.04186180344158569
default,app,"Logistic (app, calibrated)",0,0.01712767280162057
default,app,"Logistic (app, calibrated)",0,0.004479664206107975
default,app,"Logistic (app, calibrated)",0,0.04620665133559645
default,app,"Logistic (app, calibrated)",0,0.007308230296152654
default,app,"Logistic (app, calibrated)",0,0.03476527079844428
default,app,"Logistic (app, calibrated)",0,0.008835704370415969
default,app,"Logistic (app, calibrated)",0,0.015520138450818993
default,app,"Logistic (app, calibrated)",0,0.016214782505624015
default,app,"Logistic (app, calibrated)",0,0.033492880257544856
default,app,"Logistic (app, calibrated)",0,0.053959559508576324
default,app,"Logistic (app, calibrated)",0,0.046405534698310845
default,app,"Logistic (app, calibrated)",0,0.03903517736572039
default,app,"Logistic (app, calibrated)",0,0.026750551090032982
default,app,"Logistic (app, calibrated)",0,0.026668975080262013
default,app,"Logistic (app, calibrated)",0,0.005877061469265367
default,app,"Logistic (app, calibrated)",0,0.005196132092683816
default,app,"Logistic (app, calibrated)",0,0.007029320529022043
default,app,"Logistic (app, calibrated)",0,0.019310022019207555
default,app,"Logistic (app, calibrated)",0,0.020008128337038966
default,app,"Logistic (app, calibrated)",0,0.02716564201884693
default,app,"Logistic (app, calibrated)",0,0.02321761133832209
default,app,"Logistic (app, calibrated)",0,0.011987481109259856
default,app,"Logistic (app, calibrated)",0,0.019530668197300545
default,app,"Logistic (app, calibrated)",0,0.011301358915983831
default,app,"Logistic (app, calibrated)",0,0.04011054806043508
default,app,"Logistic (app, calibrated)",0,0.02321761133832209
default,app,"Logistic (app, calibrated)",0,0.053959559508576324
default,app,"Logistic (app, calibrated)",0,0.0028125870231133386
default,app,"Logistic (app, calibrated)",0,0.014278165163242146
default,app,"Logistic (app, calibrated)",0,0.01141288217285766
default,app,"Logistic (app, calibrated)",0,0.07454706325196611
default,app,"Logistic (app, calibrated)",0,0.0016666666666666666
default,app,"Logistic (app, calibrated)",0,0.03024617144749337
default,app,"Logistic (app, calibrated)",0,0.02292268822898988
default,app,"Logistic (app, calibrated)",0,0.002797331492983667
default,app,"Logistic (app, calibrated)",0,0.01867238824877504
default,app,"Logistic (app, calibrated)",0,0.01408213541645707
default,app,"Logistic (app, calibrated)",0,0.059613774551528345
default,app,"Logistic (app, calibrated)",0,0.040145396511135766
default,app,"Logistic (app, calibrated)",0,0.05903887150828295
default,app,"Logistic (app, calibrated)",0,0.002797331492983667
default,app,"Logistic (app, calibrated)",0,0.0009433962264150943
default,app,"Logistic (app, calibrated)",0,0.0
default,app,"Logistic (app, calibrated)",0,0.016955524664710203
default,app,"Logistic (app, calibrated)",0,0.06257687904203427
default,app,"Logistic (app, calibrated)",0,0.0009433962264150943
default,app,"Logistic (app, calibrated)",0,0.011919741665548548
default,app,"Logistic (app, calibrated)",0,0.0036279599848043553
default,app,"Logistic (app, calibrated)",0,0.030837698750251004
default,app,"Logistic (app, calibrated)",0,0.04011054806043508
default,app,"Logistic (app, calibrated)",0,0.008138200791473829
default,app,"Logistic (app, calibrated)",0,0.0
default,app,"Logistic (app, calibrated)",0,0.0028169014084507044
default,app,"Logistic (app, calibrated)",0,0.04486219391690436
default,app,"Logistic (app, calibrated)",0,0.03903517736572039
default,app,"Logistic (app, calibrated)",0,0.005928803190787516
default,app,"Logistic (app, calibrated)",0,0.016955524664710203
default,app,"Logistic (app, calibrated)",0,0.022145044405544573
default,app,"Logistic (app, calibrated)",0,0.01334063729355021
default,app,"Logistic (app, calibrated)",0,0.02730416505264769
default,app,"Logistic (app, calibrated)",0,0.059613774551528345
default,app,"Logistic (app, calibrated)",0,0.022994326029890415
default,app,"Logistic (app, calibrated)",0,0.04474335128628811
default,app,"Logistic (app, calibrated)",0,0.011245664740441098
default,app,"Logistic (app, calibrated)",0,0.0009433962264150943
default,app,"Logistic (app, calibrated)",0,0.029874045627936625
default,app,"Logistic (app, calibrated)",0,0.026490729387640334
default,app,"Logistic (app, calibrated)",0,0.019408202300281414
default,app,"Logistic (app, calibrated)",0,0.025395883680016957
default,app,"Logistic (app, calibrated)",0,0.03903517736572039
default,app,"Logistic (app, calibrated)",0,0.035118007391604776
default,app,"Logistic (app, calibrated)",0,0.019396253010920895
default,app,"Logistic (app, calibrated)",0,0.02827122257709101
default,app,"Logistic (app, calibrated)",0,0.01334692297928386
default,app,"Logistic (app, calibrated)",0,0.008835704370415969
default,app,"Logistic (app, calibrated)",0,0.016214782505624015
default,app,"Logistic (app, calibrated)",0,0.053080629344859166
default,app,"Logistic (app, calibrated)",0,0.03633146417254467
default,app,"Logistic (app, calibrated)",0,0.02354281668152408
default,app,"Logistic (app, calibrated)",0,0.014857674352317274
default,app,"Logistic (app, calibrated)",0,0.030837698750251004
default,app,"Logistic (app, calibrated)",0,0.007974970490866115
default,app,"Logistic (app, calibrated)",0,0.0009433962264150943
default,app,"Logistic (app, calibrated)",0,0.03204566723523266
default,app,"Logistic (app, calibrated)",0,0.0036279599848043553
default,app,"Logistic (app, calibrated)",1,0.04483541999902826
default,app,"Logistic (app, calibrated)",0,0.032204387518507946
default,app,"Logistic (app, calibrated)",0,0.008791435066466976
default,app,"Logistic (app, calibrated)",0,0.009855619898119294
default,app,"Logistic (app, calibrated)",0,0.0
default,app,"Logistic (app, calibrated)",0,0.04010144986768923
default,app,"Logistic (app, calibrated)",0,0.011443178583351664
default,app,"Logistic (app, calibrated)",0,0.00944794365271808
default,app,"Logistic (app, calibrated)",0,0.0017543859649122805
default,app,"Logistic (app, calibrated)",0,0.049019273087431744
default,app,"Logistic (app, calibrated)",0,0.02345758039613352
default,app,"Logistic (app, calibrated)",0,0.0
default,app,"Logistic (app, calibrated)",0,0.013132016499575249
default,app,"Logistic (app, calibrated)",0,0.02799515956006446
default,app,"Logistic (app, calibrated)",0,0.0
default,app,"Logistic (app, calibrated)",0,0.022449888894023707
default,app,"Logistic (app, calibrated)",1,0.020388310547736054
default,app,"Logistic (app, calibrated)",0,0.02730416505264769
default,app,"Logistic (app, calibrated)",0,0.014744723389689646
default,app,"Logistic (app, calibrated)",0,0.04483541999902826
default,app,"Logistic (app, calibrated)",0,0.0
default,app,"Logistic (app, calibrated)",0,0.020077182387502446
default,app,"Logistic (app, calibrated)",0,0.1438858772219976
default,app,"Logistic (app, calibrated)",0,0.03022127119892377
default,app,"Logistic (app, calibrated)",1,0.023330068937527027
default,app,"Logistic (app, calibrated)",0,0.011987481109259856
default,app,"Logistic (app, calibrated)",0,0.00751120105915769
default,app,"Logistic (app, calibrated)",0,0.01890483108613274
default,app,"Logistic (app, calibrated)",0,0.0028125870231133386
default,app,"Logistic (app, calibrated)",0,0.01628884317920456
default,app,"Logistic (app, calibrated)",0,0.047699421321401245
default,app,"Logistic (app, calibrated)",0,0.007029320529022043
default,app,"Logistic (app, calibrated)",0,0.04483541999902826
default,app,"Logistic (app, calibrated)",0,0.009075119409465916
default,app,"Logistic (app, calibrated)",0,0.03144916243234307
default,app,"Logistic (app, calibrated)",0,0.025026925372305726
default,app,"Logistic (app, calibrated)",0,0.03145881739265433
default,app,"Logistic (app, calibrated)",0,0.02990952161800644
default,app,"Logistic (app, calibrated)",0,0.03267898292236267
default,app,"Logistic (app, calibrated)",0,0.020077182387502446
default,app,"Logistic (app, calibrated)",0,0.019922226860779983
default,app,"Logistic (app, calibrated)",0,0.1292522237702283
default,app,"Logistic (app, calibrated)",0,0.0009433962264150943
default,app,"Logistic (app, calibrated)",0,0.035087014556522196
default,app,"Logistic (app, calibrated)",0,0.02345758039613352
default,app,"Logistic (app, calibrated)",0,0.041770079797658274
default,app,"Logistic (app, calibrated)",0,0.05287340790999171
default,app,"Logistic (app, calibrated)",0,0.05349848763954905
default,app,"Logistic (app, calibrated)",0,0.03982320599662782
default,app,"Logistic (app, calibrated)",0,0.015112462205417778
default,app,"Logistic (app, calibrated)",0,0.007974970490866115
default,app,"Logistic (app, calibrated)",0,0.047866183072819646
default,app,"Logistic (app, calibrated)",0,0.04483541999902826
default,app,"Logistic (app, calibrated)",1,0.05587750353358967
default,app,"Logistic (app, calibrated)",0,0.03982320599662782
default,app,"Logistic (app, calibrated)",0,0.053959559508576324
default,app,"Logistic (app, calibrated)",0,0.04342833843896507
default,app,"Logistic (app, calibrated)",0,0.0621073864607203
default,app,"Logistic (app, calibrated)",0,0.03060438751850794
default,app,"Logistic (app, calibrated)",0,0.04011054806043508
default,app,"Logistic (app, calibrated)",0,0.04092235841006049
default,app,"Logistic (app, calibrated)",0,0.0036279599848043553
default,app,"Logistic (app, calibrated)",0,0.03414019106888693
default,app,"Logistic (app, calibrated)",0,0.022470806338095756
default,app,"Logistic (app, calibrated)",0,0.02086527119418182
default,app,"Logistic (app, calibrated)",0,0.019530668197300545
default,app,"Logistic (app, calibrated)",0,0.009207119257755978
default,app,"Logistic (app, calibrated)",0,0.0035714285714285713
default,app,"Logistic (app, calibrated)",0,0.0024615384615384616
default,app,"Logistic (app, calibrated)",0,0.01764154790204807
default,app,"Logistic (app, calibrated)",0,0.011443178583351664
default,app,"Logistic (app, calibrated)",0,0.0036279599848043553
default,app,"Logistic (app, calibrated)",0,0.011987481109259856
default,app,"Logistic (app, calibrated)",0,0.028224455108588387
default,app,"Logistic (app, calibrated)",0,0.011443178583351664
default,app,"Logistic (app, calibrated)",0,0.024732002262973517
default,app,"Logistic (app, calibrated)",0,0.05368490663238901
default,app,"Logistic (app, calibrated)",0,0.011443178583351664
default,app,"Logistic (app, calibrated)",0,0.03982320599662782
default,app,"Logistic (app, calibrated)",0,0.03903517736572039
default,app,"Logistic (app, calibrated)",0,0.01867238824877504
default,app,"Logistic (app, calibrated)",0,0.02619151559464671
default,app,"Logistic (app, calibrated)",0,0.019310022019207555
default,app,"Logistic (app, calibrated)",0,0.007974970490866115
default,app,"Logistic (app, calibrated)",0,0.010703490333975323
default,app,"Logistic (app, calibrated)",0,0.033492880257544856
default,app,"Logistic (app, calibrated)",0,0.025552104229787785
default,app,"Logistic (app, calibrated)",0,0.15979719632818618
default,app,"Logistic (app, calibrated)",0,0.011856516339434988
default,app,"Logistic (app, calibrated)",0,0.011443178583351664
default,app,"Logistic (app, calibrated)",1,0.03414019106888693
default,app,"Logistic (app, calibrated)",0,0.040145396511135766
default,app,"Logistic (app, calibrated)",0,0.01867238824877504
default,app,"Logistic (app, calibrated)",0,0.01519913360701464
default,app,"Logistic (app, calibrated)",0,0.012076773977113178
default,app,"Logistic (app, calibrated)",0,0.04242756744770604
default,app,"Logistic (app, calibrated)",0,0.03871682508256434
default,app,"Logistic (app, calibrated)",0,0.0009433962264150943
default,app,"Logistic (app, calibrated)",0,0.0572542703832155
default,app,"Logistic (app, calibrated)",0,0.0
default,app,"Logistic (app, calibrated)",0,0.002797331492983667
default,app,"Logistic (app, calibrated)",0,0.01436258340577975
default,app,"Logistic (app, calibrated)",1,0.07136451066001555
default,app,"Logistic (app, calibrated)",0,0.03414019106888693
default,app,"Logistic (app, calibrated)",0,0.020077182387502446
default,app,"Logistic (app, calibrated)",1,0.014174468447299604
default,app,"Logistic (app, calibrated)",0,0.028855311197433408
default,app,"Logistic (app, calibrated)",0,0.007596080502258992
default,app,"Logistic (app, calibrated)",0,0.008791435066466976
default,app,"Logistic (app, calibrated)",0,0.010385391802709785
default,app,"Logistic (app, calibrated)",0,0.03903517736572039
default,app,"Logistic (app, calibrated)",0,0.028855311197433408
default,app,"Logistic (app, calibrated)",0,0.015380750283762729
default,app,"Logistic (app, calibrated)",0,0.04011054806043508
default,app,"Logistic (app, calibrated)",0,0.053080629344859166
default,app,"Logistic (app, calibrated)",0,0.04483541999902826
default,app,"Logistic (app, calibrated)",0,0.020077182387502446
default,app,"Logistic (app, calibrated)",1,0.05546576103539388
default,app,"Logistic (app, calibrated)",0,0.010688651420373797
default,app,"Logistic (app, calibrated)",0,0.1292522237702283
default,app,"Logistic (app, calibrated)",0,0.0009433962264150943
default,app,"Logistic (app, calibrated)",0,0.014289571544614493
default,app,"Logistic (app, calibrated)",0,0.002427938396690258
default,app,"Logistic (app, calibrated)",0,0.06288205608869266
default,app,"Logistic (app, calibrated)",0,0.019310022019207555
default,app,"Logistic (app, calibrated)",0,0.09649022707896601
default,app,"Logistic (app, calibrated)",0,0.0017391304347826088
default,app,"Logistic (app, calibrated)",0,0.07353984119592734
default,app,"Logistic (app, calibrated)",0,0.0035714285714285713
default,app,"Logistic (app, calibrated)",0,0.03903517736572039
default,app,"Logistic (app, calibrated)",0,0.016214782505624015
default,app,"Logistic (app, calibrated)",0,0.022994326029890415
default,app,"Logistic (app, calibrated)",0,0.019923908176195194
default,app,"Logistic (app, calibrated)",0,0.02730416505264769
default,app,"Logistic (app, calibrated)",0,0.030837698750251004
default,app,"Logistic (app, calibrated)",0,0.031680326707619784
default,app,"Logistic (app, calibrated)",1,0.0009433962264150943
default,app,"Logistic (app, calibrated)",0,0.03504217603219274
default,app,"Logistic (app, calibrated)",0,0.02345758039613352
default,app,"Logistic (app, calibrated)",0,0.024077343907698407
default,app,"Logistic (app, calibrated)",0,0.013200358653888768
default,app,"Logistic (app, calibrated)",0,0.009979625571829468
default,app,"Logistic (app, calibrated)",0,0.0028169014084507044
default,app,"Logistic (app, calibrated)",0,0.016946903847243046
default,app,"Logistic (app, calibrated)",0,0.016214782505624015
default,app,"Logistic (app, calibrated)",0,0.016214782505624015
default,app,"Logistic (app, calibrated)",0,0.05116070612782109
default,app,"Logistic (app, calibrated)",0,0.047866183072819646
default,app,"Logistic (app, calibrated)",0,0.018532466940347974
default,app,"Logistic (app, calibrated)",0,0.007974970490866115
default,app,"Logistic (app, calibrated)",0,0.06580454807593972
default,app,"Logistic (app, calibrated)",0,0.03809393476269847
default,app,"Logistic (app, calibrated)",0,0.0
default,app,"Logistic (app, calibrated)",0,0.04948910039022988
default,app,"Logistic (app, calibrated)",0,0.06580454807593972
default,app,"Logistic (app, calibrated)",0,0.05486832922166307
default,app,"Logistic (app, calibrated)",0,0.007029320529022043
default,app,"Logistic (app, calibrated)",0,0.011987481109259856
default,app,"Logistic (app, calibrated)",0,0.08375170558601111
default,app,"Logistic (app, calibrated)",0,0.013121568878300151
default,app,"Logistic (app, calibrated)",0,0.015439367444494667
default,app,"Logistic (app, calibrated)",0,0.04011054806043508
default,app,"Logistic (app, calibrated)",0,0.08236832922166307
default,app,"Logistic (app, calibrated)",0,0.011443178583351664
default,app,"Logistic (app, calibrated)",0,0.016955524664710203
default,app,"Logistic (app, calibrated)",0,0.013615432951913331
default,app,"Logistic (app, calibrated)",0,0.003061224489795918
default,app,"Logistic (app, calibrated)",0,0.004479664206107975
default,app,"Logistic (app, calibrated)",0,0.016514618940071522
default,app,"Logistic (app, calibrated)",0,0.01712767280162057
default,app,"Logistic (app, calibrated)",0,0.0009433962264150943
default,app,"Logistic (app, calibrated)",0,0.0017391304347826088
default,app,"Logistic (app, calibrated)",0,0.03024617144749337
default,app,"Logistic (app, calibrated)",0,0.007974970490866115
default,app,"Logistic (app, calibrated)",0,0.019922226860779983
default,app,"Logistic (app, calibrated)",0,0.040145396511135766
default,app,"Logistic (app, calibrated)",0,0.006439461853630031
default,app,"Logistic (app, calibrated)",0,0.013514156483485145
default,app,"Logistic (app, calibrated)",0,0.011987481109259856
default,app,"Logistic (app, calibrated)",0,0.0033876731560896663
default,app,"Logistic (app, calibrated)",0,0.05587750353358967
default,app,"Logistic (app, calibrated)",0,0.0009433962264150943
default,app,"Logistic (app, calibrated)",0,0.03903517736572039
default,app,"Logistic (app, calibrated)",0,0.008791435066466976
default,app,"Logistic (app, calibrated)",0,0.016094680284838753
default,app,"Logistic (app, calibrated)",0,0.01689171136419514
default,app,"Logistic (app, calibrated)",0,0.011443178583351664
default,app,"Logistic (app, calibrated)",0,0.03903517736572039
default,app,"Logistic (app, calibrated)",0,0.027014372948209887
default,app,"Logistic (app, calibrated)",0,0.061830621533786045
default,app,"Logistic (app, calibrated)",0,0.0308522092094765
default,app,"Logistic (app, calibrated)",0,0.004128205128205128
default,app,"Logistic (app, calibrated)",0,0.020997331004573093
default,app,"Logistic (app, calibrated)",0,0.02292268822898988
default,app,"Logistic (app, calibrated)",0,0.05903887150828295
default,app,"Logistic (app, calibrated)",0,0.0028169014084507044
default,app,"Logistic (app, calibrated)",0,0.028757685375822233
default,app,"Logistic (app, calibrated)",0,0.019530668197300545
default,app,"Logistic (app, calibrated)",0,0.053959559508576324
default,app,"Logistic (app, calibrated)",0,0.02034216551601276
default,app,"Logistic (app, calibrated)",0,0.0009433962264150943
default,app,"Logistic (app, calibrated)",0,0.024001035038809425
default,app,"Logistic (app, calibrated)",0,0.0036279599848043553
default,app,"Logistic (app, calibrated)",0,0.004128205128205128
default,app,"Logistic (app, calibrated)",0,0.02277367985179743
default,app,"Logistic (app, calibrated)",0,0.010385391802709785
default,app,"Logistic (app, calibrated)",0,0.016955524664710203
default,app,"Logistic (app, calibrated)",0,0.053959559508576324
default,app,"Logistic (app, calibrated)",0,0.05891380212043869
default,app,"Logistic (app, calibrated)",0,0.04934000682770891
default,app,"Logistic (app, calibrated)",0,0.011506991883866727
default,app,"Logistic (app, calibrated)",0,0.007568158470381278
default,app,"Logistic (app, calibrated)",0,0.01402856017284491
default,app,"Logistic (app, calibrated)",0,0.07367323289104633
default,app,"Logistic (app, calibrated)",0,0.016214782505624015
default,app,"Logistic (app, calibrated)",0,0.03903517736572039
default,app,"Logistic (app, calibrated)",0,0.05587750353358967
default,app,"Logistic (app, calibrated)",0,0.03903517736572039
default,app,"Logistic (app, calibrated)",0,0.034370080589684576
default,app,"Logistic (app, calibrated)",0,0.06094468804215145
default,app,"Logistic (app, calibrated)",0,0.011443178583351664
default,app,"Logistic (app, calibrated)",0,0.026482604690912147
default,app,"Logistic (app, calibrated)",0,0.008791435066466976
default,app,"Logistic (app, calibrated)",0,0.019731313917018867
default,app,"Logistic (app, calibrated)",0,0.015832642521714117
default,app,"Logistic (app, calibrated)",0,0.0017391304347826088
default,app,"Logistic (app, calibrated)",0,0.00751120105915769
default,app,"Logistic (app, calibrated)",0,0.015520138450818993
default,app,"Logistic (app, calibrated)",0,0.014278165163242146
default,app,"Logistic (app, calibrated)",0,0.05349848763954905
default,app,"Logistic (app, calibrated)",0,0.02349409246975525
default,app,"Logistic (app, calibrated)",0,0.03414019106888693
default,app,"Logistic (app, calibrated)",0,0.004479664206107975
default,app,"Logistic (app, calibrated)",0,0.05587750353358967
default,app,"Logistic (app, calibrated)",0,0.05903887150828295
default,app,"Logistic (app, calibrated)",0,0.014562624641850198
default,app,"Logistic (app, calibrated)",0,0.0009433962264150943
default,app,"Logistic (app, calibrated)",0,0.06391672221560049
default,app,"Logistic (app, calibrated)",0,0.005449362843729041
default,app,"Logistic (app, calibrated)",0,0.0210450947552963
default,app,"Logistic (app, calibrated)",0,0.011453925620051927
default,app,"Logistic (app, calibrated)",1,0.03060438751850794
default,app,"Logistic (app, calibrated)",0,0.0774456139766038
default,app,"Logistic (app, calibrated)",0,0.011443178583351664
default,app,"Logistic (app, calibrated)",0,0.013174996710302594
default,app,"Logistic (app, calibrated)",0,0.0
default,app,"Logistic (app, calibrated)",0,0.05271081665038533
default,app,"Logistic (app, calibrated)",0,0.02050709951607152
default,app,"Logistic (app, calibrated)",0,0.026482604690912147
default,app,"Logistic (app, calibrated)",0,0.007029320529022043
default,app,"Logistic (app, calibrated)",0,0.0
default,app,"Logistic (app, calibrated)",0,0.05587750353358967
default,app,"Logistic (app, calibrated)",0,0.019530668197300545
default,app,"Logistic (app, calibrated)",0,0.020077182387502446
default,app,"Logistic (app, calibrated)",1,0.03633146417254467
default,app,"Logistic (app, calibrated)",1,0.03414019106888693
default,app,"Logistic (app, calibrated)",0,0.021865800273681308
default,app,"Logistic (app, calibrated)",0,0.03581405393205157
default,app,"Logistic (app, calibrated)",0,0.0009433962264150943
default,app,"Logistic (app, calibrated)",0,0.013174996710302594
default,app,"Logistic (app, calibrated)",1,0.02090961818637519
default,app,"Logistic (app, calibrated)",0,0.0158071062602228
default,app,"Logistic (app, calibrated)",0,0.02345758039613352
default,app,"Logistic (app, calibrated)",0,0.0009433962264150943
default,app,"Logistic (app, calibrated)",0,0.04872757219358594
default,app,"Logistic (app, calibrated)",0,0.0
default,app,"Logistic (app, calibrated)",0,0.0009433962264150943
default,app,"Logistic (app, calibrated)",0,0.03871682508256434
default,app,"Logistic (app, calibrated)",0,0.09936833336234849
default,app,"Logistic (app, calibrated)",0,0.03627250611684042
default,app,"Logistic (app, calibrated)",0,0.026445863785416572
default,app,"Logistic (app, calibrated)",0,0.012632029528581251
default,app,"Logistic (app, calibrated)",0,0.016955524664710203
default,app,"Logistic (app, calibrated)",0,0.04116258743708022
default,app,"Logistic (app, calibrated)",0,0.0036279599848043553
default,app,"Logistic (app, calibrated)",0,0.009773636166084907
default,app,"Logistic (app, calibrated)",0,0.00803878379138118
default,app,"Logistic (app, calibrated)",0,0.010385391802709785
default,app,"Logistic (app, calibrated)",0,0.040145396511135766
default,app,"Logistic (app, calibrated)",0,0.009979625571829468
default,app,"Logistic (app, calibrated)",0,0.03476527079844428
default,app,"Logistic (app, calibrated)",0,0.01085590639061799
default,app,"Logistic (app, calibrated)",0,0.059613774551528345
default,app,"Logistic (app, calibrated)",0,0.053080629344859166
default,app,"Logistic (app, calibrated)",0,0.02284672879713963
default,app,"Logistic (app, calibrated)",0,0.04530954505997008
default,app,"Logistic (app, calibrated)",1,0.04483541999902826
default,app,"Logistic (app, calibrated)",0,0.019922226860779983
default,app,"Logistic (app, calibrated)",0,0.08705630328716055
default,app,"Logistic (app, calibrated)",0,0.02345758039613352
default,app,"Logistic (app, calibrated)",0,0.024382201560663074
default,app,"Logistic (app, calibrated)",0,0.014744127732050092
default,app,"Logistic (app, calibrated)",0,0.026745562255543948
default,app,"Logistic (app, calibrated)",0,0.016214782505624015
default,app,"Logistic (app, calibrated)",0,0.003807000418351694
default,app,"Logistic (app, calibrated)",0,0.02070277239184399
default,app,"Logistic (app, calibrated)",0,0.09755498685049174
default,app,"Logistic (app, calibrated)",0,0.008835704370415969
default,app,"Logistic (app, calibrated)",0,0.003061224489795918
default,app,"Logistic (app, calibrated)",0,0.01436258340577975
default,app,"Logistic (app, calibrated)",0,0.012556245920258158
default,app,"Logistic (app, calibrated)",0,0.017577774597509206
default,app,"Logistic (app, calibrated)",0,0.04361940979283161
default,app,"Logistic (app, calibrated)",0,0.006439461853630031
default,app,"Logistic (app, calibrated)",0,0.05903887150828295
default,app,"Logistic (app, calibrated)",1,0.07454706325196611
default,app,"Logistic (app, calibrated)",0,0.011443178583351664
default,app,"Logistic (app, calibrated)",0,0.03218345444383278
default,app,"Logistic (app, calibrated)",0,0.029122229954036866
default,app,"Logistic (app, calibrated)",0,0.0389102352897822
default,app,"Logistic (app, calibrated)",0,0.01297926540471799
default,app,"Logistic (app, calibrated)",0,0.046930630303655387
default,app,"Logistic (app, calibrated)",0,0.013794339468287235
default,app,"Logistic (app, calibrated)",0,0.026435065055257428
default,app,"Logistic (app, calibrated)",0,0.0028169014084507044
default,app,"Logistic (app, calibrated)",0,0.004561527581329562
default,app,"Logistic (app, calibrated)",0,0.01359011700371188
default,app,"Logistic (app, calibrated)",0,0.02493145854612643
default,app,"Logistic (app, calibrated)",0,0.020077182387502446
default,app,"Logistic (app, calibrated)",0,0.017633290094770476
default,app,"Logistic (app, calibrated)",0,0.03616669890063216
default,app,"Logistic (app, calibrated)",0,0.011169140645766924
default,app,"Logistic (app, calibrated)",0,0.0028169014084507044
default,app,"Logistic (app, calibrated)",1,0.03513346644302593
default,app,"Logistic (app, calibrated)",0,0.007029320529022043
default,app,"Logistic (app, calibrated)",0,0.02345758039613352
default,app,"Logistic (app, calibrated)",0,0.04011054806043508
default,app,"Logistic (app, calibrated)",0,0.00953140307935971
default,app,"Logistic (app, calibrated)",0,0.06580454807593972
default,app,"Logistic (app, calibrated)",0,0.05903887150828295
default,app,"Logistic (app, calibrated)",0,0.0
default,app,"Logistic (app, calibrated)",0,0.03903517736572039
default,app,"Logistic (app, calibrated)",0,0.0009433962264150943
default,app,"Logistic (app, calibrated)",0,0.019310022019207555
default,app,"Logistic (app, calibrated)",0,0.00539007452224929
default,app,"Logistic (app, calibrated)",0,0.04089973413937274
default,app,"Logistic (app, calibrated)",0,0.041770079797658274
default,app,"Logistic (app, calibrated)",0,0.040145396511135766
default,app,"Logistic (app, calibrated)",0,0.017779346957647716
default,app,"Logistic (app, calibrated)",0,0.020001639624140383
default,app,"Logistic (app, calibrated)",0,0.019922226860779983
default,app,"Logistic (app, calibrated)",0,0.020008128337038966
default,app,"Logistic (app, calibrated)",0,0.019310022019207555
default,app,"Logistic (app, calibrated)",0,0.020077182387502446
default,app,"Logistic (app, calibrated)",0,0.05562099547410419
default,app,"Logistic (app, calibrated)",0,0.03163008767026774
default,app,"Logistic (app, calibrated)",0,0.004479664206107975
default,app,"Logistic (app, calibrated)",0,0.03204566723523266
default,app,"Logistic (app, calibrated)",0,0.014744723389689646
default,app,"Logistic (app, calibrated)",0,0.021559915248986844
default,app,"Logistic (app, calibrated)",0,0.010873770371271662
default,app,"Logistic (app, calibrated)",0,0.008390341652325977
default,app,"Logistic (app, calibrated)",0,0.029874045627936625
default,app,"Logistic (app, calibrated)",0,0.03370619917264114
default,app,"Logistic (app, calibrated)",0,0.022016750694434255
default,app,"Logistic (app, calibrated)",0,0.01712767280162057
default,app,"Logistic (app, calibrated)",0,0.0
default,app,"Logistic (app, calibrated)",0,0.03903517736572039
default,app,"Logistic (app, calibrated)",0,0.004128205128205128
default,app,"Logistic (app, calibrated)",0,0.03476527079844428
default,app,"Logistic (app, calibrated)",0,0.028097546508833438
default,app,"Logistic (app, calibrated)",0,0.010615188941326103
default,app,"Logistic (app, calibrated)",0,0.02716564201884693
default,app,"Logistic (app, calibrated)",0,0.04483541999902826
default,app,"Logistic (app, calibrated)",1,0.016094680284838753
default,app,"Logistic (app, calibrated)",0,0.019530668197300545
default,app,"Logistic (app, calibrated)",0,0.026745562255543948
default,app,"Logistic (app, calibrated)",0,0.0009433962264150943
default,app,"Logistic (app, calibrated)",0,0.0053084155010318735
default,app,"Logistic (app, calibrated)",0,0.0028125870231133386
default,app,"Logistic (app, calibrated)",0,0.005196132092683816
default,app,"Logistic (app, calibrated)",0,0.026974302841592256
default,app,"Logistic (app, calibrated)",0,0.03504217603219274
default,app,"Logistic (app, calibrated)",0,0.007974970490866115
default,app,"Logistic (app, calibrated)",0,0.00935047056185325
default,app,"Logistic (app, calibrated)",0,0.011987481109259856
default,app,"Logistic (app, calibrated)",0,0.043519325901867995
default,app,"Logistic (app, calibrated)",0,0.005045636320865679
default,app,"Logistic (app, calibrated)",0,0.02284672879713963
default,app,"Logistic (app, calibrated)",0,0.03060438751850794
default,app,"Logistic (app, calibrated)",0,0.016523407525836205
default,app,"Logistic (app, calibrated)",1,0.08068306566822572
default,app,"Logistic (app, calibrated)",0,0.020077182387502446
default,app,"Logistic (app, calibrated)",0,0.010127968593356417
default,app,"Logistic (app, calibrated)",0,0.0
default,app,"Logistic (app, calibrated)",0,0.019731313917018867
default,app,"Logistic (app, calibrated)",0,0.00758082497212932
default,app,"Logistic (app, calibrated)",0,0.04011054806043508
default,app,"Logistic (app, calibrated)",0,0.013514156483485145
default,app,"Logistic (app, calibrated)",0,0.02606341175248335
default,app,"Logistic (app, calibrated)",0,0.040145396511135766
default,app,"Logistic (app, calibrated)",0,0.002584097859327217
default,app,"Logistic (app, calibrated)",0,0.014469391556631817
default,app,"Logistic (app, calibrated)",0,0.04353051408714435
default,app,"Logistic (app, calibrated)",0,0.025395883680016957
default,app,"Logistic (app, calibrated)",0,0.015520138450818993
default,app,"Logistic (app, calibrated)",0,0.008390341652325977
default,app,"Logistic (app, calibrated)",0,0.024941237056049347
default,app,"Logistic (app, calibrated)",0,0.00944794365271808
default,app,"Logistic (app, calibrated)",0,0.0053084155010318735
default,app,"Logistic (app, calibrated)",0,0.027876900330740452
default,app,"Logistic (app, calibrated)",0,0.0017391304347826088
default,app,"Logistic (app, calibrated)",0,0.0
default,app,"Logistic (app, calibrated)",0,0.01192366780874479
default,app,"Logistic (app, calibrated)",0,0.02345758039613352
default,app,"Logistic (app, calibrated)",0,0.01348241044934921
default,app,"Logistic (app, calibrated)",0,0.02657768466942883
default,app,"Logistic (app, calibrated)",0,0.017368274446392024
default,app,"Logistic (app, calibrated)",0,0.040145396511135766
default,app,"Logistic (app, calibrated)",0,0.05903887150828295
default,app,"Logistic (app, calibrated)",0,0.0036279599848043553
default,app,"Logistic (app, calibrated)",0,0.030435906523332456
default,app,"Logistic (app, calibrated)",0,0.025395883680016957
default,app,"Logistic (app, calibrated)",0,0.04483541999902826
default,app,"Logistic (app, calibrated)",0,0.004128205128205128
default,app,"Logistic (app, calibrated)",0,0.0009433962264150943
default,app,"Logistic (app, calibrated)",0,0.03476527079844428
default,app,"Logistic (app, calibrated)",0,0.007029320529022043
default,app,"Logistic (app, calibrated)",0,0.0
default,app,"Logistic (app, calibrated)",0,0.01712767280162057
default,app,"Logistic (app, calibrated)",0,0.01670553188383264
default,app,"Logistic (app, calibrated)",0,0.05562099547410419
default,app,"Logistic (app, calibrated)",1,0.03414019106888693
default,app,"Logistic (app, calibrated)",0,0.0009433962264150943
default,app,"Logistic (app, calibrated)",0,0.02730416505264769
default,app,"Logistic (app, calibrated)",0,0.014663932077526953
default,app,"Logistic (app, calibrated)",0,0.016195960381665334
default,app,"Logistic (app, calibrated)",0,0.05968314403647788
default,app,"Logistic (app, calibrated)",0,0.015112462205417778
default,app,"Logistic (app, calibrated)",0,0.03633146417254467
default,app,"Logistic (app, calibrated)",0,0.022994326029890415
default,app,"Logistic (app, calibrated)",0,0.04092235841006049
default,app,"Logistic (app, calibrated)",0,0.014072601367565333
default,app,"Logistic (app, calibrated)",0,0.005877061469265367
default,app,"Logistic (app, calibrated)",0,0.02345758039613352
default,app,"Logistic (app, calibrated)",0,0.02606341175248335
default,app,"Logistic (app, calibrated)",0,0.011987481109259856
default,app,"Logistic (app, calibrated)",0,0.03145881739265433
default,app,"Logistic (app, calibrated)",0,0.05116070612782109
default,app,"Logistic (app, calibrated)",0,0.05521268491813144
default,app,"Logistic (app, calibrated)",0,0.057961410821037763
default,app,"Logistic (app, calibrated)",0,0.03414019106888693
default,app,"Logistic (app, calibrated)",0,0.021628328532288167
default,app,"Logistic (app, calibrated)",0,0.028154630710444717
default,app,"Logistic (app, calibrated)",0,0.04669024700947464
default,app,"Logistic (app, calibrated)",0,0.05562099547410419
default,app,"Logistic (app, calibrated)",0,0.0
default,app,"Logistic (app, calibrated)",0,0.00758082497212932
default,app,"Logistic (app, calibrated)",0,0.007029320529022043
default,app,"Logistic (app, calibrated)",0,0.0009433962264150943
default,app,"Logistic (app, calibrated)",0,0.02070277239184399
default,app,"Logistic (app, calibrated)",0,0.05372230516187384
default,app,"Logistic (app, calibrated)",0,0.04483541999902826
default,app,"Logistic (app, calibrated)",0,0.03414019106888693
default,app,"Logistic (app, calibrated)",0,0.019530668197300545
default,app,"Logistic (app, calibrated)",0,0.0034812349114947865
default,app,"Logistic (app, calibrated)",0,0.04717642604880022
default,app,"Logistic (app, calibrated)",0,0.040145396511135766
default,app,"Logistic (app, calibrated)",0,0.03903517736572039
default,app,"Logistic (app, calibrated)",0,0.04011054806043508
default,app,"Logistic (app, calibrated)",0,0.013615432951913331
default,app,"Logistic (app, calibrated)",0,0.011987481109259856
default,app,"Logistic (app, calibrated)",0,0.021559915248986844
default,app,"Logistic (app, calibrated)",0,0.01867238824877504
default,app,"Logistic (app, calibrated)",0,0.03204566723523266
default,app,"Logistic (app, calibrated)",0,0.0009433962264150943
default,app,"Logistic (app, calibrated)",0,0.0009433962264150943
default,app,"Logistic (app, calibrated)",0,0.05587750353358967
default,app,"Logistic (app, calibrated)",0,0.016214782505624015
default,app,"Logistic (app, calibrated)",0,0.015520138450818993
default,app,"Logistic (app, calibrated)",0,0.006984871480965124
default,app,"Logistic (app, calibrated)",0,0.05811067994498546
default,app,"Logistic (app, calibrated)",0,0.01085590639061799
default,app,"Logistic (app, calibrated)",0,0.02345758039613352
default,app,"Logistic (app, calibrated)",0,0.02622514679279071
default,app,"Logistic (app, calibrated)",0,0.04242756744770604
default,app,"Logistic (app, calibrated)",0,0.08236832922166307
default,app,"Logistic (app, calibrated)",0,0.02345758039613352
default,app,"Logistic (app, calibrated)",0,0.05486832922166307
default,app,"Logistic (app, calibrated)",1,0.03414019106888693
default,app,"Logistic (app, calibrated)",0,0.054543534786859006
default,app,"Logistic (app, calibrated)",0,0.05903887150828295
default,app,"Logistic (app, calibrated)",0,0.059613774551528345
default,app,"Logistic (app, calibrated)",0,0.004128205128205128
default,app,"Logistic (app, calibrated)",0,0.008791435066466976
default,app,"Logistic (app, calibrated)",0,0.007596080502258992
default,app,"Logistic (app, calibrated)",0,0.015112462205417778
default,app,"Logistic (app, calibrated)",0,0.013312958905162802
default,app,"Logistic (app, calibrated)",0,0.008138200791473829
default,app,"Logistic (app, calibrated)",0,0.01297926540471799
default,app,"Logistic (app, calibrated)",0,0.022994326029890415
default,app,"Logistic (app, calibrated)",0,0.024439229415619546
default,app,"Logistic (app, calibrated)",0,0.01712767280162057
default,app,"Logistic (app, calibrated)",0,0.03414019106888693
default,app,"Logistic (app, calibrated)",0,0.009979625571829468
default,app,"Logistic (app, calibrated)",0,0.04011263805296559
default,app,"Logistic (app, calibrated)",0,0.0
default,app,"Logistic (app, calibrated)",0,0.01258950705489488
default,app,"Logistic (app, calibrated)",0,0.014944435046528776
default,app,"Logistic (app, calibrated)",0,0.011987481109259856
default,app,"Logistic (app, calibrated)",0,0.016214782505624015
default,app,"Logistic (app, calibrated)",0,0.015520138450818993
default,app,"Logistic (app, calibrated)",0,0.007029320529022043
default,app,"Logistic (app, calibrated)",0,0.03975897343796134
default,app,"Logistic (app, calibrated)",0,0.004479664206107975
default,app,"Logistic (app, calibrated)",0,0.055543009645816765
default,app,"Logistic (app, calibrated)",0,0.03439605840600253
default,app,"Logistic (app, calibrated)",0,0.02284672879713963
default,app,"Logistic (app, calibrated)",0,0.09755498685049174
default,app,"Logistic (app, calibrated)",0,0.008835704370415969
default,app,"Logistic (app, calibrated)",0,0.04011263805296559
default,app,"Logistic (app, calibrated)",0,0.005877061469265367
default,app,"Logistic (app, calibrated)",0,0.01434197846375721
default,app,"Logistic (app, calibrated)",0,0.008390341652325977
default,app,"Logistic (app, calibrated)",0,0.010390358441772735
default,app,"Logistic (app, calibrated)",0,0.016955524664710203
default,app,"Logistic (app, calibrated)",0,0.10003066688400072
default,app,"Logistic (app, calibrated)",0,0.03024300393564785
default,app,"Logistic (app, calibrated)",0,0.005196132092683816
default,app,"Logistic (app, calibrated)",0,0.008390341652325977
default,app,"Logistic (app, calibrated)",0,0.053080629344859166
default,app,"Logistic (app, calibrated)",0,0.0
default,app,"Logistic (app, calibrated)",0,0.03092349609193959
default,app,"Logistic (app, calibrated)",0,0.026445863785416572
default,app,"Logistic (app, calibrated)",0,0.03903517736572039
default,app,"Logistic (app, calibrated)",0,0.017905359349135723
default,app,"Logistic (app, calibrated)",1,0.059613774551528345
default,app,"Logistic (app, calibrated)",0,0.019530668197300545
default,app,"Logistic (app, calibrated)",0,0.04483541999902826
default,app,"Logistic (app, calibrated)",0,0.014235487850155734
default,app,"Logistic (app, calibrated)",0,0.08705630328716055
default,app,"Logistic (app, calibrated)",0,0.022994326029890415
default,app,"Logistic (app, calibrated)",0,0.021898606877972977
default,app,"Logistic (app, calibrated)",0,0.004403541919437544
default,app,"Logistic (app, calibrated)",0,0.03504217603219274
default,app,"Logistic (app, calibrated)",0,0.011853318414468399
default,app,"Logistic (app, calibrated)",0,0.0580030744682297
default,app,"Logistic (app, calibrated)",0,0.01436258340577975
default,app,"Logistic (app, calibrated)",0,0.0567298195359215
default,app,"Logistic (app, calibrated)",0,0.022621122201421383
default,app,"Logistic (app, calibrated)",0,0.04011054806043508
default,app,"Logistic (app, calibrated)",0,0.01234087760035984
default,app,"Logistic (app, calibrated)",0,0.04474335128628811
default,app,"Logistic (app, calibrated)",0,0.014744127732050092
default,app,"Logistic (app, calibrated)",0,0.007029320529022043
default,app,"Logistic (app, calibrated)",0,0.019408202300281414
default,app,"Logistic (app, calibrated)",0,0.019530668197300545
default,app,"Logistic (app, calibrated)",0,0.0009433962264150943
default,app,"Logistic (app, calibrated)",0,0.010859289226847976
default,app,"Logistic (app, calibrated)",0,0.004128205128205128
default,app,"Logistic (app, calibrated)",0,0.007974970490866115
default,app,"Logistic (app, calibrated)",0,0.029874045627936625
default,app,"Logistic (app, calibrated)",0,0.023550715115620013
default,app,"Logistic (app, calibrated)",0,0.0017391304347826088
default,app,"Logistic (app, calibrated)",0,0.011245664740441098
default,app,"Logistic (app, calibrated)",0,0.033547840837732636
default,app,"Logistic (app, calibrated)",0,0.053959559508576324
default,app,"Logistic (app, calibrated)",0,0.0193863480239492
default,app,"Logistic (app, calibrated)",0,0.0
default,app,"Logistic (app, calibrated)",0,0.0009433962264150943
default,app,"Logistic (app, calibrated)",0,0.05891380212043869
default,app,"Logistic (app, calibrated)",0,0.019731313917018867
default,app,"Logistic (app, calibrated)",0,0.005196132092683816
default,app,"Logistic (app, calibrated)",0,0.021184870897099757
default,app,"Logistic (app, calibrated)",0,0.03903517736572039
default,app,"Logistic (app, calibrated)",0,0.011443178583351664
default,app,"Logistic (app, calibrated)",0,0.013132016499575249
default,app,"Logistic (app, calibrated)",0,0.040145396511135766
default,app,"Logistic (app, calibrated)",0,0.0
default,app,"Logistic (app, calibrated)",0,0.039023989180444044
default,app,"Logistic (app, calibrated)",0,0.021312013511899756
default,app,"Logistic (app, calibrated)",0,0.031160827398994735
default,app,"Logistic (app, calibrated)",0,0.05562099547410419
default,app,"Logistic (app, calibrated)",0,0.0
default,app,"Logistic (app, calibrated)",0,0.05903887150828295
default,app,"Logistic (app, calibrated)",0,0.001058201058201058
default,app,"Logistic (app, calibrated)",0,0.0009433962264150943
default,app,"Logistic (app, calibrated)",0,0.05903887150828295
default,app,"Logistic (app, calibrated)",0,0.02302711600461411
default,app,"Logistic (app, calibrated)",0,0.04483541999902826
default,app,"Logistic (app, calibrated)",0,0.02284672879713963
default,app,"Logistic (app, calibrated)",0,0.016946903847243046
default,app,"Logistic (app, calibrated)",0,0.031572130861843316
default,app,"Logistic (app, calibrated)",0,0.07340478254571292
default,app,"Logistic (app, calibrated)",0,0.06116639107385968
default,app,"Logistic (app, calibrated)",0,0.007974970490866115
default,app,"Logistic (app, calibrated)",0,0.01433704714428843
default,app,"Logistic (app, calibrated)",0,0.002797331492983667
default,app,"Logistic (app, calibrated)",0,0.019530668197300545
default,app,"Logistic (app, calibrated)",0,0.0320035389964788
default,app,"Logistic (app, calibrated)",0,0.006719761075161772
default,app,"Logistic (app, calibrated)",0,0.018532466940347974
default,app,"Logistic (app, calibrated)",0,0.02292268822898988
default,app,"Logistic (app, calibrated)",0,0.009979625571829468
default,app,"Logistic (app, calibrated)",0,0.04483541999902826
default,app,"Logistic (app, calibrated)",0,0.020077182387502446
default,app,"Logistic (app, calibrated)",0,0.019731313917018867
default,app,"Logistic (app, calibrated)",0,0.028855311197433408
default,app,"Logistic (app, calibrated)",0,0.011245664740441098
default,app,"Logistic (app, calibrated)",0,0.03476527079844428
default,app,"Logistic (app, calibrated)",1,0.04620665133559645
default,app,"Logistic (app, calibrated)",0,0.1179622161550743
default,app,"Logistic (app, calibrated)",0,0.0
default,app,"Logistic (app, calibrated)",0,0.014397913622732305
default,app,"Logistic (app, calibrated)",1,0.03903517736572039
default,app,"Logistic (app, calibrated)",0,0.07677094497758155
default,app,"Logistic (app, calibrated)",0,0.009473479914209399
default,app,"Logistic (app, calibrated)",0,0.14939685567349262
default,app,"Logistic (app, calibrated)",0,0.008519273016774307
default,app,"Logistic (app, calibrated)",0,0.04361940979283161
default,app,"Logistic (app, calibrated)",0,0.008138200791473829
default,app,"Logistic (app, calibrated)",0,0.06679417677933684
default,app,"Logistic (app, calibrated)",0,0.013565775883107456
default,app,"Logistic (app, calibrated)",0,0.046781948731245984
default,app,"Logistic (app, calibrated)",0,0.011506991883866727
default,app,"Logistic (app, calibrated)",0,0.002797331492983667
default,app,"Logistic (app, calibrated)",0,0.025552104229787785
default,app,"Logistic (app, calibrated)",0,0.030837698750251004
default,app,"Logistic (app, calibrated)",0,0.00751120105915769
default,app,"Logistic (app, calibrated)",0,0.019530668197300545
default,app,"Logistic (app, calibrated)",0,0.013861489238364083
default,app,"Logistic (app, calibrated)",0,0.013174996710302594
default,app,"Logistic (app, calibrated)",0,0.0
default,app,"Logistic (app, calibrated)",0,0.007029320529022043
default,app,"Logistic (app, calibrated)",0,0.04483541999902826
default,app,"Logistic (app, calibrated)",0,0.08705630328716055
default,app,"Logistic (app, calibrated)",0,0.02034216551601276
default,app,"Logistic (app, calibrated)",0,0.009473479914209399
default,app,"Logistic (app, calibrated)",0,0.004694835680751174
default,app,"Logistic (app, calibrated)",0,0.0036279599848043553
default,app,"Logistic (app, calibrated)",0,0.015520138450818993
default,app,"Logistic (app, calibrated)",0,0.03060438751850794
default,app,"Logistic (app, calibrated)",0,0.015520138450818993
default,app,"Logistic (app, calibrated)",0,0.00953140307935971
default,app,"Logistic (app, calibrated)",0,0.02799515956006446
default,app,"Logistic (app, calibrated)",0,0.0389102352897822
default,app,"Logistic (app, calibrated)",0,0.027571083809251145
default,app,"Logistic (app, calibrated)",0,0.022994326029890415
default,app,"Logistic (app, calibrated)",0,0.008791435066466976
default,app,"Logistic (app, calibrated)",0,0.0
default,app,"Logistic (app, calibrated)",0,0.027713646300070043
default,app,"Logistic (app, calibrated)",0,0.03060438751850794
default,app,"Logistic (app, calibrated)",1,0.1179622161550743
default,app,"Logistic (app, calibrated)",0,0.02638659676419295
default,app,"Logistic (app, calibrated)",0,0.008780100002149087
default,app,"Logistic (app, calibrated)",0,0.008791435066466976
default,app,"Logistic (app, calibrated)",0,0.019922226860779983
default,app,"Logistic (app, calibrated)",0,0.013174996710302594
default,app,"Logistic (app, calibrated)",0,0.039023989180444044
default,app,"Logistic (app, calibrated)",0,0.011443178583351664
default,app,"Logistic (app, calibrated)",0,0.01192366780874479
default,app,"Logistic (app, calibrated)",0,0.047699421321401245
default,app,"Logistic (app, calibrated)",0,0.01434197846375721
default,app,"Logistic (app, calibrated)",0,0.03092349609193959
default,app,"Logistic (app, calibrated)",0,0.008497309196838072
default,app,"Logistic (app, calibrated)",0,0.03414019106888693
default,app,"Logistic (app, calibrated)",0,0.007029320529022043
default,app,"Logistic (app, calibrated)",0,0.00286803328220146
default,app,"Logistic (app, calibrated)",0,0.002797331492983667
default,app,"Logistic (app, calibrated)",1,0.04011263805296559
default,app,"Logistic (app, calibrated)",0,0.030837698750251004
default,app,"Logistic (app, calibrated)",0,0.01192366780874479
default,app,"Logistic (app, calibrated)",0,0.041770079797658274
default,app,"Logistic (app, calibrated)",0,0.014361079620561861
default,app,"Logistic (app, calibrated)",0,0.004479664206107975
default,app,"Logistic (app, calibrated)",0,0.013730395643373323
default,app,"Logistic (app, calibrated)",0,0.041770079797658274
default,app,"Logistic (app, calibrated)",0,0.0395152768499973
default,app,"Logistic (app, calibrated)",0,0.0043447567706327815
default,app,"Logistic (app, calibrated)",0,0.015520138450818993
default,app,"Logistic (app, calibrated)",0,0.0028125870231133386
default,app,"Logistic (app, calibrated)",0,0.030632308299047062
default,app,"Logistic (app, calibrated)",0,0.007596080502258992
default,app,"Logistic (app, calibrated)",0,0.09378626107977436
default,app,"Logistic (app, calibrated)",0,0.02493145854612643
default,app,"Logistic (app, calibrated)",0,0.008791435066466976
default,app,"Logistic (app, calibrated)",0,0.09450548321038607
default,app,"Logistic (app, calibrated)",0,0.0853027122690044
default,app,"Logistic (app, calibrated)",0,0.013312958905162802
default,app,"Logistic (app, calibrated)",0,0.0
default,app,"Logistic (app, calibrated)",0,0.0009433962264150943
default,app,"Logistic (app, calibrated)",0,0.0062303443179872586
default,app,"Logistic (app, calibrated)",0,0.0
default,app,"Logistic (app, calibrated)",0,0.07454706325196611
default,app,"Logistic (app, calibrated)",0,0.03903517736572039
default,app,"Logistic (app, calibrated)",0,0.01442990283778387
default,app,"Logistic (app, calibrated)",0,0.04483541999902826
default,app,"Logistic (app, calibrated)",0,0.022449888894023707
default,app,"Logistic (app, calibrated)",0,0.007974970490866115
default,app,"Logistic (app, calibrated)",0,0.03633146417254467
default,app,"Logistic (app, calibrated)",0,0.04361940979283161
default,app,"Logistic (app, calibrated)",0,0.03764300314362155
default,app,"Logistic (app, calibrated)",0,0.022449888894023707
default,app,"Logistic (app, calibrated)",0,0.007029320529022043
default,app,"Logistic (app, calibrated)",0,0.016214782505624015
default,app,"Logistic (app, calibrated)",0,0.02284672879713963
default,app,"Logistic (app, calibrated)",0,0.03903517736572039
default,app,"Logistic (app, calibrated)",0,0.04361940979283161
default,app,"Logistic (app, calibrated)",0,0.02086527119418182
default,app,"Logistic (app, calibrated)",0,0.022016750694434255
default,app,"Logistic (app, calibrated)",0,0.05115816710805413
default,app,"Logistic (app, calibrated)",0,0.09396847006774836
default,app,"Logistic (app, calibrated)",0,0.00020789917052136856
default,app,"Logistic (app, calibrated)",0,0.03145881739265433
default,app,"Logistic (app, calibrated)",0,0.0
default,app,"Logistic (app, calibrated)",0,0.019310022019207555
default,app,"Logistic (app, calibrated)",0,0.05287340790999171
default,app,"Logistic (app, calibrated)",0,0.02493145854612643
default,app,"Logistic (app, calibrated)",0,0.01764154790204807
default,app,"Logistic (app, calibrated)",0,0.02345758039613352
default,app,"Logistic (app, calibrated)",0,0.016806811980659222
default,app,"Logistic (app, calibrated)",0,0.0853027122690044
default,app,"Logistic (app, calibrated)",0,0.04011054806043508
default,app,"Logistic (app, calibrated)",0,0.01867238824877504
default,app,"Logistic (app, calibrated)",0,0.003807000418351694
default,app,"Logistic (app, calibrated)",0,0.013907431560704597
default,app,"Logistic (app, calibrated)",0,0.01867238824877504
default,app,"Logistic (app, calibrated)",0,0.02927659045917222
default,app,"Logistic (app, calibrated)",0,0.004479664206107975
default,app,"Logistic (app, calibrated)",0,0.038374913260078136
default,app,"Logistic (app, calibrated)",0,0.016214782505624015
default,app,"Logistic (app, calibrated)",0,0.015031691199093453
default,app,"Logistic (app, calibrated)",0,0.0210450947552963
default,app,"Logistic (app, calibrated)",0,0.0
default,app,"Logistic (app, calibrated)",0,0.0
default,app,"Logistic (app, calibrated)",0,0.05903887150828295
default,app,"Logistic (app, calibrated)",0,0.1438858772219976
default,app,"Logistic (app, calibrated)",0,0.043519325901867995
default,app,"Logistic (app, calibrated)",0,0.017633290094770476
default,app,"Logistic (app, calibrated)",0,0.03597008058968458
default,app,"Logistic (app, calibrated)",0,0.008791435066466976
default,app,"Logistic (app, calibrated)",1,0.059613774551528345
default,app,"Logistic (app, calibrated)",0,0.011861601865453139
default,app,"Logistic (app, calibrated)",0,0.04568220048830245
default,app,"Logistic (app, calibrated)",0,0.03903517736572039
default,app,"Logistic (app, calibrated)",0,0.02345758039613352
default,app,"Logistic (app, calibrated)",0,0.026445863785416572
default,app,"Logistic (app, calibrated)",0,0.02814683377682834
default,app,"Logistic (app, calibrated)",0,0.00944794365271808
default,app,"Logistic (app, calibrated)",0,0.03414019106888693
default,app,"Logistic (app, calibrated)",0,0.016955524664710203
default,app,"Logistic (app, calibrated)",0,0.004479664206107975
default,app,"Logistic (app, calibrated)",0,0.022336383582799244
default,app,"Logistic (app, calibrated)",0,0.016214782505624015
default,app,"Logistic (app, calibrated)",0,0.0028125870231133386
default,app,"Logistic (app, calibrated)",0,0.053959559508576324
default,app,"Logistic (app, calibrated)",0,0.1292522237702283
default,app,"Logistic (app, calibrated)",0,0.04011263805296559
default,app,"Logistic (app, calibrated)",0,0.05006355004521758
default,app,"Logistic (app, calibrated)",0,0.00539007452224929
default,app,"Logistic (app, calibrated)",0,0.04011263805296559
default,app,"Logistic (app, calibrated)",0,0.0389102352897822
default,app,"Logistic (app, calibrated)",0,0.008138200791473829
default,app,"Logistic (app, calibrated)",0,0.021865800273681308
default,app,"Logistic (app, calibrated)",0,0.0043447567706327815
default,app,"Logistic (app, calibrated)",0,0.01805108637722354
default,app,"Logistic (app, calibrated)",0,0.01764154790204807
default,app,"Logistic (app, calibrated)",0,0.01359011700371188
default,app,"Logistic (app, calibrated)",0,0.02345758039613352
default,app,"Logistic (app, calibrated)",0,0.1292522237702283
default,app,"Logistic (app, calibrated)",0,0.005196132092683816
default,app,"Logistic (app, calibrated)",0,0.0028169014084507044
default,app,"Logistic (app, calibrated)",0,0.011506991883866727
default,app,"Logistic (app, calibrated)",0,0.02827122257709101
default,app,"Logistic (app, calibrated)",0,0.0028125870231133386
default,app,"Logistic (app, calibrated)",0,0.019922226860779983
default,app,"Logistic (app, calibrated)",0,0.00758082497212932
default,app,"Logistic (app, calibrated)",0,0.03694395840775903
default,app,"Logistic (app, calibrated)",0,0.01085590639061799
default,app,"Logistic (app, calibrated)",0,0.04353051408714435
default,app,"Logistic (app, calibrated)",0,0.0149409218799092
default,app,"Logistic (app, calibrated)",0,0.05903887150828295
default,app,"Logistic (app, calibrated)",0,0.1225855571035616
default,app,"Logistic (app, calibrated)",0,0.022016750694434255
default,app,"Logistic (app, calibrated)",0,0.026745562255543948
default,app,"Logistic (app, calibrated)",0,0.024001035038809425
default,app,"Logistic (app, calibrated)",0,0.04483541999902826
default,app,"Logistic (app, calibrated)",0,0.019530668197300545
default,app,"Logistic (app, calibrated)",0,0.016946903847243046
default,app,"Logistic (app, calibrated)",0,0.02730416505264769
default,app,"Logistic (app, calibrated)",0,0.019310022019207555
default,app,"Logistic (app, calibrated)",0,0.008394367929079527
default,app,"Logistic (app, calibrated)",0,0.05020045976867934
default,app,"Logistic (app, calibrated)",0,0.020997331004573093
default,app,"Logistic (app, calibrated)",0,0.0009433962264150943
default,app,"Logistic (app, calibrated)",0,0.014744723389689646
default,app,"Logistic (app, calibrated)",0,0.03508211079185104
default,app,"Logistic (app, calibrated)",0,0.020077182387502446
default,app,"Logistic (app, calibrated)",0,0.03218345444383278
default,app,"Logistic (app, calibrated)",0,0.019530668197300545
default,app,"Logistic (app, calibrated)",0,0.018582671560169666
default,app,"Logistic (app, calibrated)",0,0.011987481109259856
default,app,"Logistic (app, calibrated)",0,0.05329474089311809
default,app,"Logistic (app, calibrated)",0,0.04483541999902826
default,app,"Logistic (app, calibrated)",0,0.00751120105915769
default,app,"Logistic (app, calibrated)",0,0.011443178583351664
default,app,"Logistic (app, calibrated)",0,0.02627965878678724
default,app,"Logistic (app, calibrated)",0,0.026745562255543948
default,app,"Logistic (app, calibrated)",0,0.08705630328716055
default,app,"Logistic (app, calibrated)",0,0.020008128337038966
default,app,"Logistic (app, calibrated)",0,0.040947147490084324
default,app,"Logistic (app, calibrated)",0,0.013615432951913331
default,app,"Logistic (app, calibrated)",0,0.06282592281108287
default,app,"Logistic (app, calibrated)",0,0.04872757219358594
default,app,"Logistic (app, calibrated)",0,0.0991916011578933
default,app,"Logistic (app, calibrated)",0,0.08375170558601111
default,app,"Logistic (app, calibrated)",0,0.014744723389689646
default,app,"Logistic (app, calibrated)",0,0.010678510558922579
default,app,"Logistic (app, calibrated)",0,0.04474335128628811
default,app,"Logistic (app, calibrated)",0,0.0036279599848043553
default,app,"Logistic (app, calibrated)",0,0.01297926540471799
default,app,"Logistic (app, calibrated)",0,0.02284672879713963
default,app,"Logistic (app, calibrated)",0,0.016955524664710203
default,app,"Logistic (app, calibrated)",0,0.039023989180444044
default,app,"Logistic (app, calibrated)",0,0.03975897343796134
default,app,"Logistic (app, calibrated)",0,0.005196132092683816
default,app,"Logistic (app, calibrated)",0,0.03903517736572039
default,app,"Logistic (app, calibrated)",0,0.03060438751850794
default,app,"Logistic (app, calibrated)",0,0.06424928574330088
default,app,"Logistic (app, calibrated)",0,0.0058569500674763835
default,app,"Logistic (app, calibrated)",0,0.0
default,app,"Logistic (app, calibrated)",0,0.030758247433234527
default,app,"Logistic (app, calibrated)",0,0.03024300393564785
default,app,"Logistic (app, calibrated)",0,0.02345758039613352
default,app,"Logistic (app, calibrated)",0,0.05903887150828295
default,app,"Logistic (app, calibrated)",0,0.005877061469265367
default,app,"Logistic (app, calibrated)",0,0.05903887150828295
default,app,"Logistic (app, calibrated)",0,0.03395995681364241
default,app,"Logistic (app, calibrated)",0,0.023550715115620013
default,app,"Logistic (app, calibrated)",0,0.03227998127432637
default,app,"Logistic (app, calibrated)",0,0.0
default,app,"Logistic (app, calibrated)",0,0.040145396511135766
default,app,"Logistic (app, calibrated)",0,0.04973808425457601
default,app,"Logistic (app, calibrated)",0,0.02827122257709101
default,app,"Logistic (app, calibrated)",0,0.016214782505624015
default,app,"Logistic (app, calibrated)",0,0.023386743098971957
default,app,"Logistic (app, calibrated)",0,0.05295038519664972
default,app,"Logistic (app, calibrated)",0,0.030837698750251004
default,app,"Logistic (app, calibrated)",0,0.04483541999902826
default,app,"Logistic (app, calibrated)",0,0.011245664740441098
default,app,"Logistic (app, calibrated)",0,0.05546576103539388
default,app,"Logistic (app, calibrated)",0,0.018856207007200188
default,app,"Logistic (app, calibrated)",0,0.026745562255543948
default,app,"Logistic (app, calibrated)",0,0.024001035038809425
default,app,"Logistic (app, calibrated)",0,0.05903887150828295
default,app,"Logistic (app, calibrated)",0,0.01297926540471799
default,app,"Logistic (app, calibrated)",0,0.015520138450818993
default,app,"Logistic (app, calibrated)",0,0.0043447567706327815
default,app,"Logistic (app, calibrated)",0,0.02493145854612643
default,app,"Logistic (app, calibrated)",0,0.010873770371271662
default,app,"Logistic (app, calibrated)",0,0.026750551090032982
default,app,"Logistic (app, calibrated)",0,0.059613774551528345
default,app,"Logistic (app, calibrated)",0,0.019922226860779983
default,app,"Logistic (app, calibrated)",0,0.053080629344859166
default,app,"Logistic (app, calibrated)",0,0.03204566723523266
default,app,"Logistic (app, calibrated)",0,0.04116258743708022
default,app,"Logistic (app, calibrated)",0,0.006370139632123957
default,app,"Logistic (app, calibrated)",0,0.009938475197957439
default,app,"Logistic (app, calibrated)",0,0.007974970490866115
default,app,"Logistic (app, calibrated)",0,0.03598347140639836
default,app,"Logistic (app, calibrated)",0,0.00953140307935971
default,app,"Logistic (app, calibrated)",0,0.008791435066466976
default,app,"Logistic (app, calibrated)",0,0.015520138450818993
default,app,"Logistic (app, calibrated)",0,0.0043447567706327815
default,app,"Logistic (app, calibrated)",0,0.0028169014084507044
default,app,"Logistic (app, calibrated)",0,0.021865800273681308
default,app,"Logistic (app, calibrated)",0,0.03024300393564785
default,app,"Logistic (app, calibrated)",0,0.05903887150828295
default,app,"Logistic (app, calibrated)",0,0.004352410045686789
default,app,"Logistic (app, calibrated)",0,0.045658007237789476
default,app,"Logistic (app, calibrated)",0,0.0070658383410677
default,app,"Logistic (app, calibrated)",0,0.034362505864833436
default,app,"Logistic (app, calibrated)",0,0.007029320529022043
default,app,"Logistic (app, calibrated)",0,0.02884008608919822
default,app,"Logistic (app, calibrated)",0,0.0017391304347826088
default,app,"Logistic (app, calibrated)",0,0.00751120105915769
default,app,"Logistic (app, calibrated)",0,0.028855311197433408
default,app,"Logistic (app, calibrated)",0,0.041770079797658274
default,app,"Logistic (app, calibrated)",0,0.05287340790999171
default,app,"Logistic (app, calibrated)",0,0.03903517736572039
default,app,"Logistic (app, calibrated)",0,0.013137856406130164
default,app,"Logistic (app, calibrated)",0,0.0
default,app,"Logistic (app, calibrated)",0,0.017905359349135723
default,app,"Logistic (app, calibrated)",0,0.030837698750251004
default,app,"Logistic (app, calibrated)",0,0.02034216551601276
default,app,"Logistic (app, calibrated)",0,0.0
default,app,"Logistic (app, calibrated)",0,0.00935047056185325
default,app,"Logistic (app, calibrated)",0,0.07943717718392096
default,app,"Logistic (app, calibrated)",0,0.0092103948025987
default,app,"Logistic (app, calibrated)",0,0.02345758039613352
default,app,"Logistic (app, calibrated)",0,0.021898606877972977
default,app,"Logistic (app, calibrated)",0,0.1292522237702283
default,app,"Logistic (app, calibrated)",0,0.015520138450818993
default,app,"Logistic (app, calibrated)",0,0.07454706325196611
default,app,"Logistic (app, calibrated)",0,0.054505612150774006
default,app,"Logistic (app, calibrated)",0,0.003378969654199012
default,app,"Logistic (app, calibrated)",0,0.007974970490866115
default,app,"Logistic (app, calibrated)",0,0.018532466940347974
default,app,"Logistic (app, calibrated)",0,0.040145396511135766
default,app,"Logistic (app, calibrated)",0,0.02539760807259516
default,app,"Logistic (app, calibrated)",0,0.04483541999902826
default,app,"Logistic (app, calibrated)",0,0.04011054806043508
default,app,"Logistic (app, calibrated)",0,0.0
default,app,"Logistic (app, calibrated)",0,0.030837698750251004
default,app,"Logistic (app, calibrated)",1,0.05903887150828295
default,app,"Logistic (app, calibrated)",0,0.022449888894023707
default,app,"Logistic (app, calibrated)",0,0.02606341175248335
default,app,"Logistic (app, calibrated)",0,0.03284946639119589
default,app,"Logistic (app, calibrated)",0,0.01085590639061799
default,app,"Logistic (app, calibrated)",0,0.04011054806043508
default,app,"Logistic (app, calibrated)",0,0.022994326029890415
default,app,"Logistic (app, calibrated)",0,0.026745562255543948
default,app,"Logistic (app, calibrated)",0,0.01433704714428843
default,app,"Logistic (app, calibrated)",0,0.008835704370415969
default,app,"Logistic (app, calibrated)",0,0.016278705590615453
default,app,"Logistic (app, calibrated)",0,0.02090961818637519
default,app,"Logistic (app, calibrated)",0,0.04483541999902826
default,app,"Logistic (app, calibrated)",0,0.032204387518507946
default,app,"Logistic (app, calibrated)",0,0.011384419710556874
default,app,"Logistic (app, calibrated)",0,0.04687601540922366
default,app,"Logistic (app, calibrated)",0,0.0009433962264150943
default,app,"Logistic (app, calibrated)",0,0.01867238824877504
default,app,"Logistic (app, calibrated)",0,0.0408366870570743
default,app,"Logistic (app, calibrated)",0,0.01141079439871676
default,app,"Logistic (app, calibrated)",0,0.05903887150828295
default,app,"Logistic (app, calibrated)",0,0.01433704714428843
default,app,"Logistic (app, calibrated)",0,0.018812269752729902
default,app,"Logistic (app, calibrated)",0,0.041770079797658274
default,app,"Logistic (app, calibrated)",0,0.0034782608695652175
default,app,"Logistic (app, calibrated)",0,0.0036279599848043553
default,app,"Logistic (app, calibrated)",0,0.006719761075161772
default,app,"Logistic (app, calibrated)",0,0.009473479914209399
default,app,"Logistic (app, calibrated)",0,0.016195960381665334
default,app,"Logistic (app, calibrated)",0,0.04011263805296559
default,app,"Logistic (app, calibrated)",0,0.053080629344859166
default,app,"Logistic (app, calibrated)",0,0.008138200791473829
default,app,"Logistic (app, calibrated)",0,0.0
default,app,"Logistic (app, calibrated)",1,0.04474335128628811
default,app,"Logistic (app, calibrated)",0,0.01867238824877504
default,app,"Logistic (app, calibrated)",0,0.04011054806043508
default,app,"Logistic (app, calibrated)",0,0.005684934690652164
default,app,"Logistic (app, calibrated)",0,0.013132016499575249
default,app,"Logistic (app, calibrated)",0,0.020077182387502446
default,app,"Logistic (app, calibrated)",0,0.0
default,app,"Logistic (app, calibrated)",0,0.019310022019207555
default,app,"Logistic (app, calibrated)",0,0.059613774551528345
default,app,"Logistic (app, calibrated)",0,0.039023989180444044
default,app,"Logistic (app, calibrated)",0,0.0
default,app,"Logistic (app, calibrated)",0,0.0
default,app,"Logistic (app, calibrated)",0,0.025026925372305726
default,app,"Logistic (app, calibrated)",0,0.040145396511135766
default,app,"Logistic (app, calibrated)",0,0.007069864617821249
default,app,"Logistic (app, calibrated)",0,0.007029320529022043
default,app,"Logistic (app, calibrated)",0,0.003493516399694889
default,app,"Logistic (app, calibrated)",0,0.01433704714428843
default,app,"Logistic (app, calibrated)",0,0.07136451066001555
default,app,"Logistic (app, calibrated)",0,0.04011054806043508
default,app,"Logistic (app, calibrated)",0,0.040145396511135766
default,app,"Logistic (app, calibrated)",0,0.0036279599848043553
default,app,"Logistic (app, calibrated)",0,0.03414019106888693
default,app,"Logistic (app, calibrated)",0,0.03414019106888693
default,app,"Logistic (app, calibrated)",0,0.027576117265443144
default,app,"Logistic (app, calibrated)",0,0.004403541919437544
default,app,"Logistic (app, calibrated)",0,0.007974970490866115
default,app,"Logistic (app, calibrated)",0,0.011443178583351664
default,app,"Logistic (app, calibrated)",0,0.05811067994498546
default,app,"Logistic (app, calibrated)",0,0.037183397205949334
default,app,"Logistic (app, calibrated)",0,0.010615188941326103
default,app,"Logistic (app, calibrated)",0,0.013734032205688867
default,app,"Logistic (app, calibrated)",0,0.017633290094770476
default,app,"Logistic (app, calibrated)",0,0.03964323053734635
default,app,"Logistic (app, calibrated)",0,0.04011054806043508
default,app,"Logistic (app, calibrated)",0,0.02345758039613352
default,app,"Logistic (app, calibrated)",0,0.01434197846375721
default,app,"Logistic (app, calibrated)",0,0.014744723389689646
default,app,"Logistic (app, calibrated)",0,0.01899865378508129
default,app,"Logistic (app, calibrated)",0,0.01393915811787993
default,app,"Logistic (app, calibrated)",0,0.07387209446581097
default,app,"Logistic (app, calibrated)",0,0.007029320529022043
default,app,"Logistic (app, calibrated)",0,0.03060438751850794
default,app,"Logistic (app, calibrated)",0,0.026745562255543948
default,app,"Logistic (app, calibrated)",1,0.019923908176195194
default,app,"Logistic (app, calibrated)",0,0.037292934881564134
default,app,"Logistic (app, calibrated)",0,0.030837698750251004
default,app,"Logistic (app, calibrated)",0,0.022641830423991594
default,app,"Logistic (app, calibrated)",0,0.06913788140927306
default,app,"Logistic (app, calibrated)",0,0.05903887150828295
default,app,"Logistic (app, calibrated)",0,0.053080629344859166
default,app,"Logistic (app, calibrated)",1,0.026745562255543948
default,app,"Logistic (app, calibrated)",0,0.03476527079844428
default,app,"Logistic (app, calibrated)",0,0.03716752930791645
default,app,"Logistic (app, calibrated)",0,0.0
default,app,"Logistic (app, calibrated)",0,0.01258950705489488
default,app,"Logistic (app, calibrated)",0,0.016946903847243046
default,app,"Logistic (app, calibrated)",0,0.03903517736572039
default,app,"Logistic (app, calibrated)",0,0.009565244311051196
default,app,"Logistic (app, calibrated)",0,0.0028125870231133386
default,app,"Logistic (app, calibrated)",0,0.018532466940347974
default,app,"Logistic (app, calibrated)",0,0.05587750353358967
default,app,"Logistic (app, calibrated)",0,0.0252223318404687
default,app,"Logistic (app, calibrated)",0,0.05903887150828295
default,app,"Logistic (app, calibrated)",0,0.020718279009120516
default,app,"Logistic (app, calibrated)",0,0.014744723389689646
default,app,"Logistic (app, calibrated)",0,0.011987481109259856
default,app,"Logistic (app, calibrated)",0,0.03414019106888693
default,app,"Logistic (app, calibrated)",0,0.0
default,app,"Logistic (app, calibrated)",0,0.02539760807259516
default,app,"Logistic (app, calibrated)",0,0.00659376986649714
default,app,"Logistic (app, calibrated)",0,0.0009433962264150943
default,app,"Logistic (app, calibrated)",0,0.03218345444383278
default,app,"Logistic (app, calibrated)",0,0.001942094685146468
default,app,"Logistic (app, calibrated)",0,0.005196132092683816
default,app,"Logistic (app, calibrated)",0,0.0009433962264150943
default,app,"Logistic (app, calibrated)",0,0.01764154790204807
default,app,"Logistic (app, calibrated)",0,0.0028125870231133386
default,app,"Logistic (app, calibrated)",0,0.031572130861843316
default,app,"Logistic (app, calibrated)",0,0.019466854896785478
default,app,"Logistic (app, calibrated)",0,0.03272330731694689
default,app,"Logistic (app, calibrated)",0,0.03414019106888693
default,app,"Logistic (app, calibrated)",0,0.014744723389689646
default,app,"Logistic (app, calibrated)",0,0.0754275376738022
default,app,"Logistic (app, calibrated)",0,0.011919741665548548
default,app,"Logistic (app, calibrated)",0,0.02493145854612643
default,app,"Logistic (app, calibrated)",0,0.01618507034400223
default,app,"Logistic (app, calibrated)",0,0.015520138450818993
default,app,"Logistic (app, calibrated)",0,0.059613774551528345
default,app,"Logistic (app, calibrated)",0,0.008029503936406023
default,app,"Logistic (app, calibrated)",0,0.01433704714428843
default,app,"Logistic (app, calibrated)",0,0.016214782505624015
default,app,"Logistic (app, calibrated)",0,0.05903887150828295
default,app,"Logistic (app, calibrated)",0,0.09450548321038607
default,app,"Logistic (app, calibrated)",0,0.007731843558315079
default,app,"Logistic (app, calibrated)",0,0.01434197846375721
default,app,"Logistic (app, calibrated)",0,0.037176634625505314
default,app,"Logistic (app, calibrated)",0,0.04011054806043508
default,app,"Logistic (app, calibrated)",0,0.029940506101464502
default,app,"Logistic (app, calibrated)",1,0.0308522092094765
default,app,"Logistic (app, calibrated)",0,0.0
default,app,"Logistic (app, calibrated)",0,0.03024617144749337
default,app,"Logistic (app, calibrated)",0,0.02672007643230529
default,app,"Logistic (app, calibrated)",0,0.046802693394873085
default,app,"Logistic (app, calibrated)",0,0.0009433962264150943
default,app,"Logistic (app, calibrated)",0,0.08236832922166307
default,app,"Logistic (app, calibrated)",0,0.008780100002149087
default,app,"Logistic (app, calibrated)",0,0.05546576103539388
default,app,"Logistic (app, calibrated)",0,0.004604299879529238
default,app,"Logistic (app, calibrated)",0,0.020077182387502446
default,app,"Logistic (app, calibrated)",0,0.014663932077526953
default,app,"Logistic (app, calibrated)",0,0.007974970490866115
default,app,"Logistic (app, calibrated)",0,0.04421034026947092
default,app,"Logistic (app, calibrated)",0,0.03204566723523266
default,app,"Logistic (app, calibrated)",0,0.01587117555732554
default,app,"Logistic (app, calibrated)",0,0.040145396511135766
default,app,"Logistic (app, calibrated)",0,0.03764300314362155
default,app,"Logistic (app, calibrated)",0,0.013522482163597143
default,app,"Logistic (app, calibrated)",0,0.019310022019207555
default,app,"Logistic (app, calibrated)",0,0.018161793638750257
default,app,"Logistic (app, calibrated)",0,0.10170612467738734
default,app,"Logistic (app, calibrated)",0,0.02345758039613352
default,app,"Logistic (app, calibrated)",0,0.007029320529022043
default,app,"Logistic (app, calibrated)",0,0.007974970490866115
default,app,"Logistic (app, calibrated)",0,0.01577983108613274
default,app,"Logistic (app, calibrated)",0,0.03382927704897426
default,app,"Logistic (app, calibrated)",0,0.01580620203184222
default,app,"Logistic (app, calibrated)",0,0.02292268822898988
default,app,"Logistic (app, calibrated)",0,0.02799515956006446
default,app,"Logistic (app, calibrated)",0,0.018345795590746467
default,app,"Logistic (app, calibrated)",0,0.051291203910807895
default,app,"Logistic (app, calibrated)",0,0.007200752641482125
default,app,"Logistic (app, calibrated)",0,0.0017391304347826088
default,app,"Logistic (app, calibrated)",0,0.05287340790999171
default,app,"Logistic (app, calibrated)",0,0.0
default,app,"Logistic (app, calibrated)",0,0.019530668197300545
default,app,"Logistic (app, calibrated)",0,0.011987481109259856
default,app,"Logistic (app, calibrated)",0,0.03024300393564785
default,app,"Logistic (app, calibrated)",0,0.026750551090032982
default,app,"Logistic (app, calibrated)",0,0.0009433962264150943
default,app,"Logistic (app, calibrated)",0,0.002797331492983667
default,app,"Logistic (app, calibrated)",0,0.031549084264359595
default,app,"Logistic (app, calibrated)",0,0.0116414949704056
default,app,"Logistic (app, calibrated)",0,0.0158071062602228
default,app,"Logistic (app, calibrated)",0,0.005045636320865679
default,app,"Logistic (app, calibrated)",0,0.028757685375822233
default,app,"Logistic (app, calibrated)",0,0.008791435066466976
default,app,"Logistic (app, calibrated)",0,0.0
default,app,"Logistic (app, calibrated)",0,0.02321761133832209
default,app,"Logistic (app, calibrated)",0,0.05903887150828295
default,app,"Logistic (app, calibrated)",0,0.010688651420373797
default,app,"Logistic (app, calibrated)",0,0.0
default,app,"Logistic (app, calibrated)",0,0.01085590639061799
default,app,"Logistic (app, calibrated)",0,0.04011054806043508
default,app,"Logistic (app, calibrated)",0,0.055834460257898635
default,app,"Logistic (app, calibrated)",0,0.0028125870231133386
default,app,"Logistic (app, calibrated)",0,0.019922226860779983
default,app,"Logistic (app, calibrated)",0,0.07454706325196611
default,app,"Logistic (app, calibrated)",0,0.03414019106888693
default,app,"Logistic (app, calibrated)",0,0.0016666666666666666
default,app,"Logistic (app, calibrated)",0,0.02730416505264769
default,app,"Logistic (app, calibrated)",0,0.016955524664710203
default,app,"Logistic (app, calibrated)",0,0.05903887150828295
default,app,"Logistic (app, calibrated)",0,0.013174996710302594
default,app,"Logistic (app, calibrated)",0,0.007974970490866115
default,app,"Logistic (app, calibrated)",0,0.017905359349135723
default,app,"Logistic (app, calibrated)",0,0.05587750353358967
default,app,"Logistic (app, calibrated)",0,0.010678510558922579
default,app,"Logistic (app, calibrated)",0,0.02358656964603332
default,app,"Logistic (app, calibrated)",0,0.014744723389689646
default,app,"Logistic (app, calibrated)",0,0.04011054806043508
default,app,"Logistic (app, calibrated)",0,0.0853027122690044
default,app,"Logistic (app, calibrated)",0,0.011987481109259856
default,app,"Logistic (app, calibrated)",0,0.010859289226847976
default,app,"Logistic (app, calibrated)",0,0.019128276261565436
default,app,"Logistic (app, calibrated)",0,0.01258950705489488
default,app,"Logistic (app, calibrated)",1,0.016217976552323057
default,app,"Logistic (app, calibrated)",0,0.01388189529921328
default,app,"Logistic (app, calibrated)",0,0.0036279599848043553
default,app,"Logistic (app, calibrated)",0,0.0074697567706327826
default,app,"Logistic (app, calibrated)",0,0.047866183072819646
default,app,"Logistic (app, calibrated)",0,0.007596080502258992
default,app,"Logistic (app, calibrated)",0,0.011169140645766924
default,app,"Logistic (app, calibrated)",0,0.016955524664710203
default,app,"Logistic (app, calibrated)",0,0.0030419710660340195
default,app,"Logistic (app, calibrated)",0,0.03024300393564785
default,app,"Logistic (app, calibrated)",0,0.030837698750251004
default,app,"Logistic (app, calibrated)",0,0.008791435066466976
default,app,"Logistic (app, calibrated)",0,0.040145396511135766
default,app,"Logistic (app, calibrated)",0,0.03903517736572039
default,app,"Logistic (app, calibrated)",0,0.016955524664710203
default,app,"Logistic (app, calibrated)",0,0.0899291794272929
default,app,"Logistic (app, calibrated)",0,0.0036279599848043553
default,app,"Logistic (app, calibrated)",0,0.007974970490866115
default,app,"Logistic (app, calibrated)",0,0.014744723389689646
default,app,"Logistic (app, calibrated)",0,0.010385391802709785
default,app,"Logistic (app, calibrated)",0,0.040145396511135766
default,app,"Logistic (app, calibrated)",0,0.028154630710444717
default,app,"Logistic (app, calibrated)",0,0.009175027870680044
default,app,"Logistic (app, calibrated)",0,0.02420659796573124
default,app,"Logistic (app, calibrated)",0,0.016195960381665334
default,app,"Logistic (app, calibrated)",0,0.005045636320865679
default,app,"Logistic (app, calibrated)",0,0.00751120105915769
default,app,"Logistic (app, calibrated)",0,0.03024300393564785
default,app,"Logistic (app, calibrated)",0,0.029874045627936625
default,app,"Logistic (app, calibrated)",0,0.005049662597619228
default,app,"Logistic (app, calibrated)",0,0.0028169014084507044
default,app,"Logistic (app, calibrated)",0,0.0
default,app,"Logistic (app, calibrated)",0,0.0308522092094765
default,app,"Logistic (app, calibrated)",0,0.030837698750251004
default,app,"Logistic (app, calibrated)",0,0.025198377302729884
default,app,"Logistic (app, calibrated)",0,0.03473146417254467
default,app,"Logistic (app, calibrated)",0,0.03414019106888693
default,app,"Logistic (app, calibrated)",0,0.015520138450818993
default,app,"Logistic (app, calibrated)",0,0.014361079620561861
default,app,"Logistic (app, calibrated)",0,0.047699421321401245
default,app,"Logistic (app, calibrated)",0,0.046802693394873085
default,app,"Logistic (app, calibrated)",0,0.007974970490866115
default,app,"Logistic (app, calibrated)",0,0.023587024418831332
default,app,"Logistic (app, calibrated)",0,0.03204566723523266
default,app,"Logistic (app, calibrated)",0,0.02657768466942883
default,app,"Logistic (app, calibrated)",0,0.03982320599662782
default,app,"Logistic (app, calibrated)",0,0.019310022019207555
default,app,"Logistic (app, calibrated)",0,0.007029320529022043
default,app,"Logistic (app, calibrated)",0,0.03414019106888693
default,app,"Logistic (app, calibrated)",0,0.02345758039613352
default,app,"Logistic (app, calibrated)",0,0.05287340790999171
default,app,"Logistic (app, calibrated)",0,0.014174468447299604
default,app,"Logistic (app, calibrated)",0,0.034251627418578026
default,app,"Logistic (app, calibrated)",0,0.0035714285714285713
default,app,"Logistic (app, calibrated)",0,0.007974970490866115
default,app,"Logistic (app, calibrated)",0,0.03414019106888693
default,app,"Logistic (app, calibrated)",0,0.019530668197300545
default,app,"Logistic (app, calibrated)",0,0.03414019106888693
default,app,"Logistic (app, calibrated)",0,0.03903517736572039
default,app,"Logistic (app, calibrated)",0,0.01436258340577975
default,app,"Logistic (app, calibrated)",0,0.010452931993689228
default,app,"Logistic (app, calibrated)",0,0.016955524664710203
default,app,"Logistic (app, calibrated)",0,0.03696012005720609
default,app,"Logistic (app, calibrated)",0,0.018582671560169666
default,app,"Logistic (app, calibrated)",0,0.0621073864607203
default,app,"Logistic (app, calibrated)",0,0.00751120105915769
default,app,"Logistic (app, calibrated)",0,0.05903887150828295
default,app,"Logistic (app, calibrated)",0,0.03504217603219274
default,app,"Logistic (app, calibrated)",0,0.014174468447299604
default,app,"Logistic (app, calibrated)",0,0.016955524664710203
default,app,"Logistic (app, calibrated)",0,0.042803258709407724
default,app,"Logistic (app, calibrated)",0,0.016955524664710203
default,app,"Logistic (app, calibrated)",0,0.03414019106888693
default,app,"Logistic (app, calibrated)",0,0.03903517736572039
default,app,"Logistic (app, calibrated)",0,0.03414019106888693
default,app,"Logistic (app, calibrated)",0,0.013132016499575249
default,app,"Logistic (app, calibrated)",0,0.05349848763954905
default,app,"Logistic (app, calibrated)",0,0.013106480238083931
default,app,"Logistic (app, calibrated)",0,0.053080629344859166
default,app,"Logistic (app, calibrated)",0,0.01085590639061799
default,app,"Logistic (app, calibrated)",0,0.03903517736572039
default,app,"Logistic (app, calibrated)",0,0.028855311197433408
default,app,"Logistic (app, calibrated)",0,0.00672685521734393
default,app,"Logistic (app, calibrated)",0,0.03903517736572039
default,app,"Logistic (app, calibrated)",0,0.008791435066466976
default,app,"Logistic (app, calibrated)",0,0.032204387518507946
default,app,"Logistic (app, calibrated)",0,0.040145396511135766
default,app,"Logistic (app, calibrated)",0,0.0036279599848043553
default,app,"Logistic (app, calibrated)",0,0.04011054806043508
default,app,"Logistic (app, calibrated)",0,0.020077182387502446
default,app,"Logistic (app, calibrated)",1,0.02520626889534049
default,app,"Logistic (app, calibrated)",0,0.005045636320865679
default,app,"Logistic (app, calibrated)",0,0.05830174595783209
default,app,"Logistic (app, calibrated)",0,0.03414019106888693
default,app,"Logistic (app, calibrated)",0,0.008791435066466976
default,app,"Logistic (app, calibrated)",0,0.03659569112855001
default,app,"Logistic (app, calibrated)",0,0.0
default,app,"Logistic (app, calibrated)",0,0.03414019106888693
default,app,"Logistic (app, calibrated)",0,0.03284946639119589
default,app,"Logistic (app, calibrated)",0,0.022436689349667027
default,app,"Logistic (app, calibrated)",0,0.008138200791473829
default,app,"Logistic (app, calibrated)",0,0.013174996710302594
default,app,"Logistic (app, calibrated)",0,0.011506991883866727
default,app,"Logistic (app, calibrated)",0,0.020937590295549074
default,app,"Logistic (app, calibrated)",0,0.0016666666666666666
default,app,"Logistic (app, calibrated)",0,0.016214782505624015
default,app,"Logistic (app, calibrated)",0,0.034272380638119895
default,app,"Logistic (app, calibrated)",0,0.025395883680016957
default,app,"Logistic (app, calibrated)",0,0.01434197846375721
default,app,"Logistic (app, calibrated)",0,0.03345828662335477
default,app,"Logistic (app, calibrated)",0,0.016806811980659222
default,app,"Logistic (app, calibrated)",0,0.019310022019207555
default,app,"Logistic (app, calibrated)",0,0.003493516399694889
default,app,"Logistic (app, calibrated)",0,0.005196132092683816
default,app,"Logistic (app, calibrated)",0,0.008029503936406023
default,app,"Logistic (app, calibrated)",0,0.006984871480965124
default,app,"Logistic (app, calibrated)",0,0.017132964287197093
default,app,"Logistic (app, calibrated)",0,0.07257978985612129
default,app,"Logistic (app, calibrated)",0,0.002797331492983667
default,app,"Logistic (app, calibrated)",0,0.021948644913095734
default,app,"Logistic (app, calibrated)",0,0.06507245755945182
default,app,"Logistic (app, calibrated)",0,0.0009433962264150943
default,app,"Logistic (app, calibrated)",0,0.0036279599848043553
default,app,"Logistic (app, calibrated)",0,0.007974970490866115
default,app,"Logistic (app, calibrated)",0,0.04011054806043508
default,app,"Logistic (app, calibrated)",0,0.028154630710444717
default,app,"Logistic (app, calibrated)",0,0.05349848763954905
default,app,"Logistic (app, calibrated)",0,0.01867238824877504
default,app,"Logistic (app, calibrated)",0,0.05903887150828295
default,app,"Logistic (app, calibrated)",0,0.03982320599662782
default,app,"Logistic (app, calibrated)",0,0.02070277239184399
default,app,"Logistic (app, calibrated)",0,0.04092235841006049
default,app,"Logistic (app, calibrated)",0,0.05587750353358967
default,app,"Logistic (app, calibrated)",0,0.03903517736572039
default,app,"Logistic (app, calibrated)",0,0.0
default,app,"Logistic (app, calibrated)",0,0.046802693394873085
default,app,"Logistic (app, calibrated)",0,0.01297926540471799
default,app,"Logistic (app, calibrated)",0,0.031982573454913885
default,app,"Logistic (app, calibrated)",0,0.046802693394873085
default,app,"Logistic (app, calibrated)",0,0.010329467845363469
default,app,"Logistic (app, calibrated)",0,0.030837698750251004
default,app,"Logistic (app, calibrated)",0,0.014744723389689646
default,app,"Logistic (app, calibrated)",0,0.0009433962264150943
default,app,"Logistic (app, calibrated)",0,0.040947147490084324
default,app,"Logistic (app, calibrated)",0,0.011713576783263194
default,app,"Logistic (app, calibrated)",0,0.019922226860779983
default,app,"Logistic (app, calibrated)",0,0.02345758039613352
default,app,"Logistic (app, calibrated)",0,0.026745562255543948
default,app,"Logistic (app, calibrated)",0,0.040145396511135766
default,app,"Logistic (app, calibrated)",0,0.015112462205417778
default,app,"Logistic (app, calibrated)",0,0.0043447567706327815
default,app,"Logistic (app, calibrated)",0,0.024136645153299226
default,app,"Logistic (app, calibrated)",0,0.0028125870231133386
default,app,"Logistic (app, calibrated)",0,0.019530668197300545
default,app,"Logistic (app, calibrated)",0,0.005049662597619228
default,app,"Logistic (app, calibrated)",0,0.04483541999902826
default,app,"Logistic (app, calibrated)",0,0.05587750353358967
default,app,"Logistic (app, calibrated)",0,0.022994326029890415
default,app,"Logistic (app, calibrated)",0,0.04483541999902826
default,app,"Logistic (app, calibrated)",0,0.03903517736572039
default,app,"Logistic (app, calibrated)",0,0.04010144986768923
default,app,"Logistic (app, calibrated)",0,0.02345758039613352
default,app,"Logistic (app, calibrated)",0,0.020077182387502446
default,app,"Logistic (app, calibrated)",0,0.014744723389689646
default,app,"Logistic (app, calibrated)",0,0.006370139632123957
default,app,"Logistic (app, calibrated)",0,0.03414019106888693
default,app,"Logistic (app, calibrated)",0,0.005045636320865679
default,app,"Logistic (app, calibrated)",0,0.10856886977542654
default,app,"Logistic (app, calibrated)",0,0.10170612467738734
default,app,"Logistic (app, calibrated)",0,0.0028125870231133386
default,app,"Logistic (app, calibrated)",0,0.05287340790999171
default,app,"Logistic (app, calibrated)",0,0.018532466940347974
default,app,"Logistic (app, calibrated)",0,0.02147782022996622
default,app,"Logistic (app, calibrated)",0,0.04688005061793312
default,app,"Logistic (app, calibrated)",0,0.03248563025772789
default,app,"Logistic (app, calibrated)",0,0.013174996710302594
default,app,"Logistic (app, calibrated)",0,0.0009433962264150943
default,app,"Logistic (app, calibrated)",0,0.01192366780874479
default,app,"Logistic (app, calibrated)",0,0.07547834058075897
default,app,"Logistic (app, calibrated)",0,0.020023634954315493
default,app,"Logistic (app, calibrated)",1,0.04111667681528329
default,app,"Logistic (app, calibrated)",0,0.03166913852234343
default,app,"Logistic (app, calibrated)",0,0.0
default,app,"Logistic (app, calibrated)",0,0.040145396511135766
default,app,"Logistic (app, calibrated)",0,0.00672685521734393
default,app,"Logistic (app, calibrated)",0,0.011232953946281989
default,app,"Logistic (app, calibrated)",0,0.011987481109259856
default,app,"Logistic (app, calibrated)",0,0.0
default,app,"Logistic (app, calibrated)",0,0.026745562255543948
default,app,"Logistic (app, calibrated)",0,0.07454706325196611
default,app,"Logistic (app, calibrated)",0,0.05587750353358967
default,app,"Logistic (app, calibrated)",0,0.040145396511135766
default,app,"Logistic (app, calibrated)",0,0.01433704714428843
default,app,"Logistic (app, calibrated)",0,0.09683879605780782
default,app,"Logistic (app, calibrated)",0,0.02990952161800644
default,app,"Logistic (app, calibrated)",0,0.0016666666666666666
default,app,"Logistic (app, calibrated)",0,0.0009433962264150943
default,app,"Logistic (app, calibrated)",0,0.03627250611684042
default,app,"Logistic (app, calibrated)",0,0.09378626107977436
default,app,"Logistic (app, calibrated)",0,0.040145396511135766
default,app,"Logistic (app, calibrated)",0,0.02799515956006446
default,app,"Logistic (app, calibrated)",0,0.0053084155010318735
default,app,"Logistic (app, calibrated)",0,0.00803878379138118
default,app,"Logistic (app, calibrated)",0,0.002797331492983667
default,app,"Logistic (app, calibrated)",0,0.010688651420373797
default,app,"Logistic (app, calibrated)",0,0.006370139632123957
default,app,"Logistic (app, calibrated)",1,0.03473146417254467
default,app,"Logistic (app, calibrated)",0,0.030877627744069706
default,app,"Logistic (app, calibrated)",0,0.0043447567706327815
default,app,"Logistic (app, calibrated)",0,0.0252223318404687
default,app,"Logistic (app, calibrated)",0,0.003061224489795918
default,app,"Logistic (app, calibrated)",0,0.02799515956006446
default,app,"Logistic (app, calibrated)",0,0.030837698750251004
default,app,"Logistic (app, calibrated)",0,0.002797331492983667
default,app,"Logistic (app, calibrated)",0,0.014462359717388443
default,app,"Logistic (app, calibrated)",0,0.02760654618436865
default,app,"Logistic (app, calibrated)",0,0.028855311197433408
default,app,"Logistic (app, calibrated)",0,0.007974970490866115
default,app,"Logistic (app, calibrated)",0,0.03406758275550123
default,app,"Logistic (app, calibrated)",0,0.03414019106888693
default,app,"Logistic (app, calibrated)",0,0.0118995411590234
default,app,"Logistic (app, calibrated)",0,0.007029320529022043
default,app,"Logistic (app, calibrated)",0,0.0374919556466267
default,app,"Logistic (app, calibrated)",0,0.046354865687064685
default,app,"Logistic (app, calibrated)",0,0.008791435066466976
default,app,"Logistic (app, calibrated)",0,0.02613471065655006
default,app,"Logistic (app, calibrated)",0,0.020077182387502446
default,app,"Logistic (app, calibrated)",0,0.021628328532288167
default,app,"Logistic (app, calibrated)",0,0.03414019106888693
default,app,"Logistic (app, calibrated)",0,0.0028169014084507044
default,app,"Logistic (app, calibrated)",0,0.03414019106888693
default,app,"Logistic (app, calibrated)",0,0.02345758039613352
default,app,"Logistic (app, calibrated)",0,0.03024300393564785
default,app,"Logistic (app, calibrated)",0,0.007974970490866115
default,app,"Logistic (app, calibrated)",0,0.03060438751850794
default,app,"Logistic (app, calibrated)",0,0.014728872201920418
default,app,"Logistic (app, calibrated)",0,0.013132016499575249
default,app,"Logistic (app, calibrated)",0,0.07742321944122395
default,app,"Logistic (app, calibrated)",0,0.010385391802709785
default,app,"Logistic (app, calibrated)",0,0.0034782608695652175
default,app,"Logistic (app, calibrated)",1,0.020077182387502446
default,app,"Logistic (app, calibrated)",0,0.04843518446708935
default,app,"Logistic (app, calibrated)",0,0.07948210511757256
default,app,"Logistic (app, calibrated)",0,0.053080629344859166
default,app,"Logistic (app, calibrated)",1,0.05287340790999171
default,app,"Logistic (app, calibrated)",0,0.03633146417254467
default,app,"Logistic (app, calibrated)",0,0.059613774551528345
default,app,"Logistic (app, calibrated)",0,0.01297926540471799
default,app,"Logistic (app, calibrated)",0,0.04361940979283161
default,app,"Logistic (app, calibrated)",0,0.01867238824877504
default,app,"Logistic (app, calibrated)",0,0.03168090514837185
default,app,"Logistic (app, calibrated)",0,0.015137998466909098
default,app,"Logistic (app, calibrated)",0,0.03562208782353827
default,app,"Logistic (app, calibrated)",0,0.015520138450818993
default,app,"Logistic (app, calibrated)",0,0.008138200791473829
default,app,"Logistic (app, calibrated)",0,0.02401560859602687
default,app,"Logistic (app, calibrated)",0,0.028757685375822233
default,app,"Logistic (app, calibrated)",0,0.016946903847243046
default,app,"Logistic (app, calibrated)",0,0.02086527119418182
default,app,"Logistic (app, calibrated)",0,0.0522692642450867
default,app,"Logistic (app, calibrated)",0,0.002797331492983667
default,app,"Logistic (app, calibrated)",0,0.007596080502258992
default,app,"Logistic (app, calibrated)",0,0.06282592281108287
default,app,"Logistic (app, calibrated)",0,0.040145396511135766
default,app,"Logistic (app, calibrated)",0,0.012871131828302435
default,app,"Logistic (app, calibrated)",1,0.04461585562948221
default,app,"Logistic (app, calibrated)",0,0.014744127732050092
default,app,"Logistic (app, calibrated)",0,0.0647747185624872
default,app,"Logistic (app, calibrated)",0,0.0308522092094765
default,app,"Logistic (app, calibrated)",0,0.020077182387502446
default,app,"Logistic (app, calibrated)",0,0.008519273016774307
default,app,"Logistic (app, calibrated)",0,0.016955524664710203
default,app,"Logistic (app, calibrated)",0,0.08068306566822572
default,app,"Logistic (app, calibrated)",0,0.019922226860779983
default,app,"Logistic (app, calibrated)",0,0.004128205128205128
default,app,"Logistic (app, calibrated)",0,0.0028125870231133386
default,app,"Logistic (app, calibrated)",1,0.05382533184624425
default,app,"Logistic (app, calibrated)",0,0.09803741987172539
default,app,"Logistic (app, calibrated)",0,0.0
default,app,"Logistic (app, calibrated)",0,0.0017391304347826088
default,app,"Logistic (app, calibrated)",0,0.027316855674122963
default,app,"Logistic (app, calibrated)",0,0.01192366780874479
default,app,"Logistic (app, calibrated)",0,0.026225217607323586
default,app,"Logistic (app, calibrated)",0,0.007974970490866115
default,app,"Logistic (app, calibrated)",0,0.03414019106888693
default,app,"Logistic (app, calibrated)",0,0.05562099547410419
default,app,"Logistic (app, calibrated)",0,0.06913788140927306
default,app,"Logistic (app, calibrated)",0,0.041770079797658274
default,app,"Logistic (app, calibrated)",0,0.007974970490866115
default,app,"Logistic (app, calibrated)",0,0.018342966989747078
default,app,"Logistic (app, calibrated)",0,0.02606341175248335
default,app,"Logistic (app, calibrated)",0,0.046930630303655387
default,app,"Logistic (app, calibrated)",0,0.019034975973529097
default,app,"Logistic (app, calibrated)",0,0.019922226860779983
default,app,"Logistic (app, calibrated)",0,0.01359011700371188
default,app,"Logistic (app, calibrated)",0,0.01085590639061799
default,app,"Logistic (app, calibrated)",0,0.002797331492983667
default,app,"Logistic (app, calibrated)",0,0.02292268822898988
default,app,"Logistic (app, calibrated)",0,0.015520138450818993
default,app,"Logistic (app, calibrated)",0,0.027414432507076418
default,app,"Logistic (app, calibrated)",0,0.05587750353358967
default,app,"Logistic (app, calibrated)",0,0.01192366780874479
default,app,"Logistic (app, calibrated)",0,0.007029320529022043
default,app,"Logistic (app, calibrated)",0,0.04872757219358594
default,app,"Logistic (app, calibrated)",0,0.002797331492983667
default,app,"Logistic (app, calibrated)",0,0.05368490663238901
default,app,"Logistic (app, calibrated)",0,0.040145396511135766
default,app,"Logistic (app, calibrated)",1,0.046802693394873085
default,app,"Logistic (app, calibrated)",0,0.00689989559554777
default,app,"Logistic (app, calibrated)",0,0.015520138450818993
default,app,"Logistic (app, calibrated)",0,0.040145396511135766
default,app,"Logistic (app, calibrated)",0,0.020718279009120516
default,app,"Logistic (app, calibrated)",0,0.00824049513704686
default,app,"Logistic (app, calibrated)",0,0.0
default,app,"Logistic (app, calibrated)",0,0.022449888894023707
default,app,"Logistic (app, calibrated)",0,0.06291837225267777
default,app,"Logistic (app, calibrated)",0,0.022994326029890415
default,app,"Logistic (app, calibrated)",0,0.0
default,app,"Logistic (app, calibrated)",0,0.03334016480809508
default,app,"Logistic (app, calibrated)",0,0.0009433962264150943
default,app,"Logistic (app, calibrated)",0,0.045658007237789476
default,app,"Logistic (app, calibrated)",0,0.009124103310620765
default,app,"Logistic (app, calibrated)",0,0.046802693394873085
default,app,"Logistic (app, calibrated)",0,0.013888894769629387
default,app,"Logistic (app, calibrated)",0,0.040145396511135766
default,app,"Logistic (app, calibrated)",0,0.01085590639061799
default,app,"Logistic (app, calibrated)",0,0.018532466940347974
default,app,"Logistic (app, calibrated)",0,0.03414019106888693
default,app,"Logistic (app, calibrated)",0,0.02530262063890944
default,app,"Logistic (app, calibrated)",0,0.024001035038809425
default,app,"Logistic (app, calibrated)",0,0.027571083809251145
default,app,"Logistic (app, calibrated)",0,0.00945295827759562
default,app,"Logistic (app, calibrated)",0,0.005049662597619228
default,app,"Logistic (app, calibrated)",0,0.042803258709407724
default,app,"Logistic (app, calibrated)",0,0.005449362843729041
default,app,"Logistic (app, calibrated)",0,0.002797331492983667
default,app,"Logistic (app, calibrated)",0,0.02284672879713963
default,app,"Logistic (app, calibrated)",0,0.008835704370415969
default,app,"Logistic (app, calibrated)",0,0.005684934690652164
default,app,"Logistic (app, calibrated)",0,0.01434197846375721
default,app,"Logistic (app, calibrated)",0,0.02657768466942883
default,app,"Logistic (app, calibrated)",0,0.019922226860779983
default,app,"Logistic (app, calibrated)",0,0.02539760807259516
default,app,"Logistic (app, calibrated)",0,0.014857674352317274
default,app,"Logistic (app, calibrated)",0,0.027844017925761792
default,app,"Logistic (app, calibrated)",0,0.001058201058201058
default,app,"Logistic (app, calibrated)",0,0.011245664740441098
default,app,"Logistic (app, calibrated)",0,0.013521797705300109
default,app,"Logistic (app, calibrated)",0,0.03414019106888693
default,app,"Logistic (app, calibrated)",0,0.03204566723523266
default,app,"Logistic (app, calibrated)",0,0.05891380212043869
default,app,"Logistic (app, calibrated)",0,0.007029320529022043
default,app,"Logistic (app, calibrated)",0,0.032204387518507946
default,app,"Logistic (app, calibrated)",0,0.02277367985179743
default,app,"Logistic (app, calibrated)",0,0.05546576103539388
default,app,"Logistic (app, calibrated)",0,0.015520138450818993
default,app,"Logistic (app, calibrated)",0,0.011987481109259856
default,app,"Logistic (app, calibrated)",0,0.008791435066466976
default,app,"Logistic (app, calibrated)",0,0.008791435066466976
default,app,"Logistic (app, calibrated)",0,0.0
default,app,"Logistic (app, calibrated)",0,0.004137931034482759
default,app,"Logistic (app, calibrated)",0,0.015520138450818993
default,app,"Logistic (app, calibrated)",0,0.030837698750251004
default,app,"Logistic (app, calibrated)",0,0.02657768466942883
default,app,"Logistic (app, calibrated)",0,0.008791435066466976
default,app,"Logistic (app, calibrated)",0,0.022363652733603606
default,app,"Logistic (app, calibrated)",0,0.12132532916072283
default,app,"Logistic (app, calibrated)",0,0.05811067994498546
default,app,"Logistic (app, calibrated)",0,0.0
default,app,"Logistic (app, calibrated)",0,0.030837698750251004
default,app,"Logistic (app, calibrated)",0,0.02827122257709101
default,app,"Logistic (app, calibrated)",0,0.020527478202465293
default,app,"Logistic (app, calibrated)",0,0.026745562255543948
default,app,"Logistic (app, calibrated)",0,0.03982320599662782
default,app,"Logistic (app, calibrated)",0,0.0
default,app,"Logistic (app, calibrated)",0,0.016214782505624015
default,app,"Logistic (app, calibrated)",0,0.0009433962264150943
default,app,"Logistic (app, calibrated)",0,0.04421034026947092
default,app,"Logistic (app, calibrated)",0,0.026445863785416572
default,app,"Logistic (app, calibrated)",0,0.022449888894023707
default,app,"Logistic (app, calibrated)",0,0.025966502055952877
default,app,"Logistic (app, calibrated)",0,0.047866183072819646
default,app,"Logistic (app, calibrated)",0,0.06580454807593972
default,app,"Logistic (app, calibrated)",0,0.019311375261786095
default,app,"Logistic (app, calibrated)",0,0.016806811980659222
default,app,"Logistic (app, calibrated)",0,0.03414019106888693
default,app,"Logistic (app, calibrated)",0,0.01712767280162057
default,app,"Logistic (app, calibrated)",0,0.0036279599848043553
default,app,"Logistic (app, calibrated)",0,0.025026925372305726
default,app,"Logistic (app, calibrated)",0,0.03903517736572039
default,app,"Logistic (app, calibrated)",0,0.0036279599848043553
default,app,"Logistic (app, calibrated)",0,0.013174996710302594
default,app,"Logistic (app, calibrated)",0,0.0028169014084507044
default,app,"Logistic (app, calibrated)",0,0.04011263805296559
default,app,"Logistic (app, calibrated)",0,0.019530668197300545
default,app,"Logistic (app, calibrated)",0,0.13818132623418164
default,app,"Logistic (app, calibrated)",0,0.0036279599848043553
default,app,"Logistic (app, calibrated)",0,0.0
default,app,"Logistic (app, calibrated)",0,0.0036279599848043553
default,app,"Logistic (app, calibrated)",0,0.020461006134953903
default,app,"Logistic (app, calibrated)",0,0.007029320529022043
default,app,"Logistic (app, calibrated)",0,0.06679417677933684
default,app,"Logistic (app, calibrated)",1,0.041618725022080916
default,app,"Logistic (app, calibrated)",1,0.011506991883866727
default,app,"Logistic (app, calibrated)",0,0.05478637949128236
default,app,"Logistic (app, calibrated)",0,0.0252223318404687
default,app,"Logistic (app, calibrated)",0,0.02493145854612643
default,app,"Logistic (app, calibrated)",0,0.002797331492983667
default,app,"Logistic (app, calibrated)",0,0.005684934690652164
default,app,"Logistic (app, calibrated)",0,0.013521797705300109
default,app,"Logistic (app, calibrated)",1,0.039023989180444044
default,app,"Logistic (app, calibrated)",0,0.007974970490866115
default,app,"Logistic (app, calibrated)",0,0.005045636320865679
default,app,"Logistic (app, calibrated)",0,0.020077182387502446
default,app,"Logistic (app, calibrated)",0,0.005045636320865679
default,app,"Logistic (app, calibrated)",0,0.005045636320865679
default,app,"Logistic (app, calibrated)",0,0.0009433962264150943
default,app,"Logistic (app, calibrated)",0,0.01433704714428843
default,app,"Logistic (app, calibrated)",0,0.00990766994611558
default,app,"Logistic (app, calibrated)",0,0.002797331492983667
default,app,"Logistic (app, calibrated)",0,0.0572542703832155
default,app,"Logistic (app, calibrated)",0,0.019922226860779983
default,app,"Logistic (app, calibrated)",0,0.018532466940347974
default,app,"Logistic (app, calibrated)",0,0.007029320529022043
default,app,"Logistic (app, calibrated)",0,0.1179622161550743
default,app,"Logistic (app, calibrated)",0,0.02672007643230529
default,app,"Logistic (app, calibrated)",0,0.03024300393564785
default,app,"Logistic (app, calibrated)",0,0.003061224489795918
default,app,"Logistic (app, calibrated)",0,0.015520138450818993
default,app,"Logistic (app, calibrated)",0,0.05903887150828295
default,app,"Logistic (app, calibrated)",0,0.04343761164424821
default,app,"Logistic (app, calibrated)",0,0.09755498685049174
default,app,"Logistic (app, calibrated)",0,0.007029320529022043
default,app,"Logistic (app, calibrated)",0,0.04483541999902826
default,app,"Logistic (app, calibrated)",0,0.03414019106888693
default,app,"Logistic (app, calibrated)",0,0.03982320599662782
default,app,"Logistic (app, calibrated)",0,0.007596080502258992
default,app,"Logistic (app, calibrated)",0,0.01433704714428843
default,app,"Logistic (app, calibrated)",0,0.007974970490866115
default,app,"Logistic (app, calibrated)",0,0.026482604690912147
default,app,"Logistic (app, calibrated)",1,0.0242374607363291
default,app,"Logistic (app, calibrated)",0,0.02730416505264769
default,app,"Logistic (app, calibrated)",0,0.008138200791473829
default,app,"Logistic (app, calibrated)",0,0.001058201058201058
default,app,"Logistic (app, calibrated)",0,0.01712767280162057
default,app,"Logistic (app, calibrated)",0,0.008791435066466976
default,app,"Logistic (app, calibrated)",0,0.01436258340577975
default,app,"Logistic (app, calibrated)",0,0.019922226860779983
default,app,"Logistic (app, calibrated)",0,0.01764154790204807
default,app,"Logistic (app, calibrated)",0,0.042665972589931184
default,app,"Logistic (app, calibrated)",0,0.013794339468287235
default,app,"Logistic (app, calibrated)",0,0.007029320529022043
default,app,"Logistic (app, calibrated)",0,0.00758082497212932
default,app,"Logistic (app, calibrated)",0,0.040145396511135766
default,app,"Logistic (app, calibrated)",0,0.003493516399694889
default,app,"Logistic (app, calibrated)",0,0.0009433962264150943
default,app,"Logistic (app, calibrated)",0,0.05587750353358967
default,app,"Logistic (app, calibrated)",0,0.02070277239184399
default,app,"Logistic (app, calibrated)",0,0.008455459716259241
default,app,"Logistic (app, calibrated)",1,0.01297926540471799
default,app,"Logistic (app, calibrated)",0,0.009298696195247919
default,app,"Logistic (app, calibrated)",0,0.0036279599848043553
default,app,"Logistic (app, calibrated)",0,0.04483541999902826
default,app,"Logistic (app, calibrated)",0,0.07454706325196611
default,app,"Logistic (app, calibrated)",0,0.008992488347889044
default,app,"Logistic (app, calibrated)",0,0.007029320529022043
default,app,"Logistic (app, calibrated)",0,0.01836202538207668
default,app,"Logistic (app, calibrated)",0,0.05349848763954905
default,app,"Logistic (app, calibrated)",0,0.019333728152781258
default,app,"Logistic (app, calibrated)",0,0.05968314403647788
default,app,"Logistic (app, calibrated)",0,0.007974970490866115
default,app,"Logistic (app, calibrated)",0,0.004132231404958678
default,app,"Logistic (app, calibrated)",0,0.06391672221560049
default,app,"Logistic (app, calibrated)",0,0.039023989180444044
default,app,"Logistic (app, calibrated)",0,0.02657768466942883
default,app,"Logistic (app, calibrated)",1,0.01597461828493834
