outcome,feature_set,model,y_true,y_score
high_debt_burden,app,"Logistic (app, calibrated)",0,0.5949510955759292
high_debt_burden,app,"Logistic (app, calibrated)",1,0.4224587238764867
high_debt_burden,app,"Logistic (app, calibrated)",0,0.18614704243526203
high_debt_burden,app,"Logistic (app, calibrated)",1,0.4432842908284238
high_debt_burden,app,"Logistic (app, calibrated)",0,0.49782100646896793
high_debt_burden,app,"Logistic (app, calibrated)",0,0.34029357600668153
high_debt_burden,app,"Logistic (app, calibrated)",0,0.2644755158777457
high_debt_burden,app,"Logistic (app, calibrated)",1,0.591047605645475
high_debt_burden,app,"Logistic (app, calibrated)",1,0.3080697664908191
high_debt_burden,app,"Logistic (app, calibrated)",1,0.6213311062129769
high_debt_burden,app,"Logistic (app, calibrated)",0,0.5237381580625886
high_debt_burden,app,"Logistic (app, calibrated)",1,0.695203081232493
high_debt_burden,app,"Logistic (app, calibrated)",0,0.2999027973438137
high_debt_burden,app,"Logistic (app, calibrated)",0,0.2563158367906773
high_debt_burden,app,"Logistic (app, calibrated)",1,0.49940001518948873
high_debt_burden,app,"Logistic (app, calibrated)",0,0.24330378859790622
high_debt_burden,app,"Logistic (app, calibrated)",0,0.13202300640027678
high_debt_burden,app,"Logistic (app, calibrated)",0,0.6198993038075444
high_debt_burden,app,"Logistic (app, calibrated)",0,0.27985389054779
high_debt_burden,app,"Logistic (app, calibrated)",0,0.3355291315682949
high_debt_burden,app,"Logistic (app, calibrated)",0,0.5926672321953979
high_debt_burden,app,"Logistic (app, calibrated)",0,0.15016745159602304
high_debt_burden,app,"Logistic (app, calibrated)",1,0.40344824271557417
high_debt_burden,app,"Logistic (app, calibrated)",0,0.2521414141414141
high_debt_burden,app,"Logistic (app, calibrated)",1,0.5255377834275082
high_debt_burden,app,"Logistic (app, calibrated)",1,0.5966203956338181
high_debt_burden,app,"Logistic (app, calibrated)",0,0.46063603865258174
high_debt_burden,app,"Logistic (app, calibrated)",1,0.5868946037997179
high_debt_burden,app,"Logistic (app, calibrated)",1,0.6520451864956509
high_debt_burden,app,"Logistic (app, calibrated)",0,0.3525637325637326
high_debt_burden,app,"Logistic (app, calibrated)",0,0.3303625882062879
high_debt_burden,app,"Logistic (app, calibrated)",0,0.4558767693024586
high_debt_burden,app,"Logistic (app, calibrated)",0,0.5517472907379636
high_debt_burden,app,"Logistic (app, calibrated)",1,0.5382598457847332
high_debt_burden,app,"Logistic (app, calibrated)",0,0.25848974983415557
high_debt_burden,app,"Logistic (app, calibrated)",0,0.4834502430137476
high_debt_burden,app,"Logistic (app, calibrated)",0,0.6329751102717102
high_debt_burden,app,"Logistic (app, calibrated)",0,0.28256575210753104
high_debt_burden,app,"Logistic (app, calibrated)",0,0.294636330268293
high_debt_burden,app,"Logistic (app, calibrated)",0,0.4484163151339521
high_debt_burden,app,"Logistic (app, calibrated)",1,0.6314745179326289
high_debt_burden,app,"Logistic (app, calibrated)",1,0.5304664770638435
high_debt_burden,app,"Logistic (app, calibrated)",0,0.4883428527913896
high_debt_burden,app,"Logistic (app, calibrated)",0,0.2738426794746422
high_debt_burden,app,"Logistic (app, calibrated)",0,0.25243309403691805
high_debt_burden,app,"Logistic (app, calibrated)",0,0.47033548891538696
high_debt_burden,app,"Logistic (app, calibrated)",0,0.5877601693362697
high_debt_burden,app,"Logistic (app, calibrated)",0,0.41674579787359434
high_debt_burden,app,"Logistic (app, calibrated)",1,0.6520451864956509
high_debt_burden,app,"Logistic (app, calibrated)",1,0.5800342924054868
high_debt_burden,app,"Logistic (app, calibrated)",0,0.5398789006087039
high_debt_burden,app,"Logistic (app, calibrated)",0,0.2997982540891853
high_debt_burden,app,"Logistic (app, calibrated)",1,0.6562633058186054
high_debt_burden,app,"Logistic (app, calibrated)",0,0.4930241438719998
high_debt_burden,app,"Logistic (app, calibrated)",0,0.32994205164122536
high_debt_burden,app,"Logistic (app, calibrated)",1,0.3959707372343805
high_debt_burden,app,"Logistic (app, calibrated)",0,0.2989489720621796
high_debt_burden,app,"Logistic (app, calibrated)",0,0.5259475915131894
high_debt_burden,app,"Logistic (app, calibrated)",1,0.551190321368953
high_debt_burden,app,"Logistic (app, calibrated)",1,0.4834502430137476
high_debt_burden,app,"Logistic (app, calibrated)",0,0.28256575210753104
high_debt_burden,app,"Logistic (app, calibrated)",0,0.2624404947275799
high_debt_burden,app,"Logistic (app, calibrated)",1,0.6329751102717102
high_debt_burden,app,"Logistic (app, calibrated)",0,0.6367446400475635
high_debt_burden,app,"Logistic (app, calibrated)",0,0.5096182414920094
high_debt_burden,app,"Logistic (app, calibrated)",0,0.4883428527913896
high_debt_burden,app,"Logistic (app, calibrated)",0,0.43845038176597473
high_debt_burden,app,"Logistic (app, calibrated)",0,0.6329751102717102
high_debt_burden,app,"Logistic (app, calibrated)",0,0.26997232559152207
high_debt_burden,app,"Logistic (app, calibrated)",0,0.17073346839125242
high_debt_burden,app,"Logistic (app, calibrated)",1,0.6177657476678837
high_debt_burden,app,"Logistic (app, calibrated)",0,0.33946477603806413
high_debt_burden,app,"Logistic (app, calibrated)",0,0.6238106343647746
high_debt_burden,app,"Logistic (app, calibrated)",1,0.18340859814396718
high_debt_burden,app,"Logistic (app, calibrated)",0,0.35150238513185167
high_debt_burden,app,"Logistic (app, calibrated)",0,0.4739894449908901
high_debt_burden,app,"Logistic (app, calibrated)",1,0.31401620839653005
high_debt_burden,app,"Logistic (app, calibrated)",0,0.19501795410210854
high_debt_burden,app,"Logistic (app, calibrated)",0,0.5977522160241084
high_debt_burden,app,"Logistic (app, calibrated)",1,0.45783006264986953
high_debt_burden,app,"Logistic (app, calibrated)",1,0.4249603875439151
high_debt_burden,app,"Logistic (app, calibrated)",0,0.5977522160241084
high_debt_burden,app,"Logistic (app, calibrated)",0,0.4639340800899193
high_debt_burden,app,"Logistic (app, calibrated)",0,0.40044187946063925
high_debt_burden,app,"Logistic (app, calibrated)",1,0.26997232559152207
high_debt_burden,app,"Logistic (app, calibrated)",1,0.3210466341418722
high_debt_burden,app,"Logistic (app, calibrated)",0,0.4930260973649263
high_debt_burden,app,"Logistic (app, calibrated)",0,0.4425246390848449
high_debt_burden,app,"Logistic (app, calibrated)",1,0.5523194893277484
high_debt_burden,app,"Logistic (app, calibrated)",0,0.22058793324775355
high_debt_burden,app,"Logistic (app, calibrated)",0,0.3150873103504682
high_debt_burden,app,"Logistic (app, calibrated)",0,0.42304675377850726
high_debt_burden,app,"Logistic (app, calibrated)",1,0.3609166599086314
high_debt_burden,app,"Logistic (app, calibrated)",0,0.2694417817288669
high_debt_burden,app,"Logistic (app, calibrated)",1,0.25848974983415557
high_debt_burden,app,"Logistic (app, calibrated)",1,0.6114778576059487
high_debt_burden,app,"Logistic (app, calibrated)",0,0.4850155690648318
high_debt_burden,app,"Logistic (app, calibrated)",0,0.3730170873614883
high_debt_burden,app,"Logistic (app, calibrated)",0,0.6424653959412374
high_debt_burden,app,"Logistic (app, calibrated)",0,0.2008927914191072
high_debt_burden,app,"Logistic (app, calibrated)",1,0.5612151983595673
high_debt_burden,app,"Logistic (app, calibrated)",0,0.3408416983233737
high_debt_burden,app,"Logistic (app, calibrated)",1,0.6562633058186054
high_debt_burden,app,"Logistic (app, calibrated)",0,0.33466411034108234
high_debt_burden,app,"Logistic (app, calibrated)",1,0.2533495856366708
high_debt_burden,app,"Logistic (app, calibrated)",0,0.16173027411536675
high_debt_burden,app,"Logistic (app, calibrated)",1,0.13024915824915825
high_debt_burden,app,"Logistic (app, calibrated)",0,0.17073346839125242
high_debt_burden,app,"Logistic (app, calibrated)",0,0.1461058269461631
high_debt_burden,app,"Logistic (app, calibrated)",1,0.12643804582739324
high_debt_burden,app,"Logistic (app, calibrated)",0,0.6675340136054422
high_debt_burden,app,"Logistic (app, calibrated)",0,0.3138867239774784
high_debt_burden,app,"Logistic (app, calibrated)",1,0.28256575210753104
high_debt_burden,app,"Logistic (app, calibrated)",0,0.4590465061432722
high_debt_burden,app,"Logistic (app, calibrated)",1,0.4639340800899193
high_debt_burden,app,"Logistic (app, calibrated)",1,0.3249722213135736
high_debt_burden,app,"Logistic (app, calibrated)",0,0.31040972395334493
high_debt_burden,app,"Logistic (app, calibrated)",1,0.5917205531668065
high_debt_burden,app,"Logistic (app, calibrated)",1,0.4699426177414165
high_debt_burden,app,"Logistic (app, calibrated)",0,0.4558767693024586
high_debt_burden,app,"Logistic (app, calibrated)",0,0.5408598968717768
high_debt_burden,app,"Logistic (app, calibrated)",1,0.4508138589670068
high_debt_burden,app,"Logistic (app, calibrated)",1,0.48251289495690886
high_debt_burden,app,"Logistic (app, calibrated)",0,0.6329751102717102
high_debt_burden,app,"Logistic (app, calibrated)",0,0.5073344064260766
high_debt_burden,app,"Logistic (app, calibrated)",0,0.18882481966891101
high_debt_burden,app,"Logistic (app, calibrated)",1,0.5165932039793126
high_debt_burden,app,"Logistic (app, calibrated)",1,0.4706144446650208
high_debt_burden,app,"Logistic (app, calibrated)",1,0.4537444423334148
high_debt_burden,app,"Logistic (app, calibrated)",1,0.474412243941359
high_debt_burden,app,"Logistic (app, calibrated)",0,0.44187889698339095
high_debt_burden,app,"Logistic (app, calibrated)",0,0.1740803106742649
high_debt_burden,app,"Logistic (app, calibrated)",0,0.36796177909066974
high_debt_burden,app,"Logistic (app, calibrated)",0,0.374668194242071
high_debt_burden,app,"Logistic (app, calibrated)",0,0.4537444423334148
high_debt_burden,app,"Logistic (app, calibrated)",0,0.2989489720621796
high_debt_burden,app,"Logistic (app, calibrated)",1,0.11741394089781187
high_debt_burden,app,"Logistic (app, calibrated)",0,0.36767547245465604
high_debt_burden,app,"Logistic (app, calibrated)",0,0.5591275672993369
high_debt_burden,app,"Logistic (app, calibrated)",0,0.1872118440430974
high_debt_burden,app,"Logistic (app, calibrated)",0,0.39350037270794114
high_debt_burden,app,"Logistic (app, calibrated)",0,0.5056249573767755
high_debt_burden,app,"Logistic (app, calibrated)",1,0.44716195756344507
high_debt_burden,app,"Logistic (app, calibrated)",0,0.2930759988038396
high_debt_burden,app,"Logistic (app, calibrated)",0,0.6119685383564224
high_debt_burden,app,"Logistic (app, calibrated)",0,0.5039311514031846
high_debt_burden,app,"Logistic (app, calibrated)",0,0.3594314419131173
high_debt_burden,app,"Logistic (app, calibrated)",0,0.30371175166297115
high_debt_burden,app,"Logistic (app, calibrated)",1,0.591047605645475
high_debt_burden,app,"Logistic (app, calibrated)",1,0.4639340800899193
high_debt_burden,app,"Logistic (app, calibrated)",1,0.45852867468451397
high_debt_burden,app,"Logistic (app, calibrated)",1,0.6111122216663618
high_debt_burden,app,"Logistic (app, calibrated)",0,0.18883441336812928
high_debt_burden,app,"Logistic (app, calibrated)",1,0.5797194291388627
high_debt_burden,app,"Logistic (app, calibrated)",1,0.47897530060845595
high_debt_burden,app,"Logistic (app, calibrated)",0,0.18618511913702082
high_debt_burden,app,"Logistic (app, calibrated)",1,0.6096125597163082
high_debt_burden,app,"Logistic (app, calibrated)",0,0.3236391372686038
high_debt_burden,app,"Logistic (app, calibrated)",1,0.5709422130731536
high_debt_burden,app,"Logistic (app, calibrated)",0,0.338515502722989
high_debt_burden,app,"Logistic (app, calibrated)",0,0.17393775971927233
high_debt_burden,app,"Logistic (app, calibrated)",0,0.6457635718916631
high_debt_burden,app,"Logistic (app, calibrated)",0,0.18873831062638252
high_debt_burden,app,"Logistic (app, calibrated)",0,0.6457635718916631
high_debt_burden,app,"Logistic (app, calibrated)",1,0.5909995998806133
high_debt_burden,app,"Logistic (app, calibrated)",1,0.32913608999607513
high_debt_burden,app,"Logistic (app, calibrated)",0,0.504838550328617
high_debt_burden,app,"Logistic (app, calibrated)",0,0.1113939393939394
high_debt_burden,app,"Logistic (app, calibrated)",1,0.5385173245214707
high_debt_burden,app,"Logistic (app, calibrated)",0,0.5363335215509129
high_debt_burden,app,"Logistic (app, calibrated)",1,0.5288753076988371
high_debt_burden,app,"Logistic (app, calibrated)",1,0.6076560379771777
high_debt_burden,app,"Logistic (app, calibrated)",1,0.5015358903042084
high_debt_burden,app,"Logistic (app, calibrated)",0,0.26997232559152207
high_debt_burden,app,"Logistic (app, calibrated)",1,0.21560820297854777
high_debt_burden,app,"Logistic (app, calibrated)",1,0.6520451864956509
high_debt_burden,app,"Logistic (app, calibrated)",0,0.2930759988038396
high_debt_burden,app,"Logistic (app, calibrated)",0,0.3097320640721411
high_debt_burden,app,"Logistic (app, calibrated)",1,0.30371175166297115
high_debt_burden,app,"Logistic (app, calibrated)",0,0.46945703725761334
high_debt_burden,app,"Logistic (app, calibrated)",0,0.13423108275739853
high_debt_burden,app,"Logistic (app, calibrated)",1,0.34868908868908866
high_debt_burden,app,"Logistic (app, calibrated)",1,0.48953676269095825
high_debt_burden,app,"Logistic (app, calibrated)",0,0.2454777016413845
high_debt_burden,app,"Logistic (app, calibrated)",0,0.49471659919028343
high_debt_burden,app,"Logistic (app, calibrated)",1,0.6043686016679726
high_debt_burden,app,"Logistic (app, calibrated)",0,0.3031887381440509
high_debt_burden,app,"Logistic (app, calibrated)",0,0.33781408208869357
high_debt_burden,app,"Logistic (app, calibrated)",1,0.6114778576059487
high_debt_burden,app,"Logistic (app, calibrated)",1,0.14184339628731246
high_debt_burden,app,"Logistic (app, calibrated)",1,0.6213311062129769
high_debt_burden,app,"Logistic (app, calibrated)",1,0.21880808080808084
high_debt_burden,app,"Logistic (app, calibrated)",0,0.6114778576059487
high_debt_burden,app,"Logistic (app, calibrated)",0,0.16667962658321273
high_debt_burden,app,"Logistic (app, calibrated)",0,0.4419711342052393
high_debt_burden,app,"Logistic (app, calibrated)",0,0.5990845624341752
high_debt_burden,app,"Logistic (app, calibrated)",1,0.4088915209728965
high_debt_burden,app,"Logistic (app, calibrated)",1,0.2533495856366708
high_debt_burden,app,"Logistic (app, calibrated)",0,0.1378566853238573
high_debt_burden,app,"Logistic (app, calibrated)",0,0.1378674463937622
high_debt_burden,app,"Logistic (app, calibrated)",0,0.1501767296206458
high_debt_burden,app,"Logistic (app, calibrated)",0,0.4484163151339521
high_debt_burden,app,"Logistic (app, calibrated)",1,0.5295716438486108
high_debt_burden,app,"Logistic (app, calibrated)",0,0.45004073862971106
high_debt_burden,app,"Logistic (app, calibrated)",0,0.5408598968717768
high_debt_burden,app,"Logistic (app, calibrated)",0,0.4508138589670068
high_debt_burden,app,"Logistic (app, calibrated)",1,0.6076560379771777
high_debt_burden,app,"Logistic (app, calibrated)",0,0.23901013324042109
high_debt_burden,app,"Logistic (app, calibrated)",1,0.44187889698339095
high_debt_burden,app,"Logistic (app, calibrated)",1,0.3822224917963686
high_debt_burden,app,"Logistic (app, calibrated)",0,0.46601289495690884
high_debt_burden,app,"Logistic (app, calibrated)",1,0.4834502430137476
high_debt_burden,app,"Logistic (app, calibrated)",0,0.44187889698339095
high_debt_burden,app,"Logistic (app, calibrated)",0,0.4465458265299603
high_debt_burden,app,"Logistic (app, calibrated)",0,0.261484366649556
high_debt_burden,app,"Logistic (app, calibrated)",0,0.6194594346963623
high_debt_burden,app,"Logistic (app, calibrated)",0,0.2989489720621796
high_debt_burden,app,"Logistic (app, calibrated)",0,0.3264838181638742
high_debt_burden,app,"Logistic (app, calibrated)",0,0.015384615384615385
high_debt_burden,app,"Logistic (app, calibrated)",1,0.26997232559152207
high_debt_burden,app,"Logistic (app, calibrated)",0,0.42309558413746534
high_debt_burden,app,"Logistic (app, calibrated)",0,0.5056249573767755
high_debt_burden,app,"Logistic (app, calibrated)",0,0.41293638978123653
high_debt_burden,app,"Logistic (app, calibrated)",1,0.154927489831076
high_debt_burden,app,"Logistic (app, calibrated)",1,0.18001795410210852
high_debt_burden,app,"Logistic (app, calibrated)",0,0.48454223297287724
high_debt_burden,app,"Logistic (app, calibrated)",0,0.26997232559152207
high_debt_burden,app,"Logistic (app, calibrated)",1,0.4930241438719998
high_debt_burden,app,"Logistic (app, calibrated)",0,0.2533495856366708
high_debt_burden,app,"Logistic (app, calibrated)",1,0.5990845624341752
high_debt_burden,app,"Logistic (app, calibrated)",1,0.45004073862971106
high_debt_burden,app,"Logistic (app, calibrated)",1,0.5892059610729536
high_debt_burden,app,"Logistic (app, calibrated)",1,0.4769917504134405
high_debt_burden,app,"Logistic (app, calibrated)",1,0.14848677932711546
high_debt_burden,app,"Logistic (app, calibrated)",1,0.35391670651071727
high_debt_burden,app,"Logistic (app, calibrated)",1,0.6030683870644447
high_debt_burden,app,"Logistic (app, calibrated)",1,0.37907614978062576
high_debt_burden,app,"Logistic (app, calibrated)",0,0.15016745159602304
high_debt_burden,app,"Logistic (app, calibrated)",0,0.36949365427283787
high_debt_burden,app,"Logistic (app, calibrated)",0,0.6096125597163082
high_debt_burden,app,"Logistic (app, calibrated)",1,0.17423118444746014
high_debt_burden,app,"Logistic (app, calibrated)",1,0.5836310186588431
high_debt_burden,app,"Logistic (app, calibrated)",0,0.189447963800905
high_debt_burden,app,"Logistic (app, calibrated)",1,0.389629899203776
high_debt_burden,app,"Logistic (app, calibrated)",0,0.523479438007546
high_debt_burden,app,"Logistic (app, calibrated)",1,0.644833816993869
high_debt_burden,app,"Logistic (app, calibrated)",0,0.2563158367906773
high_debt_burden,app,"Logistic (app, calibrated)",1,0.40044187946063925
high_debt_burden,app,"Logistic (app, calibrated)",1,0.4323463643259249
high_debt_burden,app,"Logistic (app, calibrated)",1,0.5388633600265585
high_debt_burden,app,"Logistic (app, calibrated)",0,0.43238851343039464
high_debt_burden,app,"Logistic (app, calibrated)",1,0.6076560379771777
high_debt_burden,app,"Logistic (app, calibrated)",1,0.49312766236858635
high_debt_burden,app,"Logistic (app, calibrated)",1,0.6114778576059487
high_debt_burden,app,"Logistic (app, calibrated)",0,0.2930759988038396
high_debt_burden,app,"Logistic (app, calibrated)",1,0.4325626687769638
high_debt_burden,app,"Logistic (app, calibrated)",0,0.23743553178847296
high_debt_burden,app,"Logistic (app, calibrated)",0,0.36771624584924034
high_debt_burden,app,"Logistic (app, calibrated)",1,0.5709422130731536
high_debt_burden,app,"Logistic (app, calibrated)",0,0.29907133985374984
high_debt_burden,app,"Logistic (app, calibrated)",0,0.2989489720621796
high_debt_burden,app,"Logistic (app, calibrated)",0,0.4280068403246263
high_debt_burden,app,"Logistic (app, calibrated)",1,0.4668591964317755
high_debt_burden,app,"Logistic (app, calibrated)",1,0.4484163151339521
high_debt_burden,app,"Logistic (app, calibrated)",0,0.695203081232493
high_debt_burden,app,"Logistic (app, calibrated)",0,0.4508138589670068
high_debt_burden,app,"Logistic (app, calibrated)",1,0.6213311062129769
high_debt_burden,app,"Logistic (app, calibrated)",0,0.24679562202589467
high_debt_burden,app,"Logistic (app, calibrated)",0,0.4265341908723362
high_debt_burden,app,"Logistic (app, calibrated)",0,0.549956474015965
high_debt_burden,app,"Logistic (app, calibrated)",0,0.5855783597980058
high_debt_burden,app,"Logistic (app, calibrated)",0,0.3762224509047251
high_debt_burden,app,"Logistic (app, calibrated)",1,0.28225525957975606
high_debt_burden,app,"Logistic (app, calibrated)",1,0.45783006264986953
high_debt_burden,app,"Logistic (app, calibrated)",1,0.33533457844426845
high_debt_burden,app,"Logistic (app, calibrated)",1,0.6238106343647746
high_debt_burden,app,"Logistic (app, calibrated)",0,0.29396759407864537
high_debt_burden,app,"Logistic (app, calibrated)",1,0.40356549824263094
high_debt_burden,app,"Logistic (app, calibrated)",0,0.09988527325823947
high_debt_burden,app,"Logistic (app, calibrated)",1,0.47504282271748666
high_debt_burden,app,"Logistic (app, calibrated)",1,0.5641057209769154
high_debt_burden,app,"Logistic (app, calibrated)",0,0.4812472487023645
high_debt_burden,app,"Logistic (app, calibrated)",1,0.5988089823635441
high_debt_burden,app,"Logistic (app, calibrated)",1,0.3001270143685004
high_debt_burden,app,"Logistic (app, calibrated)",0,0.2776600069227019
high_debt_burden,app,"Logistic (app, calibrated)",1,0.47033548891538696
high_debt_burden,app,"Logistic (app, calibrated)",1,0.654905839755257
high_debt_burden,app,"Logistic (app, calibrated)",1,0.44231229769390235
high_debt_burden,app,"Logistic (app, calibrated)",0,0.21352001571811652
high_debt_burden,app,"Logistic (app, calibrated)",1,0.5949510955759292
high_debt_burden,app,"Logistic (app, calibrated)",0,0.25188029213958024
high_debt_burden,app,"Logistic (app, calibrated)",0,0.4686962119081833
high_debt_burden,app,"Logistic (app, calibrated)",0,0.17373027411536676
high_debt_burden,app,"Logistic (app, calibrated)",1,0.27985389054779
high_debt_burden,app,"Logistic (app, calibrated)",1,0.6186823271581687
high_debt_burden,app,"Logistic (app, calibrated)",0,0.4484163151339521
high_debt_burden,app,"Logistic (app, calibrated)",1,0.2646491701240107
high_debt_burden,app,"Logistic (app, calibrated)",0,0.5779888451975059
high_debt_burden,app,"Logistic (app, calibrated)",1,0.2670911725660131
high_debt_burden,app,"Logistic (app, calibrated)",0,0.43980385484325346
high_debt_burden,app,"Logistic (app, calibrated)",0,0.44231229769390235
high_debt_burden,app,"Logistic (app, calibrated)",0,0.4867695281912182
high_debt_burden,app,"Logistic (app, calibrated)",1,0.36652540216289126
high_debt_burden,app,"Logistic (app, calibrated)",0,0.1569584376067046
high_debt_burden,app,"Logistic (app, calibrated)",1,0.5654233643427428
high_debt_burden,app,"Logistic (app, calibrated)",1,0.294636330268293
high_debt_burden,app,"Logistic (app, calibrated)",0,0.15630222900245785
high_debt_burden,app,"Logistic (app, calibrated)",0,0.29217971113622704
high_debt_burden,app,"Logistic (app, calibrated)",0,0.3138867239774784
high_debt_burden,app,"Logistic (app, calibrated)",1,0.41315233880135704
high_debt_burden,app,"Logistic (app, calibrated)",0,0.14848677932711546
high_debt_burden,app,"Logistic (app, calibrated)",0,0.4883428527913896
high_debt_burden,app,"Logistic (app, calibrated)",0,0.15630222900245785
high_debt_burden,app,"Logistic (app, calibrated)",1,0.5877601693362697
high_debt_burden,app,"Logistic (app, calibrated)",0,0.41849535272400756
high_debt_burden,app,"Logistic (app, calibrated)",0,0.3977889190525623
high_debt_burden,app,"Logistic (app, calibrated)",1,0.25243309403691805
high_debt_burden,app,"Logistic (app, calibrated)",0,0.41925181669178124
high_debt_burden,app,"Logistic (app, calibrated)",1,0.2497093418466858
high_debt_burden,app,"Logistic (app, calibrated)",1,0.5803170721840647
high_debt_burden,app,"Logistic (app, calibrated)",1,0.6114778576059487
high_debt_burden,app,"Logistic (app, calibrated)",0,0.15016745159602304
high_debt_burden,app,"Logistic (app, calibrated)",1,0.28256575210753104
high_debt_burden,app,"Logistic (app, calibrated)",0,0.4942536267039948
high_debt_burden,app,"Logistic (app, calibrated)",0,0.2533495856366708
high_debt_burden,app,"Logistic (app, calibrated)",1,0.45671996566397954
high_debt_burden,app,"Logistic (app, calibrated)",1,0.49782100646896793
high_debt_burden,app,"Logistic (app, calibrated)",1,0.5409054352298657
high_debt_burden,app,"Logistic (app, calibrated)",0,0.23901013324042109
high_debt_burden,app,"Logistic (app, calibrated)",1,0.25952056283877056
high_debt_burden,app,"Logistic (app, calibrated)",1,0.6457635718916631
high_debt_burden,app,"Logistic (app, calibrated)",0,0.5109181904594822
high_debt_burden,app,"Logistic (app, calibrated)",1,0.4188942111283162
high_debt_burden,app,"Logistic (app, calibrated)",0,0.13664211042507188
high_debt_burden,app,"Logistic (app, calibrated)",1,0.5727040816326531
high_debt_burden,app,"Logistic (app, calibrated)",0,0.3530687830687831
high_debt_burden,app,"Logistic (app, calibrated)",1,0.1461058269461631
high_debt_burden,app,"Logistic (app, calibrated)",1,0.24427313862607977
high_debt_burden,app,"Logistic (app, calibrated)",0,0.3088653400430637
high_debt_burden,app,"Logistic (app, calibrated)",1,0.36464805194010486
high_debt_burden,app,"Logistic (app, calibrated)",0,0.49141623127830025
high_debt_burden,app,"Logistic (app, calibrated)",1,0.38180213409046027
high_debt_burden,app,"Logistic (app, calibrated)",0,0.24133520074696543
high_debt_burden,app,"Logistic (app, calibrated)",0,0.19917967753410973
high_debt_burden,app,"Logistic (app, calibrated)",0,0.4883428527913896
high_debt_burden,app,"Logistic (app, calibrated)",0,0.3372598810985897
high_debt_burden,app,"Logistic (app, calibrated)",0,0.2670911725660131
high_debt_burden,app,"Logistic (app, calibrated)",0,0.2930759988038396
high_debt_burden,app,"Logistic (app, calibrated)",0,0.3620841547388246
high_debt_burden,app,"Logistic (app, calibrated)",0,0.4639340800899193
high_debt_burden,app,"Logistic (app, calibrated)",1,0.34107085670834575
high_debt_burden,app,"Logistic (app, calibrated)",1,0.3977889190525623
high_debt_burden,app,"Logistic (app, calibrated)",0,0.2917936810351671
high_debt_burden,app,"Logistic (app, calibrated)",1,0.2563158367906773
high_debt_burden,app,"Logistic (app, calibrated)",0,0.3948905437200197
high_debt_burden,app,"Logistic (app, calibrated)",0,0.5977522160241084
high_debt_burden,app,"Logistic (app, calibrated)",0,0.3672261931861295
high_debt_burden,app,"Logistic (app, calibrated)",0,0.4049904971550369
high_debt_burden,app,"Logistic (app, calibrated)",1,0.628725250246687
high_debt_burden,app,"Logistic (app, calibrated)",1,0.5920743789076293
high_debt_burden,app,"Logistic (app, calibrated)",0,0.3899852406897166
high_debt_burden,app,"Logistic (app, calibrated)",1,0.5286954352336168
high_debt_burden,app,"Logistic (app, calibrated)",0,0.43238851343039464
high_debt_burden,app,"Logistic (app, calibrated)",0,0.2533495856366708
high_debt_burden,app,"Logistic (app, calibrated)",0,0.23409361456845507
high_debt_burden,app,"Logistic (app, calibrated)",1,0.47033548891538696
high_debt_burden,app,"Logistic (app, calibrated)",1,0.5474047303272916
high_debt_burden,app,"Logistic (app, calibrated)",0,0.4761219096210617
high_debt_burden,app,"Logistic (app, calibrated)",0,0.5777773896443822
high_debt_burden,app,"Logistic (app, calibrated)",1,0.4761219096210617
high_debt_burden,app,"Logistic (app, calibrated)",0,0.09321482148970499
high_debt_burden,app,"Logistic (app, calibrated)",1,0.3150558533326895
high_debt_burden,app,"Logistic (app, calibrated)",1,0.34198193979844665
high_debt_burden,app,"Logistic (app, calibrated)",1,0.5988089823635441
high_debt_burden,app,"Logistic (app, calibrated)",0,0.2240468741600817
high_debt_burden,app,"Logistic (app, calibrated)",0,0.1757589167945301
high_debt_burden,app,"Logistic (app, calibrated)",1,0.6014463450009068
high_debt_burden,app,"Logistic (app, calibrated)",1,0.5012474830560214
high_debt_burden,app,"Logistic (app, calibrated)",1,0.6096125597163082
high_debt_burden,app,"Logistic (app, calibrated)",1,0.3080697664908191
high_debt_burden,app,"Logistic (app, calibrated)",0,0.15016745159602304
high_debt_burden,app,"Logistic (app, calibrated)",0,0.4883428527913896
high_debt_burden,app,"Logistic (app, calibrated)",0,0.4388230055934999
high_debt_burden,app,"Logistic (app, calibrated)",1,0.3408416983233737
high_debt_burden,app,"Logistic (app, calibrated)",0,0.42295189526968124
high_debt_burden,app,"Logistic (app, calibrated)",0,0.3807914105774338
high_debt_burden,app,"Logistic (app, calibrated)",1,0.8002131567851833
high_debt_burden,app,"Logistic (app, calibrated)",0,0.6146416020556454
high_debt_burden,app,"Logistic (app, calibrated)",0,0.45852867468451397
high_debt_burden,app,"Logistic (app, calibrated)",0,0.6142844740886246
high_debt_burden,app,"Logistic (app, calibrated)",1,0.34029357600668153
high_debt_burden,app,"Logistic (app, calibrated)",1,0.6248381236260826
high_debt_burden,app,"Logistic (app, calibrated)",0,0.5788219003163213
high_debt_burden,app,"Logistic (app, calibrated)",0,0.4883428527913896
high_debt_burden,app,"Logistic (app, calibrated)",0,0.16849931809893642
high_debt_burden,app,"Logistic (app, calibrated)",0,0.21096053284860475
high_debt_burden,app,"Logistic (app, calibrated)",0,0.544855179234862
high_debt_burden,app,"Logistic (app, calibrated)",1,0.4484163151339521
high_debt_burden,app,"Logistic (app, calibrated)",0,0.5056249573767755
high_debt_burden,app,"Logistic (app, calibrated)",0,0.3335522837464585
high_debt_burden,app,"Logistic (app, calibrated)",1,0.5645720074945688
high_debt_burden,app,"Logistic (app, calibrated)",0,0.32052604455797024
high_debt_burden,app,"Logistic (app, calibrated)",0,0.43256649896906685
high_debt_burden,app,"Logistic (app, calibrated)",0,0.16871057435884135
high_debt_burden,app,"Logistic (app, calibrated)",1,0.509043867505755
high_debt_burden,app,"Logistic (app, calibrated)",0,0.24015310469825435
high_debt_burden,app,"Logistic (app, calibrated)",0,0.3638947163349637
high_debt_burden,app,"Logistic (app, calibrated)",0,0.4686962119081833
high_debt_burden,app,"Logistic (app, calibrated)",1,0.515249311194508
high_debt_burden,app,"Logistic (app, calibrated)",1,0.544855179234862
high_debt_burden,app,"Logistic (app, calibrated)",1,0.3588587069709321
high_debt_burden,app,"Logistic (app, calibrated)",1,0.35391670651071727
high_debt_burden,app,"Logistic (app, calibrated)",0,0.1378674463937622
high_debt_burden,app,"Logistic (app, calibrated)",0,0.26216537404569573
high_debt_burden,app,"Logistic (app, calibrated)",1,0.5917487736006043
high_debt_burden,app,"Logistic (app, calibrated)",0,0.20096511290852243
high_debt_burden,app,"Logistic (app, calibrated)",0,0.26997232559152207
high_debt_burden,app,"Logistic (app, calibrated)",0,0.567097773781945
high_debt_burden,app,"Logistic (app, calibrated)",1,0.5616023781144138
high_debt_burden,app,"Logistic (app, calibrated)",0,0.3150558533326895
high_debt_burden,app,"Logistic (app, calibrated)",0,0.5412662189641697
high_debt_burden,app,"Logistic (app, calibrated)",1,0.5992258054190381
high_debt_burden,app,"Logistic (app, calibrated)",1,0.5485397933468785
high_debt_burden,app,"Logistic (app, calibrated)",0,0.43238851343039464
high_debt_burden,app,"Logistic (app, calibrated)",0,0.2989489720621796
high_debt_burden,app,"Logistic (app, calibrated)",0,0.17708227661599252
high_debt_burden,app,"Logistic (app, calibrated)",0,0.33733038610617916
high_debt_burden,app,"Logistic (app, calibrated)",0,0.26216537404569573
high_debt_burden,app,"Logistic (app, calibrated)",0,0.3594314419131173
high_debt_burden,app,"Logistic (app, calibrated)",0,0.37483526917967014
high_debt_burden,app,"Logistic (app, calibrated)",0,0.24330378859790622
high_debt_burden,app,"Logistic (app, calibrated)",0,0.3218367601235846
high_debt_burden,app,"Logistic (app, calibrated)",0,0.6562633058186054
high_debt_burden,app,"Logistic (app, calibrated)",0,0.13826268969126113
high_debt_burden,app,"Logistic (app, calibrated)",0,0.3808736136954228
high_debt_burden,app,"Logistic (app, calibrated)",1,0.4225270837378151
high_debt_burden,app,"Logistic (app, calibrated)",0,0.4915903866248693
high_debt_burden,app,"Logistic (app, calibrated)",0,0.30688543697619136
high_debt_burden,app,"Logistic (app, calibrated)",0,0.36553272187130453
high_debt_burden,app,"Logistic (app, calibrated)",1,0.43794747637316567
high_debt_burden,app,"Logistic (app, calibrated)",1,0.47977148595368374
high_debt_burden,app,"Logistic (app, calibrated)",1,0.4730431979872119
high_debt_burden,app,"Logistic (app, calibrated)",1,0.2738426794746422
high_debt_burden,app,"Logistic (app, calibrated)",0,0.1378674463937622
high_debt_burden,app,"Logistic (app, calibrated)",0,0.6520451864956509
high_debt_burden,app,"Logistic (app, calibrated)",1,0.43794747637316567
high_debt_burden,app,"Logistic (app, calibrated)",0,0.36361118184647595
high_debt_burden,app,"Logistic (app, calibrated)",1,0.6114778576059487
high_debt_burden,app,"Logistic (app, calibrated)",1,0.4639340800899193
high_debt_burden,app,"Logistic (app, calibrated)",0,0.14196452686811303
high_debt_burden,app,"Logistic (app, calibrated)",1,0.42777812748519806
high_debt_burden,app,"Logistic (app, calibrated)",1,0.6050589823635442
high_debt_burden,app,"Logistic (app, calibrated)",0,0.41445922050110173
high_debt_burden,app,"Logistic (app, calibrated)",1,0.47897530060845595
high_debt_burden,app,"Logistic (app, calibrated)",1,0.6329751102717102
high_debt_burden,app,"Logistic (app, calibrated)",0,0.6649699110413396
high_debt_burden,app,"Logistic (app, calibrated)",0,0.46945703725761334
high_debt_burden,app,"Logistic (app, calibrated)",0,0.2893708218321236
high_debt_burden,app,"Logistic (app, calibrated)",0,0.3001270143685004
high_debt_burden,app,"Logistic (app, calibrated)",0,0.6329751102717102
high_debt_burden,app,"Logistic (app, calibrated)",0,0.2766822487567452
high_debt_burden,app,"Logistic (app, calibrated)",0,0.5671490222883411
high_debt_burden,app,"Logistic (app, calibrated)",0,0.26533701583674046
high_debt_burden,app,"Logistic (app, calibrated)",0,0.2738426794746422
high_debt_burden,app,"Logistic (app, calibrated)",1,0.4347449923959882
high_debt_burden,app,"Logistic (app, calibrated)",1,0.7211939702505741
high_debt_burden,app,"Logistic (app, calibrated)",0,0.6367446400475635
high_debt_burden,app,"Logistic (app, calibrated)",1,0.478379847930923
high_debt_burden,app,"Logistic (app, calibrated)",1,0.5135839370740147
high_debt_burden,app,"Logistic (app, calibrated)",0,0.4769917504134405
high_debt_burden,app,"Logistic (app, calibrated)",0,0.24015310469825435
high_debt_burden,app,"Logistic (app, calibrated)",0,0.3675402803620894
high_debt_burden,app,"Logistic (app, calibrated)",0,0.527723890473125
high_debt_burden,app,"Logistic (app, calibrated)",0,0.1249473390905907
high_debt_burden,app,"Logistic (app, calibrated)",0,0.4558767693024586
high_debt_burden,app,"Logistic (app, calibrated)",0,0.25243309403691805
high_debt_burden,app,"Logistic (app, calibrated)",1,0.6269793555334728
high_debt_burden,app,"Logistic (app, calibrated)",0,0.2652382034158597
high_debt_burden,app,"Logistic (app, calibrated)",1,0.2670911725660131
high_debt_burden,app,"Logistic (app, calibrated)",1,0.24330378859790622
high_debt_burden,app,"Logistic (app, calibrated)",1,0.5977522160241084
high_debt_burden,app,"Logistic (app, calibrated)",0,0.4306092553864442
high_debt_burden,app,"Logistic (app, calibrated)",0,0.4280068403246263
high_debt_burden,app,"Logistic (app, calibrated)",0,0.2491506944896628
high_debt_burden,app,"Logistic (app, calibrated)",0,0.3291366993308741
high_debt_burden,app,"Logistic (app, calibrated)",0,0.5489894930304138
high_debt_burden,app,"Logistic (app, calibrated)",1,0.4045402209221668
high_debt_burden,app,"Logistic (app, calibrated)",0,0.43588541523304825
high_debt_burden,app,"Logistic (app, calibrated)",1,0.4703052620721814
high_debt_burden,app,"Logistic (app, calibrated)",0,0.2930759988038396
high_debt_burden,app,"Logistic (app, calibrated)",1,0.2909953007542566
high_debt_burden,app,"Logistic (app, calibrated)",0,0.27197386121534733
high_debt_burden,app,"Logistic (app, calibrated)",0,0.5573115148996568
high_debt_burden,app,"Logistic (app, calibrated)",0,0.536376110527214
high_debt_burden,app,"Logistic (app, calibrated)",0,0.4020279794824789
high_debt_burden,app,"Logistic (app, calibrated)",0,0.2533495856366708
high_debt_burden,app,"Logistic (app, calibrated)",0,0.5595765826445374
high_debt_burden,app,"Logistic (app, calibrated)",1,0.43794747637316567
high_debt_burden,app,"Logistic (app, calibrated)",0,0.30541440172797946
high_debt_burden,app,"Logistic (app, calibrated)",0,0.24330378859790622
high_debt_burden,app,"Logistic (app, calibrated)",1,0.2733775853775854
high_debt_burden,app,"Logistic (app, calibrated)",0,0.16581957135463093
high_debt_burden,app,"Logistic (app, calibrated)",1,0.15016745159602304
high_debt_burden,app,"Logistic (app, calibrated)",0,0.7589923321351313
high_debt_burden,app,"Logistic (app, calibrated)",0,0.2930759988038396
high_debt_burden,app,"Logistic (app, calibrated)",1,0.662670831388506
high_debt_burden,app,"Logistic (app, calibrated)",0,0.28256575210753104
high_debt_burden,app,"Logistic (app, calibrated)",0,0.2738426794746422
high_debt_burden,app,"Logistic (app, calibrated)",1,0.25243309403691805
high_debt_burden,app,"Logistic (app, calibrated)",0,0.37415977042341364
high_debt_burden,app,"Logistic (app, calibrated)",0,0.4639340800899193
high_debt_burden,app,"Logistic (app, calibrated)",0,0.48834067043795343
high_debt_burden,app,"Logistic (app, calibrated)",1,0.1344196869635751
high_debt_burden,app,"Logistic (app, calibrated)",0,0.4280068403246263
high_debt_burden,app,"Logistic (app, calibrated)",1,0.6142844740886246
high_debt_burden,app,"Logistic (app, calibrated)",0,0.6050589823635442
high_debt_burden,app,"Logistic (app, calibrated)",0,0.6351039821701177
high_debt_burden,app,"Logistic (app, calibrated)",0,0.2989489720621796
high_debt_burden,app,"Logistic (app, calibrated)",1,0.3605742990559745
high_debt_burden,app,"Logistic (app, calibrated)",0,0.3243842350450796
high_debt_burden,app,"Logistic (app, calibrated)",1,0.5858036475971394
high_debt_burden,app,"Logistic (app, calibrated)",0,0.11030178241871895
high_debt_burden,app,"Logistic (app, calibrated)",1,0.3605742990559745
high_debt_burden,app,"Logistic (app, calibrated)",0,0.6040215181355573
high_debt_burden,app,"Logistic (app, calibrated)",0,0.09115953917694497
high_debt_burden,app,"Logistic (app, calibrated)",0,0.17073346839125242
high_debt_burden,app,"Logistic (app, calibrated)",1,0.5604081834761382
high_debt_burden,app,"Logistic (app, calibrated)",0,0.6187761052342162
high_debt_burden,app,"Logistic (app, calibrated)",0,0.27622247633568386
high_debt_burden,app,"Logistic (app, calibrated)",1,0.35732769850308543
high_debt_burden,app,"Logistic (app, calibrated)",1,0.6329751102717102
high_debt_burden,app,"Logistic (app, calibrated)",0,0.5858036475971394
high_debt_burden,app,"Logistic (app, calibrated)",0,0.14761262705654324
high_debt_burden,app,"Logistic (app, calibrated)",1,0.41984499867830616
high_debt_burden,app,"Logistic (app, calibrated)",1,0.4484163151339521
high_debt_burden,app,"Logistic (app, calibrated)",0,0.4639340800899193
high_debt_burden,app,"Logistic (app, calibrated)",0,0.3594314419131173
high_debt_burden,app,"Logistic (app, calibrated)",0,0.44231229769390235
high_debt_burden,app,"Logistic (app, calibrated)",0,0.3150558533326895
high_debt_burden,app,"Logistic (app, calibrated)",1,0.3762224509047251
high_debt_burden,app,"Logistic (app, calibrated)",0,0.504838550328617
high_debt_burden,app,"Logistic (app, calibrated)",0,0.4481359735677984
high_debt_burden,app,"Logistic (app, calibrated)",0,0.2670911725660131
high_debt_burden,app,"Logistic (app, calibrated)",0,0.4885915115765204
high_debt_burden,app,"Logistic (app, calibrated)",1,0.5949510955759292
high_debt_burden,app,"Logistic (app, calibrated)",0,0.3220105150799929
high_debt_burden,app,"Logistic (app, calibrated)",0,0.26997232559152207
high_debt_burden,app,"Logistic (app, calibrated)",1,0.45852867468451397
high_debt_burden,app,"Logistic (app, calibrated)",0,0.3697709274527085
high_debt_burden,app,"Logistic (app, calibrated)",0,0.5604081834761382
high_debt_burden,app,"Logistic (app, calibrated)",0,0.46945703725761334
high_debt_burden,app,"Logistic (app, calibrated)",0,0.5651925005492108
high_debt_burden,app,"Logistic (app, calibrated)",0,0.20285178580368748
high_debt_burden,app,"Logistic (app, calibrated)",1,0.3571199168991005
high_debt_burden,app,"Logistic (app, calibrated)",0,0.4883457812989003
high_debt_burden,app,"Logistic (app, calibrated)",0,0.3088653400430637
high_debt_burden,app,"Logistic (app, calibrated)",0,0.42300119299749384
high_debt_burden,app,"Logistic (app, calibrated)",0,0.11887321099014751
high_debt_burden,app,"Logistic (app, calibrated)",1,0.6091721083757025
high_debt_burden,app,"Logistic (app, calibrated)",1,0.7041666666666666
high_debt_burden,app,"Logistic (app, calibrated)",1,0.3622016669876902
high_debt_burden,app,"Logistic (app, calibrated)",0,0.30656889452011404
high_debt_burden,app,"Logistic (app, calibrated)",0,0.4248111873748077
high_debt_burden,app,"Logistic (app, calibrated)",1,0.6076560379771777
high_debt_burden,app,"Logistic (app, calibrated)",1,0.4883428527913896
high_debt_burden,app,"Logistic (app, calibrated)",1,0.4600077980386373
high_debt_burden,app,"Logistic (app, calibrated)",0,0.3594314419131173
high_debt_burden,app,"Logistic (app, calibrated)",0,0.24470114986633923
high_debt_burden,app,"Logistic (app, calibrated)",1,0.5977522160241084
high_debt_burden,app,"Logistic (app, calibrated)",1,0.5616023781144138
high_debt_burden,app,"Logistic (app, calibrated)",0,0.31613913561616824
high_debt_burden,app,"Logistic (app, calibrated)",1,0.5442925191777178
high_debt_burden,app,"Logistic (app, calibrated)",0,0.1706957913567461
high_debt_burden,app,"Logistic (app, calibrated)",1,0.1461058269461631
high_debt_burden,app,"Logistic (app, calibrated)",1,0.34118997491486347
high_debt_burden,app,"Logistic (app, calibrated)",1,0.1721880341880342
high_debt_burden,app,"Logistic (app, calibrated)",0,0.38743169091917845
high_debt_burden,app,"Logistic (app, calibrated)",0,0.5920532105020875
high_debt_burden,app,"Logistic (app, calibrated)",0,0.5334155774174272
high_debt_burden,app,"Logistic (app, calibrated)",1,0.6096125597163082
high_debt_burden,app,"Logistic (app, calibrated)",1,0.24646691942632554
high_debt_burden,app,"Logistic (app, calibrated)",1,0.6314745179326289
high_debt_burden,app,"Logistic (app, calibrated)",0,0.40076000759824504
high_debt_burden,app,"Logistic (app, calibrated)",1,0.44808360202761593
high_debt_burden,app,"Logistic (app, calibrated)",1,0.43064029207258975
high_debt_burden,app,"Logistic (app, calibrated)",0,0.3466130044567041
high_debt_burden,app,"Logistic (app, calibrated)",0,0.30979984509396274
high_debt_burden,app,"Logistic (app, calibrated)",0,0.4537444423334148
high_debt_burden,app,"Logistic (app, calibrated)",1,0.2533495856366708
high_debt_burden,app,"Logistic (app, calibrated)",1,0.5138103726339021
high_debt_burden,app,"Logistic (app, calibrated)",0,0.5788437563420907
high_debt_burden,app,"Logistic (app, calibrated)",1,0.6367446400475635
high_debt_burden,app,"Logistic (app, calibrated)",1,0.4686962119081833
high_debt_burden,app,"Logistic (app, calibrated)",0,0.6076560379771777
high_debt_burden,app,"Logistic (app, calibrated)",1,0.10788493692050465
high_debt_burden,app,"Logistic (app, calibrated)",0,0.24094124960397495
high_debt_burden,app,"Logistic (app, calibrated)",1,0.2738426794746422
high_debt_burden,app,"Logistic (app, calibrated)",1,0.24982315968893148
high_debt_burden,app,"Logistic (app, calibrated)",1,0.6329751102717102
high_debt_burden,app,"Logistic (app, calibrated)",0,0.27197386121534733
high_debt_burden,app,"Logistic (app, calibrated)",0,0.18873831062638252
high_debt_burden,app,"Logistic (app, calibrated)",1,0.20265793840367494
high_debt_burden,app,"Logistic (app, calibrated)",0,0.23749372978081493
high_debt_burden,app,"Logistic (app, calibrated)",1,0.5259475915131894
high_debt_burden,app,"Logistic (app, calibrated)",0,0.28956722687401504
high_debt_burden,app,"Logistic (app, calibrated)",0,0.17708227661599252
high_debt_burden,app,"Logistic (app, calibrated)",0,0.6562633058186054
high_debt_burden,app,"Logistic (app, calibrated)",1,0.5684590309337654
high_debt_burden,app,"Logistic (app, calibrated)",0,0.4013083615576461
high_debt_burden,app,"Logistic (app, calibrated)",1,0.3784314419131173
high_debt_burden,app,"Logistic (app, calibrated)",0,0.38721234557893147
high_debt_burden,app,"Logistic (app, calibrated)",0,0.42309558413746534
high_debt_burden,app,"Logistic (app, calibrated)",0,0.3629849612617974
high_debt_burden,app,"Logistic (app, calibrated)",1,0.4217682254383588
high_debt_burden,app,"Logistic (app, calibrated)",0,0.19917967753410973
high_debt_burden,app,"Logistic (app, calibrated)",0,0.15667783010640154
high_debt_burden,app,"Logistic (app, calibrated)",0,0.5180217754078841
high_debt_burden,app,"Logistic (app, calibrated)",1,0.1378674463937622
high_debt_burden,app,"Logistic (app, calibrated)",0,0.44231229769390235
high_debt_burden,app,"Logistic (app, calibrated)",0,0.2533495856366708
high_debt_burden,app,"Logistic (app, calibrated)",0,0.20115910254687472
high_debt_burden,app,"Logistic (app, calibrated)",0,0.49696406463860077
high_debt_burden,app,"Logistic (app, calibrated)",0,0.4975809104305526
high_debt_burden,app,"Logistic (app, calibrated)",0,0.26997232559152207
high_debt_burden,app,"Logistic (app, calibrated)",1,0.43845038176597473
high_debt_burden,app,"Logistic (app, calibrated)",0,0.4153675449879376
high_debt_burden,app,"Logistic (app, calibrated)",0,0.4944937227424102
high_debt_burden,app,"Logistic (app, calibrated)",0,0.19336665901492603
high_debt_burden,app,"Logistic (app, calibrated)",1,0.5977522160241084
high_debt_burden,app,"Logistic (app, calibrated)",1,0.5453371726156535
high_debt_burden,app,"Logistic (app, calibrated)",1,0.6562633058186054
high_debt_burden,app,"Logistic (app, calibrated)",0,0.47686444466502076
high_debt_burden,app,"Logistic (app, calibrated)",0,0.4321198431100587
high_debt_burden,app,"Logistic (app, calibrated)",0,0.6114778576059487
high_debt_burden,app,"Logistic (app, calibrated)",0,0.15016745159602304
high_debt_burden,app,"Logistic (app, calibrated)",0,0.5671427869320531
high_debt_burden,app,"Logistic (app, calibrated)",1,0.38180213409046027
high_debt_burden,app,"Logistic (app, calibrated)",1,0.48009980702362587
high_debt_burden,app,"Logistic (app, calibrated)",0,0.15653148460792415
high_debt_burden,app,"Logistic (app, calibrated)",0,0.25243309403691805
high_debt_burden,app,"Logistic (app, calibrated)",0,0.3040807988041758
high_debt_burden,app,"Logistic (app, calibrated)",1,0.5657221363979292
high_debt_burden,app,"Logistic (app, calibrated)",1,0.1534993180989364
high_debt_burden,app,"Logistic (app, calibrated)",1,0.6562633058186054
high_debt_burden,app,"Logistic (app, calibrated)",1,0.3138867239774784
high_debt_burden,app,"Logistic (app, calibrated)",1,0.575547460130503
high_debt_burden,app,"Logistic (app, calibrated)",0,0.22593620046991642
high_debt_burden,app,"Logistic (app, calibrated)",1,0.5373543843419435
high_debt_burden,app,"Logistic (app, calibrated)",0,0.2788445060426499
high_debt_burden,app,"Logistic (app, calibrated)",1,0.5021873110793663
high_debt_burden,app,"Logistic (app, calibrated)",0,0.05144724556489262
high_debt_burden,app,"Logistic (app, calibrated)",1,0.4736463214451202
high_debt_burden,app,"Logistic (app, calibrated)",1,0.4639340800899193
high_debt_burden,app,"Logistic (app, calibrated)",0,0.5172909420942248
high_debt_burden,app,"Logistic (app, calibrated)",0,0.15016745159602304
high_debt_burden,app,"Logistic (app, calibrated)",0,0.5949510955759292
high_debt_burden,app,"Logistic (app, calibrated)",0,0.4944937227424102
high_debt_burden,app,"Logistic (app, calibrated)",0,0.7032428645560315
high_debt_burden,app,"Logistic (app, calibrated)",0,0.3650878058754308
high_debt_burden,app,"Logistic (app, calibrated)",0,0.33281845736732923
high_debt_burden,app,"Logistic (app, calibrated)",0,0.41445922050110173
high_debt_burden,app,"Logistic (app, calibrated)",1,0.6329751102717102
high_debt_burden,app,"Logistic (app, calibrated)",0,0.3043939935647142
high_debt_burden,app,"Logistic (app, calibrated)",0,0.43238851343039464
high_debt_burden,app,"Logistic (app, calibrated)",0,0.25243309403691805
high_debt_burden,app,"Logistic (app, calibrated)",1,0.2989489720621796
high_debt_burden,app,"Logistic (app, calibrated)",1,0.4965312807856396
high_debt_burden,app,"Logistic (app, calibrated)",1,0.6562633058186054
high_debt_burden,app,"Logistic (app, calibrated)",1,0.5604081834761382
high_debt_burden,app,"Logistic (app, calibrated)",1,0.5541950141936016
high_debt_burden,app,"Logistic (app, calibrated)",1,0.5288753076988371
high_debt_burden,app,"Logistic (app, calibrated)",0,0.3047517398806696
high_debt_burden,app,"Logistic (app, calibrated)",0,0.16319579135674608
high_debt_burden,app,"Logistic (app, calibrated)",0,0.280837650178535
high_debt_burden,app,"Logistic (app, calibrated)",1,0.41315233880135704
high_debt_burden,app,"Logistic (app, calibrated)",1,0.1533190971395306
high_debt_burden,app,"Logistic (app, calibrated)",0,0.6050589823635442
high_debt_burden,app,"Logistic (app, calibrated)",1,0.5597981381955908
high_debt_burden,app,"Logistic (app, calibrated)",0,0.15679437667946933
high_debt_burden,app,"Logistic (app, calibrated)",1,0.5899832719973235
high_debt_burden,app,"Logistic (app, calibrated)",1,0.7253130572592489
high_debt_burden,app,"Logistic (app, calibrated)",1,0.46537653120911127
high_debt_burden,app,"Logistic (app, calibrated)",0,0.1461058269461631
high_debt_burden,app,"Logistic (app, calibrated)",1,0.20885009437085378
high_debt_burden,app,"Logistic (app, calibrated)",1,0.2533495856366708
high_debt_burden,app,"Logistic (app, calibrated)",0,0.5709422130731536
high_debt_burden,app,"Logistic (app, calibrated)",1,0.5868946037997179
high_debt_burden,app,"Logistic (app, calibrated)",1,0.4188942111283162
high_debt_burden,app,"Logistic (app, calibrated)",1,0.30979984509396274
high_debt_burden,app,"Logistic (app, calibrated)",0,0.3040807988041758
high_debt_burden,app,"Logistic (app, calibrated)",1,0.407405307874707
high_debt_burden,app,"Logistic (app, calibrated)",0,0.4206505184855459
high_debt_burden,app,"Logistic (app, calibrated)",0,0.5120559866689897
high_debt_burden,app,"Logistic (app, calibrated)",0,0.3015492060422936
high_debt_burden,app,"Logistic (app, calibrated)",0,0.1849938811208162
high_debt_burden,app,"Logistic (app, calibrated)",0,0.4668591964317755
high_debt_burden,app,"Logistic (app, calibrated)",0,0.4155005459699452
high_debt_burden,app,"Logistic (app, calibrated)",0,0.5251732439811367
high_debt_burden,app,"Logistic (app, calibrated)",0,0.40364346048830724
high_debt_burden,app,"Logistic (app, calibrated)",0,0.5602076856948284
high_debt_burden,app,"Logistic (app, calibrated)",0,0.41151228974388465
high_debt_burden,app,"Logistic (app, calibrated)",1,0.6114778576059487
high_debt_burden,app,"Logistic (app, calibrated)",0,0.4182914805255856
high_debt_burden,app,"Logistic (app, calibrated)",0,0.580824026162189
high_debt_burden,app,"Logistic (app, calibrated)",0,0.4537444423334148
high_debt_burden,app,"Logistic (app, calibrated)",0,0.29396759407864537
high_debt_burden,app,"Logistic (app, calibrated)",0,0.11377289377289376
high_debt_burden,app,"Logistic (app, calibrated)",1,0.654905839755257
high_debt_burden,app,"Logistic (app, calibrated)",0,0.5195142005210653
high_debt_burden,app,"Logistic (app, calibrated)",0,0.5688128566745879
high_debt_burden,app,"Logistic (app, calibrated)",1,0.25243309403691805
high_debt_burden,app,"Logistic (app, calibrated)",1,0.34198455546623086
high_debt_burden,app,"Logistic (app, calibrated)",0,0.23901013324042109
high_debt_burden,app,"Logistic (app, calibrated)",1,0.3408416983233737
high_debt_burden,app,"Logistic (app, calibrated)",0,0.20840734135924302
high_debt_burden,app,"Logistic (app, calibrated)",0,0.4445086741482765
high_debt_burden,app,"Logistic (app, calibrated)",1,0.45891843413040545
high_debt_burden,app,"Logistic (app, calibrated)",1,0.2989489720621796
high_debt_burden,app,"Logistic (app, calibrated)",0,0.24145213568242357
high_debt_burden,app,"Logistic (app, calibrated)",0,0.38656693087980837
high_debt_burden,app,"Logistic (app, calibrated)",0,0.6198993038075444
high_debt_burden,app,"Logistic (app, calibrated)",1,0.4188942111283162
high_debt_burden,app,"Logistic (app, calibrated)",1,0.5648903211046715
high_debt_burden,app,"Logistic (app, calibrated)",0,0.5176208916168348
high_debt_burden,app,"Logistic (app, calibrated)",1,0.591047605645475
high_debt_burden,app,"Logistic (app, calibrated)",0,0.1553103087388802
high_debt_burden,app,"Logistic (app, calibrated)",0,0.45891843413040545
high_debt_burden,app,"Logistic (app, calibrated)",1,0.49536039665103865
high_debt_burden,app,"Logistic (app, calibrated)",1,0.4686962119081833
high_debt_burden,app,"Logistic (app, calibrated)",0,0.6253112267038559
high_debt_burden,app,"Logistic (app, calibrated)",0,0.4327374557630824
high_debt_burden,app,"Logistic (app, calibrated)",0,0.45783006264986953
high_debt_burden,app,"Logistic (app, calibrated)",0,0.4187787213414607
high_debt_burden,app,"Logistic (app, calibrated)",1,0.17360987852797938
high_debt_burden,app,"Logistic (app, calibrated)",1,0.5686057209769153
high_debt_burden,app,"Logistic (app, calibrated)",1,0.3138867239774784
high_debt_burden,app,"Logistic (app, calibrated)",1,0.6562633058186054
high_debt_burden,app,"Logistic (app, calibrated)",0,0.2735359902533438
high_debt_burden,app,"Logistic (app, calibrated)",0,0.5288753076988371
high_debt_burden,app,"Logistic (app, calibrated)",1,0.5109181904594822
high_debt_burden,app,"Logistic (app, calibrated)",1,0.17708227661599252
high_debt_burden,app,"Logistic (app, calibrated)",1,0.5221161611470067
high_debt_burden,app,"Logistic (app, calibrated)",1,0.35620958207486947
high_debt_burden,app,"Logistic (app, calibrated)",1,0.6114778576059487
high_debt_burden,app,"Logistic (app, calibrated)",0,0.15084604119030373
high_debt_burden,app,"Logistic (app, calibrated)",0,0.5715182589571471
high_debt_burden,app,"Logistic (app, calibrated)",1,0.3594314419131173
high_debt_burden,app,"Logistic (app, calibrated)",1,0.5266986911723753
high_debt_burden,app,"Logistic (app, calibrated)",0,0.4185324418252046
high_debt_burden,app,"Logistic (app, calibrated)",0,0.3420827201575002
high_debt_burden,app,"Logistic (app, calibrated)",0,0.34122263756398985
high_debt_burden,app,"Logistic (app, calibrated)",1,0.43845038176597473
high_debt_burden,app,"Logistic (app, calibrated)",0,0.2893708218321236
high_debt_burden,app,"Logistic (app, calibrated)",1,0.6198993038075444
high_debt_burden,app,"Logistic (app, calibrated)",0,0.048838446383836956
high_debt_burden,app,"Logistic (app, calibrated)",0,0.5408598968717768
high_debt_burden,app,"Logistic (app, calibrated)",1,0.5856112606171896
high_debt_burden,app,"Logistic (app, calibrated)",0,0.5684590309337654
high_debt_burden,app,"Logistic (app, calibrated)",0,0.29404854924039203
high_debt_burden,app,"Logistic (app, calibrated)",0,0.629731711879058
high_debt_burden,app,"Logistic (app, calibrated)",1,0.5967525975907605
high_debt_burden,app,"Logistic (app, calibrated)",1,0.5304664770638435
high_debt_burden,app,"Logistic (app, calibrated)",0,0.3336539584338326
high_debt_burden,app,"Logistic (app, calibrated)",0,0.37215128649568746
high_debt_burden,app,"Logistic (app, calibrated)",0,0.6091721083757025
high_debt_burden,app,"Logistic (app, calibrated)",0,0.5290494630454062
high_debt_burden,app,"Logistic (app, calibrated)",0,0.4537444423334148
high_debt_burden,app,"Logistic (app, calibrated)",1,0.6079950215931524
high_debt_burden,app,"Logistic (app, calibrated)",0,0.3080697664908191
high_debt_burden,app,"Logistic (app, calibrated)",1,0.5930041273846054
high_debt_burden,app,"Logistic (app, calibrated)",0,0.3594314419131173
high_debt_burden,app,"Logistic (app, calibrated)",0,0.6562633058186054
high_debt_burden,app,"Logistic (app, calibrated)",1,0.6329751102717102
high_debt_burden,app,"Logistic (app, calibrated)",1,0.3533126380856667
high_debt_burden,app,"Logistic (app, calibrated)",1,0.3447785547785548
high_debt_burden,app,"Logistic (app, calibrated)",0,0.3735293349964979
high_debt_burden,app,"Logistic (app, calibrated)",0,0.20070704839239334
high_debt_burden,app,"Logistic (app, calibrated)",0,0.1486573250875201
high_debt_burden,app,"Logistic (app, calibrated)",1,0.3572243901179867
high_debt_burden,app,"Logistic (app, calibrated)",0,0.5015012385312249
high_debt_burden,app,"Logistic (app, calibrated)",0,0.234793860733772
high_debt_burden,app,"Logistic (app, calibrated)",1,0.6091721083757025
high_debt_burden,app,"Logistic (app, calibrated)",0,0.5295716438486108
high_debt_burden,app,"Logistic (app, calibrated)",0,0.02307520497000387
high_debt_burden,app,"Logistic (app, calibrated)",1,0.5109181904594822
high_debt_burden,app,"Logistic (app, calibrated)",0,0.24330378859790622
high_debt_burden,app,"Logistic (app, calibrated)",0,0.4537444423334148
high_debt_burden,app,"Logistic (app, calibrated)",1,0.16849931809893642
high_debt_burden,app,"Logistic (app, calibrated)",0,0.4639340800899193
high_debt_burden,app,"Logistic (app, calibrated)",0,0.14761262705654324
high_debt_burden,app,"Logistic (app, calibrated)",0,0.36950713723288975
high_debt_burden,app,"Logistic (app, calibrated)",1,0.3236391372686038
high_debt_burden,app,"Logistic (app, calibrated)",1,0.585429887385897
high_debt_burden,app,"Logistic (app, calibrated)",1,0.24191258675658495
high_debt_burden,app,"Logistic (app, calibrated)",1,0.5774203186467186
high_debt_burden,app,"Logistic (app, calibrated)",0,0.4930241438719998
high_debt_burden,app,"Logistic (app, calibrated)",1,0.44231229769390235
high_debt_burden,app,"Logistic (app, calibrated)",0,0.5595765826445374
high_debt_burden,app,"Logistic (app, calibrated)",1,0.695203081232493
high_debt_burden,app,"Logistic (app, calibrated)",0,0.19081548516842636
high_debt_burden,app,"Logistic (app, calibrated)",1,0.5939830329964555
high_debt_burden,app,"Logistic (app, calibrated)",0,0.1244829670877085
high_debt_burden,app,"Logistic (app, calibrated)",1,0.5684590309337654
high_debt_burden,app,"Logistic (app, calibrated)",0,0.2989489720621796
high_debt_burden,app,"Logistic (app, calibrated)",1,0.22944491584911675
high_debt_burden,app,"Logistic (app, calibrated)",0,0.6270540327574268
high_debt_burden,app,"Logistic (app, calibrated)",1,0.3041197274588129
high_debt_burden,app,"Logistic (app, calibrated)",1,0.4823025843350138
high_debt_burden,app,"Logistic (app, calibrated)",1,0.46477867468451395
high_debt_burden,app,"Logistic (app, calibrated)",0,0.11235323667434546
high_debt_burden,app,"Logistic (app, calibrated)",0,0.14539184699331958
high_debt_burden,app,"Logistic (app, calibrated)",0,0.6562633058186054
high_debt_burden,app,"Logistic (app, calibrated)",1,0.7066779039820433
high_debt_burden,app,"Logistic (app, calibrated)",0,0.18883441336812928
high_debt_burden,app,"Logistic (app, calibrated)",1,0.43888994081014554
high_debt_burden,app,"Logistic (app, calibrated)",0,0.6185299857647977
high_debt_burden,app,"Logistic (app, calibrated)",0,0.47227583049087307
high_debt_burden,app,"Logistic (app, calibrated)",0,0.33659087762678
high_debt_burden,app,"Logistic (app, calibrated)",0,0.20265793840367494
high_debt_burden,app,"Logistic (app, calibrated)",0,0.4720253347433875
high_debt_burden,app,"Logistic (app, calibrated)",0,0.3138867239774784
high_debt_burden,app,"Logistic (app, calibrated)",0,0.4883428527913896
high_debt_burden,app,"Logistic (app, calibrated)",1,0.5949510955759292
high_debt_burden,app,"Logistic (app, calibrated)",1,0.6114778576059487
high_debt_burden,app,"Logistic (app, calibrated)",0,0.22052575023990909
high_debt_burden,app,"Logistic (app, calibrated)",0,0.25318910880830525
high_debt_burden,app,"Logistic (app, calibrated)",1,0.5607620092169607
high_debt_burden,app,"Logistic (app, calibrated)",0,0.15092172851036317
high_debt_burden,app,"Logistic (app, calibrated)",1,0.45003419670493044
high_debt_burden,app,"Logistic (app, calibrated)",0,0.30009354266348875
high_debt_burden,app,"Logistic (app, calibrated)",1,0.35285188446205396
high_debt_burden,app,"Logistic (app, calibrated)",0,0.40024353422659187
high_debt_burden,app,"Logistic (app, calibrated)",0,0.13043956043956045
high_debt_burden,app,"Logistic (app, calibrated)",0,0.6562633058186054
high_debt_burden,app,"Logistic (app, calibrated)",0,0.6378886653194904
high_debt_burden,app,"Logistic (app, calibrated)",1,0.5646124562894111
high_debt_burden,app,"Logistic (app, calibrated)",0,0.4427404803041006
high_debt_burden,app,"Logistic (app, calibrated)",0,0.27356642496865474
high_debt_burden,app,"Logistic (app, calibrated)",0,0.6520451864956509
high_debt_burden,app,"Logistic (app, calibrated)",0,0.22197845696617996
high_debt_burden,app,"Logistic (app, calibrated)",1,0.5363335215509129
high_debt_burden,app,"Logistic (app, calibrated)",0,0.5458032185206098
high_debt_burden,app,"Logistic (app, calibrated)",0,0.4033926218708827
high_debt_burden,app,"Logistic (app, calibrated)",1,0.49782100646896793
high_debt_burden,app,"Logistic (app, calibrated)",0,0.24330378859790622
high_debt_burden,app,"Logistic (app, calibrated)",1,0.474412243941359
high_debt_burden,app,"Logistic (app, calibrated)",0,0.40356549824263094
high_debt_burden,app,"Logistic (app, calibrated)",0,0.45891843413040545
high_debt_burden,app,"Logistic (app, calibrated)",0,0.5489894930304138
high_debt_burden,app,"Logistic (app, calibrated)",1,0.15653148460792415
high_debt_burden,app,"Logistic (app, calibrated)",0,0.2738426794746422
high_debt_burden,app,"Logistic (app, calibrated)",0,0.19917967753410973
high_debt_burden,app,"Logistic (app, calibrated)",1,0.6213311062129769
high_debt_burden,app,"Logistic (app, calibrated)",0,0.591047605645475
high_debt_burden,app,"Logistic (app, calibrated)",1,0.6329751102717102
high_debt_burden,app,"Logistic (app, calibrated)",0,0.43852867468451395
high_debt_burden,app,"Logistic (app, calibrated)",1,0.41891101676896325
high_debt_burden,app,"Logistic (app, calibrated)",1,0.5580289238497634
high_debt_burden,app,"Logistic (app, calibrated)",0,0.15423027411536677
high_debt_burden,app,"Logistic (app, calibrated)",0,0.6114778576059487
high_debt_burden,app,"Logistic (app, calibrated)",0,0.17073346839125242
high_debt_burden,app,"Logistic (app, calibrated)",1,0.3789308837100672
high_debt_burden,app,"Logistic (app, calibrated)",0,0.5872484295405406
high_debt_burden,app,"Logistic (app, calibrated)",1,0.5695136416445822
high_debt_burden,app,"Logistic (app, calibrated)",0,0.3533126380856667
high_debt_burden,app,"Logistic (app, calibrated)",1,0.5505828545847044
high_debt_burden,app,"Logistic (app, calibrated)",1,0.46477867468451395
high_debt_burden,app,"Logistic (app, calibrated)",0,0.25848974983415557
high_debt_burden,app,"Logistic (app, calibrated)",1,0.25419609447667046
high_debt_burden,app,"Logistic (app, calibrated)",1,0.2670911725660131
high_debt_burden,app,"Logistic (app, calibrated)",0,0.48377979612429256
high_debt_burden,app,"Logistic (app, calibrated)",0,0.5002940021751356
high_debt_burden,app,"Logistic (app, calibrated)",1,0.6047516232005002
high_debt_burden,app,"Logistic (app, calibrated)",1,0.25243309403691805
high_debt_burden,app,"Logistic (app, calibrated)",0,0.29956760751882705
high_debt_burden,app,"Logistic (app, calibrated)",0,0.2930759988038396
high_debt_burden,app,"Logistic (app, calibrated)",0,0.527723890473125
high_debt_burden,app,"Logistic (app, calibrated)",0,0.2797340067340067
high_debt_burden,app,"Logistic (app, calibrated)",1,0.5884123810653689
high_debt_burden,app,"Logistic (app, calibrated)",0,0.6649699110413396
high_debt_burden,app,"Logistic (app, calibrated)",0,0.2738426794746422
high_debt_burden,app,"Logistic (app, calibrated)",0,0.654905839755257
high_debt_burden,app,"Logistic (app, calibrated)",0,0.5343746470920384
high_debt_burden,app,"Logistic (app, calibrated)",1,0.522449293607149
high_debt_burden,app,"Logistic (app, calibrated)",0,0.407405307874707
high_debt_burden,app,"Logistic (app, calibrated)",0,0.4761219096210617
high_debt_burden,app,"Logistic (app, calibrated)",0,0.38372188713520705
high_debt_burden,app,"Logistic (app, calibrated)",1,0.601206432189165
high_debt_burden,app,"Logistic (app, calibrated)",0,0.483731397807824
high_debt_burden,app,"Logistic (app, calibrated)",1,0.5002572041745719
high_debt_burden,app,"Logistic (app, calibrated)",0,0.5644358627114129
high_debt_burden,app,"Logistic (app, calibrated)",0,0.45891843413040545
high_debt_burden,app,"Logistic (app, calibrated)",0,0.24330378859790622
high_debt_burden,app,"Logistic (app, calibrated)",0,0.5198541731949972
high_debt_burden,app,"Logistic (app, calibrated)",1,0.35134892746833046
high_debt_burden,app,"Logistic (app, calibrated)",0,0.3012874176009953
high_debt_burden,app,"Logistic (app, calibrated)",0,0.3868238697789144
high_debt_burden,app,"Logistic (app, calibrated)",0,0.10280830856801422
high_debt_burden,app,"Logistic (app, calibrated)",0,0.45004073862971106
high_debt_burden,app,"Logistic (app, calibrated)",0,0.4558767693024586
high_debt_burden,app,"Logistic (app, calibrated)",0,0.4639340800899193
high_debt_burden,app,"Logistic (app, calibrated)",1,0.654905839755257
high_debt_burden,app,"Logistic (app, calibrated)",1,0.5695136416445822
high_debt_burden,app,"Logistic (app, calibrated)",1,0.2465340658562055
high_debt_burden,app,"Logistic (app, calibrated)",1,0.6114778576059487
high_debt_burden,app,"Logistic (app, calibrated)",1,0.591047605645475
high_debt_burden,app,"Logistic (app, calibrated)",1,0.5977522160241084
high_debt_burden,app,"Logistic (app, calibrated)",1,0.591047605645475
high_debt_burden,app,"Logistic (app, calibrated)",1,0.6520451864956509
high_debt_burden,app,"Logistic (app, calibrated)",0,0.4544278325097775
high_debt_burden,app,"Logistic (app, calibrated)",0,0.28256575210753104
high_debt_burden,app,"Logistic (app, calibrated)",1,0.4517913956623552
high_debt_burden,app,"Logistic (app, calibrated)",0,0.3001270143685004
high_debt_burden,app,"Logistic (app, calibrated)",0,0.2533495856366708
high_debt_burden,app,"Logistic (app, calibrated)",1,0.3790016966834778
high_debt_burden,app,"Logistic (app, calibrated)",1,0.6076560379771777
high_debt_burden,app,"Logistic (app, calibrated)",1,0.17073346839125242
high_debt_burden,app,"Logistic (app, calibrated)",1,0.4188942111283162
high_debt_burden,app,"Logistic (app, calibrated)",0,0.4388230055934999
high_debt_burden,app,"Logistic (app, calibrated)",1,0.41293638978123653
high_debt_burden,app,"Logistic (app, calibrated)",0,0.4883428527913896
high_debt_burden,app,"Logistic (app, calibrated)",0,0.37884687208216616
high_debt_burden,app,"Logistic (app, calibrated)",1,0.4828984225836736
high_debt_burden,app,"Logistic (app, calibrated)",0,0.2460680104209516
high_debt_burden,app,"Logistic (app, calibrated)",0,0.5195189580534408
high_debt_burden,app,"Logistic (app, calibrated)",0,0.2533495856366708
high_debt_burden,app,"Logistic (app, calibrated)",1,0.4465838400095293
high_debt_burden,app,"Logistic (app, calibrated)",0,0.47897530060845595
high_debt_burden,app,"Logistic (app, calibrated)",1,0.2849778363800662
high_debt_burden,app,"Logistic (app, calibrated)",1,0.29956760751882705
high_debt_burden,app,"Logistic (app, calibrated)",0,0.2989489720621796
high_debt_burden,app,"Logistic (app, calibrated)",1,0.41445922050110173
high_debt_burden,app,"Logistic (app, calibrated)",0,0.1725657302321432
high_debt_burden,app,"Logistic (app, calibrated)",0,0.5709422130731536
high_debt_burden,app,"Logistic (app, calibrated)",0,0.2930759988038396
high_debt_burden,app,"Logistic (app, calibrated)",0,0.4280068403246263
high_debt_burden,app,"Logistic (app, calibrated)",0,0.18883441336812928
high_debt_burden,app,"Logistic (app, calibrated)",0,0.25243309403691805
high_debt_burden,app,"Logistic (app, calibrated)",0,0.1651201952243195
high_debt_burden,app,"Logistic (app, calibrated)",1,0.21096053284860475
high_debt_burden,app,"Logistic (app, calibrated)",1,0.4958471795989977
high_debt_burden,app,"Logistic (app, calibrated)",0,0.13024915824915825
high_debt_burden,app,"Logistic (app, calibrated)",1,0.3680009977639397
high_debt_burden,app,"Logistic (app, calibrated)",1,0.4883428527913896
high_debt_burden,app,"Logistic (app, calibrated)",0,0.14848677932711546
high_debt_burden,app,"Logistic (app, calibrated)",0,0.21838629530895806
high_debt_burden,app,"Logistic (app, calibrated)",1,0.49472208590561584
high_debt_burden,app,"Logistic (app, calibrated)",0,0.3605742990559745
high_debt_burden,app,"Logistic (app, calibrated)",0,0.47033548891538696
high_debt_burden,app,"Logistic (app, calibrated)",0,0.3622851055619417
high_debt_burden,app,"Logistic (app, calibrated)",0,0.4883457812989003
high_debt_burden,app,"Logistic (app, calibrated)",1,0.4558767693024586
high_debt_burden,app,"Logistic (app, calibrated)",0,0.26997232559152207
high_debt_burden,app,"Logistic (app, calibrated)",0,0.6329751102717102
high_debt_burden,app,"Logistic (app, calibrated)",0,0.2930759988038396
high_debt_burden,app,"Logistic (app, calibrated)",0,0.1872118440430974
high_debt_burden,app,"Logistic (app, calibrated)",0,0.5772704201929815
high_debt_burden,app,"Logistic (app, calibrated)",0,0.1266807692855107
high_debt_burden,app,"Logistic (app, calibrated)",1,0.22818301565104634
high_debt_burden,app,"Logistic (app, calibrated)",0,0.629582948276181
high_debt_burden,app,"Logistic (app, calibrated)",0,0.26997232559152207
high_debt_burden,app,"Logistic (app, calibrated)",0,0.6562633058186054
high_debt_burden,app,"Logistic (app, calibrated)",1,0.4198159615922902
high_debt_burden,app,"Logistic (app, calibrated)",1,0.542804879650178
high_debt_burden,app,"Logistic (app, calibrated)",1,0.4663881204943343
high_debt_burden,app,"Logistic (app, calibrated)",0,0.5977522160241084
high_debt_burden,app,"Logistic (app, calibrated)",0,0.3001270143685004
high_debt_burden,app,"Logistic (app, calibrated)",0,0.5001400878144311
high_debt_burden,app,"Logistic (app, calibrated)",0,0.4883428527913896
high_debt_burden,app,"Logistic (app, calibrated)",1,0.6329751102717102
high_debt_burden,app,"Logistic (app, calibrated)",1,0.5387250517968669
high_debt_burden,app,"Logistic (app, calibrated)",0,0.15519111789134674
high_debt_burden,app,"Logistic (app, calibrated)",0,0.4155005459699452
high_debt_burden,app,"Logistic (app, calibrated)",0,0.4686962119081833
high_debt_burden,app,"Logistic (app, calibrated)",1,0.4371593737033141
high_debt_burden,app,"Logistic (app, calibrated)",0,0.3941334727911909
high_debt_burden,app,"Logistic (app, calibrated)",0,0.4096435668715325
high_debt_burden,app,"Logistic (app, calibrated)",1,0.6114778576059487
high_debt_burden,app,"Logistic (app, calibrated)",0,0.28128370082547977
high_debt_burden,app,"Logistic (app, calibrated)",1,0.38524184411284434
high_debt_burden,app,"Logistic (app, calibrated)",1,0.5342934210937418
high_debt_burden,app,"Logistic (app, calibrated)",0,0.45679511240788867
high_debt_burden,app,"Logistic (app, calibrated)",0,0.27197386121534733
high_debt_burden,app,"Logistic (app, calibrated)",0,0.34236835840303737
high_debt_burden,app,"Logistic (app, calibrated)",0,0.5551149503934314
high_debt_burden,app,"Logistic (app, calibrated)",0,0.24743553178847297
high_debt_burden,app,"Logistic (app, calibrated)",1,0.5977522160241084
high_debt_burden,app,"Logistic (app, calibrated)",1,0.5709422130731536
high_debt_burden,app,"Logistic (app, calibrated)",1,0.5006912957096138
high_debt_burden,app,"Logistic (app, calibrated)",0,0.43238851343039464
high_debt_burden,app,"Logistic (app, calibrated)",1,0.4237317900986558
high_debt_burden,app,"Logistic (app, calibrated)",1,0.47897530060845595
high_debt_burden,app,"Logistic (app, calibrated)",0,0.5702926331662092
high_debt_burden,app,"Logistic (app, calibrated)",1,0.4558767693024586
high_debt_burden,app,"Logistic (app, calibrated)",1,0.6960460577673693
high_debt_burden,app,"Logistic (app, calibrated)",1,0.5949510955759292
high_debt_burden,app,"Logistic (app, calibrated)",0,0.45250269876197124
high_debt_burden,app,"Logistic (app, calibrated)",1,0.4049904971550369
high_debt_burden,app,"Logistic (app, calibrated)",1,0.1553103087388802
high_debt_burden,app,"Logistic (app, calibrated)",0,0.5199955552495824
high_debt_burden,app,"Logistic (app, calibrated)",0,0.2989489720621796
high_debt_burden,app,"Logistic (app, calibrated)",1,0.39725123566842047
high_debt_burden,app,"Logistic (app, calibrated)",0,0.16319579135674608
high_debt_burden,app,"Logistic (app, calibrated)",0,0.41315233880135704
high_debt_burden,app,"Logistic (app, calibrated)",0,0.2624404947275799
high_debt_burden,app,"Logistic (app, calibrated)",0,0.4018733525778285
high_debt_burden,app,"Logistic (app, calibrated)",0,0.3236391372686038
high_debt_burden,app,"Logistic (app, calibrated)",1,0.7041666666666666
high_debt_burden,app,"Logistic (app, calibrated)",0,0.5503222732659696
high_debt_burden,app,"Logistic (app, calibrated)",1,0.2533495856366708
high_debt_burden,app,"Logistic (app, calibrated)",1,0.6186823271581687
high_debt_burden,app,"Logistic (app, calibrated)",0,0.39500709685194363
high_debt_burden,app,"Logistic (app, calibrated)",0,0.25848974983415557
high_debt_burden,app,"Logistic (app, calibrated)",1,0.3457929154082028
high_debt_burden,app,"Logistic (app, calibrated)",0,0.4188942111283162
high_debt_burden,app,"Logistic (app, calibrated)",0,0.5912602964126389
high_debt_burden,app,"Logistic (app, calibrated)",0,0.5604081834761382
high_debt_burden,app,"Logistic (app, calibrated)",1,0.515763161959855
high_debt_burden,app,"Logistic (app, calibrated)",1,0.36921066269233804
high_debt_burden,app,"Logistic (app, calibrated)",1,0.38041759497168975
high_debt_burden,app,"Logistic (app, calibrated)",1,0.3377461010851865
high_debt_burden,app,"Logistic (app, calibrated)",0,0.1569584376067046
high_debt_burden,app,"Logistic (app, calibrated)",0,0.3256292361484669
high_debt_burden,app,"Logistic (app, calibrated)",1,0.6518134485133404
high_debt_burden,app,"Logistic (app, calibrated)",1,0.4484163151339521
high_debt_burden,app,"Logistic (app, calibrated)",0,0.2878236589632118
high_debt_burden,app,"Logistic (app, calibrated)",1,0.32056109906987096
high_debt_burden,app,"Logistic (app, calibrated)",0,0.3784469652211587
high_debt_burden,app,"Logistic (app, calibrated)",1,0.4929403674231261
high_debt_burden,app,"Logistic (app, calibrated)",1,0.5408598968717768
high_debt_burden,app,"Logistic (app, calibrated)",0,0.18567262802556922
high_debt_burden,app,"Logistic (app, calibrated)",0,0.1740803106742649
high_debt_burden,app,"Logistic (app, calibrated)",0,0.32056109906987096
high_debt_burden,app,"Logistic (app, calibrated)",0,0.6088404949685862
high_debt_burden,app,"Logistic (app, calibrated)",0,0.17073346839125242
high_debt_burden,app,"Logistic (app, calibrated)",1,0.5983243789076292
high_debt_burden,app,"Logistic (app, calibrated)",1,0.5688128566745879
high_debt_burden,app,"Logistic (app, calibrated)",0,0.6014463450009068
high_debt_burden,app,"Logistic (app, calibrated)",1,0.40051402953278936
high_debt_burden,app,"Logistic (app, calibrated)",0,0.5131523488578872
high_debt_burden,app,"Logistic (app, calibrated)",0,0.6096125597163082
high_debt_burden,app,"Logistic (app, calibrated)",0,0.4137850451331155
high_debt_burden,app,"Logistic (app, calibrated)",0,0.4798256133247654
high_debt_burden,app,"Logistic (app, calibrated)",1,0.25848974983415557
high_debt_burden,app,"Logistic (app, calibrated)",0,0.47033548891538696
high_debt_burden,app,"Logistic (app, calibrated)",1,0.2930759988038396
high_debt_burden,app,"Logistic (app, calibrated)",0,0.5777773896443822
high_debt_burden,app,"Logistic (app, calibrated)",1,0.6096125597163082
high_debt_burden,app,"Logistic (app, calibrated)",1,0.5403821217809985
high_debt_burden,app,"Logistic (app, calibrated)",0,0.3226690236050288
high_debt_burden,app,"Logistic (app, calibrated)",0,0.5089713107706471
high_debt_burden,app,"Logistic (app, calibrated)",1,0.1890291446774117
high_debt_burden,app,"Logistic (app, calibrated)",1,0.4798256133247654
high_debt_burden,app,"Logistic (app, calibrated)",0,0.3138867239774784
high_debt_burden,app,"Logistic (app, calibrated)",1,0.5012715665524121
high_debt_burden,app,"Logistic (app, calibrated)",0,0.4599558534550055
high_debt_burden,app,"Logistic (app, calibrated)",0,0.14761262705654324
high_debt_burden,app,"Logistic (app, calibrated)",0,0.5541950141936016
high_debt_burden,app,"Logistic (app, calibrated)",0,0.41984499867830616
high_debt_burden,app,"Logistic (app, calibrated)",0,0.18618511913702082
high_debt_burden,app,"Logistic (app, calibrated)",0,0.14639805215775784
high_debt_burden,app,"Logistic (app, calibrated)",0,0.2989489720621796
high_debt_burden,app,"Logistic (app, calibrated)",1,0.5709422130731536
high_debt_burden,app,"Logistic (app, calibrated)",1,0.4325626687769638
high_debt_burden,app,"Logistic (app, calibrated)",1,0.6270540327574268
high_debt_burden,app,"Logistic (app, calibrated)",1,0.147551211035082
high_debt_burden,app,"Logistic (app, calibrated)",0,0.2533495856366708
high_debt_burden,app,"Logistic (app, calibrated)",1,0.504838550328617
high_debt_burden,app,"Logistic (app, calibrated)",1,0.4558767693024586
high_debt_burden,app,"Logistic (app, calibrated)",1,0.622959460819441
high_debt_burden,app,"Logistic (app, calibrated)",0,0.5023584315993556
high_debt_burden,app,"Logistic (app, calibrated)",0,0.2916328380614095
high_debt_burden,app,"Logistic (app, calibrated)",0,0.4530946777070516
high_debt_burden,app,"Logistic (app, calibrated)",0,0.35391670651071727
high_debt_burden,app,"Logistic (app, calibrated)",0,0.2930759988038396
high_debt_burden,app,"Logistic (app, calibrated)",0,0.5375609216018422
high_debt_burden,app,"Logistic (app, calibrated)",0,0.3001270143685004
high_debt_burden,app,"Logistic (app, calibrated)",1,0.6050589823635442
high_debt_burden,app,"Logistic (app, calibrated)",1,0.5289679335283315
high_debt_burden,app,"Logistic (app, calibrated)",1,0.2835521892800301
high_debt_burden,app,"Logistic (app, calibrated)",0,0.5684590309337654
high_debt_burden,app,"Logistic (app, calibrated)",1,0.3001270143685004
high_debt_burden,app,"Logistic (app, calibrated)",0,0.16849931809893642
high_debt_burden,app,"Logistic (app, calibrated)",0,0.29970639230192225
high_debt_burden,app,"Logistic (app, calibrated)",0,0.27197386121534733
high_debt_burden,app,"Logistic (app, calibrated)",0,0.2835521892800301
high_debt_burden,app,"Logistic (app, calibrated)",0,0.4280068403246263
high_debt_burden,app,"Logistic (app, calibrated)",1,0.4958471795989977
high_debt_burden,app,"Logistic (app, calibrated)",0,0.6025904949685861
high_debt_burden,app,"Logistic (app, calibrated)",0,0.3080697664908191
high_debt_burden,app,"Logistic (app, calibrated)",1,0.34198455546623086
high_debt_burden,app,"Logistic (app, calibrated)",0,0.02857142857142857
high_debt_burden,app,"Logistic (app, calibrated)",0,0.2930759988038396
high_debt_burden,app,"Logistic (app, calibrated)",0,0.43306496270731376
high_debt_burden,app,"Logistic (app, calibrated)",1,0.8130952380952381
high_debt_burden,app,"Logistic (app, calibrated)",0,0.5151308450951657
high_debt_burden,app,"Logistic (app, calibrated)",1,0.43238851343039464
high_debt_burden,app,"Logistic (app, calibrated)",1,0.6562633058186054
high_debt_burden,app,"Logistic (app, calibrated)",0,0.4883428527913896
high_debt_burden,app,"Logistic (app, calibrated)",0,0.35391670651071727
high_debt_burden,app,"Logistic (app, calibrated)",0,0.5403891909631503
high_debt_burden,app,"Logistic (app, calibrated)",1,0.1639969834087481
high_debt_burden,app,"Logistic (app, calibrated)",1,0.5440105846402675
high_debt_burden,app,"Logistic (app, calibrated)",0,0.14778649921507064
high_debt_burden,app,"Logistic (app, calibrated)",1,0.3077297963070019
high_debt_burden,app,"Logistic (app, calibrated)",1,0.45004073862971106
high_debt_burden,app,"Logistic (app, calibrated)",0,0.1826957913567461
high_debt_burden,app,"Logistic (app, calibrated)",0,0.5977522160241084
high_debt_burden,app,"Logistic (app, calibrated)",0,0.5015885790528786
high_debt_burden,app,"Logistic (app, calibrated)",1,0.5474047303272916
high_debt_burden,app,"Logistic (app, calibrated)",0,0.4558767693024586
high_debt_burden,app,"Logistic (app, calibrated)",0,0.6367446400475635
high_debt_burden,app,"Logistic (app, calibrated)",1,0.6014463450009068
high_debt_burden,app,"Logistic (app, calibrated)",1,0.28256575210753104
high_debt_burden,app,"Logistic (app, calibrated)",1,0.45605092464902774
high_debt_burden,app,"Logistic (app, calibrated)",1,0.4066644692280896
high_debt_burden,app,"Logistic (app, calibrated)",0,0.4047557839633525
high_debt_burden,app,"Logistic (app, calibrated)",1,0.3206610808422715
high_debt_burden,app,"Logistic (app, calibrated)",1,0.1266807692855107
high_debt_burden,app,"Logistic (app, calibrated)",0,0.4310137560195445
high_debt_burden,app,"Logistic (app, calibrated)",1,0.6329751102717102
high_debt_burden,app,"Logistic (app, calibrated)",1,0.561599681239703
high_debt_burden,app,"Logistic (app, calibrated)",0,0.14848677932711546
high_debt_burden,app,"Logistic (app, calibrated)",1,0.4723571254390704
high_debt_burden,app,"Logistic (app, calibrated)",1,0.2989489720621796
high_debt_burden,app,"Logistic (app, calibrated)",0,0.3909642616687376
high_debt_burden,app,"Logistic (app, calibrated)",0,0.5858036475971394
high_debt_burden,app,"Logistic (app, calibrated)",1,0.3716800930186757
high_debt_burden,app,"Logistic (app, calibrated)",0,0.14639805215775784
high_debt_burden,app,"Logistic (app, calibrated)",1,0.4484163151339521
high_debt_burden,app,"Logistic (app, calibrated)",0,0.6960460577673693
high_debt_burden,app,"Logistic (app, calibrated)",0,0.6562633058186054
high_debt_burden,app,"Logistic (app, calibrated)",0,0.25419609447667046
high_debt_burden,app,"Logistic (app, calibrated)",0,0.43238851343039464
high_debt_burden,app,"Logistic (app, calibrated)",0,0.30917723295302596
high_debt_burden,app,"Logistic (app, calibrated)",0,0.4723571254390704
high_debt_burden,app,"Logistic (app, calibrated)",1,0.4739894449908901
high_debt_burden,app,"Logistic (app, calibrated)",1,0.41891101676896325
high_debt_burden,app,"Logistic (app, calibrated)",0,0.41293638978123653
high_debt_burden,app,"Logistic (app, calibrated)",0,0.5321701720005663
high_debt_burden,app,"Logistic (app, calibrated)",0,0.14761262705654324
high_debt_burden,app,"Logistic (app, calibrated)",1,0.6367446400475635
high_debt_burden,app,"Logistic (app, calibrated)",1,0.5014554245363141
high_debt_burden,app,"Logistic (app, calibrated)",1,0.6076560379771777
high_debt_burden,app,"Logistic (app, calibrated)",1,0.4047557839633525
high_debt_burden,app,"Logistic (app, calibrated)",1,0.6329751102717102
high_debt_burden,app,"Logistic (app, calibrated)",0,0.015384615384615385
high_debt_burden,app,"Logistic (app, calibrated)",0,0.6140205932241873
high_debt_burden,app,"Logistic (app, calibrated)",0,0.14196452686811303
high_debt_burden,app,"Logistic (app, calibrated)",1,0.39804430439237476
high_debt_burden,app,"Logistic (app, calibrated)",0,0.12601606813300467
high_debt_burden,app,"Logistic (app, calibrated)",0,0.33305345394541214
high_debt_burden,app,"Logistic (app, calibrated)",1,0.5688128566745879
high_debt_burden,app,"Logistic (app, calibrated)",0,0.2533495856366708
high_debt_burden,app,"Logistic (app, calibrated)",0,0.02195121951219512
high_debt_burden,app,"Logistic (app, calibrated)",0,0.45891843413040545
high_debt_burden,app,"Logistic (app, calibrated)",0,0.3138867239774784
high_debt_burden,app,"Logistic (app, calibrated)",0,0.2909953007542566
high_debt_burden,app,"Logistic (app, calibrated)",0,0.2738426794746422
high_debt_burden,app,"Logistic (app, calibrated)",1,0.3038641975308642
high_debt_burden,app,"Logistic (app, calibrated)",1,0.4352434745812692
high_debt_burden,app,"Logistic (app, calibrated)",1,0.4280068403246263
high_debt_burden,app,"Logistic (app, calibrated)",0,0.5109181904594822
high_debt_burden,app,"Logistic (app, calibrated)",0,0.21230999977803044
high_debt_burden,app,"Logistic (app, calibrated)",0,0.28256575210753104
high_debt_burden,app,"Logistic (app, calibrated)",0,0.4530946777070516
high_debt_burden,app,"Logistic (app, calibrated)",1,0.3390481931518726
high_debt_burden,app,"Logistic (app, calibrated)",1,0.46618705030347796
high_debt_burden,app,"Logistic (app, calibrated)",0,0.39348230934759665
high_debt_burden,app,"Logistic (app, calibrated)",0,0.23743553178847296
high_debt_burden,app,"Logistic (app, calibrated)",0,0.16567765567765572
high_debt_burden,app,"Logistic (app, calibrated)",0,0.48861638132535967
high_debt_burden,app,"Logistic (app, calibrated)",1,0.2893708218321236
high_debt_burden,app,"Logistic (app, calibrated)",1,0.6329751102717102
high_debt_burden,app,"Logistic (app, calibrated)",1,0.6496814792199764
high_debt_burden,app,"Logistic (app, calibrated)",1,0.6562633058186054
high_debt_burden,app,"Logistic (app, calibrated)",1,0.5973222237102013
high_debt_burden,app,"Logistic (app, calibrated)",0,0.11940178683000169
high_debt_burden,app,"Logistic (app, calibrated)",0,0.5748859333348104
high_debt_burden,app,"Logistic (app, calibrated)",0,0.39993555210009185
high_debt_burden,app,"Logistic (app, calibrated)",0,0.4392790803914193
high_debt_burden,app,"Logistic (app, calibrated)",1,0.17073346839125242
high_debt_burden,app,"Logistic (app, calibrated)",0,0.5949510955759292
high_debt_burden,app,"Logistic (app, calibrated)",0,0.26533701583674046
high_debt_burden,app,"Logistic (app, calibrated)",0,0.4462255883259294
high_debt_burden,app,"Logistic (app, calibrated)",0,0.11030178241871895
high_debt_burden,app,"Logistic (app, calibrated)",1,0.38815875780110887
high_debt_burden,app,"Logistic (app, calibrated)",0,0.42607811607441687
high_debt_burden,app,"Logistic (app, calibrated)",1,0.21761284492545477
high_debt_burden,app,"Logistic (app, calibrated)",0,0.3943824371142086
high_debt_burden,app,"Logistic (app, calibrated)",0,0.26997232559152207
high_debt_burden,app,"Logistic (app, calibrated)",0,0.3594314419131173
high_debt_burden,app,"Logistic (app, calibrated)",0,0.31288682460417816
high_debt_burden,app,"Logistic (app, calibrated)",0,0.5358891909631504
high_debt_burden,app,"Logistic (app, calibrated)",0,0.3599315281668223
high_debt_burden,app,"Logistic (app, calibrated)",0,0.6314745179326289
high_debt_burden,app,"Logistic (app, calibrated)",0,0.25848974983415557
high_debt_burden,app,"Logistic (app, calibrated)",0,0.2733775853775854
high_debt_burden,app,"Logistic (app, calibrated)",0,0.713819577373378
high_debt_burden,app,"Logistic (app, calibrated)",1,0.6114778576059487
high_debt_burden,app,"Logistic (app, calibrated)",0,0.37510892854025596
high_debt_burden,app,"Logistic (app, calibrated)",1,0.2999027973438137
high_debt_burden,app,"Logistic (app, calibrated)",0,0.4249603875439151
high_debt_burden,app,"Logistic (app, calibrated)",0,0.08591153851627993
high_debt_burden,app,"Logistic (app, calibrated)",0,0.5742319313685604
high_debt_burden,app,"Logistic (app, calibrated)",0,0.4632070372576133
high_debt_burden,app,"Logistic (app, calibrated)",1,0.532838550328617
high_debt_burden,app,"Logistic (app, calibrated)",0,0.4242449740741033
high_debt_burden,app,"Logistic (app, calibrated)",1,0.3899852406897166
high_debt_burden,app,"Logistic (app, calibrated)",1,0.6052278576059488
high_debt_burden,app,"Logistic (app, calibrated)",1,0.25848974983415557
high_debt_burden,app,"Logistic (app, calibrated)",0,0.13664211042507188
high_debt_burden,app,"Logistic (app, calibrated)",0,0.1378674463937622
high_debt_burden,app,"Logistic (app, calibrated)",0,0.4427404803041006
high_debt_burden,app,"Logistic (app, calibrated)",0,0.24330378859790622
high_debt_burden,app,"Logistic (app, calibrated)",1,0.4736463214451202
high_debt_burden,app,"Logistic (app, calibrated)",0,0.2426811635224333
high_debt_burden,app,"Logistic (app, calibrated)",1,0.5977522160241084
high_debt_burden,app,"Logistic (app, calibrated)",0,0.2930759988038396
high_debt_burden,app,"Logistic (app, calibrated)",1,0.5408598968717768
high_debt_burden,app,"Logistic (app, calibrated)",0,0.4537444423334148
high_debt_burden,app,"Logistic (app, calibrated)",0,0.4373465896349158
high_debt_burden,app,"Logistic (app, calibrated)",0,0.6329751102717102
high_debt_burden,app,"Logistic (app, calibrated)",0,0.45605092464902774
high_debt_burden,app,"Logistic (app, calibrated)",0,0.45891843413040545
high_debt_burden,app,"Logistic (app, calibrated)",0,0.09988527325823947
high_debt_burden,app,"Logistic (app, calibrated)",0,0.27622247633568386
high_debt_burden,app,"Logistic (app, calibrated)",1,0.31909731221733795
high_debt_burden,app,"Logistic (app, calibrated)",0,0.3784314419131173
high_debt_burden,app,"Logistic (app, calibrated)",1,0.2738426794746422
high_debt_burden,app,"Logistic (app, calibrated)",0,0.3240801606534487
high_debt_burden,app,"Logistic (app, calibrated)",0,0.2245936852937236
high_debt_burden,app,"Logistic (app, calibrated)",1,0.6193461685457781
high_debt_burden,app,"Logistic (app, calibrated)",1,0.2563158367906773
high_debt_burden,app,"Logistic (app, calibrated)",1,0.50895826166724
high_debt_burden,app,"Logistic (app, calibrated)",1,0.42180955145190246
high_debt_burden,app,"Logistic (app, calibrated)",0,0.30124296795084504
high_debt_burden,app,"Logistic (app, calibrated)",1,0.4639340800899193
high_debt_burden,app,"Logistic (app, calibrated)",0,0.27750452761773514
high_debt_burden,app,"Logistic (app, calibrated)",1,0.5920743789076293
high_debt_burden,app,"Logistic (app, calibrated)",1,0.5939830329964555
high_debt_burden,app,"Logistic (app, calibrated)",1,0.31445401445401444
high_debt_burden,app,"Logistic (app, calibrated)",0,0.29969422112279254
high_debt_burden,app,"Logistic (app, calibrated)",1,0.31898094005142297
high_debt_burden,app,"Logistic (app, calibrated)",0,0.17708227661599252
high_debt_burden,app,"Logistic (app, calibrated)",1,0.2989489720621796
high_debt_burden,app,"Logistic (app, calibrated)",1,0.21880808080808084
high_debt_burden,app,"Logistic (app, calibrated)",0,0.29747890629583995
high_debt_burden,app,"Logistic (app, calibrated)",0,0.3527203990324157
high_debt_burden,app,"Logistic (app, calibrated)",0,0.28256575210753104
high_debt_burden,app,"Logistic (app, calibrated)",1,0.5849683145174583
high_debt_burden,app,"Logistic (app, calibrated)",1,0.31416379267256456
high_debt_burden,app,"Logistic (app, calibrated)",0,0.4198159615922902
high_debt_burden,app,"Logistic (app, calibrated)",0,0.2788445060426499
high_debt_burden,app,"Logistic (app, calibrated)",0,0.4155005459699452
high_debt_burden,app,"Logistic (app, calibrated)",0,0.2989489720621796
high_debt_burden,app,"Logistic (app, calibrated)",0,0.16173027411536675
high_debt_burden,app,"Logistic (app, calibrated)",1,0.6329751102717102
high_debt_burden,app,"Logistic (app, calibrated)",0,0.14639805215775784
high_debt_burden,app,"Logistic (app, calibrated)",1,0.4537444423334148
high_debt_burden,app,"Logistic (app, calibrated)",1,0.5735779422679858
high_debt_burden,app,"Logistic (app, calibrated)",0,0.519208833359937
high_debt_burden,app,"Logistic (app, calibrated)",0,0.3747899853304843
high_debt_burden,app,"Logistic (app, calibrated)",0,0.2999027973438137
high_debt_burden,app,"Logistic (app, calibrated)",1,0.5990845624341752
high_debt_burden,app,"Logistic (app, calibrated)",1,0.5337538075148578
high_debt_burden,app,"Logistic (app, calibrated)",0,0.09945378151260505
high_debt_burden,app,"Logistic (app, calibrated)",0,0.20173836127207717
high_debt_burden,app,"Logistic (app, calibrated)",1,0.6186823271581687
high_debt_burden,app,"Logistic (app, calibrated)",0,0.0971062271062271
high_debt_burden,app,"Logistic (app, calibrated)",0,0.6528616943638317
high_debt_burden,app,"Logistic (app, calibrated)",1,0.4759909546340352
high_debt_burden,app,"Logistic (app, calibrated)",1,0.6047988481484609
high_debt_burden,app,"Logistic (app, calibrated)",1,0.25243309403691805
high_debt_burden,app,"Logistic (app, calibrated)",1,0.481829256312015
high_debt_burden,app,"Logistic (app, calibrated)",0,0.44372785391793557
high_debt_burden,app,"Logistic (app, calibrated)",0,0.4761219096210617
high_debt_burden,app,"Logistic (app, calibrated)",1,0.4867695281912182
high_debt_burden,app,"Logistic (app, calibrated)",0,0.2738426794746422
high_debt_burden,app,"Logistic (app, calibrated)",0,0.3847153259789692
high_debt_burden,app,"Logistic (app, calibrated)",0,0.24330378859790622
high_debt_burden,app,"Logistic (app, calibrated)",0,0.18873831062638252
high_debt_burden,app,"Logistic (app, calibrated)",1,0.41107213352142036
high_debt_burden,app,"Logistic (app, calibrated)",1,0.4481207100409147
high_debt_burden,app,"Logistic (app, calibrated)",0,0.41984499867830616
high_debt_burden,app,"Logistic (app, calibrated)",0,0.5709422130731536
high_debt_burden,app,"Logistic (app, calibrated)",0,0.2533495856366708
high_debt_burden,app,"Logistic (app, calibrated)",1,0.6096125597163082
high_debt_burden,app,"Logistic (app, calibrated)",1,0.5408598968717768
high_debt_burden,app,"Logistic (app, calibrated)",0,0.08736263736263736
high_debt_burden,app,"Logistic (app, calibrated)",0,0.25243309403691805
high_debt_burden,app,"Logistic (app, calibrated)",1,0.41315233880135704
high_debt_burden,app,"Logistic (app, calibrated)",0,0.18683798127443274
high_debt_burden,app,"Logistic (app, calibrated)",0,0.2377782491824501
high_debt_burden,app,"Logistic (app, calibrated)",0,0.33733038610617916
high_debt_burden,app,"Logistic (app, calibrated)",0,0.4194302099707089
high_debt_burden,app,"Logistic (app, calibrated)",0,0.4189724751817934
high_debt_burden,app,"Logistic (app, calibrated)",1,0.30371175166297115
high_debt_burden,app,"Logistic (app, calibrated)",1,0.45400305100951605
high_debt_burden,app,"Logistic (app, calibrated)",0,0.5777773896443822
high_debt_burden,app,"Logistic (app, calibrated)",0,0.6213311062129769
high_debt_burden,app,"Logistic (app, calibrated)",1,0.5197101449275362
high_debt_burden,app,"Logistic (app, calibrated)",0,0.6336999574023158
high_debt_burden,app,"Logistic (app, calibrated)",0,0.21631559986420684
high_debt_burden,app,"Logistic (app, calibrated)",1,0.48861638132535967
high_debt_burden,app,"Logistic (app, calibrated)",0,0.3747899853304843
high_debt_burden,app,"Logistic (app, calibrated)",0,0.4639340800899193
high_debt_burden,app,"Logistic (app, calibrated)",1,0.31590513535969517
high_debt_burden,app,"Logistic (app, calibrated)",1,0.6329751102717102
high_debt_burden,app,"Logistic (app, calibrated)",0,0.12107101318794973
high_debt_burden,app,"Logistic (app, calibrated)",0,0.25243309403691805
high_debt_burden,app,"Logistic (app, calibrated)",0,0.2670911725660131
high_debt_burden,app,"Logistic (app, calibrated)",1,0.6562633058186054
high_debt_burden,app,"Logistic (app, calibrated)",0,0.3408416983233737
high_debt_burden,app,"Logistic (app, calibrated)",0,0.6155327068415641
high_debt_burden,app,"Logistic (app, calibrated)",0,0.1244829670877085
high_debt_burden,app,"Logistic (app, calibrated)",0,0.16319579135674608
high_debt_burden,app,"Logistic (app, calibrated)",1,0.5609054352298657
high_debt_burden,app,"Logistic (app, calibrated)",1,0.548120442444873
high_debt_burden,app,"Logistic (app, calibrated)",1,0.06415375485158374
high_debt_burden,app,"Logistic (app, calibrated)",0,0.11030178241871895
high_debt_burden,app,"Logistic (app, calibrated)",1,0.5485397933468785
high_debt_burden,app,"Logistic (app, calibrated)",1,0.5489894930304138
high_debt_burden,app,"Logistic (app, calibrated)",1,0.47033548891538696
high_debt_burden,app,"Logistic (app, calibrated)",0,0.30656889452011404
high_debt_burden,app,"Logistic (app, calibrated)",1,0.519434040490897
high_debt_burden,app,"Logistic (app, calibrated)",0,0.24679562202589467
high_debt_burden,app,"Logistic (app, calibrated)",1,0.2533495856366708
high_debt_burden,app,"Logistic (app, calibrated)",0,0.4926810122445168
high_debt_burden,app,"Logistic (app, calibrated)",1,0.42309558413746534
high_debt_burden,app,"Logistic (app, calibrated)",0,0.26807432818753574
high_debt_burden,app,"Logistic (app, calibrated)",1,0.5986923275572746
high_debt_burden,app,"Logistic (app, calibrated)",1,0.3672261931861295
high_debt_burden,app,"Logistic (app, calibrated)",1,0.2738426794746422
high_debt_burden,app,"Logistic (app, calibrated)",1,0.5709422130731536
high_debt_burden,app,"Logistic (app, calibrated)",0,0.2533495856366708
high_debt_burden,app,"Logistic (app, calibrated)",0,0.43794747637316567
high_debt_burden,app,"Logistic (app, calibrated)",0,0.527723890473125
high_debt_burden,app,"Logistic (app, calibrated)",0,0.17073346839125242
high_debt_burden,app,"Logistic (app, calibrated)",0,0.15423027411536677
high_debt_burden,app,"Logistic (app, calibrated)",0,0.4325626687769638
high_debt_burden,app,"Logistic (app, calibrated)",1,0.5919696192000521
high_debt_burden,app,"Logistic (app, calibrated)",1,0.6457635718916631
high_debt_burden,app,"Logistic (app, calibrated)",1,0.15130793387301178
high_debt_burden,app,"Logistic (app, calibrated)",0,0.5218055843256689
high_debt_burden,app,"Logistic (app, calibrated)",1,0.536376110527214
high_debt_burden,app,"Logistic (app, calibrated)",1,0.482940375893495
high_debt_burden,app,"Logistic (app, calibrated)",0,0.30124296795084504
high_debt_burden,app,"Logistic (app, calibrated)",1,0.2913251058996023
high_debt_burden,app,"Logistic (app, calibrated)",1,0.6381999574023157
high_debt_burden,app,"Logistic (app, calibrated)",0,0.4489301353327032
high_debt_burden,app,"Logistic (app, calibrated)",1,0.4850155690648318
high_debt_burden,app,"Logistic (app, calibrated)",1,0.294636330268293
high_debt_burden,app,"Logistic (app, calibrated)",0,0.5949510955759292
high_debt_burden,app,"Logistic (app, calibrated)",1,0.5774182058783645
high_debt_burden,app,"Logistic (app, calibrated)",1,0.3900366164637016
high_debt_burden,app,"Logistic (app, calibrated)",1,0.5259475915131894
high_debt_burden,app,"Logistic (app, calibrated)",1,0.3249722213135736
high_debt_burden,app,"Logistic (app, calibrated)",1,0.3977387052339764
high_debt_burden,app,"Logistic (app, calibrated)",0,0.4831009397389738
high_debt_burden,app,"Logistic (app, calibrated)",0,0.18567262802556922
high_debt_burden,app,"Logistic (app, calibrated)",1,0.5977645456014975
high_debt_burden,app,"Logistic (app, calibrated)",0,0.18285187727191846
high_debt_burden,app,"Logistic (app, calibrated)",0,0.5916300366300365
high_debt_burden,app,"Logistic (app, calibrated)",1,0.43238851343039464
high_debt_burden,app,"Logistic (app, calibrated)",0,0.39350037270794114
high_debt_burden,app,"Logistic (app, calibrated)",1,0.7041666666666666
high_debt_burden,app,"Logistic (app, calibrated)",0,0.6031757137298539
high_debt_burden,app,"Logistic (app, calibrated)",0,0.4280068403246263
high_debt_burden,app,"Logistic (app, calibrated)",1,0.27548517343254186
high_debt_burden,app,"Logistic (app, calibrated)",0,0.2938877597498287
high_debt_burden,app,"Logistic (app, calibrated)",0,0.25848974983415557
high_debt_burden,app,"Logistic (app, calibrated)",0,0.11887321099014751
high_debt_burden,app,"Logistic (app, calibrated)",0,0.4537444423334148
high_debt_burden,app,"Logistic (app, calibrated)",0,0.2669499687479675
high_debt_burden,app,"Logistic (app, calibrated)",1,0.6047432541500338
high_debt_burden,app,"Logistic (app, calibrated)",1,0.24755829272348207
high_debt_burden,app,"Logistic (app, calibrated)",0,0.49782100646896793
high_debt_burden,app,"Logistic (app, calibrated)",1,0.4323463643259249
high_debt_burden,app,"Logistic (app, calibrated)",0,0.30541440172797946
high_debt_burden,app,"Logistic (app, calibrated)",0,0.25243309403691805
high_debt_burden,app,"Logistic (app, calibrated)",0,0.4280068403246263
high_debt_burden,app,"Logistic (app, calibrated)",1,0.41445922050110173
high_debt_burden,app,"Logistic (app, calibrated)",0,0.6142844740886246
high_debt_burden,app,"Logistic (app, calibrated)",0,0.13043956043956045
high_debt_burden,app,"Logistic (app, calibrated)",0,0.43238851343039464
high_debt_burden,app,"Logistic (app, calibrated)",1,0.2670911725660131
high_debt_burden,app,"Logistic (app, calibrated)",0,0.6456735229701228
high_debt_burden,app,"Logistic (app, calibrated)",0,0.6096125597163082
high_debt_burden,app,"Logistic (app, calibrated)",0,0.6562633058186054
high_debt_burden,app,"Logistic (app, calibrated)",0,0.6205384856422341
high_debt_burden,app,"Logistic (app, calibrated)",0,0.6186823271581687
high_debt_burden,app,"Logistic (app, calibrated)",1,0.8130952380952381
high_debt_burden,app,"Logistic (app, calibrated)",1,0.6173596212678619
high_debt_burden,app,"Logistic (app, calibrated)",0,0.6314745179326289
high_debt_burden,app,"Logistic (app, calibrated)",1,0.49782100646896793
high_debt_burden,app,"Logistic (app, calibrated)",0,0.6467650339250859
high_debt_burden,app,"Logistic (app, calibrated)",0,0.3977361486844678
high_debt_burden,app,"Logistic (app, calibrated)",0,0.46189992867042307
high_debt_burden,app,"Logistic (app, calibrated)",0,0.3249722213135736
high_debt_burden,app,"Logistic (app, calibrated)",0,0.2491506944896628
high_debt_burden,app,"Logistic (app, calibrated)",1,0.5731476761176385
high_debt_burden,app,"Logistic (app, calibrated)",1,0.30688543697619136
high_debt_burden,app,"Logistic (app, calibrated)",1,0.6562633058186054
high_debt_burden,app,"Logistic (app, calibrated)",0,0.24982315968893148
high_debt_burden,app,"Logistic (app, calibrated)",0,0.6366051861604858
high_debt_burden,app,"Logistic (app, calibrated)",1,0.515763161959855
high_debt_burden,app,"Logistic (app, calibrated)",0,0.8598516185060102
high_debt_burden,app,"Logistic (app, calibrated)",0,0.6091721083757025
high_debt_burden,app,"Logistic (app, calibrated)",0,0.34029357600668153
high_debt_burden,app,"Logistic (app, calibrated)",1,0.32994205164122536
high_debt_burden,app,"Logistic (app, calibrated)",0,0.40044187946063925
high_debt_burden,app,"Logistic (app, calibrated)",0,0.4995122928531169
high_debt_burden,app,"Logistic (app, calibrated)",0,0.40742299577650376
high_debt_burden,app,"Logistic (app, calibrated)",0,0.1670341694934811
high_debt_burden,app,"Logistic (app, calibrated)",0,0.6114778576059487
high_debt_burden,app,"Logistic (app, calibrated)",1,0.46969895302406756
high_debt_burden,app,"Logistic (app, calibrated)",0,0.2526803025460744
high_debt_burden,app,"Logistic (app, calibrated)",1,0.5947117415449918
high_debt_burden,app,"Logistic (app, calibrated)",0,0.34029357600668153
high_debt_burden,app,"Logistic (app, calibrated)",0,0.25243309403691805
high_debt_burden,app,"Logistic (app, calibrated)",0,0.13043956043956045
high_debt_burden,app,"Logistic (app, calibrated)",1,0.4347160237243223
high_debt_burden,app,"Logistic (app, calibrated)",0,0.12107101318794973
high_debt_burden,app,"Logistic (app, calibrated)",0,0.5452524705642031
high_debt_burden,app,"Logistic (app, calibrated)",1,0.4484163151339521
high_debt_burden,app,"Logistic (app, calibrated)",1,0.40076000759824504
high_debt_burden,app,"Logistic (app, calibrated)",0,0.21798818839814532
high_debt_burden,app,"Logistic (app, calibrated)",1,0.602597164553174
high_debt_burden,app,"Logistic (app, calibrated)",1,0.5821593235174468
high_debt_burden,app,"Logistic (app, calibrated)",1,0.5930041273846054
high_debt_burden,app,"Logistic (app, calibrated)",0,0.1515349729635444
high_debt_burden,app,"Logistic (app, calibrated)",0,0.16173027411536675
high_debt_burden,app,"Logistic (app, calibrated)",0,0.24330378859790622
high_debt_burden,app,"Logistic (app, calibrated)",0,0.27842346542346547
high_debt_burden,app,"Logistic (app, calibrated)",1,0.6329751102717102
high_debt_burden,app,"Logistic (app, calibrated)",0,0.2989489720621796
high_debt_burden,app,"Logistic (app, calibrated)",0,0.2989489720621796
high_debt_burden,app,"Logistic (app, calibrated)",0,0.46599524932036385
high_debt_burden,app,"Logistic (app, calibrated)",1,0.4883428527913896
high_debt_burden,app,"Logistic (app, calibrated)",0,0.21589872601193355
high_debt_burden,app,"Logistic (app, calibrated)",1,0.4047557839633525
high_debt_burden,app,"Logistic (app, calibrated)",0,0.2533495856366708
high_debt_burden,app,"Logistic (app, calibrated)",1,0.5556235856221731
high_debt_burden,app,"Logistic (app, calibrated)",0,0.3605742990559745
high_debt_burden,app,"Logistic (app, calibrated)",1,0.3785428381167149
high_debt_burden,app,"Logistic (app, calibrated)",0,0.5400282960401761
high_debt_burden,app,"Logistic (app, calibrated)",0,0.2898818861083012
high_debt_burden,app,"Logistic (app, calibrated)",1,0.34122263756398985
high_debt_burden,app,"Logistic (app, calibrated)",0,0.45448344947617525
high_debt_burden,app,"Logistic (app, calibrated)",0,0.5251732439811367
high_debt_burden,app,"Logistic (app, calibrated)",0,0.45335157115944436
high_debt_burden,app,"Logistic (app, calibrated)",1,0.46646298533751995
high_debt_burden,app,"Logistic (app, calibrated)",0,0.5109181904594822
high_debt_burden,app,"Logistic (app, calibrated)",0,0.322095964490239
high_debt_burden,app,"Logistic (app, calibrated)",1,0.26997232559152207
high_debt_burden,app,"Logistic (app, calibrated)",0,0.4352434745812692
high_debt_burden,app,"Logistic (app, calibrated)",0,0.310773308617699
high_debt_burden,app,"Logistic (app, calibrated)",1,0.14967460471837052
high_debt_burden,app,"Logistic (app, calibrated)",0,0.25848974983415557
high_debt_burden,app,"Logistic (app, calibrated)",0,0.4951570080490633
high_debt_burden,app,"Logistic (app, calibrated)",1,0.41984499867830616
high_debt_burden,app,"Logistic (app, calibrated)",0,0.39719328235541557
high_debt_burden,app,"Logistic (app, calibrated)",0,0.269356379469587
high_debt_burden,app,"Logistic (app, calibrated)",0,0.2242972488423985
high_debt_burden,app,"Logistic (app, calibrated)",0,0.4325626687769638
high_debt_burden,app,"Logistic (app, calibrated)",0,0.26997232559152207
high_debt_burden,app,"Logistic (app, calibrated)",0,0.11887321099014751
high_debt_burden,app,"Logistic (app, calibrated)",0,0.6518098645230588
high_debt_burden,app,"Logistic (app, calibrated)",1,0.4388230055934999
high_debt_burden,app,"Logistic (app, calibrated)",0,0.4280068403246263
high_debt_burden,app,"Logistic (app, calibrated)",0,0.6091721083757025
high_debt_burden,app,"Logistic (app, calibrated)",0,0.371762457478318
high_debt_burden,app,"Logistic (app, calibrated)",1,0.26997232559152207
high_debt_burden,app,"Logistic (app, calibrated)",0,0.46601289495690884
high_debt_burden,app,"Logistic (app, calibrated)",0,0.41984499867830616
high_debt_burden,app,"Logistic (app, calibrated)",0,0.36597352328899146
high_debt_burden,app,"Logistic (app, calibrated)",0,0.4641407582685721
high_debt_burden,app,"Logistic (app, calibrated)",1,0.4926810122445168
high_debt_burden,app,"Logistic (app, calibrated)",0,0.20540497729304916
high_debt_burden,app,"Logistic (app, calibrated)",0,0.2738426794746422
high_debt_burden,app,"Logistic (app, calibrated)",1,0.5717963243963051
high_debt_burden,app,"Logistic (app, calibrated)",1,0.43238851343039464
high_debt_burden,app,"Logistic (app, calibrated)",0,0.2989489720621796
high_debt_burden,app,"Logistic (app, calibrated)",0,0.11030178241871895
high_debt_burden,app,"Logistic (app, calibrated)",0,0.6314745179326289
high_debt_burden,app,"Logistic (app, calibrated)",0,0.2909953007542566
high_debt_burden,app,"Logistic (app, calibrated)",0,0.4280068403246263
high_debt_burden,app,"Logistic (app, calibrated)",1,0.5396165707744262
high_debt_burden,app,"Logistic (app, calibrated)",0,0.6484624622504211
high_debt_burden,app,"Logistic (app, calibrated)",0,0.38941928383030494
high_debt_burden,app,"Logistic (app, calibrated)",1,0.2989489720621796
high_debt_burden,app,"Logistic (app, calibrated)",0,0.4725032537938958
high_debt_burden,app,"Logistic (app, calibrated)",0,0.46599524932036385
high_debt_burden,app,"Logistic (app, calibrated)",1,0.41188005425177965
high_debt_burden,app,"Logistic (app, calibrated)",1,0.6562633058186054
high_debt_burden,app,"Logistic (app, calibrated)",0,0.2989489720621796
high_debt_burden,app,"Logistic (app, calibrated)",0,0.42997546830786615
high_debt_burden,app,"Logistic (app, calibrated)",0,0.5651925005492108
high_debt_burden,app,"Logistic (app, calibrated)",1,0.5949510955759292
high_debt_burden,app,"Logistic (app, calibrated)",1,0.6340655036208032
high_debt_burden,app,"Logistic (app, calibrated)",0,0.23245897395410225
high_debt_burden,app,"Logistic (app, calibrated)",0,0.4558767693024586
high_debt_burden,app,"Logistic (app, calibrated)",0,0.14985430069463684
high_debt_burden,app,"Logistic (app, calibrated)",0,0.1872118440430974
high_debt_burden,app,"Logistic (app, calibrated)",1,0.5694204923430537
high_debt_burden,app,"Logistic (app, calibrated)",0,0.27815177145333625
high_debt_burden,app,"Logistic (app, calibrated)",0,0.41315233880135704
high_debt_burden,app,"Logistic (app, calibrated)",1,0.680102317962298
high_debt_burden,app,"Logistic (app, calibrated)",1,0.517581636018173
high_debt_burden,app,"Logistic (app, calibrated)",0,0.3785035919852674
high_debt_burden,app,"Logistic (app, calibrated)",1,0.2942254240911959
high_debt_burden,app,"Logistic (app, calibrated)",1,0.5654922015208531
high_debt_burden,app,"Logistic (app, calibrated)",0,0.5174467362702656
high_debt_burden,app,"Logistic (app, calibrated)",1,0.2555793525403194
high_debt_burden,app,"Logistic (app, calibrated)",1,0.5939830329964555
high_debt_burden,app,"Logistic (app, calibrated)",0,0.26997232559152207
high_debt_burden,app,"Logistic (app, calibrated)",0,0.3133111573111573
high_debt_burden,app,"Logistic (app, calibrated)",1,0.7952680443246481
high_debt_burden,app,"Logistic (app, calibrated)",1,0.5754903026630166
high_debt_burden,app,"Logistic (app, calibrated)",1,0.5684590309337654
high_debt_burden,app,"Logistic (app, calibrated)",0,0.45705527486314806
high_debt_burden,app,"Logistic (app, calibrated)",0,0.5691362608933774
high_debt_burden,app,"Logistic (app, calibrated)",0,0.3001270143685004
high_debt_burden,app,"Logistic (app, calibrated)",0,0.20982532229147105
high_debt_burden,app,"Logistic (app, calibrated)",0,0.2379024311651261
high_debt_burden,app,"Logistic (app, calibrated)",1,0.5385173245214707
high_debt_burden,app,"Logistic (app, calibrated)",1,0.2670911725660131
high_debt_burden,app,"Logistic (app, calibrated)",1,0.4088915209728965
high_debt_burden,app,"Logistic (app, calibrated)",0,0.6213311062129769
high_debt_burden,app,"Logistic (app, calibrated)",1,0.27750452761773514
high_debt_burden,app,"Logistic (app, calibrated)",1,0.24330378859790622
high_debt_burden,app,"Logistic (app, calibrated)",1,0.6457635718916631
high_debt_burden,app,"Logistic (app, calibrated)",1,0.5489894930304138
high_debt_burden,app,"Logistic (app, calibrated)",1,0.4383860156426202
high_debt_burden,app,"Logistic (app, calibrated)",1,0.492471310770647
high_debt_burden,app,"Logistic (app, calibrated)",1,0.654905839755257
high_debt_burden,app,"Logistic (app, calibrated)",0,0.3182784793978824
high_debt_burden,app,"Logistic (app, calibrated)",1,0.5709422130731536
high_debt_burden,app,"Logistic (app, calibrated)",0,0.2997982540891853
high_debt_burden,app,"Logistic (app, calibrated)",1,0.4537444423334148
high_debt_burden,app,"Logistic (app, calibrated)",0,0.19830352801768686
high_debt_burden,app,"Logistic (app, calibrated)",1,0.45891843413040545
high_debt_burden,app,"Logistic (app, calibrated)",0,0.3469214119214119
high_debt_burden,app,"Logistic (app, calibrated)",0,0.4234572677954131
high_debt_burden,app,"Logistic (app, calibrated)",0,0.199447963800905
high_debt_burden,app,"Logistic (app, calibrated)",1,0.3747899853304843
high_debt_burden,app,"Logistic (app, calibrated)",0,0.39677030885168435
high_debt_burden,app,"Logistic (app, calibrated)",0,0.4484163151339521
high_debt_burden,app,"Logistic (app, calibrated)",0,0.3578684157121154
high_debt_burden,app,"Logistic (app, calibrated)",1,0.6381999574023157
high_debt_burden,app,"Logistic (app, calibrated)",0,0.45702619458981497
high_debt_burden,app,"Logistic (app, calibrated)",0,0.1461058269461631
high_debt_burden,app,"Logistic (app, calibrated)",0,0.4092192521742968
high_debt_burden,app,"Logistic (app, calibrated)",0,0.3429545679192288
high_debt_burden,app,"Logistic (app, calibrated)",0,0.44134286943617573
high_debt_burden,app,"Logistic (app, calibrated)",1,0.4537444423334148
high_debt_burden,app,"Logistic (app, calibrated)",0,0.20081548516842637
high_debt_burden,app,"Logistic (app, calibrated)",0,0.39804430439237476
high_debt_burden,app,"Logistic (app, calibrated)",1,0.4352434745812692
high_debt_burden,app,"Logistic (app, calibrated)",1,0.5210468129205809
high_debt_burden,app,"Logistic (app, calibrated)",0,0.40364346048830724
high_debt_burden,app,"Logistic (app, calibrated)",0,0.47686444466502076
high_debt_burden,app,"Logistic (app, calibrated)",0,0.6289587946621886
high_debt_burden,app,"Logistic (app, calibrated)",0,0.6186823271581687
high_debt_burden,app,"Logistic (app, calibrated)",1,0.24330378859790622
high_debt_burden,app,"Logistic (app, calibrated)",1,0.576152357494722
high_debt_burden,app,"Logistic (app, calibrated)",1,0.4883428527913896
high_debt_burden,app,"Logistic (app, calibrated)",1,0.5737433335213329
high_debt_burden,app,"Logistic (app, calibrated)",0,0.36056323984851735
high_debt_burden,app,"Logistic (app, calibrated)",1,0.5914041004557239
high_debt_burden,app,"Logistic (app, calibrated)",0,0.3594314419131173
high_debt_burden,app,"Logistic (app, calibrated)",1,0.47504282271748666
high_debt_burden,app,"Logistic (app, calibrated)",1,0.5939830329964555
high_debt_burden,app,"Logistic (app, calibrated)",0,0.6315394700153115
high_debt_burden,app,"Logistic (app, calibrated)",1,0.5425047074659477
high_debt_burden,app,"Logistic (app, calibrated)",0,0.2989489720621796
high_debt_burden,app,"Logistic (app, calibrated)",0,0.11887321099014751
high_debt_burden,app,"Logistic (app, calibrated)",0,0.5962834419859959
high_debt_burden,app,"Logistic (app, calibrated)",1,0.3043939935647142
high_debt_burden,app,"Logistic (app, calibrated)",1,0.2835521892800301
high_debt_burden,app,"Logistic (app, calibrated)",0,0.5172909420942248
high_debt_burden,app,"Logistic (app, calibrated)",0,0.5803531939091425
high_debt_burden,app,"Logistic (app, calibrated)",0,0.7845238095238096
high_debt_burden,app,"Logistic (app, calibrated)",0,0.23743553178847296
high_debt_burden,app,"Logistic (app, calibrated)",0,0.2930759988038396
high_debt_burden,app,"Logistic (app, calibrated)",0,0.39993555210009185
high_debt_burden,app,"Logistic (app, calibrated)",1,0.24330378859790622
high_debt_burden,app,"Logistic (app, calibrated)",1,0.43587587557430146
high_debt_burden,app,"Logistic (app, calibrated)",1,0.5754897372621119
high_debt_burden,app,"Logistic (app, calibrated)",0,0.5949510955759292
high_debt_burden,app,"Logistic (app, calibrated)",1,0.4761219096210617
high_debt_burden,app,"Logistic (app, calibrated)",0,0.4850155690648318
high_debt_burden,app,"Logistic (app, calibrated)",0,0.6198005583152071
high_debt_burden,app,"Logistic (app, calibrated)",0,0.20723354590062973
high_debt_burden,app,"Logistic (app, calibrated)",0,0.43794747637316567
high_debt_burden,app,"Logistic (app, calibrated)",0,0.3221721920788134
high_debt_burden,app,"Logistic (app, calibrated)",0,0.2738426794746422
high_debt_burden,app,"Logistic (app, calibrated)",1,0.3822224917963686
high_debt_burden,app,"Logistic (app, calibrated)",1,0.36815682386992943
high_debt_burden,app,"Logistic (app, calibrated)",0,0.26093175227615806
high_debt_burden,app,"Logistic (app, calibrated)",0,0.3594314419131173
high_debt_burden,app,"Logistic (app, calibrated)",0,0.4558767693024586
high_debt_burden,app,"Logistic (app, calibrated)",0,0.6046763060689353
high_debt_burden,app,"Logistic (app, calibrated)",1,0.6114778576059487
high_debt_burden,app,"Logistic (app, calibrated)",0,0.5528910297244547
high_debt_burden,app,"Logistic (app, calibrated)",1,0.5843737655647236
high_debt_burden,app,"Logistic (app, calibrated)",0,0.6024120799288422
high_debt_burden,app,"Logistic (app, calibrated)",1,0.28256575210753104
high_debt_burden,app,"Logistic (app, calibrated)",0,0.05331755514535539
high_debt_burden,app,"Logistic (app, calibrated)",0,0.45705527486314806
high_debt_burden,app,"Logistic (app, calibrated)",1,0.5892059610729536
high_debt_burden,app,"Logistic (app, calibrated)",0,0.45671996566397954
high_debt_burden,app,"Logistic (app, calibrated)",0,0.3001270143685004
high_debt_burden,app,"Logistic (app, calibrated)",0,0.6315394700153115
high_debt_burden,app,"Logistic (app, calibrated)",1,0.6052278576059488
high_debt_burden,app,"Logistic (app, calibrated)",1,0.5684590309337654
high_debt_burden,app,"Logistic (app, calibrated)",1,0.36388100018876257
high_debt_burden,app,"Logistic (app, calibrated)",1,0.5949510955759292
high_debt_burden,app,"Logistic (app, calibrated)",0,0.5977522160241084
high_debt_burden,app,"Logistic (app, calibrated)",1,0.4049904971550369
high_debt_burden,app,"Logistic (app, calibrated)",1,0.20374993427625004
high_debt_burden,app,"Logistic (app, calibrated)",0,0.43238851343039464
high_debt_burden,app,"Logistic (app, calibrated)",0,0.28256575210753104
high_debt_burden,app,"Logistic (app, calibrated)",1,0.38054915507304143
high_debt_burden,app,"Logistic (app, calibrated)",0,0.523479438007546
high_debt_burden,app,"Logistic (app, calibrated)",0,0.4736463214451202
high_debt_burden,app,"Logistic (app, calibrated)",1,0.5080977222488259
high_debt_burden,app,"Logistic (app, calibrated)",1,0.6329751102717102
high_debt_burden,app,"Logistic (app, calibrated)",0,0.4291394571412194
high_debt_burden,app,"Logistic (app, calibrated)",1,0.41479005362336113
high_debt_burden,app,"Logistic (app, calibrated)",1,0.6351039821701177
high_debt_burden,app,"Logistic (app, calibrated)",0,0.23743553178847296
high_debt_burden,app,"Logistic (app, calibrated)",0,0.1461058269461631
high_debt_burden,app,"Logistic (app, calibrated)",0,0.5803734094975914
high_debt_burden,app,"Logistic (app, calibrated)",1,0.12601606813300467
high_debt_burden,app,"Logistic (app, calibrated)",0,0.5966203956338181
high_debt_burden,app,"Logistic (app, calibrated)",0,0.08736263736263736
high_debt_burden,app,"Logistic (app, calibrated)",0,0.3019562289562289
high_debt_burden,app,"Logistic (app, calibrated)",1,0.525825941518405
high_debt_burden,app,"Logistic (app, calibrated)",1,0.17718152519388272
high_debt_burden,app,"Logistic (app, calibrated)",0,0.45605092464902774
high_debt_burden,app,"Logistic (app, calibrated)",1,0.591047605645475
high_debt_burden,app,"Logistic (app, calibrated)",0,0.2835521892800301
high_debt_burden,app,"Logistic (app, calibrated)",1,0.4958471795989977
high_debt_burden,app,"Logistic (app, calibrated)",0,0.20886080843148278
high_debt_burden,app,"Logistic (app, calibrated)",1,0.4085441308328421
high_debt_burden,app,"Logistic (app, calibrated)",0,0.2835521892800301
high_debt_burden,app,"Logistic (app, calibrated)",1,0.4558767693024586
high_debt_burden,app,"Logistic (app, calibrated)",0,0.19336665901492603
high_debt_burden,app,"Logistic (app, calibrated)",1,0.4739894449908901
high_debt_burden,app,"Logistic (app, calibrated)",1,0.5788219003163213
high_debt_burden,app,"Logistic (app, calibrated)",0,0.2624404947275799
high_debt_burden,app,"Logistic (app, calibrated)",0,0.2910295811203355
high_debt_burden,app,"Logistic (app, calibrated)",0,0.261484366649556
high_debt_burden,app,"Logistic (app, calibrated)",1,0.4975809104305526
high_debt_burden,app,"Logistic (app, calibrated)",0,0.32306425273893835
high_debt_burden,app,"Logistic (app, calibrated)",0,0.2533495856366708
high_debt_burden,app,"Logistic (app, calibrated)",1,0.2893708218321236
high_debt_burden,app,"Logistic (app, calibrated)",0,0.09988527325823947
high_debt_burden,app,"Logistic (app, calibrated)",0,0.25243309403691805
high_debt_burden,app,"Logistic (app, calibrated)",0,0.2533495856366708
high_debt_burden,app,"Logistic (app, calibrated)",0,0.28195063264674375
high_debt_burden,app,"Logistic (app, calibrated)",0,0.1378674463937622
high_debt_burden,app,"Logistic (app, calibrated)",0,0.31470862058559024
high_debt_burden,app,"Logistic (app, calibrated)",0,0.28256575210753104
high_debt_burden,app,"Logistic (app, calibrated)",1,0.49312766236858635
high_debt_burden,app,"Logistic (app, calibrated)",1,0.5939449444990847
high_debt_burden,app,"Logistic (app, calibrated)",0,0.13043956043956045
high_debt_burden,app,"Logistic (app, calibrated)",0,0.24679562202589467
high_debt_burden,app,"Logistic (app, calibrated)",1,0.5552330625039985
high_debt_burden,app,"Logistic (app, calibrated)",0,0.5604081834761382
high_debt_burden,app,"Logistic (app, calibrated)",1,0.5604081834761382
high_debt_burden,app,"Logistic (app, calibrated)",1,0.49974044214751745
high_debt_burden,app,"Logistic (app, calibrated)",0,0.2360680104209516
high_debt_burden,app,"Logistic (app, calibrated)",0,0.18883441336812928
high_debt_burden,app,"Logistic (app, calibrated)",0,0.30656889452011404
high_debt_burden,app,"Logistic (app, calibrated)",1,0.4944937227424102
high_debt_burden,app,"Logistic (app, calibrated)",1,0.6351039821701177
high_debt_burden,app,"Logistic (app, calibrated)",0,0.6633167177667114
high_debt_burden,app,"Logistic (app, calibrated)",0,0.38372188713520705
high_debt_burden,app,"Logistic (app, calibrated)",1,0.3047517398806696
high_debt_burden,app,"Logistic (app, calibrated)",0,0.4465838400095293
high_debt_burden,app,"Logistic (app, calibrated)",0,0.3710701522909137
high_debt_burden,app,"Logistic (app, calibrated)",0,0.6367446400475635
high_debt_burden,app,"Logistic (app, calibrated)",0,0.18870704839239336
high_debt_burden,app,"Logistic (app, calibrated)",0,0.5089713107706471
high_debt_burden,app,"Logistic (app, calibrated)",0,0.3100715796133585
high_debt_burden,app,"Logistic (app, calibrated)",1,0.5233603966510386
high_debt_burden,app,"Logistic (app, calibrated)",0,0.3591955974308916
high_debt_burden,app,"Logistic (app, calibrated)",1,0.2909953007542566
high_debt_burden,app,"Logistic (app, calibrated)",0,0.4155005459699452
high_debt_burden,app,"Logistic (app, calibrated)",0,0.4249603875439151
high_debt_burden,app,"Logistic (app, calibrated)",1,0.2851580041580042
high_debt_burden,app,"Logistic (app, calibrated)",0,0.591047605645475
high_debt_burden,app,"Logistic (app, calibrated)",1,0.6076963450009067
high_debt_burden,app,"Logistic (app, calibrated)",1,0.05283976954899265
high_debt_burden,app,"Logistic (app, calibrated)",1,0.30124296795084504
high_debt_burden,app,"Logistic (app, calibrated)",1,0.3138867239774784
high_debt_burden,app,"Logistic (app, calibrated)",0,0.589214406260236
high_debt_burden,app,"Logistic (app, calibrated)",0,0.19830352801768686
high_debt_burden,app,"Logistic (app, calibrated)",1,0.5930041273846054
high_debt_burden,app,"Logistic (app, calibrated)",0,0.2533495856366708
high_debt_burden,app,"Logistic (app, calibrated)",1,0.5983243789076292
high_debt_burden,app,"Logistic (app, calibrated)",0,0.3150873103504682
high_debt_burden,app,"Logistic (app, calibrated)",1,0.4834502430137476
high_debt_burden,app,"Logistic (app, calibrated)",0,0.5684590309337654
high_debt_burden,app,"Logistic (app, calibrated)",0,0.41479005362336113
high_debt_burden,app,"Logistic (app, calibrated)",0,0.5489894930304138
high_debt_burden,app,"Logistic (app, calibrated)",0,0.20540497729304916
high_debt_burden,app,"Logistic (app, calibrated)",0,0.30124296795084504
high_debt_burden,app,"Logistic (app, calibrated)",0,0.16245362223525717
high_debt_burden,app,"Logistic (app, calibrated)",1,0.6866033269757204
high_debt_burden,app,"Logistic (app, calibrated)",0,0.18995332654728075
high_debt_burden,app,"Logistic (app, calibrated)",0,0.5878637087018715
high_debt_burden,app,"Logistic (app, calibrated)",1,0.5221161611470067
high_debt_burden,app,"Logistic (app, calibrated)",1,0.43132235856595125
high_debt_burden,app,"Logistic (app, calibrated)",0,0.48697361359357283
high_debt_burden,app,"Logistic (app, calibrated)",0,0.31806536677680053
high_debt_burden,app,"Logistic (app, calibrated)",1,0.39763417531595635
high_debt_burden,app,"Logistic (app, calibrated)",0,0.1887111449993646
high_debt_burden,app,"Logistic (app, calibrated)",0,0.47125092754519804
high_debt_burden,app,"Logistic (app, calibrated)",1,0.46861244266301877
high_debt_burden,app,"Logistic (app, calibrated)",1,0.5590979116978924
high_debt_burden,app,"Logistic (app, calibrated)",1,0.3491941391941392
high_debt_burden,app,"Logistic (app, calibrated)",1,0.2999027973438137
high_debt_burden,app,"Logistic (app, calibrated)",0,0.47033548891538696
high_debt_burden,app,"Logistic (app, calibrated)",1,0.37721724790337885
high_debt_burden,app,"Logistic (app, calibrated)",1,0.33669663647582004
high_debt_burden,app,"Logistic (app, calibrated)",0,0.5363335215509129
high_debt_burden,app,"Logistic (app, calibrated)",0,0.6002681441098253
high_debt_burden,app,"Logistic (app, calibrated)",1,0.1378566853238573
high_debt_burden,app,"Logistic (app, calibrated)",0,0.11887321099014751
high_debt_burden,app,"Logistic (app, calibrated)",1,0.39157642111692004
high_debt_burden,app,"Logistic (app, calibrated)",0,0.6492633058186053
high_debt_burden,app,"Logistic (app, calibrated)",1,0.28295263547131577
high_debt_burden,app,"Logistic (app, calibrated)",0,0.3675404087330628
high_debt_burden,app,"Logistic (app, calibrated)",0,0.4444900330826701
high_debt_burden,app,"Logistic (app, calibrated)",1,0.14747334831368444
high_debt_burden,app,"Logistic (app, calibrated)",1,0.43131767285435957
high_debt_burden,app,"Logistic (app, calibrated)",1,0.5688510785081702
high_debt_burden,app,"Logistic (app, calibrated)",1,0.5751936343896802
high_debt_burden,app,"Logistic (app, calibrated)",0,0.20722269362689452
high_debt_burden,app,"Logistic (app, calibrated)",0,0.20885009437085378
high_debt_burden,app,"Logistic (app, calibrated)",0,0.5841826891886182
high_debt_burden,app,"Logistic (app, calibrated)",0,0.5075768263154606
high_debt_burden,app,"Logistic (app, calibrated)",1,0.5060155257798976
high_debt_burden,app,"Logistic (app, calibrated)",1,0.34089752701693
high_debt_burden,app,"Logistic (app, calibrated)",1,0.4850155690648318
high_debt_burden,app,"Logistic (app, calibrated)",1,0.4759909546340352
high_debt_burden,app,"Logistic (app, calibrated)",0,0.4033699497970349
high_debt_burden,app,"Logistic (app, calibrated)",0,0.27985389054779
high_debt_burden,app,"Logistic (app, calibrated)",0,0.6096125597163082
high_debt_burden,app,"Logistic (app, calibrated)",0,0.45891843413040545
high_debt_burden,app,"Logistic (app, calibrated)",1,0.5250485677131517
high_debt_burden,app,"Logistic (app, calibrated)",0,0.18883441336812928
high_debt_burden,app,"Logistic (app, calibrated)",0,0.2808742987110552
high_debt_burden,app,"Logistic (app, calibrated)",0,0.32913608999607513
high_debt_burden,app,"Logistic (app, calibrated)",0,0.4137049762885038
high_debt_burden,app,"Logistic (app, calibrated)",1,0.6076560379771777
high_debt_burden,app,"Logistic (app, calibrated)",1,0.4049904971550369
high_debt_burden,app,"Logistic (app, calibrated)",1,0.5709422130731536
high_debt_burden,app,"Logistic (app, calibrated)",1,0.5905576468452656
high_debt_burden,app,"Logistic (app, calibrated)",1,0.4088915209728965
high_debt_burden,app,"Logistic (app, calibrated)",0,0.5522532151757765
high_debt_burden,app,"Logistic (app, calibrated)",1,0.42300119299749384
high_debt_burden,app,"Logistic (app, calibrated)",0,0.07307692307692307
high_debt_burden,app,"Logistic (app, calibrated)",0,0.13043956043956045
high_debt_burden,app,"Logistic (app, calibrated)",1,0.6091721083757025
high_debt_burden,app,"Logistic (app, calibrated)",1,0.589774889045971
high_debt_burden,app,"Logistic (app, calibrated)",0,0.2555793525403194
high_debt_burden,app,"Logistic (app, calibrated)",1,0.5096182414920094
high_debt_burden,app,"Logistic (app, calibrated)",1,0.41984499867830616
high_debt_burden,app,"Logistic (app, calibrated)",0,0.41984499867830616
high_debt_burden,app,"Logistic (app, calibrated)",0,0.4323463643259249
high_debt_burden,app,"Logistic (app, calibrated)",0,0.5541950141936016
high_debt_burden,app,"Logistic (app, calibrated)",0,0.515763161959855
high_debt_burden,app,"Logistic (app, calibrated)",0,0.2893708218321236
high_debt_burden,app,"Logistic (app, calibrated)",0,0.47033548891538696
high_debt_burden,app,"Logistic (app, calibrated)",1,0.35674843674843676
high_debt_burden,app,"Logistic (app, calibrated)",1,0.2085535849577859
high_debt_burden,app,"Logistic (app, calibrated)",0,0.4323463643259249
high_debt_burden,app,"Logistic (app, calibrated)",0,0.18883441336812928
high_debt_burden,app,"Logistic (app, calibrated)",0,0.5124838974907624
high_debt_burden,app,"Logistic (app, calibrated)",1,0.3747899853304843
high_debt_burden,app,"Logistic (app, calibrated)",1,0.3150873103504682
high_debt_burden,app,"Logistic (app, calibrated)",0,0.310773308617699
high_debt_burden,app,"Logistic (app, calibrated)",0,0.41765638688579293
high_debt_burden,app,"Logistic (app, calibrated)",0,0.19917967753410973
high_debt_burden,app,"Logistic (app, calibrated)",0,0.5004315512794071
high_debt_burden,app,"Logistic (app, calibrated)",0,0.5168947696037479
high_debt_burden,app,"Logistic (app, calibrated)",1,0.266967097515872
high_debt_burden,app,"Logistic (app, calibrated)",0,0.5604081834761382
high_debt_burden,app,"Logistic (app, calibrated)",0,0.4631534880124498
high_debt_burden,app,"Logistic (app, calibrated)",1,0.5547789910275785
high_debt_burden,app,"Logistic (app, calibrated)",1,0.44231229769390235
high_debt_burden,app,"Logistic (app, calibrated)",0,0.44231229769390235
high_debt_burden,app,"Logistic (app, calibrated)",0,0.2670911725660131
high_debt_burden,app,"Logistic (app, calibrated)",1,0.46861244266301877
high_debt_burden,app,"Logistic (app, calibrated)",1,0.26533701583674046
high_debt_burden,app,"Logistic (app, calibrated)",1,0.5056249573767755
high_debt_burden,app,"Logistic (app, calibrated)",0,0.48677780280092414
high_debt_burden,app,"Logistic (app, calibrated)",1,0.6649699110413396
high_debt_burden,app,"Logistic (app, calibrated)",0,0.38771593043903924
high_debt_burden,app,"Logistic (app, calibrated)",0,0.20885009437085378
high_debt_burden,app,"Logistic (app, calibrated)",0,0.4631534880124498
high_debt_burden,app,"Logistic (app, calibrated)",0,0.4883428527913896
high_debt_burden,app,"Logistic (app, calibrated)",0,0.4587529541260643
high_debt_burden,app,"Logistic (app, calibrated)",1,0.2555793525403194
high_debt_burden,app,"Logistic (app, calibrated)",1,0.2279822428771246
high_debt_burden,app,"Logistic (app, calibrated)",1,0.6096125597163082
high_debt_burden,app,"Logistic (app, calibrated)",0,0.08306100217864924
high_debt_burden,app,"Logistic (app, calibrated)",1,0.6156168204986912
high_debt_burden,app,"Logistic (app, calibrated)",0,0.18883441336812928
high_debt_burden,app,"Logistic (app, calibrated)",0,0.2210166304283951
high_debt_burden,app,"Logistic (app, calibrated)",1,0.6186823271581687
high_debt_burden,app,"Logistic (app, calibrated)",0,0.7211939702505741
high_debt_burden,app,"Logistic (app, calibrated)",1,0.4944937227424102
high_debt_burden,app,"Logistic (app, calibrated)",0,0.47897530060845595
high_debt_burden,app,"Logistic (app, calibrated)",0,0.28256575210753104
high_debt_burden,app,"Logistic (app, calibrated)",0,0.3684496429254189
high_debt_burden,app,"Logistic (app, calibrated)",1,0.591047605645475
high_debt_burden,app,"Logistic (app, calibrated)",0,0.5560569503813809
high_debt_burden,app,"Logistic (app, calibrated)",0,0.41984499867830616
high_debt_burden,app,"Logistic (app, calibrated)",0,0.6381999574023157
high_debt_burden,app,"Logistic (app, calibrated)",1,0.6314745179326289
high_debt_burden,app,"Logistic (app, calibrated)",0,0.6479058397552568
high_debt_burden,app,"Logistic (app, calibrated)",1,0.45705527486314806
high_debt_burden,app,"Logistic (app, calibrated)",1,0.49641665990673756
high_debt_burden,app,"Logistic (app, calibrated)",1,0.4695226599857222
high_debt_burden,app,"Logistic (app, calibrated)",1,0.49361007419890307
high_debt_burden,app,"Logistic (app, calibrated)",0,0.3001270143685004
high_debt_burden,app,"Logistic (app, calibrated)",0,0.4306092553864442
high_debt_burden,app,"Logistic (app, calibrated)",1,0.46091605676812647
high_debt_burden,app,"Logistic (app, calibrated)",1,0.426323482609167
high_debt_burden,app,"Logistic (app, calibrated)",0,0.5110569744132151
high_debt_burden,app,"Logistic (app, calibrated)",0,0.41315233880135704
high_debt_burden,app,"Logistic (app, calibrated)",1,0.4484163151339521
high_debt_burden,app,"Logistic (app, calibrated)",0,0.5413688788716522
high_debt_burden,app,"Logistic (app, calibrated)",0,0.16351543694400839
high_debt_burden,app,"Logistic (app, calibrated)",0,0.25243309403691805
high_debt_burden,app,"Logistic (app, calibrated)",0,0.13592172851036316
high_debt_burden,app,"Logistic (app, calibrated)",1,0.25243309403691805
high_debt_burden,app,"Logistic (app, calibrated)",0,0.23889904021707942
high_debt_burden,app,"Logistic (app, calibrated)",1,0.48861638132535967
high_debt_burden,app,"Logistic (app, calibrated)",0,0.36574281644729234
high_debt_burden,app,"Logistic (app, calibrated)",0,0.5754897372621119
high_debt_burden,app,"Logistic (app, calibrated)",1,0.47765447667087013
high_debt_burden,app,"Logistic (app, calibrated)",0,0.14196452686811303
high_debt_burden,app,"Logistic (app, calibrated)",0,0.46861244266301877
high_debt_burden,app,"Logistic (app, calibrated)",0,0.6351039821701177
high_debt_burden,app,"Logistic (app, calibrated)",1,0.38609068043508143
high_debt_burden,app,"Logistic (app, calibrated)",0,0.14184339628731246
high_debt_burden,app,"Logistic (app, calibrated)",0,0.24330378859790622
high_debt_burden,app,"Logistic (app, calibrated)",0,0.6367446400475635
high_debt_burden,app,"Logistic (app, calibrated)",1,0.5412662189641697
high_debt_burden,app,"Logistic (app, calibrated)",0,0.5523149834728389
high_debt_burden,app,"Logistic (app, calibrated)",0,0.15016745159602304
high_debt_burden,app,"Logistic (app, calibrated)",0,0.09897295915871701
high_debt_burden,app,"Logistic (app, calibrated)",0,0.5206175201810248
high_debt_burden,app,"Logistic (app, calibrated)",0,0.45004073862971106
high_debt_burden,app,"Logistic (app, calibrated)",0,0.4291394571412194
high_debt_burden,app,"Logistic (app, calibrated)",0,0.5695136416445822
high_debt_burden,app,"Logistic (app, calibrated)",1,0.6205384856422341
high_debt_burden,app,"Logistic (app, calibrated)",0,0.45852867468451397
high_debt_burden,app,"Logistic (app, calibrated)",0,0.9055434529764572
high_debt_burden,app,"Logistic (app, calibrated)",1,0.27438072646143263
high_debt_burden,app,"Logistic (app, calibrated)",1,0.6114778576059487
high_debt_burden,app,"Logistic (app, calibrated)",0,0.4444900330826701
high_debt_burden,app,"Logistic (app, calibrated)",0,0.38721234557893147
high_debt_burden,app,"Logistic (app, calibrated)",0,0.19849621497167375
high_debt_burden,app,"Logistic (app, calibrated)",0,0.41315233880135704
high_debt_burden,app,"Logistic (app, calibrated)",0,0.46945703725761334
high_debt_burden,app,"Logistic (app, calibrated)",1,0.23743553178847296
high_debt_burden,app,"Logistic (app, calibrated)",0,0.4392790803914193
high_debt_burden,app,"Logistic (app, calibrated)",0,0.27282946844866496
high_debt_burden,app,"Logistic (app, calibrated)",0,0.10982679372607573
high_debt_burden,app,"Logistic (app, calibrated)",0,0.33701685793330655
high_debt_burden,app,"Logistic (app, calibrated)",1,0.6381999574023157
high_debt_burden,app,"Logistic (app, calibrated)",0,0.5865791147054111
high_debt_burden,app,"Logistic (app, calibrated)",0,0.39244878295357977
high_debt_burden,app,"Logistic (app, calibrated)",0,0.2835521892800301
high_debt_burden,app,"Logistic (app, calibrated)",0,0.2670911725660131
high_debt_burden,app,"Logistic (app, calibrated)",1,0.49940001518948873
high_debt_burden,app,"Logistic (app, calibrated)",0,0.27282946844866496
high_debt_burden,app,"Logistic (app, calibrated)",0,0.4027168389883252
high_debt_burden,app,"Logistic (app, calibrated)",1,0.4995122928531169
high_debt_burden,app,"Logistic (app, calibrated)",1,0.4883457812989003
high_debt_burden,app,"Logistic (app, calibrated)",1,0.43306496270731376
high_debt_burden,app,"Logistic (app, calibrated)",0,0.46601289495690884
high_debt_burden,app,"Logistic (app, calibrated)",0,0.46189992867042307
high_debt_burden,app,"Logistic (app, calibrated)",0,0.2999027973438137
high_debt_burden,app,"Logistic (app, calibrated)",1,0.5588818703313139
high_debt_burden,app,"Logistic (app, calibrated)",0,0.4388230055934999
high_debt_burden,app,"Logistic (app, calibrated)",0,0.6076963450009067
high_debt_burden,app,"Logistic (app, calibrated)",0,0.3001270143685004
high_debt_burden,app,"Logistic (app, calibrated)",0,0.2835521892800301
high_debt_burden,app,"Logistic (app, calibrated)",0,0.5304664770638435
high_debt_burden,app,"Logistic (app, calibrated)",1,0.5109181904594822
high_debt_burden,app,"Logistic (app, calibrated)",1,0.6096125597163082
high_debt_burden,app,"Logistic (app, calibrated)",0,0.2989489720621796
high_debt_burden,app,"Logistic (app, calibrated)",1,0.21755163581963294
high_debt_burden,app,"Logistic (app, calibrated)",1,0.3138867239774784
high_debt_burden,app,"Logistic (app, calibrated)",0,0.3138867239774784
high_debt_burden,app,"Logistic (app, calibrated)",1,0.4181728271558848
high_debt_burden,app,"Logistic (app, calibrated)",1,0.6351039821701177
high_debt_burden,app,"Logistic (app, calibrated)",0,0.6248381236260826
high_debt_burden,app,"Logistic (app, calibrated)",0,0.6329751102717102
high_debt_burden,app,"Logistic (app, calibrated)",0,0.25243309403691805
high_debt_burden,app,"Logistic (app, calibrated)",1,0.3238853148120776
high_debt_burden,app,"Logistic (app, calibrated)",0,0.18557023555795857
high_debt_burden,app,"Logistic (app, calibrated)",1,0.5736388060416766
high_debt_burden,app,"Logistic (app, calibrated)",1,0.5604081834761382
high_debt_burden,app,"Logistic (app, calibrated)",0,0.14196452686811303
high_debt_burden,app,"Logistic (app, calibrated)",0,0.2670911725660131
high_debt_burden,app,"Logistic (app, calibrated)",1,0.3881198319585405
high_debt_burden,app,"Logistic (app, calibrated)",0,0.14848677932711546
high_debt_burden,app,"Logistic (app, calibrated)",1,0.6329751102717102
high_debt_burden,app,"Logistic (app, calibrated)",1,0.05357142857142857
high_debt_burden,app,"Logistic (app, calibrated)",1,0.6076963450009067
high_debt_burden,app,"Logistic (app, calibrated)",0,0.4558767693024586
high_debt_burden,app,"Logistic (app, calibrated)",0,0.41445922050110173
high_debt_burden,app,"Logistic (app, calibrated)",1,0.5408598968717768
high_debt_burden,app,"Logistic (app, calibrated)",0,0.4823025843350138
high_debt_burden,app,"Logistic (app, calibrated)",1,0.46508085240960567
high_debt_burden,app,"Logistic (app, calibrated)",1,0.33733038610617916
high_debt_burden,app,"Logistic (app, calibrated)",0,0.2134904980242139
high_debt_burden,app,"Logistic (app, calibrated)",1,0.41891101676896325
high_debt_burden,app,"Logistic (app, calibrated)",0,0.16796104334613599
high_debt_burden,app,"Logistic (app, calibrated)",1,0.3001270143685004
high_debt_burden,app,"Logistic (app, calibrated)",0,0.25318910880830525
high_debt_burden,app,"Logistic (app, calibrated)",0,0.4883428527913896
high_debt_burden,app,"Logistic (app, calibrated)",0,0.525825941518405
high_debt_burden,app,"Logistic (app, calibrated)",0,0.29439008866305044
high_debt_burden,app,"Logistic (app, calibrated)",0,0.30979984509396274
high_debt_burden,app,"Logistic (app, calibrated)",0,0.5319263840054301
high_debt_burden,app,"Logistic (app, calibrated)",0,0.18883441336812928
high_debt_burden,app,"Logistic (app, calibrated)",1,0.42309558413746534
high_debt_burden,app,"Logistic (app, calibrated)",0,0.29276572255242567
high_debt_burden,app,"Logistic (app, calibrated)",1,0.2930759988038396
high_debt_burden,app,"Logistic (app, calibrated)",1,0.644833816993869
high_debt_burden,app,"Logistic (app, calibrated)",0,0.48824449851254464
high_debt_burden,app,"Logistic (app, calibrated)",1,0.6562633058186054
high_debt_burden,app,"Logistic (app, calibrated)",1,0.6632622901829833
high_debt_burden,app,"Logistic (app, calibrated)",1,0.6114778576059487
high_debt_burden,app,"Logistic (app, calibrated)",1,0.6636365777080062
high_debt_burden,app,"Logistic (app, calibrated)",1,0.6259323135026506
high_debt_burden,app,"Logistic (app, calibrated)",1,0.4639340800899193
high_debt_burden,app,"Logistic (app, calibrated)",1,0.4883457812989003
high_debt_burden,app,"Logistic (app, calibrated)",1,0.388789512908825
high_debt_burden,app,"Logistic (app, calibrated)",0,0.28128370082547977
high_debt_burden,app,"Logistic (app, calibrated)",1,0.28256575210753104
high_debt_burden,app,"Logistic (app, calibrated)",1,0.6076963450009067
high_debt_burden,app,"Logistic (app, calibrated)",1,0.5742319313685604
high_debt_burden,app,"Logistic (app, calibrated)",1,0.18896920951549362
high_debt_burden,app,"Logistic (app, calibrated)",1,0.39993555210009185
high_debt_burden,app,"Logistic (app, calibrated)",1,0.43238851343039464
high_debt_burden,app,"Logistic (app, calibrated)",0,0.3206610808422715
high_debt_burden,app,"Logistic (app, calibrated)",0,0.2930759988038396
high_debt_burden,app,"Logistic (app, calibrated)",0,0.442698794431414
high_debt_burden,app,"Logistic (app, calibrated)",1,0.39993555210009185
high_debt_burden,app,"Logistic (app, calibrated)",1,0.3330534120453835
high_debt_burden,app,"Logistic (app, calibrated)",0,0.4759909546340352
high_debt_burden,app,"Logistic (app, calibrated)",1,0.591047605645475
high_debt_burden,app,"Logistic (app, calibrated)",0,0.4291394571412194
high_debt_burden,app,"Logistic (app, calibrated)",0,0.24982315968893148
high_debt_burden,app,"Logistic (app, calibrated)",1,0.5753800394112809
high_debt_burden,app,"Logistic (app, calibrated)",0,0.4427404803041006
high_debt_burden,app,"Logistic (app, calibrated)",0,0.06615384615384616
high_debt_burden,app,"Logistic (app, calibrated)",1,0.35391670651071727
high_debt_burden,app,"Logistic (app, calibrated)",0,0.24133520074696543
high_debt_burden,app,"Logistic (app, calibrated)",0,0.48377979612429256
high_debt_burden,app,"Logistic (app, calibrated)",1,0.596797201233821
high_debt_burden,app,"Logistic (app, calibrated)",0,0.6213311062129769
high_debt_burden,app,"Logistic (app, calibrated)",1,0.585324026162189
high_debt_burden,app,"Logistic (app, calibrated)",0,0.4883428527913896
high_debt_burden,app,"Logistic (app, calibrated)",0,0.4047557839633525
high_debt_burden,app,"Logistic (app, calibrated)",1,0.5223044663063161
high_debt_burden,app,"Logistic (app, calibrated)",0,0.5166077565544496
high_debt_burden,app,"Logistic (app, calibrated)",0,0.44141844119097245
high_debt_burden,app,"Logistic (app, calibrated)",0,0.2909953007542566
high_debt_burden,app,"Logistic (app, calibrated)",0,0.13202300640027678
high_debt_burden,app,"Logistic (app, calibrated)",0,0.39993555210009185
high_debt_burden,app,"Logistic (app, calibrated)",1,0.18883441336812928
high_debt_burden,app,"Logistic (app, calibrated)",0,0.5142604617604618
high_debt_burden,app,"Logistic (app, calibrated)",0,0.6329751102717102
high_debt_burden,app,"Logistic (app, calibrated)",1,0.5977522160241084
high_debt_burden,app,"Logistic (app, calibrated)",0,0.35391670651071727
high_debt_burden,app,"Logistic (app, calibrated)",1,0.6213311062129769
high_debt_burden,app,"Logistic (app, calibrated)",0,0.15016745159602304
high_debt_burden,app,"Logistic (app, calibrated)",0,0.4347160237243223
high_debt_burden,app,"Logistic (app, calibrated)",1,0.5289915067425172
high_debt_burden,app,"Logistic (app, calibrated)",1,0.30124296795084504
high_debt_burden,app,"Logistic (app, calibrated)",1,0.6315394700153115
high_debt_burden,app,"Logistic (app, calibrated)",0,0.29956760751882705
high_debt_burden,app,"Logistic (app, calibrated)",0,0.13202300640027678
high_debt_burden,app,"Logistic (app, calibrated)",1,0.49600354135415065
high_debt_burden,app,"Logistic (app, calibrated)",0,0.35391670651071727
high_debt_burden,app,"Logistic (app, calibrated)",0,0.5113791260291632
high_debt_burden,app,"Logistic (app, calibrated)",1,0.4930241438719998
high_debt_burden,app,"Logistic (app, calibrated)",0,0.39952171760603583
high_debt_burden,app,"Logistic (app, calibrated)",0,0.2989489720621796
high_debt_burden,app,"Logistic (app, calibrated)",1,0.5826173730873354
high_debt_burden,app,"Logistic (app, calibrated)",0,0.47897530060845595
high_debt_burden,app,"Logistic (app, calibrated)",1,0.1461058269461631
high_debt_burden,app,"Logistic (app, calibrated)",0,0.30979984509396274
high_debt_burden,app,"Logistic (app, calibrated)",0,0.25848974983415557
high_debt_burden,app,"Logistic (app, calibrated)",1,0.47897530060845595
high_debt_burden,app,"Logistic (app, calibrated)",0,0.27622247633568386
high_debt_burden,app,"Logistic (app, calibrated)",0,0.6382608254802087
high_debt_burden,app,"Logistic (app, calibrated)",0,0.26997232559152207
high_debt_burden,app,"Logistic (app, calibrated)",0,0.39350037270794114
high_debt_burden,app,"Logistic (app, calibrated)",1,0.14848677932711546
high_debt_burden,app,"Logistic (app, calibrated)",0,0.32056109906987096
high_debt_burden,app,"Logistic (app, calibrated)",0,0.2331585199867967
high_debt_burden,app,"Logistic (app, calibrated)",1,0.30908765414912953
high_debt_burden,app,"Logistic (app, calibrated)",1,0.6329751102717102
high_debt_burden,app,"Logistic (app, calibrated)",1,0.5450608596306172
high_debt_burden,app,"Logistic (app, calibrated)",0,0.46646298533751995
high_debt_burden,app,"Logistic (app, calibrated)",0,0.4736463214451202
high_debt_burden,app,"Logistic (app, calibrated)",1,0.39348230934759665
high_debt_burden,app,"Logistic (app, calibrated)",1,0.45753512650399253
high_debt_burden,app,"Logistic (app, calibrated)",0,0.30979984509396274
high_debt_burden,app,"Logistic (app, calibrated)",0,0.1382826976944624
high_debt_burden,app,"Logistic (app, calibrated)",1,0.4347160237243223
high_debt_burden,app,"Logistic (app, calibrated)",1,0.5131523488578872
high_debt_burden,app,"Logistic (app, calibrated)",0,0.33733038610617916
high_debt_burden,app,"Logistic (app, calibrated)",0,0.3075624468779136
high_debt_burden,app,"Logistic (app, calibrated)",1,0.4883428527913896
high_debt_burden,app,"Logistic (app, calibrated)",1,0.5709422130731536
high_debt_burden,app,"Logistic (app, calibrated)",1,0.5750756799313994
high_debt_burden,app,"Logistic (app, calibrated)",1,0.6213311062129769
high_debt_burden,app,"Logistic (app, calibrated)",0,0.6050589823635442
high_debt_burden,app,"Logistic (app, calibrated)",1,0.7016701607267646
high_debt_burden,app,"Logistic (app, calibrated)",0,0.1515349729635444
high_debt_burden,app,"Logistic (app, calibrated)",1,0.4883428527913896
high_debt_burden,app,"Logistic (app, calibrated)",1,0.6096125597163082
high_debt_burden,app,"Logistic (app, calibrated)",0,0.6213311062129769
high_debt_burden,app,"Logistic (app, calibrated)",0,0.36110645419493836
high_debt_burden,app,"Logistic (app, calibrated)",0,0.43064117274151376
high_debt_burden,app,"Logistic (app, calibrated)",0,0.41738687982163175
high_debt_burden,app,"Logistic (app, calibrated)",1,0.5172909420942248
high_debt_burden,app,"Logistic (app, calibrated)",0,0.4295857004090181
high_debt_burden,app,"Logistic (app, calibrated)",0,0.2670911725660131
high_debt_burden,app,"Logistic (app, calibrated)",1,0.5587366520270503
high_debt_burden,app,"Logistic (app, calibrated)",1,0.3716800930186757
high_debt_burden,app,"Logistic (app, calibrated)",1,0.5788219003163213
high_debt_burden,app,"Logistic (app, calibrated)",0,0.5788437563420907
high_debt_burden,app,"Logistic (app, calibrated)",0,0.3138867239774784
high_debt_burden,app,"Logistic (app, calibrated)",0,0.42304675377850726
high_debt_burden,app,"Logistic (app, calibrated)",0,0.5671794536091472
high_debt_burden,app,"Logistic (app, calibrated)",1,0.2766822487567452
high_debt_burden,app,"Logistic (app, calibrated)",1,0.5694204923430537
high_debt_burden,app,"Logistic (app, calibrated)",0,0.40223170015905046
high_debt_burden,app,"Logistic (app, calibrated)",0,0.48313644585449866
high_debt_burden,app,"Logistic (app, calibrated)",0,0.1522986857825568
high_debt_burden,app,"Logistic (app, calibrated)",0,0.31042911313328736
high_debt_burden,app,"Logistic (app, calibrated)",0,0.28256575210753104
high_debt_burden,app,"Logistic (app, calibrated)",0,0.16567765567765572
high_debt_burden,app,"Logistic (app, calibrated)",1,0.5321701720005663
high_debt_burden,app,"Logistic (app, calibrated)",0,0.44808360202761593
high_debt_burden,app,"Logistic (app, calibrated)",0,0.47897530060845595
high_debt_burden,app,"Logistic (app, calibrated)",1,0.4537444423334148
high_debt_burden,app,"Logistic (app, calibrated)",0,0.2533495856366708
high_debt_burden,app,"Logistic (app, calibrated)",1,0.5983243789076292
high_debt_burden,app,"Logistic (app, calibrated)",1,0.13162582423056565
high_debt_burden,app,"Logistic (app, calibrated)",0,0.3206610808422715
high_debt_burden,app,"Logistic (app, calibrated)",1,0.2533495856366708
high_debt_burden,app,"Logistic (app, calibrated)",0,0.4280068403246263
high_debt_burden,app,"Logistic (app, calibrated)",0,0.47749069965907465
high_debt_burden,app,"Logistic (app, calibrated)",1,0.4686962119081833
high_debt_burden,app,"Logistic (app, calibrated)",0,0.45004073862971106
high_debt_burden,app,"Logistic (app, calibrated)",0,0.28256575210753104
high_debt_burden,app,"Logistic (app, calibrated)",0,0.26946351932929113
high_debt_burden,app,"Logistic (app, calibrated)",0,0.12008973429877409
high_debt_burden,app,"Logistic (app, calibrated)",1,0.22273633284954036
high_debt_burden,app,"Logistic (app, calibrated)",1,0.591047605645475
high_debt_burden,app,"Logistic (app, calibrated)",0,0.5722745594832201
high_debt_burden,app,"Logistic (app, calibrated)",1,0.24330378859790622
high_debt_burden,app,"Logistic (app, calibrated)",0,0.3225861188996967
high_debt_burden,app,"Logistic (app, calibrated)",0,0.28256575210753104
high_debt_burden,app,"Logistic (app, calibrated)",0,0.44284274048509165
high_debt_burden,app,"Logistic (app, calibrated)",0,0.5060155257798976
high_debt_burden,app,"Logistic (app, calibrated)",1,0.2670911725660131
high_debt_burden,app,"Logistic (app, calibrated)",0,0.5290494630454062
high_debt_burden,app,"Logistic (app, calibrated)",1,0.6381999574023157
high_debt_burden,app,"Logistic (app, calibrated)",1,0.2938877597498287
high_debt_burden,app,"Logistic (app, calibrated)",0,0.4312287595545521
high_debt_burden,app,"Logistic (app, calibrated)",0,0.13798390162401697
high_debt_burden,app,"Logistic (app, calibrated)",1,0.38310589478381185
high_debt_burden,app,"Logistic (app, calibrated)",0,0.43794747637316567
high_debt_burden,app,"Logistic (app, calibrated)",0,0.34862504954362533
high_debt_burden,app,"Logistic (app, calibrated)",0,0.5047907647907647
high_debt_burden,app,"Logistic (app, calibrated)",0,0.3466130044567041
high_debt_burden,app,"Logistic (app, calibrated)",0,0.3182784793978824
high_debt_burden,app,"Logistic (app, calibrated)",1,0.5984551566227214
high_debt_burden,app,"Logistic (app, calibrated)",0,0.1895319614200333
high_debt_burden,app,"Logistic (app, calibrated)",0,0.26251877263198015
high_debt_burden,app,"Logistic (app, calibrated)",0,0.28256575210753104
high_debt_burden,app,"Logistic (app, calibrated)",1,0.5612151983595673
high_debt_burden,app,"Logistic (app, calibrated)",0,0.6571921433202345
high_debt_burden,app,"Logistic (app, calibrated)",1,0.5131523488578872
high_debt_burden,app,"Logistic (app, calibrated)",0,0.5375609216018422
high_debt_burden,app,"Logistic (app, calibrated)",1,0.390669244806695
high_debt_burden,app,"Logistic (app, calibrated)",1,0.6165180978264212
high_debt_burden,app,"Logistic (app, calibrated)",1,0.5967525975907605
high_debt_burden,app,"Logistic (app, calibrated)",0,0.1486492502090028
high_debt_burden,app,"Logistic (app, calibrated)",0,0.5382598457847332
high_debt_burden,app,"Logistic (app, calibrated)",1,0.3309630021227563
high_debt_burden,app,"Logistic (app, calibrated)",1,0.46646298533751995
high_debt_burden,app,"Logistic (app, calibrated)",0,0.11887321099014751
high_debt_burden,app,"Logistic (app, calibrated)",0,0.6562633058186054
high_debt_burden,app,"Logistic (app, calibrated)",1,0.4639340800899193
high_debt_burden,app,"Logistic (app, calibrated)",1,0.5343123759252609
high_debt_burden,app,"Logistic (app, calibrated)",1,0.37914677391482543
high_debt_burden,app,"Logistic (app, calibrated)",0,0.5556235856221731
high_debt_burden,app,"Logistic (app, calibrated)",1,0.8130952380952381
high_debt_burden,app,"Logistic (app, calibrated)",0,0.5541950141936016
high_debt_burden,app,"Logistic (app, calibrated)",1,0.6571921433202345
high_debt_burden,app,"Logistic (app, calibrated)",1,0.5709422130731536
high_debt_burden,app,"Logistic (app, calibrated)",0,0.12601606813300467
high_debt_burden,app,"Logistic (app, calibrated)",0,0.14639805215775784
high_debt_burden,app,"Logistic (app, calibrated)",0,0.13499663299663303
high_debt_burden,app,"Logistic (app, calibrated)",0,0.5385173245214707
high_debt_burden,app,"Logistic (app, calibrated)",0,0.47033548891538696
high_debt_burden,app,"Logistic (app, calibrated)",1,0.28533133439880676
high_debt_burden,app,"Logistic (app, calibrated)",0,0.2738426794746422
high_debt_burden,app,"Logistic (app, calibrated)",1,0.5709422130731536
high_debt_burden,app,"Logistic (app, calibrated)",0,0.5180012385312249
high_debt_burden,app,"Logistic (app, calibrated)",1,0.19550888210283635
high_debt_burden,app,"Logistic (app, calibrated)",0,0.6329751102717102
high_debt_burden,app,"Logistic (app, calibrated)",0,0.18285187727191846
high_debt_burden,app,"Logistic (app, calibrated)",0,0.3124700326642074
high_debt_burden,app,"Logistic (app, calibrated)",0,0.455113905057919
high_debt_burden,app,"Logistic (app, calibrated)",0,0.5297833129846208
high_debt_burden,app,"Logistic (app, calibrated)",1,0.2670911725660131
high_debt_burden,app,"Logistic (app, calibrated)",1,0.5096182414920094
high_debt_burden,app,"Logistic (app, calibrated)",0,0.4871862868608231
high_debt_burden,app,"Logistic (app, calibrated)",0,0.3247710777724821
high_debt_burden,app,"Logistic (app, calibrated)",0,0.479845145246326
high_debt_burden,app,"Logistic (app, calibrated)",1,0.6469175251837319
high_debt_burden,app,"Logistic (app, calibrated)",0,0.26997232559152207
high_debt_burden,app,"Logistic (app, calibrated)",0,0.18883441336812928
high_debt_burden,app,"Logistic (app, calibrated)",0,0.40809739374641196
high_debt_burden,app,"Logistic (app, calibrated)",1,0.4555562697519953
high_debt_burden,app,"Logistic (app, calibrated)",1,0.4229612112487615
high_debt_burden,app,"Logistic (app, calibrated)",1,0.5807899656456852
high_debt_burden,app,"Logistic (app, calibrated)",0,0.18618511913702082
high_debt_burden,app,"Logistic (app, calibrated)",0,0.1826957913567461
high_debt_burden,app,"Logistic (app, calibrated)",1,0.5803170721840647
high_debt_burden,app,"Logistic (app, calibrated)",1,0.510101708223354
high_debt_burden,app,"Logistic (app, calibrated)",1,0.5462837506634335
high_debt_burden,app,"Logistic (app, calibrated)",0,0.2989489720621796
high_debt_burden,app,"Logistic (app, calibrated)",1,0.5962834419859959
high_debt_burden,app,"Logistic (app, calibrated)",1,0.43324110388963594
high_debt_burden,app,"Logistic (app, calibrated)",0,0.41653197038653095
high_debt_burden,app,"Logistic (app, calibrated)",1,0.11568538856841012
high_debt_burden,app,"Logistic (app, calibrated)",0,0.17542803258003709
high_debt_burden,app,"Logistic (app, calibrated)",0,0.3226690236050288
high_debt_burden,app,"Logistic (app, calibrated)",0,0.5334155774174272
high_debt_burden,app,"Logistic (app, calibrated)",1,0.39305754534587156
high_debt_burden,app,"Logistic (app, calibrated)",1,0.5195142005210653
high_debt_burden,app,"Logistic (app, calibrated)",1,0.5448337112477393
high_debt_burden,app,"Logistic (app, calibrated)",0,0.3125117845117845
high_debt_burden,app,"Logistic (app, calibrated)",0,0.2694417817288669
high_debt_burden,app,"Logistic (app, calibrated)",1,0.18883441336812928
high_debt_burden,app,"Logistic (app, calibrated)",1,0.4668591964317755
high_debt_burden,app,"Logistic (app, calibrated)",1,0.32056109906987096
high_debt_burden,app,"Logistic (app, calibrated)",0,0.2242972488423985
high_debt_burden,app,"Logistic (app, calibrated)",1,0.1597889270681745
high_debt_burden,app,"Logistic (app, calibrated)",0,0.27985389054779
high_debt_burden,app,"Logistic (app, calibrated)",1,0.46618705030347796
high_debt_burden,app,"Logistic (app, calibrated)",1,0.14761262705654324
high_debt_burden,app,"Logistic (app, calibrated)",1,0.2491506944896628
high_debt_burden,app,"Logistic (app, calibrated)",0,0.41445922050110173
high_debt_burden,app,"Logistic (app, calibrated)",1,0.3675402803620894
high_debt_burden,app,"Logistic (app, calibrated)",0,0.2989489720621796
high_debt_burden,app,"Logistic (app, calibrated)",0,0.43238851343039464
high_debt_burden,app,"Logistic (app, calibrated)",0,0.5949510955759292
high_debt_burden,app,"Logistic (app, calibrated)",1,0.3594314419131173
high_debt_burden,app,"Logistic (app, calibrated)",0,0.2533495856366708
high_debt_burden,app,"Logistic (app, calibrated)",0,0.3501057309009612
high_debt_burden,app,"Logistic (app, calibrated)",0,0.2989489720621796
high_debt_burden,app,"Logistic (app, calibrated)",1,0.5709422130731536
high_debt_burden,app,"Logistic (app, calibrated)",1,0.5057117561868283
high_debt_burden,app,"Logistic (app, calibrated)",1,0.6271338082969704
high_debt_burden,app,"Logistic (app, calibrated)",1,0.6142844740886246
high_debt_burden,app,"Logistic (app, calibrated)",1,0.4639340800899193
high_debt_burden,app,"Logistic (app, calibrated)",0,0.31954009899110924
high_debt_burden,app,"Logistic (app, calibrated)",1,0.1774571858089079
high_debt_burden,app,"Logistic (app, calibrated)",1,0.24330378859790622
high_debt_burden,app,"Logistic (app, calibrated)",0,0.48824449851254464
high_debt_burden,app,"Logistic (app, calibrated)",0,0.13798390162401697
high_debt_burden,app,"Logistic (app, calibrated)",0,0.1406636500754148
high_debt_burden,app,"Logistic (app, calibrated)",1,0.4878530655026105
high_debt_burden,app,"Logistic (app, calibrated)",0,0.3355155823655408
high_debt_burden,app,"Logistic (app, calibrated)",0,0.31069641258594743
high_debt_burden,app,"Logistic (app, calibrated)",0,0.6466063037663558
high_debt_burden,app,"Logistic (app, calibrated)",0,0.2909953007542566
high_debt_burden,app,"Logistic (app, calibrated)",1,0.5349163996477551
high_debt_burden,app,"Logistic (app, calibrated)",0,0.2569048700825264
high_debt_burden,app,"Logistic (app, calibrated)",0,0.6126128140054432
high_debt_burden,app,"Logistic (app, calibrated)",0,0.6315394700153115
high_debt_burden,app,"Logistic (app, calibrated)",1,0.5124838974907624
high_debt_burden,app,"Logistic (app, calibrated)",1,0.26093175227615806
high_debt_burden,app,"Logistic (app, calibrated)",0,0.45427708391943505
high_debt_burden,app,"Logistic (app, calibrated)",0,0.6076560379771777
high_debt_burden,app,"Logistic (app, calibrated)",1,0.4257769574104165
high_debt_burden,app,"Logistic (app, calibrated)",0,0.2989489720621796
high_debt_burden,app,"Logistic (app, calibrated)",0,0.33466411034108234
high_debt_burden,app,"Logistic (app, calibrated)",1,0.25407912437324204
high_debt_burden,app,"Logistic (app, calibrated)",1,0.4558767693024586
high_debt_burden,app,"Logistic (app, calibrated)",0,0.457810733202733
high_debt_burden,app,"Logistic (app, calibrated)",1,0.26997232559152207
high_debt_burden,app,"Logistic (app, calibrated)",0,0.5949510955759292
high_debt_burden,app,"Logistic (app, calibrated)",0,0.2999027973438137
high_debt_burden,app,"Logistic (app, calibrated)",0,0.6576909598510119
high_debt_burden,app,"Logistic (app, calibrated)",1,0.7211939702505741
high_debt_burden,app,"Logistic (app, calibrated)",0,0.3808736136954228
high_debt_burden,app,"Logistic (app, calibrated)",1,0.45004073862971106
high_debt_burden,app,"Logistic (app, calibrated)",0,0.510101708223354
high_debt_burden,app,"Logistic (app, calibrated)",1,0.5645720074945688
high_debt_burden,app,"Logistic (app, calibrated)",0,0.3842724986168996
high_debt_burden,app,"Logistic (app, calibrated)",1,0.5955217505466379
high_debt_burden,app,"Logistic (app, calibrated)",1,0.654905839755257
high_debt_burden,app,"Logistic (app, calibrated)",0,0.30541440172797946
high_debt_burden,app,"Logistic (app, calibrated)",0,0.24331736115632946
high_debt_burden,app,"Logistic (app, calibrated)",0,0.3977889190525623
high_debt_burden,app,"Logistic (app, calibrated)",1,0.31600288362509066
high_debt_burden,app,"Logistic (app, calibrated)",1,0.5967525975907605
high_debt_burden,app,"Logistic (app, calibrated)",0,0.4558767693024586
high_debt_burden,app,"Logistic (app, calibrated)",0,0.5340092472794984
high_debt_burden,app,"Logistic (app, calibrated)",0,0.3501057309009612
high_debt_burden,app,"Logistic (app, calibrated)",1,0.3975866210292439
high_debt_burden,app,"Logistic (app, calibrated)",0,0.12107101318794973
high_debt_burden,app,"Logistic (app, calibrated)",0,0.3776667065107173
high_debt_burden,app,"Logistic (app, calibrated)",0,0.25512536060020113
high_debt_burden,app,"Logistic (app, calibrated)",0,0.029637418018776812
high_debt_burden,app,"Logistic (app, calibrated)",0,0.23118466933656173
high_debt_burden,app,"Logistic (app, calibrated)",0,0.15563566477692709
high_debt_burden,app,"Logistic (app, calibrated)",1,0.49972749243647085
high_debt_burden,app,"Logistic (app, calibrated)",1,0.4944937227424102
high_debt_burden,app,"Logistic (app, calibrated)",0,0.19081548516842636
high_debt_burden,app,"Logistic (app, calibrated)",0,0.5056249573767755
high_debt_burden,app,"Logistic (app, calibrated)",0,0.5658654239543579
high_debt_burden,app,"Logistic (app, calibrated)",0,0.3879054769121219
high_debt_burden,app,"Logistic (app, calibrated)",0,0.20265793840367494
high_debt_burden,app,"Logistic (app, calibrated)",0,0.19397610197044846
high_debt_burden,app,"Logistic (app, calibrated)",1,0.4475728287234554
high_debt_burden,app,"Logistic (app, calibrated)",1,0.2905058567250734
high_debt_burden,app,"Logistic (app, calibrated)",1,0.45997970718462405
high_debt_burden,app,"Logistic (app, calibrated)",1,0.5983243789076292
high_debt_burden,app,"Logistic (app, calibrated)",1,0.3001270143685004
high_debt_burden,app,"Logistic (app, calibrated)",0,0.3847153259789692
high_debt_burden,app,"Logistic (app, calibrated)",1,0.7160128828140924
high_debt_burden,app,"Logistic (app, calibrated)",0,0.6314745179326289
high_debt_burden,app,"Logistic (app, calibrated)",0,0.15667783010640154
high_debt_burden,app,"Logistic (app, calibrated)",0,0.17708227661599252
high_debt_burden,app,"Logistic (app, calibrated)",0,0.27356642496865474
high_debt_burden,app,"Logistic (app, calibrated)",0,0.2808742987110552
high_debt_burden,app,"Logistic (app, calibrated)",0,0.32306425273893835
high_debt_burden,app,"Logistic (app, calibrated)",0,0.5387433125160777
high_debt_burden,app,"Logistic (app, calibrated)",0,0.3313495980292941
high_debt_burden,app,"Logistic (app, calibrated)",0,0.2569048700825264
high_debt_burden,app,"Logistic (app, calibrated)",0,0.05144724556489262
high_debt_burden,app,"Logistic (app, calibrated)",1,0.5709422130731536
high_debt_burden,app,"Logistic (app, calibrated)",1,0.6142844740886246
high_debt_burden,app,"Logistic (app, calibrated)",1,0.4347160237243223
high_debt_burden,app,"Logistic (app, calibrated)",0,0.3377461010851865
high_debt_burden,app,"Logistic (app, calibrated)",0,0.23768640755217935
high_debt_burden,app,"Logistic (app, calibrated)",1,0.5173144829619687
high_debt_burden,app,"Logistic (app, calibrated)",0,0.44794165570606487
high_debt_burden,app,"Logistic (app, calibrated)",1,0.5304664770638435
high_debt_burden,app,"Logistic (app, calibrated)",1,0.5288753076988371
high_debt_burden,app,"Logistic (app, calibrated)",0,0.5295314140050983
high_debt_burden,app,"Logistic (app, calibrated)",1,0.6649699110413396
high_debt_burden,app,"Logistic (app, calibrated)",1,0.4944937227424102
high_debt_burden,app,"Logistic (app, calibrated)",1,0.3571199168991005
high_debt_burden,app,"Logistic (app, calibrated)",1,0.6389372721718678
high_debt_burden,app,"Logistic (app, calibrated)",0,0.4975809104305526
high_debt_burden,app,"Logistic (app, calibrated)",0,0.5604081834761382
high_debt_burden,app,"Logistic (app, calibrated)",0,0.3603043551633248
high_debt_burden,app,"Logistic (app, calibrated)",0,0.4280068403246263
high_debt_burden,app,"Logistic (app, calibrated)",1,0.467584252468687
high_debt_burden,app,"Logistic (app, calibrated)",1,0.1721880341880342
high_debt_burden,app,"Logistic (app, calibrated)",1,0.5246829291566135
high_debt_burden,app,"Logistic (app, calibrated)",1,0.34659887705335296
high_debt_burden,app,"Logistic (app, calibrated)",1,0.4472283389952583
high_debt_burden,app,"Logistic (app, calibrated)",1,0.6329751102717102
high_debt_burden,app,"Logistic (app, calibrated)",0,0.3314665117606294
high_debt_burden,app,"Logistic (app, calibrated)",0,0.3612069019227625
high_debt_burden,app,"Logistic (app, calibrated)",1,0.4057996346291105
high_debt_burden,app,"Logistic (app, calibrated)",1,0.25419609447667046
high_debt_burden,app,"Logistic (app, calibrated)",0,0.2533495856366708
high_debt_burden,app,"Logistic (app, calibrated)",1,0.5219346171070309
high_debt_burden,app,"Logistic (app, calibrated)",0,0.25243309403691805
high_debt_burden,app,"Logistic (app, calibrated)",0,0.26093175227615806
high_debt_burden,app,"Logistic (app, calibrated)",0,0.33733038610617916
high_debt_burden,app,"Logistic (app, calibrated)",0,0.30541440172797946
high_debt_burden,app,"Logistic (app, calibrated)",0,0.23749372978081493
high_debt_burden,app,"Logistic (app, calibrated)",0,0.1515349729635444
high_debt_burden,app,"Logistic (app, calibrated)",0,0.46945703725761334
high_debt_burden,app,"Logistic (app, calibrated)",0,0.40900654181381607
high_debt_burden,app,"Logistic (app, calibrated)",1,0.27282946844866496
high_debt_burden,app,"Logistic (app, calibrated)",0,0.34119742884958926
high_debt_burden,app,"Logistic (app, calibrated)",0,0.1348855473055885
high_debt_burden,app,"Logistic (app, calibrated)",1,0.5949510955759292
high_debt_burden,app,"Logistic (app, calibrated)",1,0.29098572683440815
high_debt_burden,app,"Logistic (app, calibrated)",0,0.13024915824915825
high_debt_burden,app,"Logistic (app, calibrated)",0,0.6025904949685861
high_debt_burden,app,"Logistic (app, calibrated)",0,0.3304705291273293
high_debt_burden,app,"Logistic (app, calibrated)",0,0.6799025347844055
high_debt_burden,app,"Logistic (app, calibrated)",1,0.45004073862971106
high_debt_burden,app,"Logistic (app, calibrated)",0,0.47897530060845595
high_debt_burden,app,"Logistic (app, calibrated)",1,0.1706957913567461
high_debt_burden,app,"Logistic (app, calibrated)",1,0.5278603966510386
high_debt_burden,app,"Logistic (app, calibrated)",1,0.6518098645230588
high_debt_burden,app,"Logistic (app, calibrated)",1,0.5750262136704583
high_debt_burden,app,"Logistic (app, calibrated)",0,0.5408598968717768
high_debt_burden,app,"Logistic (app, calibrated)",0,0.46601289495690884
high_debt_burden,app,"Logistic (app, calibrated)",1,0.5936292072556328
high_debt_burden,app,"Logistic (app, calibrated)",0,0.47033548891538696
high_debt_burden,app,"Logistic (app, calibrated)",0,0.2624404947275799
high_debt_burden,app,"Logistic (app, calibrated)",0,0.48861638132535967
high_debt_burden,app,"Logistic (app, calibrated)",1,0.6050589823635442
high_debt_burden,app,"Logistic (app, calibrated)",0,0.19917967753410973
high_debt_burden,app,"Logistic (app, calibrated)",1,0.4205937870063372
high_debt_burden,app,"Logistic (app, calibrated)",0,0.22652810916673477
high_debt_burden,app,"Logistic (app, calibrated)",1,0.45852867468451397
high_debt_burden,app,"Logistic (app, calibrated)",0,0.4639340800899193
high_debt_burden,app,"Logistic (app, calibrated)",0,0.4532282402743327
high_debt_burden,app,"Logistic (app, calibrated)",0,0.4530946777070516
high_debt_burden,app,"Logistic (app, calibrated)",0,0.3501057309009612
high_debt_burden,app,"Logistic (app, calibrated)",1,0.5521864259861917
high_debt_burden,app,"Logistic (app, calibrated)",0,0.4021644798902323
high_debt_burden,app,"Logistic (app, calibrated)",0,0.591047605645475
high_debt_burden,app,"Logistic (app, calibrated)",0,0.3001270143685004
high_debt_burden,app,"Logistic (app, calibrated)",1,0.5676274301021645
high_debt_burden,app,"Logistic (app, calibrated)",0,0.24330378859790622
high_debt_burden,app,"Logistic (app, calibrated)",0,0.22569831353728181
high_debt_burden,app,"Logistic (app, calibrated)",1,0.2847016145673864
high_debt_burden,app,"Logistic (app, calibrated)",0,0.6282311195399768
high_debt_burden,app,"Logistic (app, calibrated)",0,0.5695136416445822
high_debt_burden,app,"Logistic (app, calibrated)",1,0.2738426794746422
high_debt_burden,app,"Logistic (app, calibrated)",1,0.6091721083757025
high_debt_burden,app,"Logistic (app, calibrated)",1,0.493449225701814
high_debt_burden,app,"Logistic (app, calibrated)",0,0.43238851343039464
high_debt_burden,app,"Logistic (app, calibrated)",1,0.38228305696533116
high_debt_burden,app,"Logistic (app, calibrated)",1,0.6156168204986912
high_debt_burden,app,"Logistic (app, calibrated)",0,0.41315233880135704
high_debt_burden,app,"Logistic (app, calibrated)",0,0.5295716438486108
high_debt_burden,app,"Logistic (app, calibrated)",0,0.3408416983233737
high_debt_burden,app,"Logistic (app, calibrated)",1,0.5551149503934314
high_debt_burden,app,"Logistic (app, calibrated)",1,0.6329751102717102
high_debt_burden,app,"Logistic (app, calibrated)",0,0.2670911725660131
high_debt_burden,app,"Logistic (app, calibrated)",0,0.5889651874140645
high_debt_burden,app,"Logistic (app, calibrated)",0,0.4347160237243223
high_debt_burden,app,"Logistic (app, calibrated)",1,0.5533032185206098
high_debt_burden,app,"Logistic (app, calibrated)",0,0.5651925005492108
high_debt_burden,app,"Logistic (app, calibrated)",0,0.35150238513185167
high_debt_burden,app,"Logistic (app, calibrated)",0,0.5408598968717768
high_debt_burden,app,"Logistic (app, calibrated)",1,0.2533495856366708
high_debt_burden,app,"Logistic (app, calibrated)",0,0.17373027411536676
high_debt_burden,app,"Logistic (app, calibrated)",1,0.6351039821701177
high_debt_burden,app,"Logistic (app, calibrated)",1,0.25318910880830525
high_debt_burden,app,"Logistic (app, calibrated)",1,0.5935225241473578
high_debt_burden,app,"Logistic (app, calibrated)",0,0.17530528108679372
high_debt_burden,app,"Logistic (app, calibrated)",1,0.9428571428571428
high_debt_burden,app,"Logistic (app, calibrated)",0,0.45004073862971106
high_debt_burden,app,"Logistic (app, calibrated)",0,0.5782038966963775
high_debt_burden,app,"Logistic (app, calibrated)",0,0.2905636048050909
high_debt_burden,app,"Logistic (app, calibrated)",0,0.4834502430137476
high_debt_burden,app,"Logistic (app, calibrated)",1,0.6424653959412374
high_debt_burden,app,"Logistic (app, calibrated)",1,0.5709422130731536
high_debt_burden,app,"Logistic (app, calibrated)",1,0.2646504971166458
high_debt_burden,app,"Logistic (app, calibrated)",1,0.4930241438719998
high_debt_burden,app,"Logistic (app, calibrated)",0,0.4442917068553272
high_debt_burden,app,"Logistic (app, calibrated)",1,0.4883428527913896
high_debt_burden,app,"Logistic (app, calibrated)",1,0.4686962119081833
high_debt_burden,app,"Logistic (app, calibrated)",0,0.33733038610617916
high_debt_burden,app,"Logistic (app, calibrated)",0,0.2930759988038396
high_debt_burden,app,"Logistic (app, calibrated)",0,0.15016745159602304
high_debt_burden,app,"Logistic (app, calibrated)",1,0.4125055633445255
high_debt_burden,app,"Logistic (app, calibrated)",0,0.3150558533326895
high_debt_burden,app,"Logistic (app, calibrated)",0,0.2883313000664004
high_debt_burden,app,"Logistic (app, calibrated)",1,0.41417315026697177
high_debt_burden,app,"Logistic (app, calibrated)",0,0.26997232559152207
high_debt_burden,app,"Logistic (app, calibrated)",0,0.25243309403691805
high_debt_burden,app,"Logistic (app, calibrated)",0,0.2360680104209516
high_debt_burden,app,"Logistic (app, calibrated)",1,0.45891843413040545
high_debt_burden,app,"Logistic (app, calibrated)",1,0.45242465724446407
high_debt_burden,app,"Logistic (app, calibrated)",1,0.6198005583152071
high_debt_burden,app,"Logistic (app, calibrated)",0,0.3120561184846899
high_debt_burden,app,"Logistic (app, calibrated)",1,0.40664312103960726
high_debt_burden,app,"Logistic (app, calibrated)",0,0.36980166749077553
high_debt_burden,app,"Logistic (app, calibrated)",0,0.30688543697619136
high_debt_burden,app,"Logistic (app, calibrated)",0,0.698697705802969
high_debt_burden,app,"Logistic (app, calibrated)",0,0.2930759988038396
high_debt_burden,app,"Logistic (app, calibrated)",0,0.4368805623123871
high_debt_burden,app,"Logistic (app, calibrated)",0,0.5939830329964555
high_debt_burden,app,"Logistic (app, calibrated)",1,0.4517913956623552
high_debt_burden,app,"Logistic (app, calibrated)",1,0.5568084859538739
high_debt_burden,app,"Logistic (app, calibrated)",0,0.33733038610617916
high_debt_burden,app,"Logistic (app, calibrated)",0,0.43794747637316567
high_debt_burden,app,"Logistic (app, calibrated)",1,0.2738426794746422
high_debt_burden,app,"Logistic (app, calibrated)",0,0.3801868990578993
high_debt_burden,app,"Logistic (app, calibrated)",1,0.6043686016679726
high_debt_burden,app,"Logistic (app, calibrated)",1,0.36433337317738396
high_debt_burden,app,"Logistic (app, calibrated)",0,0.17393775971927233
high_debt_burden,app,"Logistic (app, calibrated)",1,0.5684590309337654
high_debt_burden,app,"Logistic (app, calibrated)",0,0.35391670651071727
high_debt_burden,app,"Logistic (app, calibrated)",0,0.5474047303272916
high_debt_burden,app,"Logistic (app, calibrated)",0,0.6518098645230588
high_debt_burden,app,"Logistic (app, calibrated)",0,0.4703052620721814
high_debt_burden,app,"Logistic (app, calibrated)",1,0.5836310186588431
high_debt_burden,app,"Logistic (app, calibrated)",1,0.4196075278391228
high_debt_burden,app,"Logistic (app, calibrated)",1,0.4088915209728965
high_debt_burden,app,"Logistic (app, calibrated)",0,0.5335024650973892
high_debt_burden,app,"Logistic (app, calibrated)",1,0.3038754309227071
high_debt_burden,app,"Logistic (app, calibrated)",0,0.26997232559152207
high_debt_burden,app,"Logistic (app, calibrated)",0,0.4049904971550369
high_debt_burden,app,"Logistic (app, calibrated)",1,0.566463741491566
high_debt_burden,app,"Logistic (app, calibrated)",1,0.27197386121534733
high_debt_burden,app,"Logistic (app, calibrated)",1,0.5977522160241084
high_debt_burden,app,"Logistic (app, calibrated)",1,0.416526598682064
high_debt_burden,app,"Logistic (app, calibrated)",0,0.6562633058186054
high_debt_burden,app,"Logistic (app, calibrated)",0,0.6287881926964334
high_debt_burden,app,"Logistic (app, calibrated)",0,0.5408598968717768
high_debt_burden,app,"Logistic (app, calibrated)",0,0.2297209576353349
high_debt_burden,app,"Logistic (app, calibrated)",0,0.0832186065915728
high_debt_burden,app,"Logistic (app, calibrated)",0,0.5329133131364587
high_debt_burden,app,"Logistic (app, calibrated)",1,0.5949510955759292
high_debt_burden,app,"Logistic (app, calibrated)",1,0.18614704243526203
high_debt_burden,app,"Logistic (app, calibrated)",0,0.256584638871724
high_debt_burden,app,"Logistic (app, calibrated)",0,0.4406720799248765
high_debt_burden,app,"Logistic (app, calibrated)",1,0.585324026162189
high_debt_burden,app,"Logistic (app, calibrated)",0,0.5990845624341752
high_debt_burden,app,"Logistic (app, calibrated)",1,0.4465838400095293
high_debt_burden,app,"Logistic (app, calibrated)",0,0.376460519183628
high_debt_burden,app,"Logistic (app, calibrated)",1,0.6571921433202345
high_debt_burden,app,"Logistic (app, calibrated)",0,0.5793747276174948
high_debt_burden,app,"Logistic (app, calibrated)",0,0.46601289495690884
high_debt_burden,app,"Logistic (app, calibrated)",0,0.20859202985472475
high_debt_burden,app,"Logistic (app, calibrated)",1,0.6309173669467787
high_debt_burden,app,"Logistic (app, calibrated)",0,0.1113939393939394
high_debt_burden,app,"Logistic (app, calibrated)",0,0.26533701583674046
high_debt_burden,app,"Logistic (app, calibrated)",0,0.2930759988038396
high_debt_burden,app,"Logistic (app, calibrated)",0,0.1378674463937622
high_debt_burden,app,"Logistic (app, calibrated)",0,0.3354791337559699
high_debt_burden,app,"Logistic (app, calibrated)",1,0.5949510955759292
high_debt_burden,app,"Logistic (app, calibrated)",1,0.47227583049087307
high_debt_burden,app,"Logistic (app, calibrated)",1,0.39850192758031977
high_debt_burden,app,"Logistic (app, calibrated)",0,0.17328665988061412
high_debt_burden,app,"Logistic (app, calibrated)",1,0.4639340800899193
high_debt_burden,app,"Logistic (app, calibrated)",0,0.6492633058186053
high_debt_burden,app,"Logistic (app, calibrated)",0,0.5920743789076293
high_debt_burden,app,"Logistic (app, calibrated)",1,0.28912198052421034
high_debt_burden,app,"Logistic (app, calibrated)",0,0.2776600069227019
high_debt_burden,app,"Logistic (app, calibrated)",0,0.13664211042507188
high_debt_burden,app,"Logistic (app, calibrated)",0,0.4861270802884855
high_debt_burden,app,"Logistic (app, calibrated)",1,0.5304664770638435
high_debt_burden,app,"Logistic (app, calibrated)",0,0.1826957913567461
high_debt_burden,app,"Logistic (app, calibrated)",0,0.4850155690648318
high_debt_burden,app,"Logistic (app, calibrated)",1,0.4280068403246263
high_debt_burden,app,"Logistic (app, calibrated)",1,0.3001270143685004
high_debt_burden,app,"Logistic (app, calibrated)",1,0.6052278576059488
high_debt_burden,app,"Logistic (app, calibrated)",1,0.6114778576059487
high_debt_burden,app,"Logistic (app, calibrated)",0,0.5195142005210653
high_debt_burden,app,"Logistic (app, calibrated)",1,0.24427313862607977
high_debt_burden,app,"Logistic (app, calibrated)",0,0.5083447248159068
high_debt_burden,app,"Logistic (app, calibrated)",1,0.4347449923959882
high_debt_burden,app,"Logistic (app, calibrated)",0,0.5063178147955796
high_debt_burden,app,"Logistic (app, calibrated)",0,0.4883428527913896
high_debt_burden,app,"Logistic (app, calibrated)",1,0.5568580946536587
high_debt_burden,app,"Logistic (app, calibrated)",0,0.3807914105774338
high_debt_burden,app,"Logistic (app, calibrated)",1,0.36881815551658137
high_debt_burden,app,"Logistic (app, calibrated)",1,0.2738426794746422
high_debt_burden,app,"Logistic (app, calibrated)",0,0.30124296795084504
high_debt_burden,app,"Logistic (app, calibrated)",1,0.4280068403246263
high_debt_burden,app,"Logistic (app, calibrated)",0,0.6466063037663558
high_debt_burden,app,"Logistic (app, calibrated)",1,0.44231229769390235
high_debt_burden,app,"Logistic (app, calibrated)",0,0.29524432571916626
high_debt_burden,app,"Logistic (app, calibrated)",0,0.3206610808422715
high_debt_burden,app,"Logistic (app, calibrated)",0,0.2843480953237051
high_debt_burden,app,"Logistic (app, calibrated)",0,0.2379024311651261
high_debt_burden,app,"Logistic (app, calibrated)",1,0.25848974983415557
high_debt_burden,app,"Logistic (app, calibrated)",1,0.36881815551658137
high_debt_burden,app,"Logistic (app, calibrated)",0,0.4313401449674389
high_debt_burden,app,"Logistic (app, calibrated)",0,0.6457635718916631
high_debt_burden,app,"Logistic (app, calibrated)",1,0.5962834419859959
high_debt_burden,app,"Logistic (app, calibrated)",0,0.4641438328184968
high_debt_burden,app,"Logistic (app, calibrated)",0,0.14196452686811303
high_debt_burden,app,"Logistic (app, calibrated)",1,0.5400282960401761
high_debt_burden,app,"Logistic (app, calibrated)",0,0.6076560379771777
high_debt_burden,app,"Logistic (app, calibrated)",0,0.1522986857825568
high_debt_burden,app,"Logistic (app, calibrated)",0,0.4730431979872119
high_debt_burden,app,"Logistic (app, calibrated)",1,0.5556235856221731
high_debt_burden,app,"Logistic (app, calibrated)",0,0.2898818861083012
high_debt_burden,app,"Logistic (app, calibrated)",1,0.549956474015965
high_debt_burden,app,"Logistic (app, calibrated)",0,0.1378674463937622
high_debt_burden,app,"Logistic (app, calibrated)",0,0.35707116491321844
high_debt_burden,app,"Logistic (app, calibrated)",0,0.2835521892800301
high_debt_burden,app,"Logistic (app, calibrated)",0,0.2533495856366708
high_debt_burden,app,"Logistic (app, calibrated)",0,0.14498596936323974
high_debt_burden,app,"Logistic (app, calibrated)",0,0.4047557839633525
high_debt_burden,app,"Logistic (app, calibrated)",0,0.40044187946063925
high_debt_burden,app,"Logistic (app, calibrated)",1,0.585324026162189
high_debt_burden,app,"Logistic (app, calibrated)",0,0.13499663299663303
high_debt_burden,app,"Logistic (app, calibrated)",1,0.6351039821701177
high_debt_burden,app,"Logistic (app, calibrated)",0,0.6187761052342162
high_debt_burden,app,"Logistic (app, calibrated)",0,0.38834874070421954
high_debt_burden,app,"Logistic (app, calibrated)",0,0.4242449740741033
high_debt_burden,app,"Logistic (app, calibrated)",0,0.25243309403691805
high_debt_burden,app,"Logistic (app, calibrated)",0,0.154927489831076
high_debt_burden,app,"Logistic (app, calibrated)",0,0.5902096068562421
high_debt_burden,app,"Logistic (app, calibrated)",1,0.5066800713784972
high_debt_burden,app,"Logistic (app, calibrated)",1,0.3560568842921784
high_debt_burden,app,"Logistic (app, calibrated)",0,0.21096053284860475
high_debt_burden,app,"Logistic (app, calibrated)",1,0.5709422130731536
high_debt_burden,app,"Logistic (app, calibrated)",1,0.527723890473125
high_debt_burden,app,"Logistic (app, calibrated)",1,0.5920532105020875
high_debt_burden,app,"Logistic (app, calibrated)",0,0.3317561130158687
high_debt_burden,app,"Logistic (app, calibrated)",1,0.2843480953237051
high_debt_burden,app,"Logistic (app, calibrated)",1,0.5774182058783645
high_debt_burden,app,"Logistic (app, calibrated)",1,0.6329751102717102
high_debt_burden,app,"Logistic (app, calibrated)",0,0.19636054577231046
high_debt_burden,app,"Logistic (app, calibrated)",0,0.20540497729304916
high_debt_burden,app,"Logistic (app, calibrated)",0,0.5977522160241084
high_debt_burden,app,"Logistic (app, calibrated)",0,0.5172909420942248
high_debt_burden,app,"Logistic (app, calibrated)",0,0.6030683870644447
high_debt_burden,app,"Logistic (app, calibrated)",1,0.41315233880135704
high_debt_burden,app,"Logistic (app, calibrated)",0,0.26251877263198015
high_debt_burden,app,"Logistic (app, calibrated)",0,0.24982315968893148
high_debt_burden,app,"Logistic (app, calibrated)",0,0.47033548891538696
high_debt_burden,app,"Logistic (app, calibrated)",0,0.41891101676896325
high_debt_burden,app,"Logistic (app, calibrated)",1,0.5253395879486431
high_debt_burden,app,"Logistic (app, calibrated)",1,0.6381999574023157
high_debt_burden,app,"Logistic (app, calibrated)",0,0.35150238513185167
high_debt_burden,app,"Logistic (app, calibrated)",0,0.25243309403691805
high_debt_burden,app,"Logistic (app, calibrated)",0,0.2766822487567452
high_debt_burden,app,"Logistic (app, calibrated)",1,0.512157585280451
high_debt_burden,app,"Logistic (app, calibrated)",0,0.45004073862971106
high_debt_burden,app,"Logistic (app, calibrated)",0,0.3594314419131173
high_debt_burden,app,"Logistic (app, calibrated)",0,0.43238851343039464
high_debt_burden,app,"Logistic (app, calibrated)",1,0.6381999574023157
high_debt_burden,app,"Logistic (app, calibrated)",1,0.5974673587318948
high_debt_burden,app,"Logistic (app, calibrated)",1,0.42388299057779744
high_debt_burden,app,"Logistic (app, calibrated)",0,0.4202116956436074
high_debt_burden,app,"Logistic (app, calibrated)",0,0.16567765567765572
high_debt_burden,app,"Logistic (app, calibrated)",1,0.6367446400475635
high_debt_burden,app,"Logistic (app, calibrated)",1,0.39855360479828533
high_debt_burden,app,"Logistic (app, calibrated)",0,0.5751159615456551
high_debt_burden,app,"Logistic (app, calibrated)",1,0.42521317508993733
high_debt_burden,app,"Logistic (app, calibrated)",0,0.4537444423334148
high_debt_burden,app,"Logistic (app, calibrated)",1,0.4752169780640559
high_debt_burden,app,"Logistic (app, calibrated)",0,0.5538074540191256
high_debt_burden,app,"Logistic (app, calibrated)",1,0.5409199479504884
high_debt_burden,app,"Logistic (app, calibrated)",0,0.3573785962495965
high_debt_burden,app,"Logistic (app, calibrated)",1,0.34970319049081544
high_debt_burden,app,"Logistic (app, calibrated)",0,0.3408416983233737
high_debt_burden,app,"Logistic (app, calibrated)",1,0.4465838400095293
high_debt_burden,app,"Logistic (app, calibrated)",0,0.28256575210753104
high_debt_burden,app,"Logistic (app, calibrated)",0,0.37412725370113054
high_debt_burden,app,"Logistic (app, calibrated)",0,0.24679562202589467
high_debt_burden,app,"Logistic (app, calibrated)",1,0.43132235856595125
high_debt_burden,app,"Logistic (app, calibrated)",1,0.43238851343039464
high_debt_burden,app,"Logistic (app, calibrated)",1,0.4047557839633525
high_debt_burden,app,"Logistic (app, calibrated)",1,0.4237317900986558
high_debt_burden,app,"Logistic (app, calibrated)",0,0.14241134119430265
high_debt_burden,app,"Logistic (app, calibrated)",1,0.42897163787377635
high_debt_burden,app,"Logistic (app, calibrated)",1,0.154927489831076
high_debt_burden,app,"Logistic (app, calibrated)",1,0.5939449444990847
high_debt_burden,app,"Logistic (app, calibrated)",0,0.3138867239774784
high_debt_burden,app,"Logistic (app, calibrated)",0,0.26216537404569573
high_debt_burden,app,"Logistic (app, calibrated)",0,0.35620958207486947
high_debt_burden,app,"Logistic (app, calibrated)",0,0.3753597466983294
high_debt_burden,app,"Logistic (app, calibrated)",0,0.6520451864956509
high_debt_burden,app,"Logistic (app, calibrated)",1,0.6052278576059488
high_debt_burden,app,"Logistic (app, calibrated)",1,0.6076560379771777
high_debt_burden,app,"Logistic (app, calibrated)",0,0.4739894449908901
high_debt_burden,app,"Logistic (app, calibrated)",1,0.5256890331890332
high_debt_burden,app,"Logistic (app, calibrated)",1,0.3447785547785548
high_debt_burden,app,"Logistic (app, calibrated)",1,0.38721234557893147
high_debt_burden,app,"Logistic (app, calibrated)",1,0.41445922050110173
high_debt_burden,app,"Logistic (app, calibrated)",0,0.4224587238764867
high_debt_burden,app,"Logistic (app, calibrated)",0,0.5528910297244547
high_debt_burden,app,"Logistic (app, calibrated)",1,0.6155327068415641
high_debt_burden,app,"Logistic (app, calibrated)",0,0.5573749347491888
high_debt_burden,app,"Logistic (app, calibrated)",0,0.2989489720621796
high_debt_burden,app,"Logistic (app, calibrated)",1,0.5954303326480241
high_debt_burden,app,"Logistic (app, calibrated)",1,0.5375609216018422
high_debt_burden,app,"Logistic (app, calibrated)",0,0.428498375193182
high_debt_burden,app,"Logistic (app, calibrated)",1,0.6329751102717102
high_debt_burden,app,"Logistic (app, calibrated)",1,0.5491357853516585
high_debt_burden,app,"Logistic (app, calibrated)",1,0.6703893725494247
high_debt_burden,app,"Logistic (app, calibrated)",1,0.4883428527913896
high_debt_burden,app,"Logistic (app, calibrated)",0,0.40046487514714935
high_debt_burden,app,"Logistic (app, calibrated)",0,0.36981767139172983
high_debt_burden,app,"Logistic (app, calibrated)",0,0.5233919881325008
high_debt_burden,app,"Logistic (app, calibrated)",0,0.4554812562577342
high_debt_burden,app,"Logistic (app, calibrated)",0,0.46133281543773136
high_debt_burden,app,"Logistic (app, calibrated)",0,0.28256575210753104
high_debt_burden,app,"Logistic (app, calibrated)",1,0.5735779422679858
high_debt_burden,app,"Logistic (app, calibrated)",1,0.5259475915131894
high_debt_burden,app,"Logistic (app, calibrated)",1,0.515763161959855
high_debt_burden,app,"Logistic (app, calibrated)",1,0.5512859193057599
high_debt_burden,app,"Logistic (app, calibrated)",1,0.4347449923959882
high_debt_burden,app,"Logistic (app, calibrated)",0,0.5096182414920094
high_debt_burden,app,"Logistic (app, calibrated)",0,0.574844598126678
high_debt_burden,app,"Logistic (app, calibrated)",0,0.3501057309009612
high_debt_burden,app,"Logistic (app, calibrated)",1,0.2500780215731499
high_debt_burden,app,"Logistic (app, calibrated)",1,0.6096125597163082
high_debt_burden,app,"Logistic (app, calibrated)",0,0.4558767693024586
high_debt_burden,app,"Logistic (app, calibrated)",0,0.41872988781183273
high_debt_burden,app,"Logistic (app, calibrated)",0,0.12601606813300467
high_debt_burden,app,"Logistic (app, calibrated)",0,0.1963710407239819
high_debt_burden,app,"Logistic (app, calibrated)",0,0.45705527486314806
high_debt_burden,app,"Logistic (app, calibrated)",1,0.4861270802884855
high_debt_burden,app,"Logistic (app, calibrated)",0,0.3807914105774338
high_debt_burden,app,"Logistic (app, calibrated)",0,0.41479005362336113
high_debt_burden,app,"Logistic (app, calibrated)",0,0.15256836463925355
high_debt_burden,app,"Logistic (app, calibrated)",0,0.3249722213135736
high_debt_burden,app,"Logistic (app, calibrated)",0,0.11887321099014751
high_debt_burden,app,"Logistic (app, calibrated)",1,0.5541950141936016
high_debt_burden,app,"Logistic (app, calibrated)",0,0.45852867468451397
high_debt_burden,app,"Logistic (app, calibrated)",1,0.4623951551311893
high_debt_burden,app,"Logistic (app, calibrated)",1,0.4665591698457855
high_debt_burden,app,"Logistic (app, calibrated)",0,0.17073346839125242
high_debt_burden,app,"Logistic (app, calibrated)",0,0.49782100646896793
high_debt_burden,app,"Logistic (app, calibrated)",0,0.2865716135716136
high_debt_burden,app,"Logistic (app, calibrated)",0,0.09447497523468089
high_debt_burden,app,"Logistic (app, calibrated)",0,0.09316012705940906
high_debt_burden,app,"Logistic (app, calibrated)",0,0.2776600069227019
high_debt_burden,app,"Logistic (app, calibrated)",0,0.1378566853238573
high_debt_burden,app,"Logistic (app, calibrated)",0,0.37365749943173154
high_debt_burden,app,"Logistic (app, calibrated)",0,0.35268590720979354
high_debt_burden,app,"Logistic (app, calibrated)",1,0.43140652639925214
high_debt_burden,app,"Logistic (app, calibrated)",1,0.30541440172797946
high_debt_burden,app,"Logistic (app, calibrated)",0,0.5023584315993556
high_debt_burden,app,"Logistic (app, calibrated)",0,0.5736388060416766
high_debt_burden,app,"Logistic (app, calibrated)",1,0.3150873103504682
high_debt_burden,app,"Logistic (app, calibrated)",0,0.42309558413746534
high_debt_burden,app,"Logistic (app, calibrated)",1,0.33467112597547377
high_debt_burden,app,"Logistic (app, calibrated)",1,0.4751729407462174
high_debt_burden,app,"Logistic (app, calibrated)",1,0.4686962119081833
high_debt_burden,app,"Logistic (app, calibrated)",0,0.12107101318794973
high_debt_burden,app,"Logistic (app, calibrated)",0,0.5004315512794071
high_debt_burden,app,"Logistic (app, calibrated)",0,0.6096125597163082
high_debt_burden,app,"Logistic (app, calibrated)",0,0.44716195756344507
high_debt_burden,app,"Logistic (app, calibrated)",1,0.5006912957096138
high_debt_burden,app,"Logistic (app, calibrated)",0,0.18618511913702082
high_debt_burden,app,"Logistic (app, calibrated)",1,0.39941416905652016
high_debt_burden,app,"Logistic (app, calibrated)",0,0.4047557839633525
high_debt_burden,app,"Logistic (app, calibrated)",0,0.5226478371759452
high_debt_burden,app,"Logistic (app, calibrated)",1,0.40016304261232943
high_debt_burden,app,"Logistic (app, calibrated)",0,0.3822224917963686
high_debt_burden,app,"Logistic (app, calibrated)",1,0.5008716471035013
high_debt_burden,app,"Logistic (app, calibrated)",0,0.23743553178847296
high_debt_burden,app,"Logistic (app, calibrated)",0,0.3447785547785548
high_debt_burden,app,"Logistic (app, calibrated)",0,0.5139342364939612
high_debt_burden,app,"Logistic (app, calibrated)",1,0.5826173730873354
high_debt_burden,app,"Logistic (app, calibrated)",0,0.41092182008171135
high_debt_burden,app,"Logistic (app, calibrated)",1,0.510101708223354
high_debt_burden,app,"Logistic (app, calibrated)",1,0.6879760207055308
high_debt_burden,app,"Logistic (app, calibrated)",1,0.5777773896443822
high_debt_burden,app,"Logistic (app, calibrated)",1,0.16704517704517707
high_debt_burden,app,"Logistic (app, calibrated)",1,0.19084955139583548
high_debt_burden,app,"Logistic (app, calibrated)",0,0.5400282960401761
high_debt_burden,app,"Logistic (app, calibrated)",0,0.2453162409354374
high_debt_burden,app,"Logistic (app, calibrated)",1,0.4508138589670068
high_debt_burden,app,"Logistic (app, calibrated)",1,0.5659801546213408
high_debt_burden,app,"Logistic (app, calibrated)",1,0.3847153259789692
high_debt_burden,app,"Logistic (app, calibrated)",1,0.5124838974907624
high_debt_burden,app,"Logistic (app, calibrated)",0,0.591047605645475
high_debt_burden,app,"Logistic (app, calibrated)",0,0.2989489720621796
high_debt_burden,app,"Logistic (app, calibrated)",0,0.30363832658569506
high_debt_burden,app,"Logistic (app, calibrated)",0,0.5688128566745879
high_debt_burden,app,"Logistic (app, calibrated)",0,0.11262211657790049
high_debt_burden,app,"Logistic (app, calibrated)",1,0.4986379183204779
high_debt_burden,app,"Logistic (app, calibrated)",1,0.36815682386992943
high_debt_burden,app,"Logistic (app, calibrated)",1,0.43238851343039464
high_debt_burden,app,"Logistic (app, calibrated)",0,0.6030683870644447
high_debt_burden,app,"Logistic (app, calibrated)",0,0.4475728287234554
high_debt_burden,app,"Logistic (app, calibrated)",1,0.6248381236260826
high_debt_burden,app,"Logistic (app, calibrated)",1,0.3256292361484669
high_debt_burden,app,"Logistic (app, calibrated)",0,0.3808736136954228
high_debt_burden,app,"Logistic (app, calibrated)",0,0.44231229769390235
high_debt_burden,app,"Logistic (app, calibrated)",1,0.6137615327856147
high_debt_burden,app,"Logistic (app, calibrated)",0,0.3442735042735043
high_debt_burden,app,"Logistic (app, calibrated)",0,0.31806536677680053
high_debt_burden,app,"Logistic (app, calibrated)",0,0.3683690503289866
high_debt_burden,app,"Logistic (app, calibrated)",0,0.14778649921507064
high_debt_burden,app,"Logistic (app, calibrated)",1,0.41479005362336113
high_debt_burden,app,"Logistic (app, calibrated)",0,0.567097773781945
high_debt_burden,app,"Logistic (app, calibrated)",1,0.455113905057919
high_debt_burden,app,"Logistic (app, calibrated)",0,0.23298720976553894
high_debt_burden,app,"Logistic (app, calibrated)",1,0.6156168204986912
high_debt_burden,app,"Logistic (app, calibrated)",0,0.3758055343349461
high_debt_burden,app,"Logistic (app, calibrated)",1,0.6069526323737809
high_debt_burden,app,"Logistic (app, calibrated)",1,0.6076560379771777
high_debt_burden,app,"Logistic (app, calibrated)",1,0.4759909546340352
high_debt_burden,app,"Logistic (app, calibrated)",1,0.5709422130731536
high_debt_burden,app,"Logistic (app, calibrated)",1,0.2658451178451179
high_debt_burden,app,"Logistic (app, calibrated)",1,0.6448098645230587
high_debt_burden,app,"Logistic (app, calibrated)",1,0.4280068403246263
high_debt_burden,app,"Logistic (app, calibrated)",0,0.5684590309337654
high_debt_burden,app,"Logistic (app, calibrated)",1,0.6314745179326289
high_debt_burden,app,"Logistic (app, calibrated)",1,0.2738426794746422
high_debt_burden,app,"Logistic (app, calibrated)",1,0.26997232559152207
high_debt_burden,app,"Logistic (app, calibrated)",1,0.4088915209728965
high_debt_burden,app,"Logistic (app, calibrated)",1,0.45004073862971106
high_debt_burden,app,"Logistic (app, calibrated)",1,0.12360349602353722
high_debt_burden,app,"Logistic (app, calibrated)",1,0.47897530060845595
high_debt_burden,app,"Logistic (app, calibrated)",1,0.30979984509396274
high_debt_burden,app,"Logistic (app, calibrated)",0,0.25243309403691805
high_debt_burden,app,"Logistic (app, calibrated)",0,0.49696406463860077
high_debt_burden,app,"Logistic (app, calibrated)",1,0.26093175227615806
high_debt_burden,app,"Logistic (app, calibrated)",1,0.5268877563020071
high_debt_burden,app,"Logistic (app, calibrated)",1,0.6076560379771777
high_debt_burden,app,"Logistic (app, calibrated)",1,0.5388896732141039
high_debt_burden,app,"Logistic (app, calibrated)",1,0.5709422130731536
high_debt_burden,app,"Logistic (app, calibrated)",1,0.5598551224716806
high_debt_burden,app,"Logistic (app, calibrated)",1,0.6213311062129769
high_debt_burden,app,"Logistic (app, calibrated)",1,0.5412751683745599
high_debt_burden,app,"Logistic (app, calibrated)",0,0.1461058269461631
high_debt_burden,app,"Logistic (app, calibrated)",0,0.24330378859790622
high_debt_burden,app,"Logistic (app, calibrated)",0,0.18618511913702082
high_debt_burden,app,"Logistic (app, calibrated)",0,0.6108918459264586
high_debt_burden,app,"Logistic (app, calibrated)",1,0.4249603875439151
high_debt_burden,app,"Logistic (app, calibrated)",0,0.1697435631519116
high_debt_burden,app,"Logistic (app, calibrated)",1,0.5409054352298657
high_debt_burden,app,"Logistic (app, calibrated)",0,0.45004073862971106
high_debt_burden,app,"Logistic (app, calibrated)",1,0.2930759988038396
high_debt_burden,app,"Logistic (app, calibrated)",0,0.3872258629040196
high_debt_burden,app,"Logistic (app, calibrated)",0,0.41333588316501235
high_debt_burden,app,"Logistic (app, calibrated)",0,0.3133111573111573
high_debt_burden,app,"Logistic (app, calibrated)",0,0.5990845624341752
high_debt_burden,app,"Logistic (app, calibrated)",0,0.654905839755257
high_debt_burden,app,"Logistic (app, calibrated)",1,0.5278603966510386
high_debt_burden,app,"Logistic (app, calibrated)",0,0.3138867239774784
high_debt_burden,app,"Logistic (app, calibrated)",1,0.22052575023990909
high_debt_burden,app,"Logistic (app, calibrated)",0,0.3001270143685004
high_debt_burden,app,"Logistic (app, calibrated)",1,0.5768011198658085
high_debt_burden,app,"Logistic (app, calibrated)",1,0.25243309403691805
high_debt_burden,app,"Logistic (app, calibrated)",0,0.5462837506634335
high_debt_burden,app,"Logistic (app, calibrated)",0,0.30009354266348875
high_debt_burden,app,"Logistic (app, calibrated)",1,0.49782100646896793
high_debt_burden,app,"Logistic (app, calibrated)",0,0.6134584799437016
high_debt_burden,app,"Logistic (app, calibrated)",0,0.37945078084396966
high_debt_burden,app,"Logistic (app, calibrated)",0,0.6076963450009067
high_debt_burden,app,"Logistic (app, calibrated)",1,0.4883428527913896
high_debt_burden,app,"Logistic (app, calibrated)",1,0.49782100646896793
high_debt_burden,app,"Logistic (app, calibrated)",0,0.3834263489668479
high_debt_burden,app,"Logistic (app, calibrated)",0,0.1304797140795742
high_debt_burden,app,"Logistic (app, calibrated)",1,0.6340655036208032
high_debt_burden,app,"Logistic (app, calibrated)",1,0.5458064823025398
high_debt_burden,app,"Logistic (app, calibrated)",0,0.27197386121534733
high_debt_burden,app,"Logistic (app, calibrated)",0,0.22001415532676516
high_debt_burden,app,"Logistic (app, calibrated)",1,0.3360314684717158
high_debt_burden,app,"Logistic (app, calibrated)",0,0.3954036565963107
high_debt_burden,app,"Logistic (app, calibrated)",0,0.35391670651071727
high_debt_burden,app,"Logistic (app, calibrated)",0,0.29956760751882705
high_debt_burden,app,"Logistic (app, calibrated)",0,0.26997232559152207
high_debt_burden,app,"Logistic (app, calibrated)",0,0.4920627612739249
high_debt_burden,app,"Logistic (app, calibrated)",0,0.2738426794746422
high_debt_burden,app,"Logistic (app, calibrated)",1,0.30979984509396274
high_debt_burden,app,"Logistic (app, calibrated)",1,0.2758636120475372
high_debt_burden,app,"Logistic (app, calibrated)",0,0.3785428381167149
high_debt_burden,app,"Logistic (app, calibrated)",0,0.25243309403691805
high_debt_burden,app,"Logistic (app, calibrated)",0,0.310773308617699
high_debt_burden,app,"Logistic (app, calibrated)",0,0.44284274048509165
high_debt_burden,app,"Logistic (app, calibrated)",1,0.3550236849703442
high_debt_burden,app,"Logistic (app, calibrated)",0,0.5458032185206098
high_debt_burden,app,"Logistic (app, calibrated)",1,0.6052278576059488
high_debt_burden,app,"Logistic (app, calibrated)",1,0.4984203028939872
high_debt_burden,app,"Logistic (app, calibrated)",0,0.5322532151757766
high_debt_burden,app,"Logistic (app, calibrated)",0,0.1378674463937622
high_debt_burden,app,"Logistic (app, calibrated)",0,0.5155875800612643
high_debt_burden,app,"Logistic (app, calibrated)",0,0.15016745159602304
high_debt_burden,app,"Logistic (app, calibrated)",0,0.4066644692280896
high_debt_burden,app,"Logistic (app, calibrated)",0,0.29956760751882705
high_debt_burden,app,"Logistic (app, calibrated)",1,0.6024120799288422
high_debt_burden,app,"Logistic (app, calibrated)",0,0.5080558420399066
high_debt_burden,app,"Logistic (app, calibrated)",1,0.3672261931861295
high_debt_burden,app,"Logistic (app, calibrated)",0,0.5005477576503392
high_debt_burden,app,"Logistic (app, calibrated)",0,0.3329470656058312
high_debt_burden,app,"Logistic (app, calibrated)",0,0.3690714902944851
high_debt_burden,app,"Logistic (app, calibrated)",1,0.43256649896906685
high_debt_burden,app,"Logistic (app, calibrated)",0,0.2989489720621796
high_debt_burden,app,"Logistic (app, calibrated)",0,0.35391670651071727
high_debt_burden,app,"Logistic (app, calibrated)",1,0.4323463643259249
high_debt_burden,app,"Logistic (app, calibrated)",0,0.2834060707603456
high_debt_burden,app,"Logistic (app, calibrated)",1,0.4017486379724911
high_debt_burden,app,"Logistic (app, calibrated)",1,0.4915903866248693
high_debt_burden,app,"Logistic (app, calibrated)",1,0.2603555147665255
high_debt_burden,app,"Logistic (app, calibrated)",0,0.20859202985472475
high_debt_burden,app,"Logistic (app, calibrated)",1,0.5340092472794984
high_debt_burden,app,"Logistic (app, calibrated)",1,0.5709422130731536
high_debt_burden,app,"Logistic (app, calibrated)",0,0.25243309403691805
high_debt_burden,app,"Logistic (app, calibrated)",0,0.5686490102387662
high_debt_burden,app,"Logistic (app, calibrated)",1,0.26997232559152207
high_debt_burden,app,"Logistic (app, calibrated)",0,0.08306100217864924
high_debt_burden,app,"Logistic (app, calibrated)",1,0.47897530060845595
high_debt_burden,app,"Logistic (app, calibrated)",0,0.47897530060845595
high_debt_burden,app,"Logistic (app, calibrated)",0,0.37299665930442166
high_debt_burden,app,"Logistic (app, calibrated)",0,0.27622247633568386
high_debt_burden,app,"Logistic (app, calibrated)",0,0.40016304261232943
high_debt_burden,app,"Logistic (app, calibrated)",0,0.4577929468012455
high_debt_burden,app,"Logistic (app, calibrated)",0,0.3978935733689134
high_debt_burden,app,"Logistic (app, calibrated)",0,0.17328665988061412
high_debt_burden,app,"Logistic (app, calibrated)",0,0.47486831873927837
high_debt_burden,app,"Logistic (app, calibrated)",0,0.6114778576059487
high_debt_burden,app,"Logistic (app, calibrated)",0,0.40996932106175804
high_debt_burden,app,"Logistic (app, calibrated)",0,0.19303196598386765
high_debt_burden,app,"Logistic (app, calibrated)",1,0.654905839755257
high_debt_burden,app,"Logistic (app, calibrated)",0,0.47033548891538696
high_debt_burden,app,"Logistic (app, calibrated)",1,0.2989489720621796
high_debt_burden,app,"Logistic (app, calibrated)",0,0.2555793525403194
high_debt_burden,app,"Logistic (app, calibrated)",0,0.5131523488578872
high_debt_burden,app,"Logistic (app, calibrated)",0,0.029396900829650453
high_debt_burden,app,"Logistic (app, calibrated)",0,0.5709422130731536
high_debt_burden,app,"Logistic (app, calibrated)",0,0.5775304031201876
high_debt_burden,app,"Logistic (app, calibrated)",0,0.3088653400430637
high_debt_burden,app,"Logistic (app, calibrated)",0,0.5243084859538738
high_debt_burden,app,"Logistic (app, calibrated)",1,0.6076560379771777
high_debt_burden,app,"Logistic (app, calibrated)",0,0.6314745179326289
high_debt_burden,app,"Logistic (app, calibrated)",1,0.36837532815451174
high_debt_burden,app,"Logistic (app, calibrated)",0,0.47029744666431245
high_debt_burden,app,"Logistic (app, calibrated)",0,0.5949510955759292
high_debt_burden,app,"Logistic (app, calibrated)",0,0.6520451864956509
high_debt_burden,app,"Logistic (app, calibrated)",0,0.23931448454353968
high_debt_burden,app,"Logistic (app, calibrated)",0,0.614355620059014
high_debt_burden,app,"Logistic (app, calibrated)",0,0.4861270802884855
high_debt_burden,app,"Logistic (app, calibrated)",0,0.28256575210753104
high_debt_burden,app,"Logistic (app, calibrated)",1,0.5658636176121318
high_debt_burden,app,"Logistic (app, calibrated)",1,0.6457635718916631
high_debt_burden,app,"Logistic (app, calibrated)",0,0.3121236178514587
high_debt_burden,app,"Logistic (app, calibrated)",0,0.4823025843350138
high_debt_burden,app,"Logistic (app, calibrated)",0,0.46861244266301877
high_debt_burden,app,"Logistic (app, calibrated)",0,0.5868946037997179
high_debt_burden,app,"Logistic (app, calibrated)",0,0.4347160237243223
high_debt_burden,app,"Logistic (app, calibrated)",1,0.5977522160241084
high_debt_burden,app,"Logistic (app, calibrated)",0,0.1153563397336101
high_debt_burden,app,"Logistic (app, calibrated)",0,0.36168557430418513
high_debt_burden,app,"Logistic (app, calibrated)",0,0.45852867468451397
high_debt_burden,app,"Logistic (app, calibrated)",1,0.6351039821701177
high_debt_burden,app,"Logistic (app, calibrated)",1,0.46618705030347796
high_debt_burden,app,"Logistic (app, calibrated)",1,0.2737175830705242
high_debt_burden,app,"Logistic (app, calibrated)",0,0.46146750814500825
high_debt_burden,app,"Logistic (app, calibrated)",1,0.7056292517006802
high_debt_burden,app,"Logistic (app, calibrated)",0,0.3501057309009612
high_debt_burden,app,"Logistic (app, calibrated)",1,0.6076560379771777
high_debt_burden,app,"Logistic (app, calibrated)",0,0.6329751102717102
high_debt_burden,app,"Logistic (app, calibrated)",0,0.6562633058186054
high_debt_burden,app,"Logistic (app, calibrated)",1,0.24470114986633923
high_debt_burden,app,"Logistic (app, calibrated)",1,0.6329751102717102
high_debt_burden,app,"Logistic (app, calibrated)",0,0.4508138589670068
high_debt_burden,app,"Logistic (app, calibrated)",0,0.44231229769390235
high_debt_burden,app,"Logistic (app, calibrated)",0,0.27197386121534733
high_debt_burden,app,"Logistic (app, calibrated)",0,0.24330378859790622
high_debt_burden,app,"Logistic (app, calibrated)",1,0.5645720074945688
high_debt_burden,app,"Logistic (app, calibrated)",0,0.45852867468451397
high_debt_burden,app,"Logistic (app, calibrated)",0,0.41479005362336113
high_debt_burden,app,"Logistic (app, calibrated)",0,0.28918007651244854
high_debt_burden,app,"Logistic (app, calibrated)",0,0.4285627413165366
high_debt_burden,app,"Logistic (app, calibrated)",0,0.25604625166544814
high_debt_burden,app,"Logistic (app, calibrated)",1,0.5868946037997179
high_debt_burden,app,"Logistic (app, calibrated)",0,0.30371175166297115
high_debt_burden,app,"Logistic (app, calibrated)",0,0.45004073862971106
high_debt_burden,app,"Logistic (app, calibrated)",1,0.6367446400475635
high_debt_burden,app,"Logistic (app, calibrated)",0,0.5709422130731536
high_debt_burden,app,"Logistic (app, calibrated)",1,0.3709441622827449
high_debt_burden,app,"Logistic (app, calibrated)",1,0.4586746572444641
high_debt_burden,app,"Logistic (app, calibrated)",0,0.6329751102717102
high_debt_burden,app,"Logistic (app, calibrated)",0,0.4484163151339521
high_debt_burden,app,"Logistic (app, calibrated)",0,0.4202116956436074
high_debt_burden,app,"Logistic (app, calibrated)",0,0.33992868800267734
high_debt_burden,app,"Logistic (app, calibrated)",1,0.3823255635463249
high_debt_burden,app,"Logistic (app, calibrated)",0,0.5109181904594822
high_debt_burden,app,"Logistic (app, calibrated)",1,0.43131767285435957
high_debt_burden,app,"Logistic (app, calibrated)",0,0.18883441336812928
high_debt_burden,app,"Logistic (app, calibrated)",1,0.4798256133247654
high_debt_burden,app,"Logistic (app, calibrated)",1,0.5289915067425172
high_debt_burden,app,"Logistic (app, calibrated)",0,0.1895319614200333
high_debt_burden,app,"Logistic (app, calibrated)",0,0.3138867239774784
high_debt_burden,app,"Logistic (app, calibrated)",0,0.5709422130731536
high_debt_burden,app,"Logistic (app, calibrated)",1,0.5949510955759292
high_debt_burden,app,"Logistic (app, calibrated)",0,0.36433337317738396
high_debt_burden,app,"Logistic (app, calibrated)",0,0.41315233880135704
high_debt_burden,app,"Logistic (app, calibrated)",1,0.6213311062129769
high_debt_burden,app,"Logistic (app, calibrated)",0,0.1378674463937622
high_debt_burden,app,"Logistic (app, calibrated)",0,0.3138867239774784
high_debt_burden,app,"Logistic (app, calibrated)",1,0.3801868990578993
high_debt_burden,app,"Logistic (app, calibrated)",0,0.3533126380856667
high_debt_burden,app,"Logistic (app, calibrated)",0,0.5688128566745879
high_debt_burden,app,"Logistic (app, calibrated)",1,0.19081548516842636
high_debt_burden,app,"Logistic (app, calibrated)",1,0.6562633058186054
high_debt_burden,app,"Logistic (app, calibrated)",1,0.6562633058186054
high_debt_burden,app,"Logistic (app, calibrated)",1,0.3981356148852833
high_debt_burden,app,"Logistic (app, calibrated)",0,0.46646298533751995
high_debt_burden,app,"Logistic (app, calibrated)",0,0.1553103087388802
high_debt_burden,app,"Logistic (app, calibrated)",1,0.4280068403246263
high_debt_burden,app,"Logistic (app, calibrated)",0,0.3088653400430637
high_debt_burden,app,"Logistic (app, calibrated)",0,0.41445922050110173
high_debt_burden,app,"Logistic (app, calibrated)",0,0.5858036475971394
high_debt_burden,app,"Logistic (app, calibrated)",0,0.20441636398703836
high_debt_burden,app,"Logistic (app, calibrated)",1,0.2989489720621796
high_debt_burden,app,"Logistic (app, calibrated)",0,0.21758156181184965
high_debt_burden,app,"Logistic (app, calibrated)",0,0.4850155690648318
high_debt_burden,app,"Logistic (app, calibrated)",0,0.6096125597163082
high_debt_burden,app,"Logistic (app, calibrated)",0,0.3605742990559745
high_debt_burden,app,"Logistic (app, calibrated)",0,0.38541518167882494
high_debt_burden,app,"Logistic (app, calibrated)",0,0.5949510955759292
high_debt_burden,app,"Logistic (app, calibrated)",0,0.4554809873921177
high_debt_burden,app,"Logistic (app, calibrated)",0,0.34029357600668153
high_debt_burden,app,"Logistic (app, calibrated)",0,0.36310613134142544
high_debt_burden,app,"Logistic (app, calibrated)",1,0.39719328235541557
high_debt_burden,app,"Logistic (app, calibrated)",0,0.20840734135924302
high_debt_burden,app,"Logistic (app, calibrated)",1,0.4250617391290061
high_debt_burden,app,"Logistic (app, calibrated)",1,0.6156168204986912
high_debt_burden,app,"Logistic (app, calibrated)",0,0.3001270143685004
high_debt_burden,app,"Logistic (app, calibrated)",0,0.695203081232493
high_debt_burden,app,"Logistic (app, calibrated)",1,0.16536450477626946
high_debt_burden,app,"Logistic (app, calibrated)",1,0.6329751102717102
high_debt_burden,app,"Logistic (app, calibrated)",0,0.24330378859790622
high_debt_burden,app,"Logistic (app, calibrated)",0,0.26997232559152207
high_debt_burden,app,"Logistic (app, calibrated)",0,0.5289915067425172
high_debt_burden,app,"Logistic (app, calibrated)",0,0.3043939935647142
high_debt_burden,app,"Logistic (app, calibrated)",1,0.5371182803664174
high_debt_burden,app,"Logistic (app, calibrated)",0,0.1515349729635444
high_debt_burden,app,"Logistic (app, calibrated)",1,0.5573749347491888
high_debt_burden,app,"Logistic (app, calibrated)",0,0.5626188927975243
high_debt_burden,app,"Logistic (app, calibrated)",0,0.36241734049212054
high_debt_burden,app,"Logistic (app, calibrated)",1,0.1113939393939394
high_debt_burden,app,"Logistic (app, calibrated)",0,0.3236391372686038
high_debt_burden,app,"Logistic (app, calibrated)",1,0.49110950565536804
high_debt_burden,app,"Logistic (app, calibrated)",0,0.2670911725660131
high_debt_burden,app,"Logistic (app, calibrated)",0,0.12107101318794973
high_debt_burden,app,"Logistic (app, calibrated)",1,0.6367446400475635
high_debt_burden,app,"Logistic (app, calibrated)",0,0.3138867239774784
high_debt_burden,app,"Logistic (app, calibrated)",0,0.34035683669818895
high_debt_burden,app,"Logistic (app, calibrated)",1,0.3508637491405853
high_debt_burden,app,"Logistic (app, calibrated)",0,0.46574989342455747
high_debt_burden,app,"Logistic (app, calibrated)",0,0.3851554861154224
high_debt_burden,app,"Logistic (app, calibrated)",0,0.1165441984453689
high_debt_burden,app,"Logistic (app, calibrated)",0,0.0832186065915728
high_debt_burden,app,"Logistic (app, calibrated)",1,0.43515825441542455
high_debt_burden,app,"Logistic (app, calibrated)",0,0.5616023781144138
high_debt_burden,app,"Logistic (app, calibrated)",0,0.22874169328684296
high_debt_burden,app,"Logistic (app, calibrated)",1,0.4465838400095293
high_debt_burden,app,"Logistic (app, calibrated)",0,0.6156168204986912
high_debt_burden,app,"Logistic (app, calibrated)",0,0.4206505184855459
high_debt_burden,app,"Logistic (app, calibrated)",1,0.6329751102717102
high_debt_burden,app,"Logistic (app, calibrated)",0,0.09988527325823947
high_debt_burden,app,"Logistic (app, calibrated)",1,0.6467650339250859
high_debt_burden,app,"Logistic (app, calibrated)",0,0.2930759988038396
high_debt_burden,app,"Logistic (app, calibrated)",0,0.22052575023990909
high_debt_burden,app,"Logistic (app, calibrated)",0,0.27197386121534733
high_debt_burden,app,"Logistic (app, calibrated)",1,0.45004073862971106
high_debt_burden,app,"Logistic (app, calibrated)",0,0.24679562202589467
high_debt_burden,app,"Logistic (app, calibrated)",0,0.13423108275739853
high_debt_burden,app,"Logistic (app, calibrated)",1,0.36301010530076827
high_debt_burden,app,"Logistic (app, calibrated)",0,0.1382826976944624
high_debt_burden,app,"Logistic (app, calibrated)",1,0.6329751102717102
high_debt_burden,app,"Logistic (app, calibrated)",0,0.25419609447667046
high_debt_burden,app,"Logistic (app, calibrated)",1,0.5877601693362697
high_debt_burden,app,"Logistic (app, calibrated)",1,0.6155327068415641
high_debt_burden,app,"Logistic (app, calibrated)",1,0.4558767693024586
high_debt_burden,app,"Logistic (app, calibrated)",0,0.5732773896443822
high_debt_burden,app,"Logistic (app, calibrated)",0,0.5489894930304138
high_debt_burden,app,"Logistic (app, calibrated)",0,0.25243309403691805
high_debt_burden,app,"Logistic (app, calibrated)",1,0.48377979612429256
high_debt_burden,app,"Logistic (app, calibrated)",0,0.27066692078012833
high_debt_burden,app,"Logistic (app, calibrated)",0,0.582014410924715
high_debt_burden,app,"Logistic (app, calibrated)",0,0.3239939677439677
high_debt_burden,app,"Logistic (app, calibrated)",0,0.5858036475971394
high_debt_burden,app,"Logistic (app, calibrated)",1,0.5195142005210653
high_debt_burden,app,"Logistic (app, calibrated)",1,0.4205937870063372
high_debt_burden,app,"Logistic (app, calibrated)",1,0.5556235856221731
high_debt_burden,app,"Logistic (app, calibrated)",1,0.5988089823635441
high_debt_burden,app,"Logistic (app, calibrated)",0,0.38682970927899607
high_debt_burden,app,"Logistic (app, calibrated)",1,0.2470414752583212
high_debt_burden,app,"Logistic (app, calibrated)",1,0.11284823622120244
high_debt_burden,app,"Logistic (app, calibrated)",1,0.4883428527913896
high_debt_burden,app,"Logistic (app, calibrated)",0,0.575547460130503
high_debt_burden,app,"Logistic (app, calibrated)",0,0.25318910880830525
high_debt_burden,app,"Logistic (app, calibrated)",0,0.25848974983415557
high_debt_burden,app,"Logistic (app, calibrated)",1,0.3744678679282461
high_debt_burden,app,"Logistic (app, calibrated)",0,0.27985389054779
high_debt_burden,app,"Logistic (app, calibrated)",0,0.30124296795084504
high_debt_burden,app,"Logistic (app, calibrated)",1,0.32994205164122536
high_debt_burden,app,"Logistic (app, calibrated)",0,0.4883428527913896
high_debt_burden,app,"Logistic (app, calibrated)",0,0.41984499867830616
high_debt_burden,app,"Logistic (app, calibrated)",0,0.47846672073476687
high_debt_burden,app,"Logistic (app, calibrated)",1,0.2669499687479675
high_debt_burden,app,"Logistic (app, calibrated)",1,0.45004073862971106
high_debt_burden,app,"Logistic (app, calibrated)",0,0.47486831873927837
high_debt_burden,app,"Logistic (app, calibrated)",0,0.49204339994887436
high_debt_burden,app,"Logistic (app, calibrated)",1,0.45671996566397954
high_debt_burden,app,"Logistic (app, calibrated)",0,0.266417761473149
high_debt_burden,app,"Logistic (app, calibrated)",0,0.09520744279607744
high_debt_burden,app,"Logistic (app, calibrated)",1,0.27282946844866496
high_debt_burden,app,"Logistic (app, calibrated)",1,0.4049904971550369
high_debt_burden,app,"Logistic (app, calibrated)",0,0.515763161959855
high_debt_burden,app,"Logistic (app, calibrated)",1,0.4088915209728965
high_debt_burden,app,"Logistic (app, calibrated)",1,0.41445922050110173
high_debt_burden,app,"Logistic (app, calibrated)",0,0.4537444423334148
high_debt_burden,app,"Logistic (app, calibrated)",0,0.2907166521613713
high_debt_burden,app,"Logistic (app, calibrated)",0,0.5614436711007629
high_debt_burden,app,"Logistic (app, calibrated)",1,0.2453162409354374
high_debt_burden,app,"Logistic (app, calibrated)",1,0.559590260024786
high_debt_burden,app,"Logistic (app, calibrated)",1,0.3249722213135736
high_debt_burden,app,"Logistic (app, calibrated)",0,0.6173596212678619
high_debt_burden,app,"Logistic (app, calibrated)",1,0.24679562202589467
high_debt_burden,app,"Logistic (app, calibrated)",1,0.5897136981438703
high_debt_burden,app,"Logistic (app, calibrated)",1,0.6329751102717102
high_debt_burden,app,"Logistic (app, calibrated)",0,0.28610770101432237
high_debt_burden,app,"Logistic (app, calibrated)",0,0.6328543028935771
high_debt_burden,app,"Logistic (app, calibrated)",1,0.5522532151757765
high_debt_burden,app,"Logistic (app, calibrated)",0,0.27842346542346547
high_debt_burden,app,"Logistic (app, calibrated)",1,0.28256575210753104
high_debt_burden,app,"Logistic (app, calibrated)",0,0.3672261931861295
high_debt_burden,app,"Logistic (app, calibrated)",0,0.17269403347041368
high_debt_burden,app,"Logistic (app, calibrated)",0,0.19732237231009533
high_debt_burden,app,"Logistic (app, calibrated)",0,0.32714202990294694
high_debt_burden,app,"Logistic (app, calibrated)",0,0.47846672073476687
high_debt_burden,app,"Logistic (app, calibrated)",1,0.591047605645475
high_debt_burden,app,"Logistic (app, calibrated)",1,0.5868946037997179
high_debt_burden,app,"Logistic (app, calibrated)",1,0.06579530910901449
high_debt_burden,app,"Logistic (app, calibrated)",0,0.5735779422679858
high_debt_burden,app,"Logistic (app, calibrated)",1,0.2666063764721483
high_debt_burden,app,"Logistic (app, calibrated)",0,0.29773419602102047
high_debt_burden,app,"Logistic (app, calibrated)",1,0.856292697833605
high_debt_burden,app,"Logistic (app, calibrated)",1,0.45753512650399253
high_debt_burden,app,"Logistic (app, calibrated)",0,0.16173027411536675
high_debt_burden,app,"Logistic (app, calibrated)",0,0.2930759988038396
high_debt_burden,app,"Logistic (app, calibrated)",1,0.2122364781823014
high_debt_burden,app,"Logistic (app, calibrated)",0,0.5954303326480241
high_debt_burden,app,"Logistic (app, calibrated)",1,0.4883457812989003
high_debt_burden,app,"Logistic (app, calibrated)",0,0.3408416983233737
high_debt_burden,app,"Logistic (app, calibrated)",0,0.2533495856366708
high_debt_burden,app,"Logistic (app, calibrated)",0,0.5684590309337654
high_debt_burden,app,"Logistic (app, calibrated)",0,0.19081548516842636
high_debt_burden,app,"Logistic (app, calibrated)",0,0.2210166304283951
high_debt_burden,app,"Logistic (app, calibrated)",0,0.5166077565544496
high_debt_burden,app,"Logistic (app, calibrated)",0,0.37897100618921414
high_debt_burden,app,"Logistic (app, calibrated)",0,0.4649066970630365
high_debt_burden,app,"Logistic (app, calibrated)",0,0.5339245579654787
high_debt_burden,app,"Logistic (app, calibrated)",0,0.5756945107223352
high_debt_burden,app,"Logistic (app, calibrated)",0,0.4823025843350138
high_debt_burden,app,"Logistic (app, calibrated)",1,0.6329751102717102
high_debt_burden,app,"Logistic (app, calibrated)",1,0.6096125597163082
high_debt_burden,app,"Logistic (app, calibrated)",0,0.14196452686811303
high_debt_burden,app,"Logistic (app, calibrated)",0,0.4043898830476012
high_debt_burden,app,"Logistic (app, calibrated)",1,0.5311015136612383
high_debt_burden,app,"Logistic (app, calibrated)",0,0.3423449720196576
high_debt_burden,app,"Logistic (app, calibrated)",0,0.5576442519686824
high_debt_burden,app,"Logistic (app, calibrated)",1,0.5458032185206098
high_debt_burden,app,"Logistic (app, calibrated)",0,0.1826957913567461
high_debt_burden,app,"Logistic (app, calibrated)",0,0.6314745179326289
high_debt_burden,app,"Logistic (app, calibrated)",0,0.2909953007542566
high_debt_burden,app,"Logistic (app, calibrated)",0,0.7175998287900966
high_debt_burden,app,"Logistic (app, calibrated)",0,0.34109251721192024
high_debt_burden,app,"Logistic (app, calibrated)",0,0.3808736136954228
high_debt_burden,app,"Logistic (app, calibrated)",0,0.46508085240960567
high_debt_burden,app,"Logistic (app, calibrated)",1,0.14127739497681283
high_debt_burden,app,"Logistic (app, calibrated)",0,0.16849931809893642
high_debt_burden,app,"Logistic (app, calibrated)",0,0.5920743789076293
high_debt_burden,app,"Logistic (app, calibrated)",1,0.5165932039793126
high_debt_burden,app,"Logistic (app, calibrated)",1,0.5042672727508385
high_debt_burden,app,"Logistic (app, calibrated)",0,0.26997232559152207
high_debt_burden,app,"Logistic (app, calibrated)",1,0.6675340136054422
high_debt_burden,app,"Logistic (app, calibrated)",0,0.12601606813300467
high_debt_burden,app,"Logistic (app, calibrated)",0,0.4280068403246263
high_debt_burden,app,"Logistic (app, calibrated)",0,0.1534993180989364
high_debt_burden,app,"Logistic (app, calibrated)",1,0.5696006400783424
high_debt_burden,app,"Logistic (app, calibrated)",1,0.6114778576059487
high_debt_burden,app,"Logistic (app, calibrated)",0,0.4049904971550369
high_debt_burden,app,"Logistic (app, calibrated)",1,0.5604081834761382
high_debt_burden,app,"Logistic (app, calibrated)",0,0.5949510955759292
high_debt_burden,app,"Logistic (app, calibrated)",1,0.40037482354325393
high_debt_burden,app,"Logistic (app, calibrated)",1,0.5949510955759292
high_debt_burden,app,"Logistic (app, calibrated)",0,0.5091873659175746
high_debt_burden,app,"Logistic (app, calibrated)",1,0.28328202292396665
high_debt_burden,app,"Logistic (app, calibrated)",0,0.3270237248681152
high_debt_burden,app,"Logistic (app, calibrated)",0,0.41479005362336113
high_debt_burden,app,"Logistic (app, calibrated)",0,0.35620958207486947
high_debt_burden,app,"Logistic (app, calibrated)",0,0.48795023276807703
high_debt_burden,app,"Logistic (app, calibrated)",0,0.12601606813300467
high_debt_burden,app,"Logistic (app, calibrated)",0,0.36921066269233804
high_debt_burden,app,"Logistic (app, calibrated)",1,0.1501767296206458
high_debt_burden,app,"Logistic (app, calibrated)",0,0.36767547245465604
high_debt_burden,app,"Logistic (app, calibrated)",1,0.2849778363800662
high_debt_burden,app,"Logistic (app, calibrated)",1,0.16288956200137544
high_debt_burden,app,"Logistic (app, calibrated)",1,0.5523084859538738
high_debt_burden,app,"Logistic (app, calibrated)",0,0.43845038176597473
high_debt_burden,app,"Logistic (app, calibrated)",1,0.4639340800899193
high_debt_burden,app,"Logistic (app, calibrated)",0,0.19081548516842636
high_debt_burden,app,"Logistic (app, calibrated)",0,0.4871862868608231
high_debt_burden,app,"Logistic (app, calibrated)",0,0.18618511913702082
high_debt_burden,app,"Logistic (app, calibrated)",0,0.6575966391519386
high_debt_burden,app,"Logistic (app, calibrated)",0,0.49641665990673756
high_debt_burden,app,"Logistic (app, calibrated)",0,0.4984203028939872
high_debt_burden,app,"Logistic (app, calibrated)",0,0.3249722213135736
high_debt_burden,app,"Logistic (app, calibrated)",0,0.3808736136954228
high_debt_burden,app,"Logistic (app, calibrated)",0,0.1522986857825568
high_debt_burden,app,"Logistic (app, calibrated)",1,0.1378674463937622
high_debt_burden,app,"Logistic (app, calibrated)",0,0.1378674463937622
high_debt_burden,app,"Logistic (app, calibrated)",1,0.4059237461730307
high_debt_burden,app,"Logistic (app, calibrated)",1,0.4823025843350138
high_debt_burden,app,"Logistic (app, calibrated)",1,0.4049904971550369
high_debt_burden,app,"Logistic (app, calibrated)",0,0.4075794796245254
high_debt_burden,app,"Logistic (app, calibrated)",0,0.5821189050414664
high_debt_burden,app,"Logistic (app, calibrated)",0,0.24105235667155314
high_debt_burden,app,"Logistic (app, calibrated)",1,0.39259816595192487
high_debt_burden,app,"Logistic (app, calibrated)",0,0.2909953007542566
high_debt_burden,app,"Logistic (app, calibrated)",0,0.3594314419131173
high_debt_burden,app,"Logistic (app, calibrated)",1,0.42182420865747217
high_debt_burden,app,"Logistic (app, calibrated)",0,0.3943824371142086
high_debt_burden,app,"Logistic (app, calibrated)",1,0.9428571428571428
high_debt_burden,app,"Logistic (app, calibrated)",1,0.5920743789076293
high_debt_burden,app,"Logistic (app, calibrated)",1,0.5709422130731536
high_debt_burden,app,"Logistic (app, calibrated)",0,0.6638673950164554
high_debt_burden,app,"Logistic (app, calibrated)",1,0.4700944991764441
high_debt_burden,app,"Logistic (app, calibrated)",0,0.2048485047142765
high_debt_burden,app,"Logistic (app, calibrated)",0,0.32089507976608
high_debt_burden,app,"Logistic (app, calibrated)",0,0.6153236081317772
high_debt_burden,app,"Logistic (app, calibrated)",1,0.26997232559152207
high_debt_burden,app,"Logistic (app, calibrated)",0,0.41391705720981997
high_debt_burden,app,"Logistic (app, calibrated)",1,0.6088404949685862
high_debt_burden,app,"Logistic (app, calibrated)",0,0.27282946844866496
high_debt_burden,app,"Logistic (app, calibrated)",1,0.4088915209728965
high_debt_burden,app,"Logistic (app, calibrated)",0,0.41891101676896325
high_debt_burden,app,"Logistic (app, calibrated)",0,0.13043956043956045
high_debt_burden,app,"Logistic (app, calibrated)",0,0.2930759988038396
high_debt_burden,app,"Logistic (app, calibrated)",1,0.14848677932711546
high_debt_burden,app,"Logistic (app, calibrated)",0,0.2670911725660131
high_debt_burden,app,"Logistic (app, calibrated)",0,0.24330378859790622
high_debt_burden,app,"Logistic (app, calibrated)",0,0.22569831353728181
high_debt_burden,app,"Logistic (app, calibrated)",1,0.6009617415449918
high_debt_burden,app,"Logistic (app, calibrated)",1,0.2139583514263821
high_debt_burden,app,"Logistic (app, calibrated)",0,0.444985793574766
high_debt_burden,app,"Logistic (app, calibrated)",1,0.5856112606171896
high_debt_burden,app,"Logistic (app, calibrated)",0,0.37299665930442166
high_debt_burden,app,"Logistic (app, calibrated)",0,0.3075624468779136
high_debt_burden,app,"Logistic (app, calibrated)",0,0.2533495856366708
high_debt_burden,app,"Logistic (app, calibrated)",1,0.5604081834761382
high_debt_burden,app,"Logistic (app, calibrated)",0,0.5949510955759292
high_debt_burden,app,"Logistic (app, calibrated)",0,0.45852867468451397
high_debt_burden,app,"Logistic (app, calibrated)",1,0.539835542000185
high_debt_burden,app,"Logistic (app, calibrated)",1,0.3599315281668223
high_debt_burden,app,"Logistic (app, calibrated)",1,0.6028227728648557
high_debt_burden,app,"Logistic (app, calibrated)",1,0.4323463643259249
high_debt_burden,app,"Logistic (app, calibrated)",0,0.15016745159602304
high_debt_burden,app,"Logistic (app, calibrated)",1,0.4047557839633525
high_debt_burden,app,"Logistic (app, calibrated)",1,0.7074746291959407
high_debt_burden,app,"Logistic (app, calibrated)",0,0.14241134119430265
high_debt_burden,app,"Logistic (app, calibrated)",0,0.4850155690648318
high_debt_burden,app,"Logistic (app, calibrated)",1,0.5930041273846054
high_debt_burden,app,"Logistic (app, calibrated)",0,0.6329751102717102
high_debt_burden,app,"Logistic (app, calibrated)",0,0.269221655929533
high_debt_burden,app,"Logistic (app, calibrated)",0,0.3150558533326895
high_debt_burden,app,"Logistic (app, calibrated)",1,0.46871450221365435
high_debt_burden,app,"Logistic (app, calibrated)",0,0.37215128649568746
high_debt_burden,app,"Logistic (app, calibrated)",0,0.3001270143685004
high_debt_burden,app,"Logistic (app, calibrated)",1,0.5604081834761382
high_debt_burden,app,"Logistic (app, calibrated)",1,0.585324026162189
high_debt_burden,app,"Logistic (app, calibrated)",1,0.5977522160241084
high_debt_burden,app,"Logistic (app, calibrated)",0,0.3316660534908335
high_debt_burden,app,"Logistic (app, calibrated)",0,0.4431287443390741
high_debt_burden,app,"Logistic (app, calibrated)",0,0.2909953007542566
high_debt_burden,app,"Logistic (app, calibrated)",0,0.256584638871724
high_debt_burden,app,"Logistic (app, calibrated)",1,0.4280068403246263
high_debt_burden,app,"Logistic (app, calibrated)",0,0.4513353208644359
high_debt_burden,app,"Logistic (app, calibrated)",0,0.3532432164785106
high_debt_burden,app,"Logistic (app, calibrated)",1,0.428498375193182
high_debt_burden,app,"Logistic (app, calibrated)",1,0.4014181389364584
high_debt_burden,app,"Logistic (app, calibrated)",1,0.6329751102717102
high_debt_burden,app,"Logistic (app, calibrated)",1,0.266417761473149
high_debt_burden,app,"Logistic (app, calibrated)",0,0.3571685600122597
high_debt_burden,app,"Logistic (app, calibrated)",0,0.3966163707783087
high_debt_burden,app,"Logistic (app, calibrated)",0,0.15667783010640154
high_debt_burden,app,"Logistic (app, calibrated)",1,0.4996533473136936
high_debt_burden,app,"Logistic (app, calibrated)",1,0.5963328902822562
high_debt_burden,app,"Logistic (app, calibrated)",0,0.30009354266348875
high_debt_burden,app,"Logistic (app, calibrated)",1,0.12601606813300467
high_debt_burden,app,"Logistic (app, calibrated)",0,0.4639340800899193
high_debt_burden,app,"Logistic (app, calibrated)",0,0.3695429154082028
high_debt_burden,app,"Logistic (app, calibrated)",0,0.3138867239774784
high_debt_burden,app,"Logistic (app, calibrated)",0,0.3138867239774784
high_debt_burden,app,"Logistic (app, calibrated)",1,0.5199642267667418
high_debt_burden,app,"Logistic (app, calibrated)",1,0.2666063764721483
high_debt_burden,app,"Logistic (app, calibrated)",1,0.5604081834761382
high_debt_burden,app,"Logistic (app, calibrated)",0,0.13894995635911866
high_debt_burden,app,"Logistic (app, calibrated)",0,0.3981356148852833
high_debt_burden,app,"Logistic (app, calibrated)",0,0.24679562202589467
high_debt_burden,app,"Logistic (app, calibrated)",0,0.46601289495690884
high_debt_burden,app,"Logistic (app, calibrated)",1,0.45335157115944436
high_debt_burden,app,"Logistic (app, calibrated)",0,0.39473480706730457
high_debt_burden,app,"Logistic (app, calibrated)",1,0.6363943284187996
high_debt_burden,app,"Logistic (app, calibrated)",1,0.4427404803041006
high_debt_burden,app,"Logistic (app, calibrated)",1,0.46618705030347796
high_debt_burden,app,"Logistic (app, calibrated)",1,0.47278019645486047
high_debt_burden,app,"Logistic (app, calibrated)",1,0.18883441336812928
high_debt_burden,app,"Logistic (app, calibrated)",0,0.2878236589632118
high_debt_burden,app,"Logistic (app, calibrated)",1,0.5408598968717768
high_debt_burden,app,"Logistic (app, calibrated)",1,0.11030178241871895
high_debt_burden,app,"Logistic (app, calibrated)",0,0.5432465602641717
high_debt_burden,app,"Logistic (app, calibrated)",0,0.2989489720621796
high_debt_burden,app,"Logistic (app, calibrated)",1,0.2738426794746422
high_debt_burden,app,"Logistic (app, calibrated)",0,0.45852867468451397
high_debt_burden,app,"Logistic (app, calibrated)",1,0.5681109932980367
high_debt_burden,app,"Logistic (app, calibrated)",0,0.2916328380614095
high_debt_burden,app,"Logistic (app, calibrated)",0,0.47897530060845595
high_debt_burden,app,"Logistic (app, calibrated)",0,0.26533701583674046
high_debt_burden,app,"Logistic (app, calibrated)",1,0.4850155690648318
high_debt_burden,app,"Logistic (app, calibrated)",1,0.5686057209769153
high_debt_burden,app,"Logistic (app, calibrated)",1,0.2376191216303447
high_debt_burden,app,"Logistic (app, calibrated)",1,0.4935377315952514
high_debt_burden,app,"Logistic (app, calibrated)",0,0.6457635718916631
high_debt_burden,app,"Logistic (app, calibrated)",1,0.4558767693024586
high_debt_burden,app,"Logistic (app, calibrated)",0,0.30009354266348875
high_debt_burden,app,"Logistic (app, calibrated)",0,0.1846084090201737
high_debt_burden,app,"Logistic (app, calibrated)",1,0.43238851343039464
high_debt_burden,app,"Logistic (app, calibrated)",1,0.4465838400095293
high_debt_burden,app,"Logistic (app, calibrated)",0,0.6367446400475635
high_debt_burden,app,"Logistic (app, calibrated)",0,0.2989489720621796
high_debt_burden,app,"Logistic (app, calibrated)",0,0.19383935339755656
high_debt_burden,app,"Logistic (app, calibrated)",1,0.5777773896443822
high_debt_burden,app,"Logistic (app, calibrated)",0,0.13162582423056565
high_debt_burden,app,"Logistic (app, calibrated)",0,0.2563158367906773
high_debt_burden,app,"Logistic (app, calibrated)",1,0.5166077565544496
high_debt_burden,app,"Logistic (app, calibrated)",0,0.591021750546638
high_debt_burden,app,"Logistic (app, calibrated)",0,0.6155327068415641
high_debt_burden,app,"Logistic (app, calibrated)",1,0.3420827201575002
high_debt_burden,app,"Logistic (app, calibrated)",1,0.5686057209769153
high_debt_burden,app,"Logistic (app, calibrated)",1,0.591047605645475
high_debt_burden,app,"Logistic (app, calibrated)",0,0.47846672073476687
high_debt_burden,app,"Logistic (app, calibrated)",0,0.47033548891538696
high_debt_burden,app,"Logistic (app, calibrated)",0,0.2930759988038396
high_debt_burden,app,"Logistic (app, calibrated)",0,0.2670911725660131
high_debt_burden,app,"Logistic (app, calibrated)",0,0.23743553178847296
high_debt_burden,app,"Logistic (app, calibrated)",0,0.3138867239774784
high_debt_burden,app,"Logistic (app, calibrated)",0,0.46861244266301877
high_debt_burden,app,"Logistic (app, calibrated)",1,0.6329751102717102
high_debt_burden,app,"Logistic (app, calibrated)",0,0.6562633058186054
high_debt_burden,app,"Logistic (app, calibrated)",1,0.5920743789076293
high_debt_burden,app,"Logistic (app, calibrated)",0,0.4537444423334148
high_debt_burden,app,"Logistic (app, calibrated)",1,0.4975809104305526
high_debt_burden,app,"Logistic (app, calibrated)",0,0.588279227155825
high_debt_burden,app,"Logistic (app, calibrated)",0,0.24330378859790622
high_debt_burden,app,"Logistic (app, calibrated)",1,0.5408598968717768
high_debt_burden,app,"Logistic (app, calibrated)",0,0.18618511913702082
high_debt_burden,app,"Logistic (app, calibrated)",1,0.5326719576719576
high_debt_burden,app,"Logistic (app, calibrated)",1,0.5580375182205712
high_debt_burden,app,"Logistic (app, calibrated)",0,0.29524432571916626
high_debt_burden,app,"Logistic (app, calibrated)",0,0.5709422130731536
high_debt_burden,app,"Logistic (app, calibrated)",0,0.5869897959183673
high_debt_burden,app,"Logistic (app, calibrated)",0,0.09988527325823947
high_debt_burden,app,"Logistic (app, calibrated)",1,0.6173596212678619
high_debt_burden,app,"Logistic (app, calibrated)",0,0.6562633058186054
high_debt_burden,app,"Logistic (app, calibrated)",1,0.4834502430137476
high_debt_burden,app,"Logistic (app, calibrated)",1,0.4883428527913896
high_debt_burden,app,"Logistic (app, calibrated)",0,0.17073346839125242
high_debt_burden,app,"Logistic (app, calibrated)",0,0.3138867239774784
high_debt_burden,app,"Logistic (app, calibrated)",0,0.3172580712346171
high_debt_burden,app,"Logistic (app, calibrated)",0,0.3747899853304843
high_debt_burden,app,"Logistic (app, calibrated)",0,0.45891843413040545
high_debt_burden,app,"Logistic (app, calibrated)",0,0.45605092464902774
high_debt_burden,app,"Logistic (app, calibrated)",1,0.3730170873614883
high_debt_burden,app,"Logistic (app, calibrated)",1,0.3594314419131173
high_debt_burden,app,"Logistic (app, calibrated)",0,0.4537444423334148
high_debt_burden,app,"Logistic (app, calibrated)",0,0.45783006264986953
high_debt_burden,app,"Logistic (app, calibrated)",0,0.2844737206821663
high_debt_burden,app,"Logistic (app, calibrated)",0,0.16319579135674608
high_debt_burden,app,"Logistic (app, calibrated)",1,0.2835521892800301
high_debt_burden,app,"Logistic (app, calibrated)",1,0.5566354995580609
high_debt_burden,app,"Logistic (app, calibrated)",1,0.4537444423334148
high_debt_burden,app,"Logistic (app, calibrated)",0,0.1522986857825568
high_debt_burden,app,"Logistic (app, calibrated)",1,0.5055840455840456
high_debt_burden,app,"Logistic (app, calibrated)",1,0.5803734094975914
high_debt_burden,app,"Logistic (app, calibrated)",1,0.45400305100951605
high_debt_burden,app,"Logistic (app, calibrated)",0,0.17328665988061412
high_debt_burden,app,"Logistic (app, calibrated)",0,0.16575989392084864
high_debt_burden,app,"Logistic (app, calibrated)",0,0.4760443658181181
high_debt_burden,app,"Logistic (app, calibrated)",0,0.015384615384615385
high_debt_burden,app,"Logistic (app, calibrated)",0,0.3808736136954228
high_debt_burden,app,"Logistic (app, calibrated)",0,0.3240801606534487
high_debt_burden,app,"Logistic (app, calibrated)",0,0.5872484295405406
high_debt_burden,app,"Logistic (app, calibrated)",0,0.3822224917963686
high_debt_burden,app,"Logistic (app, calibrated)",0,0.4815612085462174
high_debt_burden,app,"Logistic (app, calibrated)",0,0.3236391372686038
high_debt_burden,app,"Logistic (app, calibrated)",0,0.20081548516842637
high_debt_burden,app,"Logistic (app, calibrated)",1,0.27282946844866496
high_debt_burden,app,"Logistic (app, calibrated)",1,0.5204434780258811
high_debt_burden,app,"Logistic (app, calibrated)",0,0.30124296795084504
high_debt_burden,app,"Logistic (app, calibrated)",1,0.6329751102717102
high_debt_burden,app,"Logistic (app, calibrated)",0,0.5877601693362697
high_debt_burden,app,"Logistic (app, calibrated)",1,0.4558767693024586
high_debt_burden,app,"Logistic (app, calibrated)",1,0.45891843413040545
high_debt_burden,app,"Logistic (app, calibrated)",1,0.6329751102717102
high_debt_burden,app,"Logistic (app, calibrated)",1,0.3776667065107173
high_debt_burden,app,"Logistic (app, calibrated)",0,0.6571921433202345
high_debt_burden,app,"Logistic (app, calibrated)",1,0.5674966126728758
high_debt_burden,app,"Logistic (app, calibrated)",0,0.2210166304283951
high_debt_burden,app,"Logistic (app, calibrated)",1,0.4371593737033141
high_debt_burden,app,"Logistic (app, calibrated)",1,0.310773308617699
high_debt_burden,app,"Logistic (app, calibrated)",1,0.33946477603806413
high_debt_burden,app,"Logistic (app, calibrated)",1,0.47897530060845595
high_debt_burden,app,"Logistic (app, calibrated)",1,0.5949510955759292
high_debt_burden,app,"Logistic (app, calibrated)",1,0.2989489720621796
high_debt_burden,app,"Logistic (app, calibrated)",0,0.2419381742252594
high_debt_burden,app,"Logistic (app, calibrated)",0,0.11030178241871895
high_debt_burden,app,"Logistic (app, calibrated)",0,0.35391670651071727
high_debt_burden,app,"Logistic (app, calibrated)",1,0.5977522160241084
high_debt_burden,app,"Logistic (app, calibrated)",1,0.43344755101117133
high_debt_burden,app,"Logistic (app, calibrated)",1,0.50895826166724
high_debt_burden,app,"Logistic (app, calibrated)",1,0.3594314419131173
high_debt_burden,app,"Logistic (app, calibrated)",0,0.2930759988038396
high_debt_burden,app,"Logistic (app, calibrated)",1,0.5358891909631504
high_debt_burden,app,"Logistic (app, calibrated)",1,0.6114778576059487
high_debt_burden,app,"Logistic (app, calibrated)",0,0.36815682386992943
high_debt_burden,app,"Logistic (app, calibrated)",0,0.3427879014435969
high_debt_burden,app,"Logistic (app, calibrated)",1,0.38682970927899607
high_debt_burden,app,"Logistic (app, calibrated)",1,0.5569444665453283
high_debt_burden,app,"Logistic (app, calibrated)",0,0.30124296795084504
high_debt_burden,app,"Logistic (app, calibrated)",0,0.47897530060845595
high_debt_burden,app,"Logistic (app, calibrated)",0,0.6329751102717102
high_debt_burden,app,"Logistic (app, calibrated)",1,0.40024353422659187
high_debt_burden,app,"Logistic (app, calibrated)",1,0.5709422130731536
high_debt_burden,app,"Logistic (app, calibrated)",1,0.4958471795989977
high_debt_burden,app,"Logistic (app, calibrated)",1,0.25243309403691805
high_debt_burden,app,"Logistic (app, calibrated)",1,0.5616023781144138
high_debt_burden,app,"Logistic (app, calibrated)",0,0.5878637087018715
high_debt_burden,app,"Logistic (app, calibrated)",0,0.36795235465078047
high_debt_burden,app,"Logistic (app, calibrated)",0,0.591047605645475
high_debt_burden,app,"Logistic (app, calibrated)",0,0.2555793525403194
high_debt_burden,app,"Logistic (app, calibrated)",0,0.27197386121534733
high_debt_burden,app,"Logistic (app, calibrated)",0,0.3491941391941392
high_debt_burden,app,"Logistic (app, calibrated)",1,0.591047605645475
high_debt_burden,app,"Logistic (app, calibrated)",0,0.29524432571916626
high_debt_burden,app,"Logistic (app, calibrated)",0,0.11887321099014751
high_debt_burden,app,"Logistic (app, calibrated)",1,0.6395574234656641
high_debt_burden,app,"Logistic (app, calibrated)",0,0.3256292361484669
high_debt_burden,app,"Logistic (app, calibrated)",1,0.7134600422960519
high_debt_burden,app,"Logistic (app, calibrated)",1,0.4537444423334148
high_debt_burden,app,"Logistic (app, calibrated)",1,0.288210386497211
high_debt_burden,app,"Logistic (app, calibrated)",1,0.6213311062129769
high_debt_burden,app,"Logistic (app, calibrated)",0,0.4354293404351289
high_debt_burden,app,"Logistic (app, calibrated)",1,0.5966203956338181
high_debt_burden,app,"Logistic (app, calibrated)",0,0.3043939935647142
high_debt_burden,app,"Logistic (app, calibrated)",1,0.49860175816526275
high_debt_burden,app,"Logistic (app, calibrated)",0,0.5233919881325008
high_debt_burden,app,"Logistic (app, calibrated)",0,0.5780121555104899
high_debt_burden,app,"Logistic (app, calibrated)",0,0.6562633058186054
high_debt_burden,app,"Logistic (app, calibrated)",0,0.40024353422659187
high_debt_burden,app,"Logistic (app, calibrated)",0,0.39244878295357977
high_debt_burden,app,"Logistic (app, calibrated)",1,0.4883428527913896
high_debt_burden,app,"Logistic (app, calibrated)",1,0.45004073862971106
high_debt_burden,app,"Logistic (app, calibrated)",1,0.36209290060167254
high_debt_burden,app,"Logistic (app, calibrated)",0,0.2930759988038396
high_debt_burden,app,"Logistic (app, calibrated)",1,0.4879429625926951
high_debt_burden,app,"Logistic (app, calibrated)",0,0.28256575210753104
high_debt_burden,app,"Logistic (app, calibrated)",1,0.2405435504093222
high_debt_burden,app,"Logistic (app, calibrated)",1,0.6114778576059487
high_debt_burden,app,"Logistic (app, calibrated)",0,0.45891843413040545
high_debt_burden,app,"Logistic (app, calibrated)",0,0.4188942111283162
high_debt_burden,app,"Logistic (app, calibrated)",0,0.5935225241473578
high_debt_burden,app,"Logistic (app, calibrated)",1,0.47486831873927837
high_debt_burden,app,"Logistic (app, calibrated)",0,0.37415977042341364
high_debt_burden,app,"Logistic (app, calibrated)",0,0.26997232559152207
high_debt_burden,app,"Logistic (app, calibrated)",0,0.45335157115944436
high_debt_burden,app,"Logistic (app, calibrated)",0,0.4569979732907024
high_debt_burden,app,"Logistic (app, calibrated)",1,0.6329751102717102
high_debt_burden,app,"Logistic (app, calibrated)",0,0.5318222206906403
high_debt_burden,app,"Logistic (app, calibrated)",1,0.5949510955759292
high_debt_burden,app,"Logistic (app, calibrated)",1,0.39362871997679033
high_debt_burden,app,"Logistic (app, calibrated)",1,0.5254630843247405
high_debt_burden,app,"Logistic (app, calibrated)",1,0.269356379469587
high_debt_burden,app,"Logistic (app, calibrated)",1,0.5604081834761382
high_debt_burden,app,"Logistic (app, calibrated)",0,0.4730431979872119
high_debt_burden,app,"Logistic (app, calibrated)",1,0.6111122216663618
high_debt_burden,app,"Logistic (app, calibrated)",0,0.6096125597163082
high_debt_burden,app,"Logistic (app, calibrated)",1,0.4508138589670068
high_debt_burden,app,"Logistic (app, calibrated)",0,0.4280068403246263
high_debt_burden,app,"Logistic (app, calibrated)",0,0.08736263736263736
high_debt_burden,app,"Logistic (app, calibrated)",0,0.1639969834087481
high_debt_burden,app,"Logistic (app, calibrated)",0,0.4484163151339521
high_debt_burden,app,"Logistic (app, calibrated)",1,0.35391670651071727
high_debt_burden,app,"Logistic (app, calibrated)",1,0.35193481782227237
high_debt_burden,app,"Logistic (app, calibrated)",0,0.35697635505199055
high_debt_burden,app,"Logistic (app, calibrated)",1,0.6047988481484609
high_debt_burden,app,"Logistic (app, calibrated)",1,0.6114778576059487
high_debt_burden,app,"Logistic (app, calibrated)",1,0.5426463466481964
high_debt_burden,app,"Logistic (app, calibrated)",1,0.46871450221365435
high_debt_burden,app,"Logistic (app, calibrated)",0,0.5542334510787493
high_debt_burden,app,"Logistic (app, calibrated)",1,0.654905839755257
high_debt_burden,app,"Logistic (app, calibrated)",0,0.30124296795084504
high_debt_burden,app,"Logistic (app, calibrated)",1,0.15423027411536677
high_debt_burden,app,"Logistic (app, calibrated)",0,0.8730458221024259
high_debt_burden,app,"Logistic (app, calibrated)",1,0.5341849974534592
high_debt_burden,app,"Logistic (app, calibrated)",1,0.5523084859538738
high_debt_burden,app,"Logistic (app, calibrated)",0,0.2670911725660131
high_debt_burden,app,"Logistic (app, calibrated)",1,0.5634567563336447
high_debt_burden,app,"Logistic (app, calibrated)",1,0.5412662189641697
high_debt_burden,app,"Logistic (app, calibrated)",0,0.4558767693024586
high_debt_burden,app,"Logistic (app, calibrated)",1,0.6114778576059487
high_debt_burden,app,"Logistic (app, calibrated)",0,0.5247001782123895
high_debt_burden,app,"Logistic (app, calibrated)",1,0.6181160725175142
high_debt_burden,app,"Logistic (app, calibrated)",1,0.3409181437618435
high_debt_burden,app,"Logistic (app, calibrated)",0,0.3917827046045137
high_debt_burden,app,"Logistic (app, calibrated)",0,0.5962834419859959
high_debt_burden,app,"Logistic (app, calibrated)",1,0.49782100646896793
high_debt_burden,app,"Logistic (app, calibrated)",1,0.45891843413040545
high_debt_burden,app,"Logistic (app, calibrated)",0,0.46508085240960567
high_debt_burden,app,"Logistic (app, calibrated)",0,0.40344824271557417
high_debt_burden,app,"Logistic (app, calibrated)",0,0.6357733869552442
high_debt_burden,app,"Logistic (app, calibrated)",0,0.3001270143685004
high_debt_burden,app,"Logistic (app, calibrated)",1,0.5489894930304138
high_debt_burden,app,"Logistic (app, calibrated)",1,0.5185607196401799
high_debt_burden,app,"Logistic (app, calibrated)",0,0.0722960888130604
high_debt_burden,app,"Logistic (app, calibrated)",0,0.20540497729304916
high_debt_burden,app,"Logistic (app, calibrated)",0,0.48174131143305887
high_debt_burden,app,"Logistic (app, calibrated)",1,0.5120559866689897
high_debt_burden,app,"Logistic (app, calibrated)",1,0.579328972735545
high_debt_burden,app,"Logistic (app, calibrated)",0,0.31806536677680053
high_debt_burden,app,"Logistic (app, calibrated)",1,0.591047605645475
high_debt_burden,app,"Logistic (app, calibrated)",0,0.2533495856366708
high_debt_burden,app,"Logistic (app, calibrated)",1,0.5920743789076293
high_debt_burden,app,"Logistic (app, calibrated)",0,0.2989489720621796
high_debt_burden,app,"Logistic (app, calibrated)",0,0.40954816501756425
high_debt_burden,app,"Logistic (app, calibrated)",0,0.6571921433202345
high_debt_burden,app,"Logistic (app, calibrated)",1,0.46601289495690884
high_debt_burden,app,"Logistic (app, calibrated)",0,0.5709422130731536
high_debt_burden,app,"Logistic (app, calibrated)",1,0.6173596212678619
high_debt_burden,app,"Logistic (app, calibrated)",0,0.6248381236260826
high_debt_burden,app,"Logistic (app, calibrated)",1,0.5074718652059298
high_debt_burden,app,"Logistic (app, calibrated)",0,0.48174131143305887
high_debt_burden,app,"Logistic (app, calibrated)",0,0.6096125597163082
high_debt_burden,app,"Logistic (app, calibrated)",1,0.4047557839633525
high_debt_burden,app,"Logistic (app, calibrated)",1,0.3001270143685004
high_debt_burden,app,"Logistic (app, calibrated)",0,0.43238851343039464
high_debt_burden,app,"Logistic (app, calibrated)",1,0.25187198104661346
high_debt_burden,app,"Logistic (app, calibrated)",0,0.17655244119559835
high_debt_burden,app,"Logistic (app, calibrated)",0,0.36574281644729234
high_debt_burden,app,"Logistic (app, calibrated)",1,0.5388896732141039
high_debt_burden,app,"Logistic (app, calibrated)",0,0.4944937227424102
high_debt_burden,app,"Logistic (app, calibrated)",0,0.15657814429792255
high_debt_burden,app,"Logistic (app, calibrated)",1,0.42309558413746534
high_debt_burden,app,"Logistic (app, calibrated)",0,0.4014119931015873
high_debt_burden,app,"Logistic (app, calibrated)",1,0.49780631748887705
high_debt_burden,app,"Logistic (app, calibrated)",0,0.40076000759824504
high_debt_burden,app,"Logistic (app, calibrated)",1,0.28256575210753104
high_debt_burden,app,"Logistic (app, calibrated)",1,0.4566814411978896
high_debt_burden,app,"Logistic (app, calibrated)",1,0.4835139397451771
high_debt_burden,app,"Logistic (app, calibrated)",0,0.5412662189641697
high_debt_burden,app,"Logistic (app, calibrated)",0,0.5237381580625886
high_debt_burden,app,"Logistic (app, calibrated)",0,0.1378674463937622
high_debt_burden,app,"Logistic (app, calibrated)",0,0.5756945107223352
high_debt_burden,app,"Logistic (app, calibrated)",0,0.26997232559152207
high_debt_burden,app,"Logistic (app, calibrated)",0,0.6518098645230588
high_debt_burden,app,"Logistic (app, calibrated)",0,0.3605742990559745
high_debt_burden,app,"Logistic (app, calibrated)",1,0.27197386121534733
high_debt_burden,app,"Logistic (app, calibrated)",1,0.37219248674658145
high_debt_burden,app,"Logistic (app, calibrated)",1,0.527723890473125
high_debt_burden,app,"Logistic (app, calibrated)",0,0.5983243789076292
high_debt_burden,app,"Logistic (app, calibrated)",0,0.2533495856366708
high_debt_burden,app,"Logistic (app, calibrated)",1,0.4883428527913896
high_debt_burden,app,"Logistic (app, calibrated)",1,0.5082425495496588
high_debt_burden,app,"Logistic (app, calibrated)",1,0.5800195837567689
high_debt_burden,app,"Logistic (app, calibrated)",0,0.4952858903042084
high_debt_burden,app,"Logistic (app, calibrated)",1,0.6367446400475635
high_debt_burden,app,"Logistic (app, calibrated)",1,0.35268590720979354
high_debt_burden,app,"Logistic (app, calibrated)",1,0.2670911725660131
high_debt_burden,app,"Logistic (app, calibrated)",0,0.16849931809893642
high_debt_burden,app,"Logistic (app, calibrated)",0,0.18525989392084866
high_debt_burden,app,"Logistic (app, calibrated)",0,0.27282946844866496
high_debt_burden,app,"Logistic (app, calibrated)",1,0.5573749347491888
high_debt_burden,app,"Logistic (app, calibrated)",0,0.4823025843350138
high_debt_burden,app,"Logistic (app, calibrated)",1,0.5821226872997656
high_debt_burden,app,"Logistic (app, calibrated)",1,0.5955217505466379
high_debt_burden,app,"Logistic (app, calibrated)",1,0.14778649921507064
high_debt_burden,app,"Logistic (app, calibrated)",0,0.38634887705335297
high_debt_burden,app,"Logistic (app, calibrated)",1,0.4160798888677171
high_debt_burden,app,"Logistic (app, calibrated)",1,0.5709422130731536
high_debt_burden,app,"Logistic (app, calibrated)",1,0.6314745179326289
high_debt_burden,app,"Logistic (app, calibrated)",0,0.4651377015569464
high_debt_burden,app,"Logistic (app, calibrated)",0,0.3594314419131173
high_debt_burden,app,"Logistic (app, calibrated)",0,0.04556643356643357
high_debt_burden,app,"Logistic (app, calibrated)",0,0.585324026162189
high_debt_burden,app,"Logistic (app, calibrated)",1,0.5249049501223413
high_debt_burden,app,"Logistic (app, calibrated)",0,0.20096511290852243
high_debt_burden,app,"Logistic (app, calibrated)",0,0.43587587557430146
high_debt_burden,app,"Logistic (app, calibrated)",0,0.18526409479781072
high_debt_burden,app,"Logistic (app, calibrated)",1,0.5872484295405406
high_debt_burden,app,"Logistic (app, calibrated)",1,0.5409054352298657
high_debt_burden,app,"Logistic (app, calibrated)",1,0.2526803025460744
high_debt_burden,app,"Logistic (app, calibrated)",0,0.4558767693024586
high_debt_burden,app,"Logistic (app, calibrated)",1,0.6329751102717102
high_debt_burden,app,"Logistic (app, calibrated)",1,0.5892059610729536
high_debt_burden,app,"Logistic (app, calibrated)",0,0.17051506989234028
high_debt_burden,app,"Logistic (app, calibrated)",1,0.3993711723899322
high_debt_burden,app,"Logistic (app, calibrated)",0,0.5735779422679858
high_debt_burden,app,"Logistic (app, calibrated)",0,0.11030178241871895
high_debt_burden,app,"Logistic (app, calibrated)",0,0.45335157115944436
high_debt_burden,app,"Logistic (app, calibrated)",1,0.6314745179326289
high_debt_burden,app,"Logistic (app, calibrated)",0,0.22387377328553795
high_debt_burden,app,"Logistic (app, calibrated)",0,0.4850155690648318
high_debt_burden,app,"Logistic (app, calibrated)",0,0.25401424948909
high_debt_burden,app,"Logistic (app, calibrated)",1,0.5930041273846054
high_debt_burden,app,"Logistic (app, calibrated)",0,0.20859202985472475
high_debt_burden,app,"Logistic (app, calibrated)",1,0.6329751102717102
high_debt_burden,app,"Logistic (app, calibrated)",0,0.4850155690648318
high_debt_burden,app,"Logistic (app, calibrated)",0,0.5126688821265427
high_debt_burden,app,"Logistic (app, calibrated)",0,0.41445922050110173
high_debt_burden,app,"Logistic (app, calibrated)",0,0.40044187946063925
high_debt_burden,app,"Logistic (app, calibrated)",1,0.4804335723187626
high_debt_burden,app,"Logistic (app, calibrated)",1,0.30691973714367116
high_debt_burden,app,"Logistic (app, calibrated)",0,0.46646298533751995
high_debt_burden,app,"Logistic (app, calibrated)",0,0.16288956200137544
high_debt_burden,app,"Logistic (app, calibrated)",1,0.523544732575578
high_debt_burden,app,"Logistic (app, calibrated)",0,0.4860774853302818
high_debt_burden,app,"Logistic (app, calibrated)",0,0.5709422130731536
high_debt_burden,app,"Logistic (app, calibrated)",0,0.43238851343039464
high_debt_burden,app,"Logistic (app, calibrated)",0,0.5651060401234863
high_debt_burden,app,"Logistic (app, calibrated)",1,0.6096125597163082
high_debt_burden,app,"Logistic (app, calibrated)",1,0.3822224917963686
high_debt_burden,app,"Logistic (app, calibrated)",0,0.4944937227424102
high_debt_burden,app,"Logistic (app, calibrated)",0,0.23205559146735616
high_debt_burden,app,"Logistic (app, calibrated)",0,0.40364346048830724
high_debt_burden,app,"Logistic (app, calibrated)",1,0.49539115890970925
high_debt_burden,app,"Logistic (app, calibrated)",0,0.5166077565544496
high_debt_burden,app,"Logistic (app, calibrated)",0,0.1461058269461631
high_debt_burden,app,"Logistic (app, calibrated)",1,0.6594634466234985
high_debt_burden,app,"Logistic (app, calibrated)",0,0.7894387755102041
high_debt_burden,app,"Logistic (app, calibrated)",0,0.099707836390049
high_debt_burden,app,"Logistic (app, calibrated)",0,0.4944937227424102
high_debt_burden,app,"Logistic (app, calibrated)",1,0.4392790803914193
high_debt_burden,app,"Logistic (app, calibrated)",0,0.3972579679624439
high_debt_burden,app,"Logistic (app, calibrated)",1,0.6314745179326289
high_debt_burden,app,"Logistic (app, calibrated)",0,0.3822224917963686
high_debt_burden,app,"Logistic (app, calibrated)",0,0.3138867239774784
high_debt_burden,app,"Logistic (app, calibrated)",1,0.12107101318794973
high_debt_burden,app,"Logistic (app, calibrated)",0,0.3131128214791301
high_debt_burden,app,"Logistic (app, calibrated)",0,0.4622209997846201
high_debt_burden,app,"Logistic (app, calibrated)",0,0.7084955575521613
high_debt_burden,app,"Logistic (app, calibrated)",0,0.546270767433966
high_debt_burden,app,"Logistic (app, calibrated)",0,0.4639340800899193
high_debt_burden,app,"Logistic (app, calibrated)",1,0.591047605645475
high_debt_burden,app,"Logistic (app, calibrated)",0,0.3001270143685004
high_debt_burden,app,"Logistic (app, calibrated)",1,0.5935225241473578
high_debt_burden,app,"Logistic (app, calibrated)",0,0.4853055487956265
high_debt_burden,app,"Logistic (app, calibrated)",1,0.5218405507940096
high_debt_burden,app,"Logistic (app, calibrated)",0,0.23901013324042109
high_debt_burden,app,"Logistic (app, calibrated)",0,0.6562633058186054
high_debt_burden,app,"Logistic (app, calibrated)",0,0.2210166304283951
high_debt_burden,app,"Logistic (app, calibrated)",0,0.28256575210753104
high_debt_burden,app,"Logistic (app, calibrated)",1,0.6047988481484609
high_debt_burden,app,"Logistic (app, calibrated)",1,0.45004073862971106
high_debt_burden,app,"Logistic (app, calibrated)",1,0.3979632325371093
high_debt_burden,app,"Logistic (app, calibrated)",0,0.2853532436400681
high_debt_burden,app,"Logistic (app, calibrated)",0,0.29956760751882705
high_debt_burden,app,"Logistic (app, calibrated)",1,0.2989489720621796
high_debt_burden,app,"Logistic (app, calibrated)",0,0.3926471281876271
high_debt_burden,app,"Logistic (app, calibrated)",1,0.591047605645475
high_debt_burden,app,"Logistic (app, calibrated)",0,0.3801868990578993
high_debt_burden,app,"Logistic (app, calibrated)",0,0.44338606226059685
high_debt_burden,app,"Logistic (app, calibrated)",0,0.6114778576059487
high_debt_burden,app,"Logistic (app, calibrated)",0,0.2666063764721483
high_debt_burden,app,"Logistic (app, calibrated)",0,0.28256575210753104
high_debt_burden,app,"Logistic (app, calibrated)",1,0.27250873548555044
high_debt_burden,app,"Logistic (app, calibrated)",1,0.6486809771420313
high_debt_burden,app,"Logistic (app, calibrated)",0,0.2989489720621796
high_debt_burden,app,"Logistic (app, calibrated)",0,0.5128085022227531
high_debt_burden,app,"Logistic (app, calibrated)",0,0.22944491584911675
high_debt_burden,app,"Logistic (app, calibrated)",1,0.5949510955759292
high_debt_burden,app,"Logistic (app, calibrated)",1,0.3675404087330628
high_debt_burden,app,"Logistic (app, calibrated)",0,0.17708227661599252
high_debt_burden,app,"Logistic (app, calibrated)",0,0.26946351932929113
high_debt_burden,app,"Logistic (app, calibrated)",0,0.5676274301021645
high_debt_burden,app,"Logistic (app, calibrated)",1,0.26997232559152207
high_debt_burden,app,"Logistic (app, calibrated)",0,0.3675402803620894
high_debt_burden,app,"Logistic (app, calibrated)",1,0.6213311062129769
high_debt_burden,app,"Logistic (app, calibrated)",1,0.6213311062129769
high_debt_burden,app,"Logistic (app, calibrated)",1,0.6114778576059487
high_debt_burden,app,"Logistic (app, calibrated)",1,0.4883457812989003
high_debt_burden,app,"Logistic (app, calibrated)",0,0.49782100646896793
high_debt_burden,app,"Logistic (app, calibrated)",0,0.2666063764721483
high_debt_burden,app,"Logistic (app, calibrated)",0,0.3133111573111573
high_debt_burden,app,"Logistic (app, calibrated)",1,0.5556235856221731
high_debt_burden,app,"Logistic (app, calibrated)",0,0.5858036475971394
high_debt_burden,app,"Logistic (app, calibrated)",0,0.42309558413746534
high_debt_burden,app,"Logistic (app, calibrated)",0,0.3605742990559745
high_debt_burden,app,"Logistic (app, calibrated)",0,0.3778069073807842
high_debt_burden,app,"Logistic (app, calibrated)",1,0.5686057209769153
high_debt_burden,app,"Logistic (app, calibrated)",0,0.11309637577882703
high_debt_burden,app,"Logistic (app, calibrated)",0,0.5949510955759292
high_debt_burden,app,"Logistic (app, calibrated)",0,0.6329751102717102
high_debt_burden,app,"Logistic (app, calibrated)",0,0.33844886812355374
high_debt_burden,app,"Logistic (app, calibrated)",0,0.18883441336812928
high_debt_burden,app,"Logistic (app, calibrated)",0,0.28125173111750296
high_debt_burden,app,"Logistic (app, calibrated)",0,0.1378674463937622
high_debt_burden,app,"Logistic (app, calibrated)",0,0.44231229769390235
high_debt_burden,app,"Logistic (app, calibrated)",0,0.24679562202589467
high_debt_burden,app,"Logistic (app, calibrated)",1,0.46501079850995064
high_debt_burden,app,"Logistic (app, calibrated)",1,0.4639340800899193
high_debt_burden,app,"Logistic (app, calibrated)",0,0.5462837506634335
high_debt_burden,app,"Logistic (app, calibrated)",0,0.3268763747024616
high_debt_burden,app,"Logistic (app, calibrated)",1,0.6457635718916631
high_debt_burden,app,"Logistic (app, calibrated)",1,0.5419150108734986
high_debt_burden,app,"Logistic (app, calibrated)",1,0.4280068403246263
high_debt_burden,app,"Logistic (app, calibrated)",1,0.3460531680862009
high_debt_burden,app,"Logistic (app, calibrated)",1,0.5489894930304138
high_debt_burden,app,"Logistic (app, calibrated)",1,0.5966203956338181
high_debt_burden,app,"Logistic (app, calibrated)",0,0.4883428527913896
high_debt_burden,app,"Logistic (app, calibrated)",1,0.3039871986983731
high_debt_burden,app,"Logistic (app, calibrated)",0,0.5847059610729537
high_debt_burden,app,"Logistic (app, calibrated)",0,0.7819783487996532
high_debt_burden,app,"Logistic (app, calibrated)",0,0.6329751102717102
high_debt_burden,app,"Logistic (app, calibrated)",0,0.11519873532068654
high_debt_burden,app,"Logistic (app, calibrated)",1,0.029575430674858634
high_debt_burden,app,"Logistic (app, calibrated)",0,0.527723890473125
high_debt_burden,app,"Logistic (app, calibrated)",1,0.39993555210009185
high_debt_burden,app,"Logistic (app, calibrated)",1,0.5920532105020875
high_debt_burden,app,"Logistic (app, calibrated)",0,0.3605742990559745
high_debt_burden,app,"Logistic (app, calibrated)",1,0.41532553464049915
high_debt_burden,app,"Logistic (app, calibrated)",1,0.515763161959855
high_debt_burden,app,"Logistic (app, calibrated)",0,0.24015310469825435
high_debt_burden,app,"Logistic (app, calibrated)",1,0.6186823271581687
high_debt_burden,app,"Logistic (app, calibrated)",0,0.17325989392084865
high_debt_burden,app,"Logistic (app, calibrated)",0,0.25243309403691805
high_debt_burden,app,"Logistic (app, calibrated)",0,0.25243309403691805
high_debt_burden,app,"Logistic (app, calibrated)",0,0.18161452226278926
high_debt_burden,app,"Logistic (app, calibrated)",1,0.6571921433202345
high_debt_burden,app,"Logistic (app, calibrated)",0,0.18214288792440053
high_debt_burden,app,"Logistic (app, calibrated)",1,0.2916763818705566
high_debt_burden,app,"Logistic (app, calibrated)",1,0.6395715512748275
high_debt_burden,app,"Logistic (app, calibrated)",0,0.16704517704517707
high_debt_burden,app,"Logistic (app, calibrated)",0,0.24330378859790622
high_debt_burden,app,"Logistic (app, calibrated)",0,0.2835521892800301
high_debt_burden,app,"Logistic (app, calibrated)",0,0.574844598126678
high_debt_burden,app,"Logistic (app, calibrated)",1,0.6213311062129769
high_debt_burden,app,"Logistic (app, calibrated)",1,0.2989489720621796
high_debt_burden,app,"Logistic (app, calibrated)",1,0.5963294313572558
high_debt_burden,app,"Logistic (app, calibrated)",1,0.4188942111283162
high_debt_burden,app,"Logistic (app, calibrated)",1,0.6609007120283271
high_debt_burden,app,"Logistic (app, calibrated)",0,0.5379204236948676
high_debt_burden,app,"Logistic (app, calibrated)",0,0.3784314419131173
high_debt_burden,app,"Logistic (app, calibrated)",1,0.3315200245398534
high_debt_burden,app,"Logistic (app, calibrated)",1,0.3594314419131173
high_debt_burden,app,"Logistic (app, calibrated)",0,0.4155005459699452
high_debt_burden,app,"Logistic (app, calibrated)",0,0.34194308311847
high_debt_burden,app,"Logistic (app, calibrated)",0,0.30656889452011404
high_debt_burden,app,"Logistic (app, calibrated)",1,0.23088448099768852
high_debt_burden,app,"Logistic (app, calibrated)",0,0.6451816830416631
high_debt_burden,app,"Logistic (app, calibrated)",1,0.607829832026491
high_debt_burden,app,"Logistic (app, calibrated)",0,0.6351039821701177
high_debt_burden,app,"Logistic (app, calibrated)",0,0.3076746490190548
high_debt_burden,app,"Logistic (app, calibrated)",0,0.6329751102717102
high_debt_burden,app,"Logistic (app, calibrated)",0,0.15092172851036317
high_debt_burden,app,"Logistic (app, calibrated)",0,0.5949510955759292
high_debt_burden,app,"Logistic (app, calibrated)",1,0.4883428527913896
high_debt_burden,app,"Logistic (app, calibrated)",0,0.2930759988038396
high_debt_burden,app,"Logistic (app, calibrated)",1,0.2111928436589924
high_debt_burden,app,"Logistic (app, calibrated)",0,0.36433337317738396
high_debt_burden,app,"Logistic (app, calibrated)",0,0.154927489831076
high_debt_burden,app,"Logistic (app, calibrated)",1,0.575547460130503
high_debt_burden,app,"Logistic (app, calibrated)",0,0.7042532613585245
high_debt_burden,app,"Logistic (app, calibrated)",1,0.17073346839125242
high_debt_burden,app,"Logistic (app, calibrated)",0,0.6562633058186054
high_debt_burden,app,"Logistic (app, calibrated)",0,0.28256575210753104
high_debt_burden,app,"Logistic (app, calibrated)",0,0.09988527325823947
high_debt_burden,app,"Logistic (app, calibrated)",0,0.18896920951549362
high_debt_burden,app,"Logistic (app, calibrated)",0,0.2670911725660131
high_debt_burden,app,"Logistic (app, calibrated)",0,0.41479005362336113
high_debt_burden,app,"Logistic (app, calibrated)",0,0.3801868990578993
high_debt_burden,app,"Logistic (app, calibrated)",0,0.28956722687401504
high_debt_burden,app,"Logistic (app, calibrated)",0,0.45540348201378666
high_debt_burden,app,"Logistic (app, calibrated)",0,0.5099258480188256
high_debt_burden,app,"Logistic (app, calibrated)",0,0.5684590309337654
high_debt_burden,app,"Logistic (app, calibrated)",1,0.4668591964317755
high_debt_burden,app,"Logistic (app, calibrated)",0,0.38514080956872815
high_debt_burden,app,"Logistic (app, calibrated)",1,0.5166077565544496
high_debt_burden,app,"Logistic (app, calibrated)",0,0.28256575210753104
high_debt_burden,app,"Logistic (app, calibrated)",0,0.2738426794746422
high_debt_burden,app,"Logistic (app, calibrated)",0,0.1522986857825568
high_debt_burden,app,"Logistic (app, calibrated)",0,0.6177609743028571
high_debt_burden,app,"Logistic (app, calibrated)",0,0.4736463214451202
high_debt_burden,app,"Logistic (app, calibrated)",0,0.6367446400475635
high_debt_burden,app,"Logistic (app, calibrated)",0,0.4850208823946131
high_debt_burden,app,"Logistic (app, calibrated)",1,0.4508138589670068
high_debt_burden,app,"Logistic (app, calibrated)",1,0.614355620059014
high_debt_burden,app,"Logistic (app, calibrated)",1,0.5858036475971394
high_debt_burden,app,"Logistic (app, calibrated)",0,0.20256455635359139
high_debt_burden,app,"Logistic (app, calibrated)",1,0.43794747637316567
high_debt_burden,app,"Logistic (app, calibrated)",0,0.1266807692855107
high_debt_burden,app,"Logistic (app, calibrated)",1,0.5249049501223413
high_debt_burden,app,"Logistic (app, calibrated)",0,0.16026278742010922
high_debt_burden,app,"Logistic (app, calibrated)",0,0.6213311062129769
high_debt_burden,app,"Logistic (app, calibrated)",1,0.40462348853584995
high_debt_burden,app,"Logistic (app, calibrated)",1,0.6285235695073227
high_debt_burden,app,"Logistic (app, calibrated)",0,0.5604081834761382
high_debt_burden,app,"Logistic (app, calibrated)",1,0.4883428527913896
high_debt_burden,app,"Logistic (app, calibrated)",0,0.2913251058996023
high_debt_burden,app,"Logistic (app, calibrated)",1,0.4777395276679167
high_debt_burden,app,"Logistic (app, calibrated)",0,0.6140205932241873
high_debt_burden,app,"Logistic (app, calibrated)",0,0.4975809104305526
high_debt_burden,app,"Logistic (app, calibrated)",0,0.310773308617699
high_debt_burden,app,"Logistic (app, calibrated)",1,0.48841735622995125
high_debt_burden,app,"Logistic (app, calibrated)",1,0.551996161945586
high_debt_burden,app,"Logistic (app, calibrated)",0,0.5949510955759292
high_debt_burden,app,"Logistic (app, calibrated)",0,0.605492683113772
high_debt_burden,app,"Logistic (app, calibrated)",0,0.28256575210753104
high_debt_burden,app,"Logistic (app, calibrated)",1,0.5199642267667418
high_debt_burden,app,"Logistic (app, calibrated)",0,0.2909953007542566
high_debt_burden,app,"Logistic (app, calibrated)",1,0.5935225241473578
high_debt_burden,app,"Logistic (app, calibrated)",1,0.6859992931045563
high_debt_burden,app,"Logistic (app, calibrated)",1,0.3266218359669276
high_debt_burden,app,"Logistic (app, calibrated)",0,0.5868946037997179
high_debt_burden,app,"Logistic (app, calibrated)",1,0.5590979116978924
high_debt_burden,app,"Logistic (app, calibrated)",0,0.2670911725660131
high_debt_burden,app,"Logistic (app, calibrated)",0,0.24679562202589467
high_debt_burden,app,"Logistic (app, calibrated)",1,0.2865716135716136
high_debt_burden,app,"Logistic (app, calibrated)",1,0.4816018450919228
high_debt_burden,app,"Logistic (app, calibrated)",0,0.4759909546340352
high_debt_burden,app,"Logistic (app, calibrated)",0,0.2930759988038396
high_debt_burden,app,"Logistic (app, calibrated)",0,0.43150287791542813
high_debt_burden,app,"Logistic (app, calibrated)",0,0.25401424948909
high_debt_burden,app,"Logistic (app, calibrated)",0,0.5304664770638435
high_debt_burden,app,"Logistic (app, calibrated)",0,0.6041844661404755
high_debt_burden,app,"Logistic (app, calibrated)",1,0.16849931809893642
high_debt_burden,app,"Logistic (app, calibrated)",0,0.05945378151260504
high_debt_burden,app,"Logistic (app, calibrated)",0,0.4883428527913896
high_debt_burden,app,"Logistic (app, calibrated)",1,0.25318910880830525
high_debt_burden,app,"Logistic (app, calibrated)",0,0.5612151983595673
high_debt_burden,app,"Logistic (app, calibrated)",1,0.497152966641507
high_debt_burden,app,"Logistic (app, calibrated)",1,0.5092600852493033
high_debt_burden,app,"Logistic (app, calibrated)",0,0.13664211042507188
high_debt_burden,app,"Logistic (app, calibrated)",1,0.5176208916168348
high_debt_burden,app,"Logistic (app, calibrated)",0,0.22027221984289422
high_debt_burden,app,"Logistic (app, calibrated)",0,0.1153563397336101
high_debt_burden,app,"Logistic (app, calibrated)",0,0.47265805454226034
high_debt_burden,app,"Logistic (app, calibrated)",0,0.6187761052342162
high_debt_burden,app,"Logistic (app, calibrated)",1,0.5868946037997179
high_debt_burden,app,"Logistic (app, calibrated)",1,0.5990845624341752
high_debt_burden,app,"Logistic (app, calibrated)",1,0.6562633058186054
high_debt_burden,app,"Logistic (app, calibrated)",0,0.5709422130731536
high_debt_burden,app,"Logistic (app, calibrated)",0,0.43596958306634914
high_debt_burden,app,"Logistic (app, calibrated)",0,0.46618705030347796
high_debt_burden,app,"Logistic (app, calibrated)",0,0.37483526917967014
high_debt_burden,app,"Logistic (app, calibrated)",0,0.43306496270731376
high_debt_burden,app,"Logistic (app, calibrated)",1,0.4057996346291105
high_debt_burden,app,"Logistic (app, calibrated)",1,0.6314745179326289
high_debt_burden,app,"Logistic (app, calibrated)",0,0.4306092553864442
high_debt_burden,app,"Logistic (app, calibrated)",0,0.5304664770638435
high_debt_burden,app,"Logistic (app, calibrated)",0,0.07520744279607744
high_debt_burden,app,"Logistic (app, calibrated)",0,0.3236391372686038
high_debt_burden,app,"Logistic (app, calibrated)",1,0.43238851343039464
high_debt_burden,app,"Logistic (app, calibrated)",1,0.5375609216018422
high_debt_burden,app,"Logistic (app, calibrated)",1,0.49696406463860077
high_debt_burden,app,"Logistic (app, calibrated)",0,0.3329470656058312
high_debt_burden,app,"Logistic (app, calibrated)",0,0.4347277437115261
high_debt_burden,app,"Logistic (app, calibrated)",0,0.2849778363800662
high_debt_burden,app,"Logistic (app, calibrated)",1,0.6329751102717102
high_debt_burden,app,"Logistic (app, calibrated)",0,0.6160354639996591
high_debt_burden,app,"Logistic (app, calibrated)",0,0.02195121951219512
high_debt_burden,app,"Logistic (app, calibrated)",0,0.15016745159602304
high_debt_burden,app,"Logistic (app, calibrated)",1,0.25243309403691805
high_debt_burden,app,"Logistic (app, calibrated)",1,0.6096125597163082
high_debt_burden,app,"Logistic (app, calibrated)",1,0.42309558413746534
high_debt_burden,app,"Logistic (app, calibrated)",0,0.17073346839125242
high_debt_burden,app,"Logistic (app, calibrated)",1,0.6329751102717102
high_debt_burden,app,"Logistic (app, calibrated)",1,0.5872484295405406
high_debt_burden,app,"Logistic (app, calibrated)",0,0.5709422130731536
high_debt_burden,app,"Logistic (app, calibrated)",1,0.4958471795989977
high_debt_burden,app,"Logistic (app, calibrated)",0,0.2216317214974933
high_debt_burden,app,"Logistic (app, calibrated)",1,0.3214238306293475
high_debt_burden,app,"Logistic (app, calibrated)",0,0.24791970408338698
high_debt_burden,app,"Logistic (app, calibrated)",1,0.49141623127830025
high_debt_burden,app,"Logistic (app, calibrated)",1,0.2999027973438137
high_debt_burden,app,"Logistic (app, calibrated)",0,0.6213311062129769
high_debt_burden,app,"Logistic (app, calibrated)",1,0.6047432541500338
high_debt_burden,app,"Logistic (app, calibrated)",0,0.17373027411536676
high_debt_burden,app,"Logistic (app, calibrated)",1,0.6114778576059487
high_debt_burden,app,"Logistic (app, calibrated)",0,0.24195029181606365
high_debt_burden,app,"Logistic (app, calibrated)",1,0.6076560379771777
high_debt_burden,app,"Logistic (app, calibrated)",0,0.4280068403246263
high_debt_burden,app,"Logistic (app, calibrated)",1,0.4899306660753132
high_debt_burden,app,"Logistic (app, calibrated)",0,0.6329751102717102
high_debt_burden,app,"Logistic (app, calibrated)",1,0.4420288122380348
high_debt_burden,app,"Logistic (app, calibrated)",0,0.39993555210009185
high_debt_burden,app,"Logistic (app, calibrated)",1,0.2533495856366708
high_debt_burden,app,"Logistic (app, calibrated)",0,0.8760682998294362
high_debt_burden,app,"Logistic (app, calibrated)",1,0.6562633058186054
high_debt_burden,app,"Logistic (app, calibrated)",0,0.2909953007542566
high_debt_burden,app,"Logistic (app, calibrated)",0,0.5573749347491888
high_debt_burden,app,"Logistic (app, calibrated)",1,0.27197386121534733
high_debt_burden,app,"Logistic (app, calibrated)",0,0.18883441336812928
high_debt_burden,app,"Logistic (app, calibrated)",0,0.2878236589632118
high_debt_burden,app,"Logistic (app, calibrated)",0,0.27622247633568386
high_debt_burden,app,"Logistic (app, calibrated)",1,0.5550305849793317
high_debt_burden,app,"Logistic (app, calibrated)",1,0.6562633058186054
high_debt_burden,app,"Logistic (app, calibrated)",1,0.4537444423334148
high_debt_burden,app,"Logistic (app, calibrated)",1,0.4975809104305526
high_debt_burden,app,"Logistic (app, calibrated)",1,0.5259475915131894
high_debt_burden,app,"Logistic (app, calibrated)",1,0.4639340800899193
high_debt_burden,app,"Logistic (app, calibrated)",0,0.39737281322356577
high_debt_burden,app,"Logistic (app, calibrated)",1,0.6291633220119653
high_debt_burden,app,"Logistic (app, calibrated)",0,0.2835521892800301
high_debt_burden,app,"Logistic (app, calibrated)",1,0.4639340800899193
high_debt_burden,app,"Logistic (app, calibrated)",1,0.4883428527913896
high_debt_burden,app,"Logistic (app, calibrated)",1,0.5355666637890701
high_debt_burden,app,"Logistic (app, calibrated)",1,0.4188942111283162
high_debt_burden,app,"Logistic (app, calibrated)",1,0.6649699110413396
high_debt_burden,app,"Logistic (app, calibrated)",0,0.6096125597163082
high_debt_burden,app,"Logistic (app, calibrated)",0,0.4088915209728965
high_debt_burden,app,"Logistic (app, calibrated)",1,0.4823025843350138
high_debt_burden,app,"Logistic (app, calibrated)",0,0.6329751102717102
high_debt_burden,app,"Logistic (app, calibrated)",1,0.4883428527913896
high_debt_burden,app,"Logistic (app, calibrated)",0,0.5533504195990071
high_debt_burden,app,"Logistic (app, calibrated)",0,0.27435255958062044
high_debt_burden,app,"Logistic (app, calibrated)",0,0.5869897959183673
high_debt_burden,app,"Logistic (app, calibrated)",1,0.6575966391519386
high_debt_burden,app,"Logistic (app, calibrated)",0,0.27197386121534733
high_debt_burden,app,"Logistic (app, calibrated)",1,0.3884082356264436
high_debt_burden,app,"Logistic (app, calibrated)",1,0.5045090033444752
high_debt_burden,app,"Logistic (app, calibrated)",1,0.5187281795242218
high_debt_burden,app,"Logistic (app, calibrated)",0,0.1721880341880342
high_debt_burden,app,"Logistic (app, calibrated)",0,0.1677503365283252
high_debt_burden,app,"Logistic (app, calibrated)",0,0.5015358903042084
high_debt_burden,app,"Logistic (app, calibrated)",1,0.5671427869320531
high_debt_burden,app,"Logistic (app, calibrated)",0,0.3088653400430637
high_debt_burden,app,"Logistic (app, calibrated)",0,0.3236391372686038
high_debt_burden,app,"Logistic (app, calibrated)",0,0.48377979612429256
high_debt_burden,app,"Logistic (app, calibrated)",0,0.4883428527913896
high_debt_burden,app,"Logistic (app, calibrated)",0,0.388789512908825
high_debt_burden,app,"Logistic (app, calibrated)",0,0.4400765649355267
high_debt_burden,app,"Logistic (app, calibrated)",0,0.3236625304923481
high_debt_burden,app,"Logistic (app, calibrated)",1,0.5239978710254141
high_debt_burden,app,"Logistic (app, calibrated)",0,0.28256575210753104
high_debt_burden,app,"Logistic (app, calibrated)",1,0.5768448673431092
high_debt_burden,app,"Logistic (app, calibrated)",1,0.5920743789076293
high_debt_burden,app,"Logistic (app, calibrated)",1,0.49135146075087405
high_debt_burden,app,"Logistic (app, calibrated)",1,0.45891843413040545
high_debt_burden,app,"Logistic (app, calibrated)",0,0.14848677932711546
high_debt_burden,app,"Logistic (app, calibrated)",1,0.6562633058186054
high_debt_burden,app,"Logistic (app, calibrated)",0,0.15795506128920062
high_debt_burden,app,"Logistic (app, calibrated)",0,0.17073346839125242
high_debt_burden,app,"Logistic (app, calibrated)",0,0.22663121005978146
high_debt_burden,app,"Logistic (app, calibrated)",1,0.47897530060845595
high_debt_burden,app,"Logistic (app, calibrated)",0,0.11897963556886004
high_debt_burden,app,"Logistic (app, calibrated)",1,0.48841735622995125
high_debt_burden,app,"Logistic (app, calibrated)",1,0.36767547245465604
high_debt_burden,app,"Logistic (app, calibrated)",1,0.474412243941359
high_debt_burden,app,"Logistic (app, calibrated)",1,0.3599315281668223
high_debt_burden,app,"Logistic (app, calibrated)",1,0.2930759988038396
high_debt_burden,app,"Logistic (app, calibrated)",0,0.5476864259861918
high_debt_burden,app,"Logistic (app, calibrated)",1,0.6595455668737592
high_debt_burden,app,"Logistic (app, calibrated)",0,0.4484163151339521
high_debt_burden,app,"Logistic (app, calibrated)",0,0.6329751102717102
high_debt_burden,app,"Logistic (app, calibrated)",1,0.3138867239774784
high_debt_burden,app,"Logistic (app, calibrated)",0,0.20540497729304916
high_debt_burden,app,"Logistic (app, calibrated)",0,0.582014410924715
high_debt_burden,app,"Logistic (app, calibrated)",1,0.49386873846659435
high_debt_burden,app,"Logistic (app, calibrated)",1,0.4315530311315169
high_debt_burden,app,"Logistic (app, calibrated)",0,0.6114778576059487
high_debt_burden,app,"Logistic (app, calibrated)",1,0.38458376884285495
high_debt_burden,app,"Logistic (app, calibrated)",0,0.4484163151339521
high_debt_burden,app,"Logistic (app, calibrated)",1,0.5698790301746633
high_debt_burden,app,"Logistic (app, calibrated)",0,0.4883428527913896
high_debt_burden,app,"Logistic (app, calibrated)",0,0.3599315281668223
high_debt_burden,app,"Logistic (app, calibrated)",1,0.5204434780258811
high_debt_burden,app,"Logistic (app, calibrated)",0,0.30371175166297115
high_debt_burden,app,"Logistic (app, calibrated)",0,0.03495893931145261
high_debt_burden,app,"Logistic (app, calibrated)",1,0.5096182414920094
high_debt_burden,app,"Logistic (app, calibrated)",0,0.5930041273846054
high_debt_burden,app,"Logistic (app, calibrated)",1,0.44424065879189845
high_debt_burden,app,"Logistic (app, calibrated)",0,0.5709422130731536
high_debt_burden,app,"Logistic (app, calibrated)",0,0.3682083413662361
high_debt_burden,app,"Logistic (app, calibrated)",0,0.4883428527913896
high_debt_burden,app,"Logistic (app, calibrated)",0,0.18567262802556922
high_debt_burden,app,"Logistic (app, calibrated)",1,0.3217936810351671
high_debt_burden,app,"Logistic (app, calibrated)",0,0.8639285714285714
high_debt_burden,app,"Logistic (app, calibrated)",1,0.386533507797151
high_debt_burden,app,"Logistic (app, calibrated)",0,0.41891101676896325
high_debt_burden,app,"Logistic (app, calibrated)",1,0.5949510955759292
high_debt_burden,app,"Logistic (app, calibrated)",1,0.6213311062129769
high_debt_burden,app,"Logistic (app, calibrated)",0,0.4376851882740172
high_debt_burden,app,"Logistic (app, calibrated)",0,0.27197386121534733
high_debt_burden,app,"Logistic (app, calibrated)",1,0.16879591924904536
high_debt_burden,app,"Logistic (app, calibrated)",0,0.32994205164122536
high_debt_burden,app,"Logistic (app, calibrated)",0,0.45004073862971106
high_debt_burden,app,"Logistic (app, calibrated)",1,0.6096125597163082
high_debt_burden,app,"Logistic (app, calibrated)",0,0.3182784793978824
high_debt_burden,app,"Logistic (app, calibrated)",0,0.2603555147665255
high_debt_burden,app,"Logistic (app, calibrated)",0,0.2738426794746422
high_debt_burden,app,"Logistic (app, calibrated)",1,0.27282946844866496
high_debt_burden,app,"Logistic (app, calibrated)",1,0.5489894930304138
high_debt_burden,app,"Logistic (app, calibrated)",1,0.33733038610617916
high_debt_burden,app,"Logistic (app, calibrated)",1,0.45605092464902774
high_debt_burden,app,"Logistic (app, calibrated)",0,0.48842412534501783
high_debt_burden,app,"Logistic (app, calibrated)",1,0.5126270469514775
high_debt_burden,app,"Logistic (app, calibrated)",1,0.5936292072556328
high_debt_burden,app,"Logistic (app, calibrated)",1,0.5475945003276917
high_debt_burden,app,"Logistic (app, calibrated)",0,0.25243309403691805
high_debt_burden,app,"Logistic (app, calibrated)",1,0.4047557839633525
high_debt_burden,app,"Logistic (app, calibrated)",1,0.6114778576059487
high_debt_burden,app,"Logistic (app, calibrated)",0,0.4762342014339569
high_debt_burden,app,"Logistic (app, calibrated)",0,0.14848677932711546
high_debt_burden,app,"Logistic (app, calibrated)",0,0.10470957613814758
high_debt_burden,app,"Logistic (app, calibrated)",1,0.5756945107223352
high_debt_burden,app,"Logistic (app, calibrated)",1,0.6314745179326289
high_debt_burden,app,"Logistic (app, calibrated)",1,0.1895319614200333
high_debt_burden,app,"Logistic (app, calibrated)",0,0.20886080843148278
high_debt_burden,app,"Logistic (app, calibrated)",0,0.55993040838536
high_debt_burden,app,"Logistic (app, calibrated)",0,0.4347449923959882
high_debt_burden,app,"Logistic (app, calibrated)",1,0.2783769704649479
high_debt_burden,app,"Logistic (app, calibrated)",1,0.3038754309227071
high_debt_burden,app,"Logistic (app, calibrated)",0,0.4027634665181566
high_debt_burden,app,"Logistic (app, calibrated)",0,0.5155875800612643
high_debt_burden,app,"Logistic (app, calibrated)",0,0.4280068403246263
high_debt_burden,app,"Logistic (app, calibrated)",0,0.4558767693024586
high_debt_burden,app,"Logistic (app, calibrated)",0,0.3329470656058312
high_debt_burden,app,"Logistic (app, calibrated)",0,0.4321198431100587
high_debt_burden,app,"Logistic (app, calibrated)",0,0.21475200222003288
high_debt_burden,app,"Logistic (app, calibrated)",1,0.6186823271581687
high_debt_burden,app,"Logistic (app, calibrated)",0,0.37415977042341364
high_debt_burden,app,"Logistic (app, calibrated)",0,0.45004073862971106
high_debt_burden,app,"Logistic (app, calibrated)",0,0.3776667065107173
high_debt_burden,app,"Logistic (app, calibrated)",0,0.3808736136954228
high_debt_burden,app,"Logistic (app, calibrated)",0,0.4915903866248693
high_debt_burden,app,"Logistic (app, calibrated)",1,0.510101708223354
high_debt_burden,app,"Logistic (app, calibrated)",0,0.3785428381167149
high_debt_burden,app,"Logistic (app, calibrated)",0,0.6050589823635442
high_debt_burden,app,"Logistic (app, calibrated)",0,0.5004304947964135
high_debt_burden,app,"Logistic (app, calibrated)",1,0.4639340800899193
high_debt_burden,app,"Logistic (app, calibrated)",0,0.3409181437618435
high_debt_burden,app,"Logistic (app, calibrated)",0,0.4347160237243223
high_debt_burden,app,"Logistic (app, calibrated)",0,0.4588771081168616
high_debt_burden,app,"Logistic (app, calibrated)",0,0.3517295500063862
high_debt_burden,app,"Logistic (app, calibrated)",1,0.3150873103504682
high_debt_burden,app,"Logistic (app, calibrated)",1,0.28918007651244854
high_debt_burden,app,"Logistic (app, calibrated)",0,0.546270767433966
high_debt_burden,app,"Logistic (app, calibrated)",0,0.5310385948682593
high_debt_burden,app,"Logistic (app, calibrated)",0,0.3730155437200196
high_debt_burden,app,"Logistic (app, calibrated)",0,0.2210166304283951
high_debt_burden,app,"Logistic (app, calibrated)",0,0.40044187946063925
high_debt_burden,app,"Logistic (app, calibrated)",1,0.45891843413040545
high_debt_burden,app,"Logistic (app, calibrated)",1,0.5489894930304138
high_debt_burden,app,"Logistic (app, calibrated)",0,0.5671427869320531
high_debt_burden,app,"Logistic (app, calibrated)",0,0.4608883274832533
high_debt_burden,app,"Logistic (app, calibrated)",1,0.5379492337351396
high_debt_burden,app,"Logistic (app, calibrated)",0,0.2909953007542566
high_debt_burden,app,"Logistic (app, calibrated)",1,0.4883428527913896
high_debt_burden,app,"Logistic (app, calibrated)",0,0.3776667065107173
high_debt_burden,app,"Logistic (app, calibrated)",1,0.5730514841694305
high_debt_burden,app,"Logistic (app, calibrated)",0,0.3409960242728604
high_debt_burden,app,"Logistic (app, calibrated)",0,0.6079197044615874
high_debt_burden,app,"Logistic (app, calibrated)",0,0.5015012385312249
high_debt_burden,app,"Logistic (app, calibrated)",0,0.1382826976944624
high_debt_burden,app,"Logistic (app, calibrated)",0,0.2909953007542566
high_debt_burden,app,"Logistic (app, calibrated)",1,0.3822224917963686
high_debt_burden,app,"Logistic (app, calibrated)",1,0.5709422130731536
high_debt_burden,app,"Logistic (app, calibrated)",1,0.6213311062129769
high_debt_burden,app,"Logistic (app, calibrated)",1,0.5116570080490634
high_debt_burden,app,"Logistic (app, calibrated)",1,0.6113383151883441
high_debt_burden,app,"Logistic (app, calibrated)",0,0.36950713723288975
high_debt_burden,app,"Logistic (app, calibrated)",0,0.5774182058783645
high_debt_burden,app,"Logistic (app, calibrated)",1,0.628554625096508
high_debt_burden,app,"Logistic (app, calibrated)",1,0.48314143916456054
high_debt_burden,app,"Logistic (app, calibrated)",0,0.2843480953237051
high_debt_burden,app,"Logistic (app, calibrated)",0,0.34035683669818895
high_debt_burden,app,"Logistic (app, calibrated)",1,0.22027221984289422
high_debt_burden,app,"Logistic (app, calibrated)",0,0.13162582423056565
high_debt_burden,app,"Logistic (app, calibrated)",0,0.1501767296206458
high_debt_burden,app,"Logistic (app, calibrated)",1,0.4883428527913896
high_debt_burden,app,"Logistic (app, calibrated)",1,0.6457635718916631
high_debt_burden,app,"Logistic (app, calibrated)",0,0.14848677932711546
high_debt_burden,app,"Logistic (app, calibrated)",1,0.2930759988038396
high_debt_burden,app,"Logistic (app, calibrated)",0,0.18525989392084866
high_debt_burden,app,"Logistic (app, calibrated)",0,0.3822224917963686
high_debt_burden,app,"Logistic (app, calibrated)",1,0.6562633058186054
high_debt_burden,app,"Logistic (app, calibrated)",0,0.25419609447667046
high_debt_burden,app,"Logistic (app, calibrated)",1,0.5877601693362697
high_debt_burden,app,"Logistic (app, calibrated)",0,0.45891843413040545
high_debt_burden,app,"Logistic (app, calibrated)",1,0.5788437563420907
high_debt_burden,app,"Logistic (app, calibrated)",1,0.1697435631519116
high_debt_burden,app,"Logistic (app, calibrated)",1,0.2670911725660131
high_debt_burden,app,"Logistic (app, calibrated)",0,0.2776600069227019
high_debt_burden,app,"Logistic (app, calibrated)",1,0.5604081834761382
high_debt_burden,app,"Logistic (app, calibrated)",0,0.5556235856221731
high_debt_burden,app,"Logistic (app, calibrated)",1,0.4280068403246263
high_debt_burden,app,"Logistic (app, calibrated)",1,0.519208833359937
high_debt_burden,app,"Logistic (app, calibrated)",0,0.4484163151339521
high_debt_burden,app,"Logistic (app, calibrated)",1,0.5880797070444924
high_debt_burden,app,"Logistic (app, calibrated)",1,0.3587224022344066
high_debt_burden,app,"Logistic (app, calibrated)",0,0.43694613604333943
high_debt_burden,app,"Logistic (app, calibrated)",0,0.09988527325823947
high_debt_burden,app,"Logistic (app, calibrated)",1,0.8639285714285714
high_debt_burden,app,"Logistic (app, calibrated)",0,0.5222268248992388
high_debt_burden,app,"Logistic (app, calibrated)",0,0.521271566552412
high_debt_burden,app,"Logistic (app, calibrated)",1,0.14761262705654324
high_debt_burden,app,"Logistic (app, calibrated)",1,0.5096182414920094
high_debt_burden,app,"Logistic (app, calibrated)",0,0.5056249573767755
high_debt_burden,app,"Logistic (app, calibrated)",0,0.3807490655282491
high_debt_burden,app,"Logistic (app, calibrated)",1,0.6096125597163082
high_debt_burden,app,"Logistic (app, calibrated)",0,0.5211875130410288
high_debt_burden,app,"Logistic (app, calibrated)",0,0.15653148460792415
high_debt_burden,app,"Logistic (app, calibrated)",0,0.4155005459699452
high_debt_burden,app,"Logistic (app, calibrated)",1,0.3427947324243374
high_debt_burden,app,"Logistic (app, calibrated)",1,0.4537444423334148
high_debt_burden,app,"Logistic (app, calibrated)",1,0.42309558413746534
high_debt_burden,app,"Logistic (app, calibrated)",1,0.24427313862607977
high_debt_burden,app,"Logistic (app, calibrated)",0,0.16319579135674608
high_debt_burden,app,"Logistic (app, calibrated)",0,0.12601606813300467
high_debt_burden,app,"Logistic (app, calibrated)",0,0.12107101318794973
high_debt_burden,app,"Logistic (app, calibrated)",1,0.4558767693024586
high_debt_burden,app,"Logistic (app, calibrated)",1,0.2776600069227019
high_debt_burden,app,"Logistic (app, calibrated)",0,0.35942647766177177
high_debt_burden,app,"Logistic (app, calibrated)",0,0.25243309403691805
high_debt_burden,app,"Logistic (app, calibrated)",1,0.5566354995580609
high_debt_burden,app,"Logistic (app, calibrated)",0,0.19917967753410973
high_debt_burden,app,"Logistic (app, calibrated)",1,0.5489894930304138
high_debt_burden,app,"Logistic (app, calibrated)",0,0.4558767693024586
high_debt_burden,app,"Logistic (app, calibrated)",0,0.2930759988038396
high_debt_burden,app,"Logistic (app, calibrated)",0,0.31416379267256456
high_debt_burden,app,"Logistic (app, calibrated)",1,0.629582948276181
high_debt_burden,app,"Logistic (app, calibrated)",1,0.6123401896367895
high_debt_burden,app,"Logistic (app, calibrated)",0,0.41445922050110173
high_debt_burden,app,"Logistic (app, calibrated)",0,0.4537444423334148
high_debt_burden,app,"Logistic (app, calibrated)",0,0.4558767693024586
high_debt_burden,app,"Logistic (app, calibrated)",0,0.357658800894095
high_debt_burden,app,"Logistic (app, calibrated)",1,0.6329751102717102
high_debt_burden,app,"Logistic (app, calibrated)",0,0.2738426794746422
high_debt_burden,app,"Logistic (app, calibrated)",0,0.2989489720621796
high_debt_burden,app,"Logistic (app, calibrated)",1,0.3958487092152951
high_debt_burden,app,"Logistic (app, calibrated)",0,0.6329751102717102
high_debt_burden,app,"Logistic (app, calibrated)",1,0.7603414776016908
high_debt_burden,app,"Logistic (app, calibrated)",0,0.4781377535951565
high_debt_burden,app,"Logistic (app, calibrated)",0,0.22569831353728181
high_debt_burden,app,"Logistic (app, calibrated)",0,0.6520451864956509
high_debt_burden,app,"Logistic (app, calibrated)",0,0.4188942111283162
high_debt_burden,app,"Logistic (app, calibrated)",0,0.6562633058186054
high_debt_burden,app,"Logistic (app, calibrated)",1,0.504658511482468
high_debt_burden,app,"Logistic (app, calibrated)",0,0.49972749243647085
high_debt_burden,app,"Logistic (app, calibrated)",1,0.6076963450009067
high_debt_burden,app,"Logistic (app, calibrated)",0,0.26300159552669233
high_debt_burden,app,"Logistic (app, calibrated)",1,0.5935225241473578
high_debt_burden,app,"Logistic (app, calibrated)",1,0.6451816830416631
high_debt_burden,app,"Logistic (app, calibrated)",0,0.5943579158041692
high_debt_burden,app,"Logistic (app, calibrated)",1,0.45705527486314806
high_debt_burden,app,"Logistic (app, calibrated)",0,0.18883441336812928
high_debt_burden,app,"Logistic (app, calibrated)",1,0.6114778576059487
high_debt_burden,app,"Logistic (app, calibrated)",0,0.579632468124949
high_debt_burden,app,"Logistic (app, calibrated)",1,0.4249603875439151
high_debt_burden,app,"Logistic (app, calibrated)",0,0.25243309403691805
high_debt_burden,app,"Logistic (app, calibrated)",0,0.11887321099014751
high_debt_burden,app,"Logistic (app, calibrated)",0,0.4013083615576461
high_debt_burden,app,"Logistic (app, calibrated)",0,0.2738426794746422
high_debt_burden,app,"Logistic (app, calibrated)",1,0.522449293607149
high_debt_burden,app,"Logistic (app, calibrated)",1,0.4468091907922484
high_debt_burden,app,"Logistic (app, calibrated)",0,0.5085315415615279
high_debt_burden,app,"Logistic (app, calibrated)",0,0.45004073862971106
high_debt_burden,app,"Logistic (app, calibrated)",0,0.2533495856366708
high_debt_burden,app,"Logistic (app, calibrated)",0,0.4484163151339521
high_debt_burden,app,"Logistic (app, calibrated)",1,0.48919037589349496
high_debt_burden,app,"Logistic (app, calibrated)",1,0.5116110478782863
high_debt_burden,app,"Logistic (app, calibrated)",0,0.23743553178847296
high_debt_burden,app,"Logistic (app, calibrated)",0,0.5604081834761382
high_debt_burden,app,"Logistic (app, calibrated)",0,0.6457635718916631
high_debt_burden,app,"Logistic (app, calibrated)",0,0.5878143742440678
high_debt_burden,app,"Logistic (app, calibrated)",0,0.3481481481481481
high_debt_burden,app,"Logistic (app, calibrated)",0,0.4347160237243223
high_debt_burden,app,"Logistic (app, calibrated)",1,0.4883428527913896
high_debt_burden,app,"Logistic (app, calibrated)",1,0.5523084859538738
high_debt_burden,app,"Logistic (app, calibrated)",0,0.14359365772157795
high_debt_burden,app,"Logistic (app, calibrated)",0,0.2905636048050909
high_debt_burden,app,"Logistic (app, calibrated)",0,0.16331986572017343
high_debt_burden,app,"Logistic (app, calibrated)",0,0.4002829011784236
high_debt_burden,app,"Logistic (app, calibrated)",1,0.23380906834278425
high_debt_burden,app,"Logistic (app, calibrated)",1,0.45004073862971106
high_debt_burden,app,"Logistic (app, calibrated)",0,0.11887321099014751
high_debt_burden,app,"Logistic (app, calibrated)",0,0.5671427869320531
high_debt_burden,app,"Logistic (app, calibrated)",1,0.45852867468451397
high_debt_burden,app,"Logistic (app, calibrated)",0,0.25318910880830525
high_debt_burden,app,"Logistic (app, calibrated)",0,0.1706957913567461
high_debt_burden,app,"Logistic (app, calibrated)",0,0.13717005058265758
high_debt_burden,app,"Logistic (app, calibrated)",1,0.49782100646896793
high_debt_burden,app,"Logistic (app, calibrated)",0,0.2980301444587159
high_debt_burden,app,"Logistic (app, calibrated)",1,0.33733038610617916
high_debt_burden,app,"Logistic (app, calibrated)",0,0.19917967753410973
high_debt_burden,app,"Logistic (app, calibrated)",0,0.5735779422679858
high_debt_burden,app,"Logistic (app, calibrated)",0,0.5096182414920094
high_debt_burden,app,"Logistic (app, calibrated)",0,0.13202300640027678
high_debt_burden,app,"Logistic (app, calibrated)",0,0.21678791101819886
high_debt_burden,app,"Logistic (app, calibrated)",0,0.5836310186588431
high_debt_burden,app,"Logistic (app, calibrated)",0,0.4137049762885038
high_debt_burden,app,"Logistic (app, calibrated)",1,0.6329751102717102
high_debt_burden,app,"Logistic (app, calibrated)",0,0.2999027973438137
high_debt_burden,app,"Logistic (app, calibrated)",0,0.154927489831076
high_debt_burden,app,"Logistic (app, calibrated)",1,0.2909953007542566
high_debt_burden,app,"Logistic (app, calibrated)",0,0.38771593043903924
high_debt_burden,app,"Logistic (app, calibrated)",0,0.6213311062129769
high_debt_burden,app,"Logistic (app, calibrated)",0,0.28376326298061655
high_debt_burden,app,"Logistic (app, calibrated)",0,0.2685690978317928
high_debt_burden,app,"Logistic (app, calibrated)",1,0.36168557430418513
high_debt_burden,app,"Logistic (app, calibrated)",0,0.12631474948673363
high_debt_burden,app,"Logistic (app, calibrated)",0,0.24679562202589467
high_debt_burden,app,"Logistic (app, calibrated)",1,0.49782100646896793
high_debt_burden,app,"Logistic (app, calibrated)",1,0.17373027411536676
high_debt_burden,app,"Logistic (app, calibrated)",1,0.5686057209769153
high_debt_burden,app,"Logistic (app, calibrated)",1,0.45773952766791676
high_debt_burden,app,"Logistic (app, calibrated)",0,0.5544930508088404
high_debt_burden,app,"Logistic (app, calibrated)",0,0.40053667130237003
high_debt_burden,app,"Logistic (app, calibrated)",0,0.6142844740886246
high_debt_burden,app,"Logistic (app, calibrated)",0,0.2533495856366708
high_debt_burden,app,"Logistic (app, calibrated)",0,0.5080977222488259
high_debt_burden,app,"Logistic (app, calibrated)",0,0.7018288908854947
high_debt_burden,app,"Logistic (app, calibrated)",1,0.46646298533751995
high_debt_burden,app,"Logistic (app, calibrated)",1,0.4823025843350138
high_debt_burden,app,"Logistic (app, calibrated)",0,0.4465838400095293
high_debt_burden,app,"Logistic (app, calibrated)",1,0.4944937227424102
high_debt_burden,app,"Logistic (app, calibrated)",0,0.38258473660349646
high_debt_burden,app,"Logistic (app, calibrated)",0,0.26216537404569573
high_debt_burden,app,"Logistic (app, calibrated)",1,0.25243309403691805
high_debt_burden,app,"Logistic (app, calibrated)",0,0.29152559163664293
high_debt_burden,app,"Logistic (app, calibrated)",0,0.576152357494722
high_debt_burden,app,"Logistic (app, calibrated)",1,0.5892059610729536
high_debt_burden,app,"Logistic (app, calibrated)",0,0.3776667065107173
high_debt_burden,app,"Logistic (app, calibrated)",0,0.6575966391519386
high_debt_burden,app,"Logistic (app, calibrated)",0,0.6329751102717102
high_debt_burden,app,"Logistic (app, calibrated)",0,0.4639340800899193
high_debt_burden,app,"Logistic (app, calibrated)",0,0.2989489720621796
high_debt_burden,app,"Logistic (app, calibrated)",1,0.5109181904594822
high_debt_burden,app,"Logistic (app, calibrated)",0,0.5612151983595673
high_debt_burden,app,"Logistic (app, calibrated)",1,0.4410429044176157
high_debt_burden,app,"Logistic (app, calibrated)",0,0.4400765649355267
high_debt_burden,app,"Logistic (app, calibrated)",0,0.4321198431100587
high_debt_burden,app,"Logistic (app, calibrated)",0,0.614355620059014
high_debt_burden,app,"Logistic (app, calibrated)",0,0.17325989392084865
high_debt_burden,app,"Logistic (app, calibrated)",1,0.37483526917967014
high_debt_burden,app,"Logistic (app, calibrated)",0,0.5505405475391191
high_debt_burden,app,"Logistic (app, calibrated)",1,0.4850155690648318
high_debt_burden,app,"Logistic (app, calibrated)",0,0.47282801634293314
high_debt_burden,app,"Logistic (app, calibrated)",1,0.39471610735121015
high_debt_burden,app,"Logistic (app, calibrated)",0,0.48861638132535967
high_debt_burden,app,"Logistic (app, calibrated)",0,0.2738426794746422
high_debt_burden,app,"Logistic (app, calibrated)",0,0.2521414141414141
high_debt_burden,app,"Logistic (app, calibrated)",0,0.3368377751146112
high_debt_burden,app,"Logistic (app, calibrated)",1,0.4484163151339521
high_debt_burden,app,"Logistic (app, calibrated)",1,0.6562633058186054
high_debt_burden,app,"Logistic (app, calibrated)",0,0.36557035917311226
high_debt_burden,app,"Logistic (app, calibrated)",1,0.2636675692007122
high_debt_burden,app,"Logistic (app, calibrated)",1,0.504838550328617
high_debt_burden,app,"Logistic (app, calibrated)",0,0.25318910880830525
high_debt_burden,app,"Logistic (app, calibrated)",0,0.08193006993006993
high_debt_burden,app,"Logistic (app, calibrated)",1,0.6395574234656641
high_debt_burden,app,"Logistic (app, calibrated)",1,0.27197386121534733
high_debt_burden,app,"Logistic (app, calibrated)",1,0.4343746888731529
high_debt_burden,app,"Logistic (app, calibrated)",1,0.5695136416445822
high_debt_burden,app,"Logistic (app, calibrated)",0,0.4280068403246263
high_debt_burden,app,"Logistic (app, calibrated)",1,0.45003419670493044
high_debt_burden,app,"Logistic (app, calibrated)",1,0.5373385503286171
high_debt_burden,app,"Logistic (app, calibrated)",0,0.16871057435884135
high_debt_burden,app,"Logistic (app, calibrated)",0,0.5632812672831171
high_debt_burden,app,"Logistic (app, calibrated)",0,0.566463741491566
high_debt_burden,app,"Logistic (app, calibrated)",0,0.39244878295357977
high_debt_burden,app,"Logistic (app, calibrated)",1,0.6859992931045563
high_debt_burden,app,"Logistic (app, calibrated)",1,0.6329751102717102
high_debt_burden,app,"Logistic (app, calibrated)",0,0.46861244266301877
high_debt_burden,app,"Logistic (app, calibrated)",0,0.46189992867042307
high_debt_burden,app,"Logistic (app, calibrated)",1,0.6140205932241873
high_debt_burden,app,"Logistic (app, calibrated)",0,0.154927489831076
high_debt_burden,app,"Logistic (app, calibrated)",0,0.29806930112439145
high_debt_burden,app,"Logistic (app, calibrated)",1,0.629731711879058
high_debt_burden,app,"Logistic (app, calibrated)",0,0.2909953007542566
high_debt_burden,app,"Logistic (app, calibrated)",1,0.5313674033020014
high_debt_burden,app,"Logistic (app, calibrated)",1,0.6594334975369458
high_debt_burden,app,"Logistic (app, calibrated)",1,0.3001270143685004
high_debt_burden,app,"Logistic (app, calibrated)",0,0.20441636398703836
high_debt_burden,app,"Logistic (app, calibrated)",0,0.26251877263198015
high_debt_burden,app,"Logistic (app, calibrated)",1,0.37874921785823296
high_debt_burden,app,"Logistic (app, calibrated)",0,0.21096053284860475
high_debt_burden,app,"Logistic (app, calibrated)",0,0.2670911725660131
high_debt_burden,app,"Logistic (app, calibrated)",1,0.4834502430137476
high_debt_burden,app,"Logistic (app, calibrated)",0,0.29494527074378973
high_debt_burden,app,"Logistic (app, calibrated)",0,0.29396759407864537
high_debt_burden,app,"Logistic (app, calibrated)",1,0.6562633058186054
high_debt_burden,app,"Logistic (app, calibrated)",1,0.42309558413746534
high_debt_burden,app,"Logistic (app, calibrated)",0,0.37114054372001964
high_debt_burden,app,"Logistic (app, calibrated)",0,0.4506411727415138
high_debt_burden,app,"Logistic (app, calibrated)",0,0.20540497729304916
high_debt_burden,app,"Logistic (app, calibrated)",0,0.5012761458740018
high_debt_burden,app,"Logistic (app, calibrated)",0,0.2670911725660131
high_debt_burden,app,"Logistic (app, calibrated)",0,0.5395174433409727
high_debt_burden,app,"Logistic (app, calibrated)",0,0.4088915209728965
high_debt_burden,app,"Logistic (app, calibrated)",1,0.4558767693024586
high_debt_burden,app,"Logistic (app, calibrated)",0,0.4037061514939797
high_debt_burden,app,"Logistic (app, calibrated)",0,0.2989489720621796
high_debt_burden,app,"Logistic (app, calibrated)",0,0.6197160624267888
high_debt_burden,app,"Logistic (app, calibrated)",1,0.6357640495520085
high_debt_burden,app,"Logistic (app, calibrated)",1,0.5556235856221731
high_debt_burden,app,"Logistic (app, calibrated)",1,0.18567262802556922
high_debt_burden,app,"Logistic (app, calibrated)",1,0.6114778576059487
high_debt_burden,app,"Logistic (app, calibrated)",0,0.5684590309337654
high_debt_burden,app,"Logistic (app, calibrated)",1,0.26533701583674046
high_debt_burden,app,"Logistic (app, calibrated)",1,0.24330378859790622
high_debt_burden,app,"Logistic (app, calibrated)",1,0.5877601693362697
high_debt_burden,app,"Logistic (app, calibrated)",0,0.6096125597163082
high_debt_burden,app,"Logistic (app, calibrated)",0,0.15423027411536677
high_debt_burden,app,"Logistic (app, calibrated)",1,0.5022572977213076
high_debt_burden,app,"Logistic (app, calibrated)",0,0.5896001080489852
high_debt_burden,app,"Logistic (app, calibrated)",1,0.7138088402100846
high_debt_burden,app,"Logistic (app, calibrated)",1,0.5573749347491888
high_debt_burden,app,"Logistic (app, calibrated)",1,0.18878791101819886
high_debt_burden,app,"Logistic (app, calibrated)",0,0.2844810381253242
high_debt_burden,app,"Logistic (app, calibrated)",1,0.23749372978081493
high_debt_burden,app,"Logistic (app, calibrated)",0,0.4883457812989003
high_debt_burden,app,"Logistic (app, calibrated)",0,0.2989489720621796
high_debt_burden,app,"Logistic (app, calibrated)",0,0.6076560379771777
high_debt_burden,app,"Logistic (app, calibrated)",0,0.41293638978123653
high_debt_burden,app,"Logistic (app, calibrated)",1,0.5688128566745879
high_debt_burden,app,"Logistic (app, calibrated)",1,0.29991065994258564
high_debt_burden,app,"Logistic (app, calibrated)",1,0.4823025843350138
high_debt_burden,app,"Logistic (app, calibrated)",0,0.2989489720621796
high_debt_burden,app,"Logistic (app, calibrated)",0,0.2989489720621796
high_debt_burden,app,"Logistic (app, calibrated)",1,0.31340716955961967
high_debt_burden,app,"Logistic (app, calibrated)",0,0.2563158367906773
high_debt_burden,app,"Logistic (app, calibrated)",1,0.3633898647284474
high_debt_burden,app,"Logistic (app, calibrated)",0,0.5109181904594822
high_debt_burden,app,"Logistic (app, calibrated)",0,0.41403274313177524
high_debt_burden,app,"Logistic (app, calibrated)",1,0.4877426044355989
high_debt_burden,app,"Logistic (app, calibrated)",1,0.6166810741951256
high_debt_burden,app,"Logistic (app, calibrated)",1,0.519208833359937
high_debt_burden,app,"Logistic (app, calibrated)",0,0.6649699110413396
high_debt_burden,app,"Logistic (app, calibrated)",1,0.39763417531595635
high_debt_burden,app,"Logistic (app, calibrated)",0,0.1461058269461631
high_debt_burden,app,"Logistic (app, calibrated)",1,0.28670547706261995
high_debt_burden,app,"Logistic (app, calibrated)",0,0.5462837506634335
high_debt_burden,app,"Logistic (app, calibrated)",0,0.2533495856366708
high_debt_burden,app,"Logistic (app, calibrated)",0,0.5898857921779033
high_debt_burden,app,"Logistic (app, calibrated)",1,0.5930041273846054
high_debt_burden,app,"Logistic (app, calibrated)",0,0.16667962658321273
high_debt_burden,app,"Logistic (app, calibrated)",1,0.6096125597163082
high_debt_burden,app,"Logistic (app, calibrated)",1,0.5419306345306152
high_debt_burden,app,"Logistic (app, calibrated)",0,0.4883428527913896
high_debt_burden,app,"Logistic (app, calibrated)",0,0.2624404947275799
high_debt_burden,app,"Logistic (app, calibrated)",1,0.5290494630454062
high_debt_burden,app,"Logistic (app, calibrated)",1,0.6698244663663492
high_debt_burden,app,"Logistic (app, calibrated)",1,0.39319214787442214
high_debt_burden,app,"Logistic (app, calibrated)",1,0.25243309403691805
high_debt_burden,app,"Logistic (app, calibrated)",1,0.5334155774174272
high_debt_burden,app,"Logistic (app, calibrated)",1,0.6314745179326289
high_debt_burden,app,"Logistic (app, calibrated)",0,0.2989489720621796
high_debt_burden,app,"Logistic (app, calibrated)",0,0.4853055487956265
high_debt_burden,app,"Logistic (app, calibrated)",1,0.43413841105930356
high_debt_burden,app,"Logistic (app, calibrated)",0,0.6562633058186054
high_debt_burden,app,"Logistic (app, calibrated)",0,0.5777773896443822
high_debt_burden,app,"Logistic (app, calibrated)",0,0.24483140717606183
high_debt_burden,app,"Logistic (app, calibrated)",1,0.5129474011826953
high_debt_burden,app,"Logistic (app, calibrated)",1,0.47486831873927837
high_debt_burden,app,"Logistic (app, calibrated)",1,0.5949510955759292
high_debt_burden,app,"Logistic (app, calibrated)",0,0.5777773896443822
high_debt_burden,app,"Logistic (app, calibrated)",0,0.18896920951549362
high_debt_burden,app,"Logistic (app, calibrated)",0,0.4230395041673007
high_debt_burden,app,"Logistic (app, calibrated)",1,0.695203081232493
high_debt_burden,app,"Logistic (app, calibrated)",0,0.41984499867830616
high_debt_burden,app,"Logistic (app, calibrated)",0,0.21742019884877029
high_debt_burden,app,"Logistic (app, calibrated)",0,0.5949510955759292
high_debt_burden,app,"Logistic (app, calibrated)",0,0.3405372645372645
high_debt_burden,app,"Logistic (app, calibrated)",0,0.4759909546340352
high_debt_burden,app,"Logistic (app, calibrated)",1,0.5949510955759292
high_debt_burden,app,"Logistic (app, calibrated)",1,0.2670911725660131
high_debt_burden,app,"Logistic (app, calibrated)",1,0.4850155690648318
high_debt_burden,app,"Logistic (app, calibrated)",0,0.5750262136704583
high_debt_burden,app,"Logistic (app, calibrated)",0,0.147551211035082
high_debt_burden,app,"Logistic (app, calibrated)",0,0.2533495856366708
high_debt_burden,app,"Logistic (app, calibrated)",0,0.25243309403691805
high_debt_burden,app,"Logistic (app, calibrated)",0,0.30541440172797946
high_debt_burden,app,"Logistic (app, calibrated)",1,0.3001270143685004
high_debt_burden,app,"Logistic (app, calibrated)",0,0.2916328380614095
high_debt_burden,app,"Logistic (app, calibrated)",1,0.2916328380614095
high_debt_burden,app,"Logistic (app, calibrated)",0,0.5729958852896642
high_debt_burden,app,"Logistic (app, calibrated)",0,0.17202819199594296
high_debt_burden,app,"Logistic (app, calibrated)",1,0.6562633058186054
high_debt_burden,app,"Logistic (app, calibrated)",0,0.5777360695141267
high_debt_burden,app,"Logistic (app, calibrated)",0,0.51489073020286
high_debt_burden,app,"Logistic (app, calibrated)",1,0.5053216249166207
high_debt_burden,app,"Logistic (app, calibrated)",1,0.6174728028979605
high_debt_burden,app,"Logistic (app, calibrated)",1,0.5565906408045056
high_debt_burden,app,"Logistic (app, calibrated)",1,0.4425246390848449
high_debt_burden,app,"Logistic (app, calibrated)",0,0.13043956043956045
high_debt_burden,app,"Logistic (app, calibrated)",0,0.5408598968717768
high_debt_burden,app,"Logistic (app, calibrated)",0,0.28256575210753104
high_debt_burden,app,"Logistic (app, calibrated)",0,0.19917967753410973
high_debt_burden,app,"Logistic (app, calibrated)",1,0.5556000451357663
high_debt_burden,app,"Logistic (app, calibrated)",0,0.11615384615384616
high_debt_burden,app,"Logistic (app, calibrated)",0,0.1938683638745011
high_debt_burden,app,"Logistic (app, calibrated)",0,0.49782100646896793
high_debt_burden,app,"Logistic (app, calibrated)",1,0.39467981485985804
high_debt_burden,app,"Logistic (app, calibrated)",0,0.549956474015965
high_debt_burden,app,"Logistic (app, calibrated)",0,0.27395609036362234
high_debt_burden,app,"Logistic (app, calibrated)",1,0.6076963450009067
high_debt_burden,app,"Logistic (app, calibrated)",0,0.2835521892800301
high_debt_burden,app,"Logistic (app, calibrated)",1,0.4280068403246263
high_debt_burden,app,"Logistic (app, calibrated)",1,0.8130952380952381
high_debt_burden,app,"Logistic (app, calibrated)",0,0.46646298533751995
high_debt_burden,app,"Logistic (app, calibrated)",1,0.5620062260394068
high_debt_burden,app,"Logistic (app, calibrated)",1,0.49229243876403694
high_debt_burden,app,"Logistic (app, calibrated)",0,0.20840734135924302
high_debt_burden,app,"Logistic (app, calibrated)",1,0.6351039821701177
high_debt_burden,app,"Logistic (app, calibrated)",1,0.552212917876034
high_debt_burden,app,"Logistic (app, calibrated)",1,0.2670911725660131
high_debt_burden,app,"Logistic (app, calibrated)",0,0.3697709274527085
high_debt_burden,app,"Logistic (app, calibrated)",1,0.49782100646896793
high_debt_burden,app,"Logistic (app, calibrated)",0,0.25243309403691805
high_debt_burden,app,"Logistic (app, calibrated)",0,0.5676274301021645
high_debt_burden,app,"Logistic (app, calibrated)",0,0.5604081834761382
high_debt_burden,app,"Logistic (app, calibrated)",1,0.4736463214451202
high_debt_burden,app,"Logistic (app, calibrated)",1,0.2080163444205453
high_debt_burden,app,"Logistic (app, calibrated)",1,0.29246196361307497
high_debt_burden,app,"Logistic (app, calibrated)",0,0.27985389054779
high_debt_burden,app,"Logistic (app, calibrated)",0,0.3138867239774784
high_debt_burden,app,"Logistic (app, calibrated)",0,0.33231115731115735
high_debt_burden,app,"Logistic (app, calibrated)",0,0.49641665990673756
high_debt_burden,app,"Logistic (app, calibrated)",1,0.3605742990559745
high_debt_burden,app,"Logistic (app, calibrated)",0,0.1826957913567461
high_debt_burden,app,"Logistic (app, calibrated)",1,0.6047988481484609
high_debt_burden,app,"Logistic (app, calibrated)",0,0.1800111634397349
high_debt_burden,app,"Logistic (app, calibrated)",1,0.5375609216018422
high_debt_burden,app,"Logistic (app, calibrated)",1,0.3789308837100672
high_debt_burden,app,"Logistic (app, calibrated)",0,0.3133111573111573
high_debt_burden,app,"Logistic (app, calibrated)",1,0.544891167640402
high_debt_burden,app,"Logistic (app, calibrated)",1,0.4850155690648318
high_debt_burden,app,"Logistic (app, calibrated)",1,0.5080977222488259
high_debt_burden,app,"Logistic (app, calibrated)",1,0.4883428527913896
high_debt_burden,app,"Logistic (app, calibrated)",0,0.3753597466983294
high_debt_burden,app,"Logistic (app, calibrated)",0,0.3138867239774784
high_debt_burden,app,"Logistic (app, calibrated)",1,0.5892059610729536
high_debt_burden,app,"Logistic (app, calibrated)",0,0.4049904971550369
high_debt_burden,app,"Logistic (app, calibrated)",1,0.5774182058783645
high_debt_burden,app,"Logistic (app, calibrated)",0,0.25243309403691805
high_debt_burden,app,"Logistic (app, calibrated)",1,0.4347160237243223
high_debt_burden,app,"Logistic (app, calibrated)",0,0.6395574234656641
high_debt_burden,app,"Logistic (app, calibrated)",0,0.09664044913960668
high_debt_burden,app,"Logistic (app, calibrated)",0,0.5826173730873354
high_debt_burden,app,"Logistic (app, calibrated)",1,0.6367446400475635
high_debt_burden,app,"Logistic (app, calibrated)",0,0.16375891679453008
high_debt_burden,app,"Logistic (app, calibrated)",1,0.376460519183628
high_debt_burden,app,"Logistic (app, calibrated)",1,0.5777773896443822
high_debt_burden,app,"Logistic (app, calibrated)",1,0.732295918367347
high_debt_burden,app,"Logistic (app, calibrated)",1,0.4088915209728965
high_debt_burden,app,"Logistic (app, calibrated)",0,0.40809739374641196
high_debt_burden,app,"Logistic (app, calibrated)",0,0.5604081834761382
high_debt_burden,app,"Logistic (app, calibrated)",0,0.3001270143685004
high_debt_burden,app,"Logistic (app, calibrated)",1,0.6562633058186054
high_debt_burden,app,"Logistic (app, calibrated)",0,0.3150558533326895
high_debt_burden,app,"Logistic (app, calibrated)",0,0.5777773896443822
high_debt_burden,app,"Logistic (app, calibrated)",0,0.602597164553174
high_debt_burden,app,"Logistic (app, calibrated)",0,0.6314745179326289
high_debt_burden,app,"Logistic (app, calibrated)",1,0.6282311195399768
high_debt_burden,app,"Logistic (app, calibrated)",0,0.2670911725660131
high_debt_burden,app,"Logistic (app, calibrated)",0,0.14343624651268602
high_debt_burden,app,"Logistic (app, calibrated)",0,0.42300119299749384
high_debt_burden,app,"Logistic (app, calibrated)",0,0.5455062260394068
high_debt_burden,app,"Logistic (app, calibrated)",0,0.4392968667929068
high_debt_burden,app,"Logistic (app, calibrated)",1,0.6186823271581687
high_debt_burden,app,"Logistic (app, calibrated)",1,0.4196075278391228
high_debt_burden,app,"Logistic (app, calibrated)",0,0.12107101318794973
high_debt_burden,app,"Logistic (app, calibrated)",0,0.45004073862971106
high_debt_burden,app,"Logistic (app, calibrated)",0,0.2666063764721483
high_debt_burden,app,"Logistic (app, calibrated)",0,0.37299665930442166
high_debt_burden,app,"Logistic (app, calibrated)",1,0.5322532151757766
high_debt_burden,app,"Logistic (app, calibrated)",1,0.3925792302610113
high_debt_burden,app,"Logistic (app, calibrated)",1,0.31416379267256456
high_debt_burden,app,"Logistic (app, calibrated)",0,0.5754897372621119
high_debt_burden,app,"Logistic (app, calibrated)",0,0.4088798978629555
high_debt_burden,app,"Logistic (app, calibrated)",1,0.4465838400095293
high_debt_burden,app,"Logistic (app, calibrated)",0,0.28256575210753104
high_debt_burden,app,"Logistic (app, calibrated)",0,0.36796177909066974
high_debt_burden,app,"Logistic (app, calibrated)",0,0.41189739556460137
high_debt_burden,app,"Logistic (app, calibrated)",1,0.5807899656456852
high_debt_burden,app,"Logistic (app, calibrated)",1,0.6173596212678619
high_debt_burden,app,"Logistic (app, calibrated)",1,0.3150092280787059
high_debt_burden,app,"Logistic (app, calibrated)",1,0.4323463643259249
high_debt_burden,app,"Logistic (app, calibrated)",0,0.4840258569467494
high_debt_burden,app,"Logistic (app, calibrated)",0,0.1569584376067046
high_debt_burden,app,"Logistic (app, calibrated)",1,0.5039311514031846
high_debt_burden,app,"Logistic (app, calibrated)",0,0.49782100646896793
high_debt_burden,app,"Logistic (app, calibrated)",1,0.4009962178892302
high_debt_burden,app,"Logistic (app, calibrated)",0,0.5251029969185949
high_debt_burden,app,"Logistic (app, calibrated)",0,0.13024915824915825
high_debt_burden,app,"Logistic (app, calibrated)",0,0.41984499867830616
high_debt_burden,app,"Logistic (app, calibrated)",1,0.4348777997945775
high_debt_burden,app,"Logistic (app, calibrated)",0,0.17230766571601416
high_debt_burden,app,"Logistic (app, calibrated)",1,0.5290494630454062
high_debt_burden,app,"Logistic (app, calibrated)",0,0.19704818230611396
high_debt_burden,app,"Logistic (app, calibrated)",1,0.4155005459699452
high_debt_burden,app,"Logistic (app, calibrated)",0,0.4224587238764867
high_debt_burden,app,"Logistic (app, calibrated)",0,0.19081548516842636
high_debt_burden,app,"Logistic (app, calibrated)",0,0.4883428527913896
high_debt_burden,app,"Logistic (app, calibrated)",0,0.164314044962312
high_debt_burden,app,"Logistic (app, calibrated)",0,0.2242972488423985
high_debt_burden,app,"Logistic (app, calibrated)",0,0.3138867239774784
high_debt_burden,app,"Logistic (app, calibrated)",0,0.6314745179326289
high_debt_burden,app,"Logistic (app, calibrated)",1,0.7211939702505741
high_debt_burden,app,"Logistic (app, calibrated)",0,0.19081548516842636
high_debt_burden,app,"Logistic (app, calibrated)",0,0.591047605645475
high_debt_burden,app,"Logistic (app, calibrated)",1,0.5313927981953132
high_debt_burden,app,"Logistic (app, calibrated)",0,0.4287969302702672
high_debt_burden,app,"Logistic (app, calibrated)",1,0.4219711342052393
high_debt_burden,app,"Logistic (app, calibrated)",0,0.540204081632653
high_debt_burden,app,"Logistic (app, calibrated)",1,0.3683690503289866
high_debt_burden,app,"Logistic (app, calibrated)",0,0.654905839755257
high_debt_burden,app,"Logistic (app, calibrated)",0,0.5126688821265427
high_debt_burden,app,"Logistic (app, calibrated)",0,0.5595765826445374
high_debt_burden,app,"Logistic (app, calibrated)",0,0.4517913956623552
high_debt_burden,app,"Logistic (app, calibrated)",0,0.11152669659473538
high_debt_burden,app,"Logistic (app, calibrated)",0,0.3138867239774784
high_debt_burden,app,"Logistic (app, calibrated)",1,0.3138867239774784
high_debt_burden,app,"Logistic (app, calibrated)",0,0.5755344640071162
high_debt_burden,app,"Logistic (app, calibrated)",0,0.26251877263198015
high_debt_burden,app,"Logistic (app, calibrated)",0,0.4088915209728965
high_debt_burden,app,"Logistic (app, calibrated)",1,0.6351039821701177
high_debt_burden,app,"Logistic (app, calibrated)",0,0.47716970926301555
high_debt_burden,app,"Logistic (app, calibrated)",1,0.5949510955759292
high_debt_burden,app,"Logistic (app, calibrated)",1,0.6562633058186054
high_debt_burden,app,"Logistic (app, calibrated)",0,0.18883441336812928
high_debt_burden,app,"Logistic (app, calibrated)",0,0.5109181904594822
high_debt_burden,app,"Logistic (app, calibrated)",0,0.5877601693362697
high_debt_burden,app,"Logistic (app, calibrated)",0,0.5259475915131894
high_debt_burden,app,"Logistic (app, calibrated)",0,0.42461547158999674
high_debt_burden,app,"Logistic (app, calibrated)",0,0.49135146075087405
high_debt_burden,app,"Logistic (app, calibrated)",1,0.523479438007546
high_debt_burden,app,"Logistic (app, calibrated)",0,0.6329751102717102
high_debt_burden,app,"Logistic (app, calibrated)",1,0.3548184361570188
high_debt_burden,app,"Logistic (app, calibrated)",0,0.35062091910259446
high_debt_burden,app,"Logistic (app, calibrated)",0,0.6142844740886246
high_debt_burden,app,"Logistic (app, calibrated)",0,0.4280068403246263
high_debt_burden,app,"Logistic (app, calibrated)",0,0.45891843413040545
high_debt_burden,app,"Logistic (app, calibrated)",0,0.13894995635911866
high_debt_burden,app,"Logistic (app, calibrated)",0,0.4347160237243223
high_debt_burden,app,"Logistic (app, calibrated)",1,0.2930759988038396
high_debt_burden,app,"Logistic (app, calibrated)",1,0.7211939702505741
high_debt_burden,app,"Logistic (app, calibrated)",1,0.5868628957731997
high_debt_burden,app,"Logistic (app, calibrated)",0,0.4308427404850915
high_debt_burden,app,"Logistic (app, calibrated)",1,0.6186823271581687
high_debt_burden,app,"Logistic (app, calibrated)",0,0.38258473660349646
high_debt_burden,app,"Logistic (app, calibrated)",0,0.41984499867830616
high_debt_burden,app,"Logistic (app, calibrated)",0,0.4280068403246263
high_debt_burden,app,"Logistic (app, calibrated)",1,0.24133520074696543
high_debt_burden,app,"Logistic (app, calibrated)",0,0.6381999574023157
high_debt_burden,app,"Logistic (app, calibrated)",0,0.2916328380614095
high_debt_burden,app,"Logistic (app, calibrated)",0,0.45335157115944436
high_debt_burden,app,"Logistic (app, calibrated)",0,0.12788473733458378
high_debt_burden,app,"Logistic (app, calibrated)",0,0.6314745179326289
high_debt_burden,app,"Logistic (app, calibrated)",0,0.17073346839125242
high_debt_burden,app,"Logistic (app, calibrated)",0,0.2590191155422944
high_debt_burden,app,"Logistic (app, calibrated)",1,0.5826621639267
high_debt_burden,app,"Logistic (app, calibrated)",1,0.37718618629187733
high_debt_burden,app,"Logistic (app, calibrated)",1,0.4703052620721814
high_debt_burden,app,"Logistic (app, calibrated)",0,0.4649066970630365
high_debt_burden,app,"Logistic (app, calibrated)",1,0.4280068403246263
high_debt_burden,app,"Logistic (app, calibrated)",1,0.7202728864609835
high_debt_burden,app,"Logistic (app, calibrated)",1,0.4537444423334148
high_debt_burden,app,"Logistic (app, calibrated)",0,0.24330378859790622
high_debt_burden,app,"Logistic (app, calibrated)",0,0.4383860156426202
high_debt_burden,app,"Logistic (app, calibrated)",0,0.17902564102564106
high_debt_burden,app,"Logistic (app, calibrated)",0,0.19081548516842636
high_debt_burden,app,"Logistic (app, calibrated)",0,0.2989489720621796
high_debt_burden,app,"Logistic (app, calibrated)",1,0.5026996370235934
high_debt_burden,app,"Logistic (app, calibrated)",0,0.4944937227424102
high_debt_burden,app,"Logistic (app, calibrated)",0,0.5735779422679858
high_debt_burden,app,"Logistic (app, calibrated)",0,0.28256575210753104
high_debt_burden,app,"Logistic (app, calibrated)",1,0.46893524360945504
high_debt_burden,app,"Logistic (app, calibrated)",0,0.2670911725660131
high_debt_burden,app,"Logistic (app, calibrated)",0,0.5251732439811367
high_debt_burden,app,"Logistic (app, calibrated)",0,0.5072908910399603
high_debt_burden,app,"Logistic (app, calibrated)",0,0.19303196598386765
high_debt_burden,app,"Logistic (app, calibrated)",1,0.44189992867042305
high_debt_burden,app,"Logistic (app, calibrated)",0,0.6012742906810703
high_debt_burden,app,"Logistic (app, calibrated)",1,0.24555999466498749
high_debt_burden,app,"Logistic (app, calibrated)",0,0.4928830313665971
high_debt_burden,app,"Logistic (app, calibrated)",1,0.4823025843350138
high_debt_burden,app,"Logistic (app, calibrated)",0,0.26251877263198015
high_debt_burden,app,"Logistic (app, calibrated)",0,0.43306496270731376
high_debt_burden,app,"Logistic (app, calibrated)",0,0.3966032474987699
high_debt_burden,app,"Logistic (app, calibrated)",1,0.4537444423334148
high_debt_burden,app,"Logistic (app, calibrated)",0,0.5604081834761382
high_debt_burden,app,"Logistic (app, calibrated)",0,0.4663881204943343
high_debt_burden,app,"Logistic (app, calibrated)",0,0.5523084859538738
high_debt_burden,app,"Logistic (app, calibrated)",1,0.49972749243647085
high_debt_burden,app,"Logistic (app, calibrated)",1,0.5999751918421844
high_debt_burden,app,"Logistic (app, calibrated)",1,0.4797465393100439
high_debt_burden,app,"Logistic (app, calibrated)",0,0.47897530060845595
high_debt_burden,app,"Logistic (app, calibrated)",0,0.5203306140043426
high_debt_burden,app,"Logistic (app, calibrated)",0,0.4559998778466374
high_debt_burden,app,"Logistic (app, calibrated)",0,0.4639340800899193
high_debt_burden,app,"Logistic (app, calibrated)",1,0.45004073862971106
high_debt_burden,app,"Logistic (app, calibrated)",0,0.1378674463937622
high_debt_burden,app,"Logistic (app, calibrated)",0,0.294636330268293
high_debt_burden,app,"Logistic (app, calibrated)",0,0.5245680445865357
high_debt_burden,app,"Logistic (app, calibrated)",1,0.6571921433202345
high_debt_burden,app,"Logistic (app, calibrated)",0,0.29956760751882705
high_debt_burden,app,"Logistic (app, calibrated)",0,0.6314745179326289
high_debt_burden,app,"Logistic (app, calibrated)",1,0.6248381236260826
high_debt_burden,app,"Logistic (app, calibrated)",0,0.4537444423334148
high_debt_burden,app,"Logistic (app, calibrated)",0,0.34029357600668153
high_debt_burden,app,"Logistic (app, calibrated)",0,0.29956760751882705
high_debt_burden,app,"Logistic (app, calibrated)",0,0.47897530060845595
high_debt_burden,app,"Logistic (app, calibrated)",1,0.45004073862971106
high_debt_burden,app,"Logistic (app, calibrated)",0,0.38857817734117106
high_debt_burden,app,"Logistic (app, calibrated)",0,0.6466063037663558
high_debt_burden,app,"Logistic (app, calibrated)",0,0.5485397933468785
high_debt_burden,app,"Logistic (app, calibrated)",0,0.3375621720103946
high_debt_burden,app,"Logistic (app, calibrated)",1,0.5872484295405406
high_debt_burden,app,"Logistic (app, calibrated)",0,0.732295918367347
high_debt_burden,app,"Logistic (app, calibrated)",0,0.11030178241871895
high_debt_burden,app,"Logistic (app, calibrated)",0,0.11030178241871895
high_debt_burden,app,"Logistic (app, calibrated)",1,0.4904656179114298
high_debt_burden,app,"Logistic (app, calibrated)",0,0.2886169553770934
high_debt_burden,app,"Logistic (app, calibrated)",1,0.3785428381167149
high_debt_burden,app,"Logistic (app, calibrated)",1,0.4883428527913896
high_debt_burden,app,"Logistic (app, calibrated)",1,0.5168947696037479
high_debt_burden,app,"Logistic (app, calibrated)",0,0.4877426044355989
high_debt_burden,app,"Logistic (app, calibrated)",0,0.28295263547131577
high_debt_burden,app,"Logistic (app, calibrated)",0,0.5774182058783645
high_debt_burden,app,"Logistic (app, calibrated)",1,0.46252626595307744
high_debt_burden,app,"Logistic (app, calibrated)",0,0.29462171357822947
high_debt_burden,app,"Logistic (app, calibrated)",0,0.28256575210753104
high_debt_burden,app,"Logistic (app, calibrated)",0,0.5304664770638435
high_debt_burden,app,"Logistic (app, calibrated)",1,0.4425246390848449
high_debt_burden,app,"Logistic (app, calibrated)",1,0.4280068403246263
high_debt_burden,app,"Logistic (app, calibrated)",0,0.32306425273893835
high_debt_burden,app,"Logistic (app, calibrated)",0,0.2533495856366708
high_debt_burden,app,"Logistic (app, calibrated)",0,0.654905839755257
high_debt_burden,app,"Logistic (app, calibrated)",0,0.4668591964317755
high_debt_burden,app,"Logistic (app, calibrated)",0,0.39270453183534837
high_debt_burden,app,"Logistic (app, calibrated)",0,0.2491506944896628
high_debt_burden,app,"Logistic (app, calibrated)",1,0.49610054325720904
high_debt_burden,app,"Logistic (app, calibrated)",0,0.4049904971550369
high_debt_burden,app,"Logistic (app, calibrated)",0,0.14498596936323974
high_debt_burden,app,"Logistic (app, calibrated)",0,0.2926888484422731
high_debt_burden,app,"Logistic (app, calibrated)",0,0.3360314684717158
high_debt_burden,app,"Logistic (app, calibrated)",0,0.43845038176597473
high_debt_burden,app,"Logistic (app, calibrated)",1,0.5188663700024787
high_debt_burden,app,"Logistic (app, calibrated)",0,0.5604081834761382
high_debt_burden,app,"Logistic (app, calibrated)",0,0.2930759988038396
high_debt_burden,app,"Logistic (app, calibrated)",0,0.16575989392084864
high_debt_burden,app,"Logistic (app, calibrated)",1,0.16667962658321273
high_debt_burden,app,"Logistic (app, calibrated)",0,0.5541950141936016
high_debt_burden,app,"Logistic (app, calibrated)",0,0.24015310469825435
high_debt_burden,app,"Logistic (app, calibrated)",0,0.154927489831076
high_debt_burden,app,"Logistic (app, calibrated)",1,0.6114778576059487
high_debt_burden,app,"Logistic (app, calibrated)",1,0.5066673913271436
high_debt_burden,app,"Logistic (app, calibrated)",1,0.6395574234656641
high_debt_burden,app,"Logistic (app, calibrated)",1,0.4975809104305526
high_debt_burden,app,"Logistic (app, calibrated)",0,0.5008716471035013
high_debt_burden,app,"Logistic (app, calibrated)",0,0.30509670671868616
high_debt_burden,app,"Logistic (app, calibrated)",1,0.5751936343896802
high_debt_burden,app,"Logistic (app, calibrated)",0,0.5163934915659053
high_debt_burden,app,"Logistic (app, calibrated)",0,0.27282946844866496
high_debt_burden,app,"Logistic (app, calibrated)",0,0.16849931809893642
high_debt_burden,app,"Logistic (app, calibrated)",0,0.4984203028939872
high_debt_burden,app,"Logistic (app, calibrated)",0,0.2893708218321236
high_debt_burden,app,"Logistic (app, calibrated)",1,0.30722848939994996
high_debt_burden,app,"Logistic (app, calibrated)",1,0.5836310186588431
high_debt_burden,app,"Logistic (app, calibrated)",0,0.3047517398806696
high_debt_burden,app,"Logistic (app, calibrated)",0,0.38934391068249335
high_debt_burden,app,"Logistic (app, calibrated)",1,0.3801868990578993
high_debt_burden,app,"Logistic (app, calibrated)",1,0.4049904971550369
high_debt_burden,app,"Logistic (app, calibrated)",0,0.6351039821701177
high_debt_burden,app,"Logistic (app, calibrated)",1,0.2533495856366708
high_debt_burden,app,"Logistic (app, calibrated)",0,0.4388230055934999
high_debt_burden,app,"Logistic (app, calibrated)",0,0.500952406680059
high_debt_burden,app,"Logistic (app, calibrated)",1,0.41984499867830616
high_debt_burden,app,"Logistic (app, calibrated)",0,0.2898818861083012
high_debt_burden,app,"Logistic (app, calibrated)",0,0.6520451864956509
high_debt_burden,app,"Logistic (app, calibrated)",0,0.5688128566745879
high_debt_burden,app,"Logistic (app, calibrated)",0,0.5385173245214707
high_debt_burden,app,"Logistic (app, calibrated)",0,0.591047605645475
high_debt_burden,app,"Logistic (app, calibrated)",1,0.43238851343039464
high_debt_burden,app,"Logistic (app, calibrated)",0,0.310773308617699
high_debt_burden,app,"Logistic (app, calibrated)",0,0.17221184404309742
high_debt_burden,app,"Logistic (app, calibrated)",1,0.5168947696037479
high_debt_burden,app,"Logistic (app, calibrated)",1,0.29396759407864537
high_debt_burden,app,"Logistic (app, calibrated)",1,0.310773308617699
high_debt_burden,app,"Logistic (app, calibrated)",0,0.536376110527214
high_debt_burden,app,"Logistic (app, calibrated)",1,0.5684590309337654
high_debt_burden,app,"Logistic (app, calibrated)",1,0.34029357600668153
high_debt_burden,app,"Logistic (app, calibrated)",0,0.6424653959412374
high_debt_burden,app,"Logistic (app, calibrated)",0,0.20840734135924302
high_debt_burden,app,"Logistic (app, calibrated)",1,0.6213311062129769
high_debt_burden,app,"Logistic (app, calibrated)",0,0.2909953007542566
high_debt_burden,app,"Logistic (app, calibrated)",0,0.2843480953237051
high_debt_burden,app,"Logistic (app, calibrated)",0,0.3678054491440318
high_debt_burden,app,"Logistic (app, calibrated)",0,0.2725117845117845
high_debt_burden,app,"Logistic (app, calibrated)",0,0.6562633058186054
high_debt_burden,app,"Logistic (app, calibrated)",0,0.4931573833187885
high_debt_burden,app,"Logistic (app, calibrated)",0,0.4537444423334148
high_debt_burden,app,"Logistic (app, calibrated)",1,0.41984499867830616
high_debt_burden,app,"Logistic (app, calibrated)",0,0.4002610174572105
high_debt_burden,app,"Logistic (app, calibrated)",1,0.26216537404569573
high_debt_burden,app,"Logistic (app, calibrated)",0,0.4235100950481515
high_debt_burden,app,"Logistic (app, calibrated)",1,0.26216537404569573
high_debt_burden,app,"Logistic (app, calibrated)",0,0.45335157115944436
high_debt_burden,app,"Logistic (app, calibrated)",0,0.17328665988061412
high_debt_burden,app,"Logistic (app, calibrated)",0,0.4883428527913896
high_debt_burden,app,"Logistic (app, calibrated)",1,0.5008716471035013
high_debt_burden,app,"Logistic (app, calibrated)",1,0.39993555210009185
high_debt_burden,app,"Logistic (app, calibrated)",1,0.49782100646896793
high_debt_burden,app,"Logistic (app, calibrated)",0,0.3249722213135736
high_debt_burden,app,"Logistic (app, calibrated)",1,0.2738426794746422
high_debt_burden,app,"Logistic (app, calibrated)",0,0.28256575210753104
high_debt_burden,app,"Logistic (app, calibrated)",1,0.5868946037997179
high_debt_burden,app,"Logistic (app, calibrated)",0,0.523912468919334
high_debt_burden,app,"Logistic (app, calibrated)",1,0.18525989392084866
high_debt_burden,app,"Logistic (app, calibrated)",0,0.6114778576059487
high_debt_burden,app,"Logistic (app, calibrated)",0,0.30371175166297115
high_debt_burden,app,"Logistic (app, calibrated)",0,0.538570907660948
high_debt_burden,app,"Logistic (app, calibrated)",0,0.1728291112404879
high_debt_burden,app,"Logistic (app, calibrated)",0,0.47897530060845595
high_debt_burden,app,"Logistic (app, calibrated)",0,0.47977148595368374
high_debt_burden,app,"Logistic (app, calibrated)",0,0.0832186065915728
high_debt_burden,app,"Logistic (app, calibrated)",1,0.29524432571916626
high_debt_burden,app,"Logistic (app, calibrated)",1,0.5412662189641697
high_debt_burden,app,"Logistic (app, calibrated)",0,0.41653197038653095
high_debt_burden,app,"Logistic (app, calibrated)",1,0.6457635718916631
high_debt_burden,app,"Logistic (app, calibrated)",0,0.41984499867830616
high_debt_burden,app,"Logistic (app, calibrated)",0,0.43845038176597473
high_debt_burden,app,"Logistic (app, calibrated)",1,0.5595765826445374
high_debt_burden,app,"Logistic (app, calibrated)",1,0.6381999574023157
high_debt_burden,app,"Logistic (app, calibrated)",0,0.13162582423056565
high_debt_burden,app,"Logistic (app, calibrated)",1,0.591047605645475
high_debt_burden,app,"Logistic (app, calibrated)",1,0.5489894930304138
high_debt_burden,app,"Logistic (app, calibrated)",0,0.5474047303272916
high_debt_burden,app,"Logistic (app, calibrated)",0,0.6531025830282668
high_debt_burden,app,"Logistic (app, calibrated)",1,0.5322532151757766
high_debt_burden,app,"Logistic (app, calibrated)",0,0.26997232559152207
high_debt_burden,app,"Logistic (app, calibrated)",1,0.24372755715312247
high_debt_burden,app,"Logistic (app, calibrated)",1,0.47317946885667944
high_debt_burden,app,"Logistic (app, calibrated)",1,0.510101708223354
high_debt_burden,app,"Logistic (app, calibrated)",0,0.4537444423334148
high_debt_burden,app,"Logistic (app, calibrated)",0,0.19917967753410973
high_debt_burden,app,"Logistic (app, calibrated)",0,0.42006360263704207
high_debt_burden,app,"Logistic (app, calibrated)",0,0.2843480953237051
high_debt_burden,app,"Logistic (app, calibrated)",0,0.34029357600668153
high_debt_burden,app,"Logistic (app, calibrated)",0,0.15653148460792415
high_debt_burden,app,"Logistic (app, calibrated)",0,0.43306496270731376
high_debt_burden,app,"Logistic (app, calibrated)",1,0.4639340800899193
high_debt_burden,app,"Logistic (app, calibrated)",1,0.40900654181381607
high_debt_burden,app,"Logistic (app, calibrated)",1,0.6096125597163082
high_debt_burden,app,"Logistic (app, calibrated)",0,0.15028520552325866
high_debt_burden,app,"Logistic (app, calibrated)",0,0.3652256218357913
high_debt_burden,app,"Logistic (app, calibrated)",1,0.43779464354911923
high_debt_burden,app,"Logistic (app, calibrated)",0,0.2985459569670096
high_debt_burden,app,"Logistic (app, calibrated)",0,0.30688543697619136
high_debt_burden,app,"Logistic (app, calibrated)",1,0.525254311872153
high_debt_burden,app,"Logistic (app, calibrated)",1,0.5175899522887748
high_debt_burden,app,"Logistic (app, calibrated)",0,0.4813870531996482
high_debt_burden,app,"Logistic (app, calibrated)",1,0.40044187946063925
high_debt_burden,app,"Logistic (app, calibrated)",1,0.5868946037997179
high_debt_burden,app,"Logistic (app, calibrated)",1,0.46861244266301877
high_debt_burden,app,"Logistic (app, calibrated)",0,0.5295235685544141
high_debt_burden,app,"Logistic (app, calibrated)",1,0.6111122216663618
high_debt_burden,app,"Logistic (app, calibrated)",1,0.3457929154082028
high_debt_burden,app,"Logistic (app, calibrated)",0,0.2865716135716136
high_debt_burden,app,"Logistic (app, calibrated)",0,0.4605020851144589
high_debt_burden,app,"Logistic (app, calibrated)",0,0.14580609092804214
high_debt_burden,app,"Logistic (app, calibrated)",1,0.34029357600668153
high_debt_burden,app,"Logistic (app, calibrated)",1,0.646576354679803
high_debt_burden,app,"Logistic (app, calibrated)",1,0.6114778576059487
high_debt_burden,app,"Logistic (app, calibrated)",0,0.3885757974198082
high_debt_burden,app,"Logistic (app, calibrated)",1,0.5409054352298657
high_debt_burden,app,"Logistic (app, calibrated)",1,0.5785725620399643
high_debt_burden,app,"Logistic (app, calibrated)",0,0.3847153259789692
high_debt_burden,app,"Logistic (app, calibrated)",1,0.5841167025655796
high_debt_burden,app,"Logistic (app, calibrated)",0,0.11887321099014751
high_debt_burden,app,"Logistic (app, calibrated)",0,0.37594372721384706
high_debt_burden,app,"Logistic (app, calibrated)",0,0.18551795843697766
high_debt_burden,app,"Logistic (app, calibrated)",0,0.2514473713774358
high_debt_burden,app,"Logistic (app, calibrated)",1,0.5759867842064925
high_debt_burden,app,"Logistic (app, calibrated)",1,0.4347449923959882
high_debt_burden,app,"Logistic (app, calibrated)",1,0.497656987071238
high_debt_burden,app,"Logistic (app, calibrated)",0,0.47897530060845595
high_debt_burden,app,"Logistic (app, calibrated)",0,0.5452524705642031
high_debt_burden,app,"Logistic (app, calibrated)",1,0.6329751102717102
high_debt_burden,app,"Logistic (app, calibrated)",1,0.5930041273846054
high_debt_burden,app,"Logistic (app, calibrated)",1,0.3879054769121219
high_debt_burden,app,"Logistic (app, calibrated)",0,0.023076923076923078
high_debt_burden,app,"Logistic (app, calibrated)",0,0.4049904971550369
high_debt_burden,app,"Logistic (app, calibrated)",0,0.22052575023990909
high_debt_burden,app,"Logistic (app, calibrated)",1,0.14196452686811303
high_debt_burden,app,"Logistic (app, calibrated)",1,0.3980620907938623
high_debt_burden,app,"Logistic (app, calibrated)",0,0.5709422130731536
high_debt_burden,app,"Logistic (app, calibrated)",1,0.6562633058186054
high_debt_burden,app,"Logistic (app, calibrated)",0,0.579632468124949
high_debt_burden,app,"Logistic (app, calibrated)",1,0.32913608999607513
high_debt_burden,app,"Logistic (app, calibrated)",1,0.2916328380614095
high_debt_burden,app,"Logistic (app, calibrated)",0,0.18883441336812928
high_debt_burden,app,"Logistic (app, calibrated)",0,0.5117591696118335
high_debt_burden,app,"Logistic (app, calibrated)",1,0.20552136752136754
high_debt_burden,app,"Logistic (app, calibrated)",0,0.38833605841695906
high_debt_burden,app,"Logistic (app, calibrated)",0,0.47321996566397956
high_debt_burden,app,"Logistic (app, calibrated)",0,0.3822224917963686
high_debt_burden,app,"Logistic (app, calibrated)",0,0.6366316526610645
high_debt_burden,app,"Logistic (app, calibrated)",1,0.46189992867042307
high_debt_burden,app,"Logistic (app, calibrated)",0,0.25318910880830525
high_debt_burden,app,"Logistic (app, calibrated)",1,0.39122110023986006
high_debt_burden,app,"Logistic (app, calibrated)",1,0.5856112606171896
high_debt_burden,app,"Logistic (app, calibrated)",0,0.43306496270731376
high_debt_burden,app,"Logistic (app, calibrated)",0,0.28670547706261995
high_debt_burden,app,"Logistic (app, calibrated)",0,0.24133520074696543
high_debt_burden,app,"Logistic (app, calibrated)",1,0.2624404947275799
high_debt_burden,app,"Logistic (app, calibrated)",0,0.5351322751322751
high_debt_burden,app,"Logistic (app, calibrated)",0,0.4558767693024586
high_debt_burden,app,"Logistic (app, calibrated)",0,0.42526764047961174
high_debt_burden,app,"Logistic (app, calibrated)",0,0.27282946844866496
high_debt_burden,app,"Logistic (app, calibrated)",1,0.28256575210753104
high_debt_burden,app,"Logistic (app, calibrated)",1,0.5798888060416766
high_debt_burden,app,"Logistic (app, calibrated)",0,0.13664211042507188
high_debt_burden,app,"Logistic (app, calibrated)",0,0.1886919741835426
high_debt_burden,app,"Logistic (app, calibrated)",0,0.46315549272807177
high_debt_burden,app,"Logistic (app, calibrated)",1,0.6927397839826096
high_debt_burden,app,"Logistic (app, calibrated)",0,0.2909953007542566
high_debt_burden,app,"Logistic (app, calibrated)",1,0.49938999512681354
high_debt_burden,app,"Logistic (app, calibrated)",1,0.3899852406897166
high_debt_burden,app,"Logistic (app, calibrated)",0,0.3757022503793831
high_debt_burden,app,"Logistic (app, calibrated)",0,0.1522986857825568
high_debt_burden,app,"Logistic (app, calibrated)",0,0.28256575210753104
high_debt_burden,app,"Logistic (app, calibrated)",0,0.256584638871724
high_debt_burden,app,"Logistic (app, calibrated)",1,0.3906291223275482
high_debt_burden,app,"Logistic (app, calibrated)",1,0.5777773896443822
high_debt_burden,app,"Logistic (app, calibrated)",0,0.2555793525403194
high_debt_burden,app,"Logistic (app, calibrated)",1,0.4019246560621063
high_debt_burden,app,"Logistic (app, calibrated)",1,0.5990845624341752
high_debt_burden,app,"Logistic (app, calibrated)",0,0.47601985007042613
high_debt_burden,app,"Logistic (app, calibrated)",0,0.36949365427283787
high_debt_burden,app,"Logistic (app, calibrated)",0,0.3529005275752132
high_debt_burden,app,"Logistic (app, calibrated)",1,0.4347449923959882
high_debt_burden,app,"Logistic (app, calibrated)",1,0.41984499867830616
high_debt_burden,app,"Logistic (app, calibrated)",0,0.5772704201929815
high_debt_burden,app,"Logistic (app, calibrated)",0,0.3112001868770591
high_debt_burden,app,"Logistic (app, calibrated)",0,0.23873932523428745
high_debt_burden,app,"Logistic (app, calibrated)",1,0.34868908868908866
high_debt_burden,app,"Logistic (app, calibrated)",1,0.41479005362336113
high_debt_burden,app,"Logistic (app, calibrated)",1,0.6960460577673693
high_debt_burden,app,"Logistic (app, calibrated)",1,0.6314745179326289
high_debt_burden,app,"Logistic (app, calibrated)",1,0.24330378859790622
high_debt_burden,app,"Logistic (app, calibrated)",1,0.4823025843350138
high_debt_burden,app,"Logistic (app, calibrated)",0,0.4047557839633525
high_debt_burden,app,"Logistic (app, calibrated)",0,0.123366791249153
high_debt_burden,app,"Logistic (app, calibrated)",0,0.31066569616306583
high_debt_burden,app,"Logistic (app, calibrated)",1,0.6314745179326289
high_debt_burden,app,"Logistic (app, calibrated)",0,0.7364911330330159
high_debt_burden,app,"Logistic (app, calibrated)",1,0.41511967633040764
high_debt_burden,app,"Logistic (app, calibrated)",1,0.1569584376067046
high_debt_burden,app,"Logistic (app, calibrated)",0,0.27197386121534733
high_debt_burden,app,"Logistic (app, calibrated)",1,0.39763610971748514
high_debt_burden,app,"Logistic (app, calibrated)",0,0.3138867239774784
high_debt_burden,app,"Logistic (app, calibrated)",0,0.29524432571916626
high_debt_burden,app,"Logistic (app, calibrated)",0,0.6520451864956509
high_debt_burden,app,"Logistic (app, calibrated)",1,0.25243309403691805
high_debt_burden,app,"Logistic (app, calibrated)",0,0.5289915067425172
high_debt_burden,app,"Logistic (app, calibrated)",1,0.30541440172797946
high_debt_burden,app,"Logistic (app, calibrated)",0,0.19917967753410973
high_debt_burden,app,"Logistic (app, calibrated)",1,0.5659801546213408
high_debt_burden,app,"Logistic (app, calibrated)",1,0.46618705030347796
high_debt_burden,app,"Logistic (app, calibrated)",1,0.5990845624341752
high_debt_burden,app,"Logistic (app, calibrated)",0,0.27622247633568386
high_debt_burden,app,"Logistic (app, calibrated)",1,0.5988089823635441
high_debt_burden,app,"Logistic (app, calibrated)",1,0.3150558533326895
high_debt_burden,app,"Logistic (app, calibrated)",1,0.3414791711538568
high_debt_burden,app,"Logistic (app, calibrated)",0,0.4761219096210617
high_debt_burden,app,"Logistic (app, calibrated)",1,0.5419306345306152
high_debt_burden,app,"Logistic (app, calibrated)",1,0.5686057209769153
high_debt_burden,app,"Logistic (app, calibrated)",0,0.3138867239774784
high_debt_burden,app,"Logistic (app, calibrated)",0,0.200451181114653
high_debt_burden,app,"Logistic (app, calibrated)",0,0.5595765826445374
high_debt_burden,app,"Logistic (app, calibrated)",1,0.6366316526610645
high_debt_burden,app,"Logistic (app, calibrated)",1,0.25243309403691805
high_debt_burden,app,"Logistic (app, calibrated)",1,0.5178746470920383
high_debt_burden,app,"Logistic (app, calibrated)",1,0.4049904971550369
high_debt_burden,app,"Logistic (app, calibrated)",1,0.3801489760142634
high_debt_burden,app,"Logistic (app, calibrated)",1,0.6047988481484609
high_debt_burden,app,"Logistic (app, calibrated)",0,0.5604081834761382
high_debt_burden,app,"Logistic (app, calibrated)",1,0.5350175003553869
high_debt_burden,app,"Logistic (app, calibrated)",0,0.55993040838536
high_debt_burden,app,"Logistic (app, calibrated)",1,0.24330378859790622
high_debt_burden,app,"Logistic (app, calibrated)",0,0.1843269919387385
high_debt_burden,app,"Logistic (app, calibrated)",1,0.4084941415841762
high_debt_burden,app,"Logistic (app, calibrated)",1,0.3550236849703442
high_debt_burden,app,"Logistic (app, calibrated)",0,0.4558009339914664
high_debt_burden,app,"Logistic (app, calibrated)",0,0.4537444423334148
high_debt_burden,app,"Logistic (app, calibrated)",0,0.28256575210753104
high_debt_burden,app,"Logistic (app, calibrated)",1,0.6114778576059487
high_debt_burden,app,"Logistic (app, calibrated)",0,0.39993555210009185
high_debt_burden,app,"Logistic (app, calibrated)",1,0.25243309403691805
high_debt_burden,app,"Logistic (app, calibrated)",1,0.41984499867830616
high_debt_burden,app,"Logistic (app, calibrated)",1,0.5073344064260766
high_debt_burden,app,"Logistic (app, calibrated)",0,0.27622247633568386
high_debt_burden,app,"Logistic (app, calibrated)",0,0.4047557839633525
high_debt_burden,app,"Logistic (app, calibrated)",1,0.6096125597163082
high_debt_burden,app,"Logistic (app, calibrated)",0,0.32056109906987096
high_debt_burden,app,"Logistic (app, calibrated)",1,0.532838550328617
high_debt_burden,app,"Logistic (app, calibrated)",1,0.2738426794746422
high_debt_burden,app,"Logistic (app, calibrated)",1,0.5722745594832201
high_debt_burden,app,"Logistic (app, calibrated)",0,0.5758315449591814
high_debt_burden,app,"Logistic (app, calibrated)",0,0.5334155774174272
high_debt_burden,app,"Logistic (app, calibrated)",1,0.5909315595619384
high_debt_burden,app,"Logistic (app, calibrated)",0,0.4619504335182594
high_debt_burden,app,"Logistic (app, calibrated)",0,0.4537444423334148
high_debt_burden,app,"Logistic (app, calibrated)",1,0.4942052099946837
high_debt_burden,app,"Logistic (app, calibrated)",0,0.5191670928661595
high_debt_burden,app,"Logistic (app, calibrated)",0,0.1522986857825568
high_debt_burden,app,"Logistic (app, calibrated)",1,0.5156220494544524
high_debt_burden,app,"Logistic (app, calibrated)",0,0.41984499867830616
high_debt_burden,app,"Logistic (app, calibrated)",1,0.5977522160241084
high_debt_burden,app,"Logistic (app, calibrated)",0,0.47321996566397956
high_debt_burden,app,"Logistic (app, calibrated)",0,0.2670911725660131
high_debt_burden,app,"Logistic (app, calibrated)",0,0.3138867239774784
high_debt_burden,app,"Logistic (app, calibrated)",0,0.6329751102717102
high_debt_burden,app,"Logistic (app, calibrated)",0,0.1378674463937622
high_debt_burden,app,"Logistic (app, calibrated)",1,0.39638418551500204
high_debt_burden,app,"Logistic (app, calibrated)",1,0.35391670651071727
high_debt_burden,app,"Logistic (app, calibrated)",1,0.5782038966963775
high_debt_burden,app,"Logistic (app, calibrated)",1,0.5936673047829453
high_debt_burden,app,"Logistic (app, calibrated)",0,0.23743553178847296
high_debt_burden,app,"Logistic (app, calibrated)",1,0.43158732922968035
high_debt_burden,app,"Logistic (app, calibrated)",1,0.5780640575922232
high_debt_burden,app,"Logistic (app, calibrated)",0,0.27197386121534733
high_debt_burden,app,"Logistic (app, calibrated)",1,0.49782100646896793
high_debt_burden,app,"Logistic (app, calibrated)",1,0.5542880488088991
high_debt_burden,app,"Logistic (app, calibrated)",0,0.2930759988038396
high_debt_burden,app,"Logistic (app, calibrated)",0,0.4508138589670068
high_debt_burden,app,"Logistic (app, calibrated)",0,0.4860774853302818
high_debt_burden,app,"Logistic (app, calibrated)",0,0.45004073862971106
high_debt_burden,app,"Logistic (app, calibrated)",0,0.18883441336812928
high_debt_burden,app,"Logistic (app, calibrated)",0,0.45669621190818327
high_debt_burden,app,"Logistic (app, calibrated)",1,0.29404854924039203
high_debt_burden,app,"Logistic (app, calibrated)",1,0.2670911725660131
high_debt_burden,app,"Logistic (app, calibrated)",1,0.5560569503813809
high_debt_burden,app,"Logistic (app, calibrated)",0,0.31042911313328736
high_debt_burden,app,"Logistic (app, calibrated)",0,0.14196452686811303
high_debt_burden,app,"Logistic (app, calibrated)",0,0.5949510955759292
high_debt_burden,app,"Logistic (app, calibrated)",0,0.6329751102717102
high_debt_burden,app,"Logistic (app, calibrated)",1,0.3354791337559699
high_debt_burden,app,"Logistic (app, calibrated)",0,0.5474047303272916
high_debt_burden,app,"Logistic (app, calibrated)",0,0.294636330268293
high_debt_burden,app,"Logistic (app, calibrated)",1,0.4930241438719998
high_debt_burden,app,"Logistic (app, calibrated)",1,0.5626188927975243
high_debt_burden,app,"Logistic (app, calibrated)",0,0.4850155690648318
high_debt_burden,app,"Logistic (app, calibrated)",1,0.36733007122600914
high_debt_burden,app,"Logistic (app, calibrated)",0,0.1266807692855107
high_debt_burden,app,"Logistic (app, calibrated)",1,0.4465838400095293
high_debt_burden,app,"Logistic (app, calibrated)",0,0.5144345409970003
high_debt_burden,app,"Logistic (app, calibrated)",1,0.5419306345306152
high_debt_burden,app,"Logistic (app, calibrated)",1,0.5211875130410288
high_debt_burden,app,"Logistic (app, calibrated)",1,0.6014463450009068
high_debt_burden,app,"Logistic (app, calibrated)",1,0.45004073862971106
high_debt_burden,app,"Logistic (app, calibrated)",1,0.6242277107129324
high_debt_burden,app,"Logistic (app, calibrated)",0,0.6213311062129769
high_debt_burden,app,"Logistic (app, calibrated)",1,0.4181728271558848
high_debt_burden,app,"Logistic (app, calibrated)",1,0.4883428527913896
high_debt_burden,app,"Logistic (app, calibrated)",1,0.30371175166297115
high_debt_burden,app,"Logistic (app, calibrated)",0,0.3138867239774784
high_debt_burden,app,"Logistic (app, calibrated)",1,0.5200012911065542
high_debt_burden,app,"Logistic (app, calibrated)",0,0.34029357600668153
high_debt_burden,app,"Logistic (app, calibrated)",1,0.1963710407239819
high_debt_burden,app,"Logistic (app, calibrated)",1,0.47252104019538343
high_debt_burden,app,"Logistic (app, calibrated)",0,0.3372178733372763
high_debt_burden,app,"Logistic (app, calibrated)",1,0.4306092553864442
high_debt_burden,app,"Logistic (app, calibrated)",0,0.09988527325823947
high_debt_burden,app,"Logistic (app, calibrated)",1,0.5777773896443822
high_debt_burden,app,"Logistic (app, calibrated)",0,0.15122818358112475
high_debt_burden,app,"Logistic (app, calibrated)",0,0.3856161569547396
high_debt_burden,app,"Logistic (app, calibrated)",0,0.46618705030347796
high_debt_burden,app,"Logistic (app, calibrated)",0,0.1378566853238573
high_debt_burden,app,"Logistic (app, calibrated)",0,0.4725032537938958
high_debt_burden,app,"Logistic (app, calibrated)",0,0.19917967753410973
high_debt_burden,app,"Logistic (app, calibrated)",1,0.37694206882955783
high_debt_burden,app,"Logistic (app, calibrated)",0,0.25243309403691805
high_debt_burden,app,"Logistic (app, calibrated)",1,0.43132235856595125
high_debt_burden,app,"Logistic (app, calibrated)",1,0.17708227661599252
high_debt_burden,app,"Logistic (app, calibrated)",1,0.4188942111283162
high_debt_burden,app,"Logistic (app, calibrated)",1,0.27282946844866496
high_debt_burden,app,"Logistic (app, calibrated)",0,0.49782100646896793
high_debt_burden,app,"Logistic (app, calibrated)",1,0.49782100646896793
high_debt_burden,app,"Logistic (app, calibrated)",1,0.37385903936383613
high_debt_burden,app,"Logistic (app, calibrated)",0,0.31600288362509066
high_debt_burden,app,"Logistic (app, calibrated)",0,0.4558983775315328
high_debt_burden,app,"Logistic (app, calibrated)",0,0.4481359735677984
high_debt_burden,app,"Logistic (app, calibrated)",0,0.4558983775315328
high_debt_burden,app,"Logistic (app, calibrated)",0,0.5930041273846054
high_debt_burden,app,"Logistic (app, calibrated)",0,0.45891843413040545
high_debt_burden,app,"Logistic (app, calibrated)",0,0.6329751102717102
high_debt_burden,app,"Logistic (app, calibrated)",0,0.13894995635911866
high_debt_burden,app,"Logistic (app, calibrated)",1,0.5797344181832953
high_debt_burden,app,"Logistic (app, calibrated)",0,0.5440105846402675
high_debt_burden,app,"Logistic (app, calibrated)",0,0.1378566853238573
high_debt_burden,app,"Logistic (app, calibrated)",0,0.024698974571452002
high_debt_burden,app,"Logistic (app, calibrated)",1,0.5869897959183673
high_debt_burden,app,"Logistic (app, calibrated)",0,0.27197386121534733
high_debt_burden,app,"Logistic (app, calibrated)",1,0.22052575023990909
high_debt_burden,app,"Logistic (app, calibrated)",0,0.5516597933284153
high_debt_burden,app,"Logistic (app, calibrated)",0,0.30374774774774776
high_debt_burden,app,"Logistic (app, calibrated)",0,0.3432411087730237
high_debt_burden,app,"Logistic (app, calibrated)",0,0.5343246857474041
high_debt_burden,app,"Logistic (app, calibrated)",0,0.20822275029194076
high_debt_burden,app,"Logistic (app, calibrated)",0,0.36415593883062447
high_debt_burden,app,"Logistic (app, calibrated)",1,0.45004073862971106
high_debt_burden,app,"Logistic (app, calibrated)",0,0.4465838400095293
high_debt_burden,app,"Logistic (app, calibrated)",0,0.5949510955759292
high_debt_burden,app,"Logistic (app, calibrated)",1,0.4823025843350138
high_debt_burden,app,"Logistic (app, calibrated)",0,0.5654086879974718
high_debt_burden,app,"Logistic (app, calibrated)",0,0.5412662189641697
high_debt_burden,app,"Logistic (app, calibrated)",1,0.544891167640402
high_debt_burden,app,"Logistic (app, calibrated)",0,0.1522986857825568
high_debt_burden,app,"Logistic (app, calibrated)",0,0.38228349182399074
high_debt_burden,app,"Logistic (app, calibrated)",1,0.42309558413746534
high_debt_burden,app,"Logistic (app, calibrated)",0,0.15679437667946933
high_debt_burden,app,"Logistic (app, calibrated)",0,0.5489894930304138
high_debt_burden,app,"Logistic (app, calibrated)",0,0.7041666666666666
high_debt_burden,app,"Logistic (app, calibrated)",0,0.4146429843319167
high_debt_burden,app,"Logistic (app, calibrated)",1,0.2738426794746422
high_debt_burden,app,"Logistic (app, calibrated)",1,0.1378566853238573
high_debt_burden,app,"Logistic (app, calibrated)",1,0.5030995505715838
high_debt_burden,app,"Logistic (app, calibrated)",1,0.5006235545457755
high_debt_burden,app,"Logistic (app, calibrated)",0,0.5489894930304138
high_debt_burden,app,"Logistic (app, calibrated)",0,0.5288753076988371
high_debt_burden,app,"Logistic (app, calibrated)",0,0.19081548516842636
high_debt_burden,app,"Logistic (app, calibrated)",0,0.38815875780110887
high_debt_burden,app,"Logistic (app, calibrated)",0,0.25243309403691805
high_debt_burden,app,"Logistic (app, calibrated)",0,0.25163712193123955
high_debt_burden,app,"Logistic (app, calibrated)",0,0.4883457812989003
high_debt_burden,app,"Logistic (app, calibrated)",0,0.18883441336812928
high_debt_burden,app,"Logistic (app, calibrated)",1,0.674904468971031
high_debt_burden,app,"Logistic (app, calibrated)",1,0.4537444423334148
high_debt_burden,app,"Logistic (app, calibrated)",1,0.4049904971550369
high_debt_burden,app,"Logistic (app, calibrated)",0,0.2738426794746422
high_debt_burden,app,"Logistic (app, calibrated)",1,0.256584638871724
high_debt_burden,app,"Logistic (app, calibrated)",1,0.7018288908854947
high_debt_burden,app,"Logistic (app, calibrated)",0,0.4537444423334148
high_debt_burden,app,"Logistic (app, calibrated)",0,0.6096125597163082
high_debt_burden,app,"Logistic (app, calibrated)",1,0.575547460130503
high_debt_burden,app,"Logistic (app, calibrated)",1,0.4944937227424102
high_debt_burden,app,"Logistic (app, calibrated)",1,0.6213311062129769
high_debt_burden,app,"Logistic (app, calibrated)",0,0.4041554861154224
high_debt_burden,app,"Logistic (app, calibrated)",1,0.544855179234862
high_debt_burden,app,"Logistic (app, calibrated)",1,0.5977522160241084
high_debt_burden,app,"Logistic (app, calibrated)",1,0.4958471795989977
high_debt_burden,app,"Logistic (app, calibrated)",0,0.2624404947275799
high_debt_burden,app,"Logistic (app, calibrated)",0,0.29991065994258564
high_debt_burden,app,"Logistic (app, calibrated)",0,0.3138867239774784
high_debt_burden,app,"Logistic (app, calibrated)",0,0.22052575023990909
high_debt_burden,app,"Logistic (app, calibrated)",1,0.6314745179326289
high_debt_burden,app,"Logistic (app, calibrated)",0,0.28982928850172274
high_debt_burden,app,"Logistic (app, calibrated)",1,0.4986379183204779
high_debt_burden,app,"Logistic (app, calibrated)",1,0.4311933807810636
high_debt_burden,app,"Logistic (app, calibrated)",1,0.5489894930304138
high_debt_burden,app,"Logistic (app, calibrated)",0,0.40413710222142046
high_debt_burden,app,"Logistic (app, calibrated)",0,0.44244416113177343
high_debt_burden,app,"Logistic (app, calibrated)",1,0.4155005459699452
high_debt_burden,app,"Logistic (app, calibrated)",1,0.40716767314262237
high_debt_burden,app,"Logistic (app, calibrated)",0,0.17082051282051283
high_debt_burden,app,"Logistic (app, calibrated)",0,0.3206610808422715
high_debt_burden,app,"Logistic (app, calibrated)",1,0.41925181669178124
high_debt_burden,app,"Logistic (app, calibrated)",0,0.1826957913567461
high_debt_burden,app,"Logistic (app, calibrated)",0,0.6114778576059487
high_debt_burden,app,"Logistic (app, calibrated)",0,0.6562633058186054
high_debt_burden,app,"Logistic (app, calibrated)",1,0.4850155690648318
high_debt_burden,app,"Logistic (app, calibrated)",0,0.3138867239774784
high_debt_burden,app,"Logistic (app, calibrated)",1,0.4537444423334148
high_debt_burden,app,"Logistic (app, calibrated)",1,0.3131478847580542
high_debt_burden,app,"Logistic (app, calibrated)",1,0.49578012401541816
high_debt_burden,app,"Logistic (app, calibrated)",1,0.5004315512794071
high_debt_burden,app,"Logistic (app, calibrated)",0,0.26997232559152207
high_debt_burden,app,"Logistic (app, calibrated)",0,0.48313644585449866
high_debt_burden,app,"Logistic (app, calibrated)",0,0.4521183845307927
high_debt_burden,app,"Logistic (app, calibrated)",0,0.3822224917963686
high_debt_burden,app,"Logistic (app, calibrated)",0,0.41891101676896325
high_debt_burden,app,"Logistic (app, calibrated)",0,0.496859865343431
high_debt_burden,app,"Logistic (app, calibrated)",1,0.5949510955759292
high_debt_burden,app,"Logistic (app, calibrated)",1,0.3895557842380584
high_debt_burden,app,"Logistic (app, calibrated)",1,0.2624404947275799
high_debt_burden,app,"Logistic (app, calibrated)",0,0.4850155690648318
high_debt_burden,app,"Logistic (app, calibrated)",1,0.6329751102717102
high_debt_burden,app,"Logistic (app, calibrated)",0,0.2738426794746422
high_debt_burden,app,"Logistic (app, calibrated)",0,0.3001270143685004
high_debt_burden,app,"Logistic (app, calibrated)",0,0.015384615384615385
high_debt_burden,app,"Logistic (app, calibrated)",0,0.14184339628731246
high_debt_burden,app,"Logistic (app, calibrated)",0,0.43794747637316567
high_debt_burden,app,"Logistic (app, calibrated)",0,0.3638947163349637
high_debt_burden,app,"Logistic (app, calibrated)",0,0.2533495856366708
high_debt_burden,app,"Logistic (app, calibrated)",0,0.4049904971550369
high_debt_burden,app,"Logistic (app, calibrated)",0,0.26093175227615806
high_debt_burden,app,"Logistic (app, calibrated)",0,0.3384750859508384
high_debt_burden,app,"Logistic (app, calibrated)",1,0.4823025843350138
high_debt_burden,app,"Logistic (app, calibrated)",1,0.519208833359937
high_debt_burden,app,"Logistic (app, calibrated)",0,0.2989489720621796
high_debt_burden,app,"Logistic (app, calibrated)",1,0.2738426794746422
high_debt_burden,app,"Logistic (app, calibrated)",0,0.23901013324042109
high_debt_burden,app,"Logistic (app, calibrated)",1,0.695203081232493
high_debt_burden,app,"Logistic (app, calibrated)",0,0.24330378859790622
high_debt_burden,app,"Logistic (app, calibrated)",0,0.5665327416515057
high_debt_burden,app,"Logistic (app, calibrated)",0,0.4739894449908901
high_debt_burden,app,"Logistic (app, calibrated)",0,0.3138867239774784
high_debt_burden,app,"Logistic (app, calibrated)",1,0.35391670651071727
high_debt_burden,app,"Logistic (app, calibrated)",1,0.2738426794746422
high_debt_burden,app,"Logistic (app, calibrated)",0,0.3138867239774784
high_debt_burden,app,"Logistic (app, calibrated)",0,0.5616023781144138
high_debt_burden,app,"Logistic (app, calibrated)",0,0.2930759988038396
high_debt_burden,app,"Logistic (app, calibrated)",1,0.6448098645230587
high_debt_burden,app,"Logistic (app, calibrated)",0,0.310773308617699
high_debt_burden,app,"Logistic (app, calibrated)",0,0.3959707372343805
high_debt_burden,app,"Logistic (app, calibrated)",1,0.47033548891538696
high_debt_burden,app,"Logistic (app, calibrated)",0,0.35415785656006415
high_debt_burden,app,"Logistic (app, calibrated)",0,0.6111122216663618
high_debt_burden,app,"Logistic (app, calibrated)",1,0.5136760904849126
high_debt_burden,app,"Logistic (app, calibrated)",0,0.6047516232005002
high_debt_burden,app,"Logistic (app, calibrated)",1,0.6329751102717102
high_debt_burden,app,"Logistic (app, calibrated)",1,0.5485397933468785
high_debt_burden,app,"Logistic (app, calibrated)",0,0.5977522160241084
high_debt_burden,app,"Logistic (app, calibrated)",0,0.34119742884958926
high_debt_burden,app,"Logistic (app, calibrated)",0,0.26533701583674046
high_debt_burden,app,"Logistic (app, calibrated)",0,0.6048405510640819
high_debt_burden,app,"Logistic (app, calibrated)",0,0.5265782626423048
high_debt_burden,app,"Logistic (app, calibrated)",0,0.1378566853238573
high_debt_burden,app,"Logistic (app, calibrated)",1,0.4986379183204779
high_debt_burden,app,"Logistic (app, calibrated)",1,0.591047605645475
high_debt_burden,app,"Logistic (app, calibrated)",1,0.4196075278391228
high_debt_burden,app,"Logistic (app, calibrated)",0,0.4529280704916908
high_debt_burden,app,"Logistic (app, calibrated)",1,0.1962757286608213
high_debt_burden,app,"Logistic (app, calibrated)",0,0.20840734135924302
high_debt_burden,app,"Logistic (app, calibrated)",0,0.3605742990559745
high_debt_burden,app,"Logistic (app, calibrated)",1,0.5014244703345312
high_debt_burden,app,"Logistic (app, calibrated)",0,0.19732237231009533
high_debt_burden,app,"Logistic (app, calibrated)",0,0.12575989392084863
high_debt_burden,app,"Logistic (app, calibrated)",0,0.5846186856658304
high_debt_burden,app,"Logistic (app, calibrated)",0,0.4074337317842806
high_debt_burden,app,"Logistic (app, calibrated)",1,0.5379024796229599
high_debt_burden,app,"Logistic (app, calibrated)",0,0.4508138589670068
high_debt_burden,app,"Logistic (app, calibrated)",1,0.5056249573767755
high_debt_burden,app,"Logistic (app, calibrated)",0,0.24330378859790622
high_debt_burden,app,"Logistic (app, calibrated)",1,0.39809745090472515
high_debt_burden,app,"Logistic (app, calibrated)",1,0.5709422130731536
high_debt_burden,app,"Logistic (app, calibrated)",0,0.4465838400095293
high_debt_burden,app,"Logistic (app, calibrated)",0,0.27197386121534733
high_debt_burden,app,"Logistic (app, calibrated)",1,0.2776600069227019
high_debt_burden,app,"Logistic (app, calibrated)",0,0.5237381580625886
high_debt_burden,app,"Logistic (app, calibrated)",0,0.34574720359090333
high_debt_burden,app,"Logistic (app, calibrated)",1,0.6395829307805374
high_debt_burden,app,"Logistic (app, calibrated)",1,0.5684590309337654
high_debt_burden,app,"Logistic (app, calibrated)",0,0.6562633058186054
high_debt_burden,app,"Logistic (app, calibrated)",0,0.17221184404309742
high_debt_burden,app,"Logistic (app, calibrated)",1,0.43911562034952584
high_debt_burden,app,"Logistic (app, calibrated)",1,0.5388896732141039
high_debt_burden,app,"Logistic (app, calibrated)",1,0.3591955974308916
high_debt_burden,app,"Logistic (app, calibrated)",0,0.4280068403246263
high_debt_burden,app,"Logistic (app, calibrated)",0,0.34107085670834575
high_debt_burden,app,"Logistic (app, calibrated)",0,0.5774182058783645
high_debt_burden,app,"Logistic (app, calibrated)",0,0.16288956200137544
high_debt_burden,app,"Logistic (app, calibrated)",1,0.24330378859790622
high_debt_burden,app,"Logistic (app, calibrated)",1,0.6114778576059487
high_debt_burden,app,"Logistic (app, calibrated)",0,0.3206610808422715
high_debt_burden,app,"Logistic (app, calibrated)",0,0.2930759988038396
high_debt_burden,app,"Logistic (app, calibrated)",1,0.0832186065915728
high_debt_burden,app,"Logistic (app, calibrated)",1,0.16288956200137544
high_debt_burden,app,"Logistic (app, calibrated)",0,0.4475728287234554
high_debt_burden,app,"Logistic (app, calibrated)",0,0.4404383094846914
high_debt_burden,app,"Logistic (app, calibrated)",0,0.6562633058186054
high_debt_burden,app,"Logistic (app, calibrated)",0,0.16567765567765572
high_debt_burden,app,"Logistic (app, calibrated)",0,0.2916328380614095
high_debt_burden,app,"Logistic (app, calibrated)",1,0.20540497729304916
high_debt_burden,app,"Logistic (app, calibrated)",0,0.5836310186588431
high_debt_burden,app,"Logistic (app, calibrated)",0,0.38541518167882494
high_debt_burden,app,"Logistic (app, calibrated)",0,0.30237688867719825
high_debt_burden,app,"Logistic (app, calibrated)",1,0.42295189526968124
high_debt_burden,app,"Logistic (app, calibrated)",0,0.575547460130503
high_debt_burden,app,"Logistic (app, calibrated)",1,0.44141844119097245
high_debt_burden,app,"Logistic (app, calibrated)",1,0.4484163151339521
high_debt_burden,app,"Logistic (app, calibrated)",0,0.32913608999607513
high_debt_burden,app,"Logistic (app, calibrated)",0,0.22263205848649065
high_debt_burden,app,"Logistic (app, calibrated)",0,0.37299665930442166
high_debt_burden,app,"Logistic (app, calibrated)",0,0.49972749243647085
high_debt_burden,app,"Logistic (app, calibrated)",0,0.2989489720621796
high_debt_burden,app,"Logistic (app, calibrated)",1,0.48466901290430703
high_debt_burden,app,"Logistic (app, calibrated)",0,0.3195451911553606
high_debt_burden,app,"Logistic (app, calibrated)",1,0.5237381580625886
high_debt_burden,app,"Logistic (app, calibrated)",1,0.6031757137298539
high_debt_burden,app,"Logistic (app, calibrated)",0,0.45004073862971106
high_debt_burden,app,"Logistic (app, calibrated)",0,0.28256575210753104
high_debt_burden,app,"Logistic (app, calibrated)",1,0.5910299421455826
high_debt_burden,app,"Logistic (app, calibrated)",1,0.2590802440679671
high_debt_burden,app,"Logistic (app, calibrated)",1,0.5868946037997179
high_debt_burden,app,"Logistic (app, calibrated)",0,0.5332240914387639
high_debt_burden,app,"Logistic (app, calibrated)",1,0.6114778576059487
high_debt_burden,app,"Logistic (app, calibrated)",0,0.19081548516842636
high_debt_burden,app,"Logistic (app, calibrated)",0,0.2909953007542566
high_debt_burden,app,"Logistic (app, calibrated)",0,0.25243309403691805
high_debt_burden,app,"Logistic (app, calibrated)",0,0.3530687830687831
high_debt_burden,app,"Logistic (app, calibrated)",0,0.43852867468451395
high_debt_burden,app,"Logistic (app, calibrated)",0,0.6202766975732974
high_debt_burden,app,"Logistic (app, calibrated)",0,0.3221910232450272
high_debt_burden,app,"Logistic (app, calibrated)",0,0.5355666637890701
high_debt_burden,app,"Logistic (app, calibrated)",0,0.5888269365836332
high_debt_burden,app,"Logistic (app, calibrated)",1,0.4668591964317755
high_debt_burden,app,"Logistic (app, calibrated)",1,0.5408598968717768
high_debt_burden,app,"Logistic (app, calibrated)",1,0.4558983775315328
high_debt_burden,app,"Logistic (app, calibrated)",1,0.6256163616442126
high_debt_burden,app,"Logistic (app, calibrated)",0,0.11503030303030304
high_debt_burden,app,"Logistic (app, calibrated)",0,0.3138867239774784
high_debt_burden,app,"Logistic (app, calibrated)",0,0.6457635718916631
high_debt_burden,app,"Logistic (app, calibrated)",1,0.4484163151339521
high_debt_burden,app,"Logistic (app, calibrated)",0,0.21589872601193355
high_debt_burden,app,"Logistic (app, calibrated)",1,0.5203306140043426
high_debt_burden,app,"Logistic (app, calibrated)",0,0.4871862868608231
high_debt_burden,app,"Logistic (app, calibrated)",0,0.6562633058186054
high_debt_burden,app,"Logistic (app, calibrated)",1,0.31383140231307766
high_debt_burden,app,"Logistic (app, calibrated)",0,0.3539276753803725
high_debt_burden,app,"Logistic (app, calibrated)",1,0.5340092472794984
high_debt_burden,app,"Logistic (app, calibrated)",1,0.41666750495505517
high_debt_burden,app,"Logistic (app, calibrated)",0,0.6156168204986912
high_debt_burden,app,"Logistic (app, calibrated)",1,0.44231229769390235
high_debt_burden,app,"Logistic (app, calibrated)",1,0.5343746470920384
high_debt_burden,app,"Logistic (app, calibrated)",0,0.2738426794746422
high_debt_burden,app,"Logistic (app, calibrated)",1,0.25102908331616847
high_debt_burden,app,"Logistic (app, calibrated)",1,0.45891843413040545
high_debt_burden,app,"Logistic (app, calibrated)",1,0.6562633058186054
high_debt_burden,app,"Logistic (app, calibrated)",0,0.17708227661599252
high_debt_burden,app,"Logistic (app, calibrated)",0,0.3785428381167149
high_debt_burden,app,"Logistic (app, calibrated)",1,0.6329751102717102
high_debt_burden,app,"Logistic (app, calibrated)",0,0.3316660534908335
high_debt_burden,app,"Logistic (app, calibrated)",1,0.4930241438719998
high_debt_burden,app,"Logistic (app, calibrated)",0,0.42309558413746534
high_debt_burden,app,"Logistic (app, calibrated)",1,0.4060729924755604
high_debt_burden,app,"Logistic (app, calibrated)",0,0.25604625166544814
high_debt_burden,app,"Logistic (app, calibrated)",0,0.20540497729304916
high_debt_burden,app,"Logistic (app, calibrated)",0,0.26997232559152207
high_debt_burden,app,"Logistic (app, calibrated)",0,0.4484163151339521
high_debt_burden,app,"Logistic (app, calibrated)",0,0.13664211042507188
high_debt_burden,app,"Logistic (app, calibrated)",0,0.4720020168126176
high_debt_burden,app,"Logistic (app, calibrated)",0,0.515763161959855
high_debt_burden,app,"Logistic (app, calibrated)",1,0.3987207035067267
high_debt_burden,app,"Logistic (app, calibrated)",0,0.3559201296959228
high_debt_burden,app,"Logistic (app, calibrated)",0,0.16319579135674608
high_debt_burden,app,"Logistic (app, calibrated)",1,0.6213311062129769
high_debt_burden,app,"Logistic (app, calibrated)",0,0.3517295500063862
high_debt_burden,app,"Logistic (app, calibrated)",1,0.2835521892800301
high_debt_burden,app,"Logistic (app, calibrated)",0,0.3457929154082028
high_debt_burden,app,"Logistic (app, calibrated)",0,0.3594314419131173
high_debt_burden,app,"Logistic (app, calibrated)",1,0.2930759988038396
high_debt_burden,app,"Logistic (app, calibrated)",0,0.3573785962495965
high_debt_burden,app,"Logistic (app, calibrated)",1,0.39473480706730457
high_debt_burden,app,"Logistic (app, calibrated)",0,0.14062882138852706
high_debt_burden,app,"Logistic (app, calibrated)",0,0.4481359735677984
high_debt_burden,app,"Logistic (app, calibrated)",0,0.6562633058186054
high_debt_burden,app,"Logistic (app, calibrated)",1,0.3808736136954228
high_debt_burden,app,"Logistic (app, calibrated)",1,0.22027698602272255
high_debt_burden,app,"Logistic (app, calibrated)",0,0.18614704243526203
high_debt_burden,app,"Logistic (app, calibrated)",1,0.4883428527913896
high_debt_burden,app,"Logistic (app, calibrated)",1,0.12601606813300467
high_debt_burden,app,"Logistic (app, calibrated)",1,0.6296051861604857
high_debt_burden,app,"Logistic (app, calibrated)",0,0.14797068494675883
high_debt_burden,app,"Logistic (app, calibrated)",1,0.4155005459699452
high_debt_burden,app,"Logistic (app, calibrated)",1,0.5030995505715838
high_debt_burden,app,"Logistic (app, calibrated)",0,0.5656659512685074
high_debt_burden,app,"Logistic (app, calibrated)",0,0.38180213409046027
high_debt_burden,app,"Logistic (app, calibrated)",1,0.5709422130731536
high_debt_burden,app,"Logistic (app, calibrated)",0,0.6047988481484609
high_debt_burden,app,"Logistic (app, calibrated)",1,0.4975809104305526
high_debt_burden,app,"Logistic (app, calibrated)",0,0.4883457812989003
high_debt_burden,app,"Logistic (app, calibrated)",0,0.6123975468603144
high_debt_burden,app,"Logistic (app, calibrated)",0,0.4465838400095293
high_debt_burden,app,"Logistic (app, calibrated)",0,0.3088653400430637
high_debt_burden,app,"Logistic (app, calibrated)",0,0.5304664770638435
high_debt_burden,app,"Logistic (app, calibrated)",0,0.5343746470920384
high_debt_burden,app,"Logistic (app, calibrated)",1,0.6114778576059487
high_debt_burden,app,"Logistic (app, calibrated)",0,0.27009622725136884
high_debt_burden,app,"Logistic (app, calibrated)",0,0.4406720799248765
high_debt_burden,app,"Logistic (app, calibrated)",0,0.18640510695139106
high_debt_burden,app,"Logistic (app, calibrated)",0,0.602597164553174
high_debt_burden,app,"Logistic (app, calibrated)",0,0.42295189526968124
high_debt_burden,app,"Logistic (app, calibrated)",1,0.510101708223354
high_debt_burden,app,"Logistic (app, calibrated)",1,0.654905839755257
high_debt_burden,app,"Logistic (app, calibrated)",0,0.2533495856366708
high_debt_burden,app,"Logistic (app, calibrated)",1,0.45605092464902774
high_debt_burden,app,"Logistic (app, calibrated)",0,0.12706704488815113
high_debt_burden,app,"Logistic (app, calibrated)",1,0.4047557839633525
high_debt_burden,app,"Logistic (app, calibrated)",1,0.2989489720621796
high_debt_burden,app,"Logistic (app, calibrated)",0,0.2533495856366708
high_debt_burden,app,"Logistic (app, calibrated)",1,0.5655894424228675
high_debt_burden,app,"Logistic (app, calibrated)",0,0.49696406463860077
high_debt_burden,app,"Logistic (app, calibrated)",1,0.2989489720621796
high_debt_burden,app,"Logistic (app, calibrated)",1,0.4129160300858613
high_debt_burden,app,"Logistic (app, calibrated)",1,0.4130735707993233
high_debt_burden,app,"Logistic (app, calibrated)",1,0.19081548516842636
high_debt_burden,app,"Logistic (app, calibrated)",0,0.05806087601606226
high_debt_burden,app,"Logistic (app, calibrated)",0,0.2916328380614095
high_debt_burden,app,"Logistic (app, calibrated)",0,0.41372549019607846
high_debt_burden,app,"Logistic (app, calibrated)",1,0.5883866382373844
high_debt_burden,app,"Logistic (app, calibrated)",1,0.4843588984312904
high_debt_burden,app,"Logistic (app, calibrated)",1,0.6578800957400758
high_debt_burden,app,"Logistic (app, calibrated)",1,0.11030178241871895
high_debt_burden,app,"Logistic (app, calibrated)",0,0.29152559163664293
high_debt_burden,app,"Logistic (app, calibrated)",0,0.2670911725660131
high_debt_burden,app,"Logistic (app, calibrated)",1,0.25318910880830525
high_debt_burden,app,"Logistic (app, calibrated)",1,0.5289915067425172
high_debt_burden,app,"Logistic (app, calibrated)",0,0.49301785376345564
high_debt_burden,app,"Logistic (app, calibrated)",0,0.6457635718916631
high_debt_burden,app,"Logistic (app, calibrated)",1,0.4530946777070516
high_debt_burden,app,"Logistic (app, calibrated)",1,0.5780121555104899
high_debt_burden,app,"Logistic (app, calibrated)",0,0.4517913956623552
high_debt_burden,app,"Logistic (app, calibrated)",0,0.18740013505791908
high_debt_burden,app,"Logistic (app, calibrated)",1,0.5858036475971394
high_debt_burden,app,"Logistic (app, calibrated)",1,0.1461058269461631
high_debt_burden,app,"Logistic (app, calibrated)",0,0.5777773896443822
high_debt_burden,app,"Logistic (app, calibrated)",0,0.3594314419131173
high_debt_burden,app,"Logistic (app, calibrated)",0,0.44808360202761593
high_debt_burden,app,"Logistic (app, calibrated)",1,0.3775341016534137
high_debt_burden,app,"Logistic (app, calibrated)",0,0.18551795843697766
high_debt_burden,app,"Logistic (app, calibrated)",1,0.4188942111283162
high_debt_burden,app,"Logistic (app, calibrated)",0,0.35150238513185167
high_debt_burden,app,"Logistic (app, calibrated)",0,0.3001270143685004
high_debt_burden,app,"Logistic (app, calibrated)",0,0.4248111873748077
high_debt_burden,app,"Logistic (app, calibrated)",0,0.1651201952243195
high_debt_burden,app,"Logistic (app, calibrated)",1,0.11030178241871895
high_debt_burden,app,"Logistic (app, calibrated)",1,0.3926471281876271
high_debt_burden,app,"Logistic (app, calibrated)",0,0.4249603875439151
high_debt_burden,app,"Logistic (app, calibrated)",0,0.17328665988061412
high_debt_burden,app,"Logistic (app, calibrated)",1,0.34982158143175096
high_debt_burden,app,"Logistic (app, calibrated)",0,0.4484163151339521
high_debt_burden,app,"Logistic (app, calibrated)",0,0.6562633058186054
high_debt_burden,app,"Logistic (app, calibrated)",0,0.2670911725660131
high_debt_burden,app,"Logistic (app, calibrated)",1,0.43829148052558564
high_debt_burden,app,"Logistic (app, calibrated)",0,0.1378566853238573
high_debt_burden,app,"Logistic (app, calibrated)",1,0.6213311062129769
high_debt_burden,app,"Logistic (app, calibrated)",0,0.5277668614983964
high_debt_burden,app,"Logistic (app, calibrated)",0,0.2291984486102133
high_debt_burden,app,"Logistic (app, calibrated)",1,0.4711406430258334
high_debt_burden,app,"Logistic (app, calibrated)",1,0.2738426794746422
high_debt_burden,app,"Logistic (app, calibrated)",0,0.43760689535547803
high_debt_burden,app,"Logistic (app, calibrated)",0,0.6367446400475635
high_debt_burden,app,"Logistic (app, calibrated)",0,0.6114778576059487
high_debt_burden,app,"Logistic (app, calibrated)",1,0.6213311062129769
high_debt_burden,app,"Logistic (app, calibrated)",1,0.4043914002566876
high_debt_burden,app,"Logistic (app, calibrated)",1,0.5877601693362697
high_debt_burden,app,"Logistic (app, calibrated)",0,0.4924250178568427
high_debt_burden,app,"Logistic (app, calibrated)",0,0.5124838974907624
high_debt_burden,app,"Logistic (app, calibrated)",0,0.2646504971166458
high_debt_burden,app,"Logistic (app, calibrated)",0,0.30656889452011404
high_debt_burden,app,"Logistic (app, calibrated)",0,0.2909953007542566
high_debt_burden,app,"Logistic (app, calibrated)",1,0.5560683424980362
high_debt_burden,app,"Logistic (app, calibrated)",0,0.4639340800899193
high_debt_burden,app,"Logistic (app, calibrated)",0,0.497656987071238
high_debt_burden,app,"Logistic (app, calibrated)",1,0.5191384610774159
high_debt_burden,app,"Logistic (app, calibrated)",1,0.3894277742137974
high_debt_burden,app,"Logistic (app, calibrated)",1,0.6562633058186054
high_debt_burden,app,"Logistic (app, calibrated)",0,0.4508138589670068
high_debt_burden,app,"Logistic (app, calibrated)",0,0.5332240914387639
high_debt_burden,app,"Logistic (app, calibrated)",1,0.47036214557136813
high_debt_burden,app,"Logistic (app, calibrated)",0,0.3676755585630131
high_debt_burden,app,"Logistic (app, calibrated)",0,0.05945378151260504
high_debt_burden,app,"Logistic (app, calibrated)",0,0.3845955442868135
high_debt_burden,app,"Logistic (app, calibrated)",1,0.4280068403246263
high_debt_burden,app,"Logistic (app, calibrated)",1,0.40054256277666783
high_debt_burden,app,"Logistic (app, calibrated)",1,0.24330378859790622
high_debt_burden,app,"Logistic (app, calibrated)",0,0.20885009437085378
high_debt_burden,app,"Logistic (app, calibrated)",0,0.4259039624479028
high_debt_burden,app,"Logistic (app, calibrated)",1,0.3146463663775492
high_debt_burden,app,"Logistic (app, calibrated)",1,0.49782100646896793
high_debt_burden,app,"Logistic (app, calibrated)",0,0.45242465724446407
high_debt_burden,app,"Logistic (app, calibrated)",0,0.5385836098965171
high_debt_burden,app,"Logistic (app, calibrated)",1,0.6213311062129769
high_debt_burden,app,"Logistic (app, calibrated)",0,0.36209290060167254
high_debt_burden,app,"Logistic (app, calibrated)",1,0.2788445060426499
high_debt_burden,app,"Logistic (app, calibrated)",0,0.6562633058186054
high_debt_burden,app,"Logistic (app, calibrated)",0,0.5204434780258811
high_debt_burden,app,"Logistic (app, calibrated)",0,0.45004073862971106
high_debt_burden,app,"Logistic (app, calibrated)",1,0.6096125597163082
high_debt_burden,app,"Logistic (app, calibrated)",0,0.4921960553454687
high_debt_burden,app,"Logistic (app, calibrated)",0,0.38771593043903924
high_debt_burden,app,"Logistic (app, calibrated)",0,0.16173027411536675
high_debt_burden,app,"Logistic (app, calibrated)",0,0.29806930112439145
high_debt_burden,app,"Logistic (app, calibrated)",0,0.38524184411284434
high_debt_burden,app,"Logistic (app, calibrated)",1,0.21678791101819886
high_debt_burden,app,"Logistic (app, calibrated)",1,0.4147453264349207
high_debt_burden,app,"Logistic (app, calibrated)",0,0.24330378859790622
high_debt_burden,app,"Logistic (app, calibrated)",0,0.5962834419859959
high_debt_burden,app,"Logistic (app, calibrated)",1,0.43150287791542813
high_debt_burden,app,"Logistic (app, calibrated)",0,0.1266807692855107
high_debt_burden,app,"Logistic (app, calibrated)",1,0.5709422130731536
high_debt_burden,app,"Logistic (app, calibrated)",0,0.2938877597498287
high_debt_burden,app,"Logistic (app, calibrated)",0,0.5694463538809527
high_debt_burden,app,"Logistic (app, calibrated)",1,0.5977522160241084
high_debt_burden,app,"Logistic (app, calibrated)",0,0.5109181904594822
high_debt_burden,app,"Logistic (app, calibrated)",1,0.49782100646896793
high_debt_burden,app,"Logistic (app, calibrated)",1,0.4321198431100587
high_debt_burden,app,"Logistic (app, calibrated)",1,0.5949510955759292
high_debt_burden,app,"Logistic (app, calibrated)",0,0.42565441734401166
high_debt_burden,app,"Logistic (app, calibrated)",1,0.26926324092490056
high_debt_burden,app,"Logistic (app, calibrated)",1,0.47282801634293314
high_debt_burden,app,"Logistic (app, calibrated)",0,0.5901173730873355
high_debt_burden,app,"Logistic (app, calibrated)",0,0.18618511913702082
high_debt_burden,app,"Logistic (app, calibrated)",0,0.41984499867830616
high_debt_burden,app,"Logistic (app, calibrated)",1,0.46323725196575233
high_debt_burden,app,"Logistic (app, calibrated)",1,0.28256575210753104
high_debt_burden,app,"Logistic (app, calibrated)",1,0.5400282960401761
high_debt_burden,app,"Logistic (app, calibrated)",0,0.5259475915131894
high_debt_burden,app,"Logistic (app, calibrated)",0,0.47897530060845595
high_debt_burden,app,"Logistic (app, calibrated)",0,0.37219248674658145
high_debt_burden,app,"Logistic (app, calibrated)",0,0.17073346839125242
high_debt_burden,app,"Logistic (app, calibrated)",0,0.39688923602005255
high_debt_burden,app,"Logistic (app, calibrated)",0,0.2544696243353961
high_debt_burden,app,"Logistic (app, calibrated)",0,0.41445922050110173
high_debt_burden,app,"Logistic (app, calibrated)",0,0.4935377315952514
high_debt_burden,app,"Logistic (app, calibrated)",0,0.6649699110413396
high_debt_burden,app,"Logistic (app, calibrated)",0,0.14459122118966192
high_debt_burden,app,"Logistic (app, calibrated)",0,0.6562633058186054
high_debt_burden,app,"Logistic (app, calibrated)",1,0.5709422130731536
