outcome,feature_set,model,fpr,tpr,threshold,auc
high_debt_burden,full,Logistic L2,0.0,0.0,inf,0.9141629814044397
high_debt_burden,full,Logistic L2,0.0,0.00045351473922902497,0.9999827166754839,0.9141629814044397
high_debt_burden,full,Logistic L2,0.0,0.042630385487528344,0.9976856926772247,0.9141629814044397
high_debt_burden,full,Logistic L2,0.00032102728731942215,0.042630385487528344,0.9975527362994248,0.9141629814044397
high_debt_burden,full,Logistic L2,0.00032102728731942215,0.06167800453514739,0.9954170124303124,0.9141629814044397
high_debt_burden,full,Logistic L2,0.0006420545746388443,0.06167800453514739,0.9952818935605167,0.9141629814044397
high_debt_burden,full,Logistic L2,0.0006420545746388443,0.11428571428571428,0.9840743462343288,0.9141629814044397
high_debt_burden,full,Logistic L2,0.0009630818619582664,0.11428571428571428,0.9840567339915923,0.9141629814044397
high_debt_burden,full,Logistic L2,0.0009630818619582664,0.11564625850340136,0.9835874085216569,0.9141629814044397
high_debt_burden,full,Logistic L2,0.0012841091492776886,0.11564625850340136,0.9834672018973094,0.9141629814044397
high_debt_burden,full,Logistic L2,0.0012841091492776886,0.12789115646258503,0.9807930005277917,0.9141629814044397
high_debt_burden,full,Logistic L2,0.0016051364365971107,0.12789115646258503,0.9807314643592175,0.9141629814044397
high_debt_burden,full,Logistic L2,0.0016051364365971107,0.1346938775510204,0.9780828615479688,0.9141629814044397
high_debt_burden,full,Logistic L2,0.0019261637239165329,0.1346938775510204,0.9779700710720328,0.9141629814044397
high_debt_burden,full,Logistic L2,0.0019261637239165329,0.15691609977324264,0.9720072589893977,0.9141629814044397
high_debt_burden,full,Logistic L2,0.0022471910112359553,0.15691609977324264,0.971924715183069,0.9141629814044397
high_debt_burden,full,Logistic L2,0.0022471910112359553,0.16870748299319727,0.9688391043403839,0.9141629814044397
high_debt_burden,full,Logistic L2,0.002568218298555377,0.16870748299319727,0.9687515005157656,0.9141629814044397
high_debt_burden,full,Logistic L2,0.002568218298555377,0.17324263038548754,0.9666955799810486,0.9141629814044397
high_debt_burden,full,Logistic L2,0.0028892455858747996,0.17324263038548754,0.9663651992590853,0.9141629814044397
high_debt_burden,full,Logistic L2,0.0028892455858747996,0.1746031746031746,0.966053237144277,0.9141629814044397
high_debt_burden,full,Logistic L2,0.0032102728731942215,0.1746031746031746,0.9658896016870946,0.9141629814044397
high_debt_burden,full,Logistic L2,0.0032102728731942215,0.19138321995464852,0.9594469425040973,0.9141629814044397
high_debt_burden,full,Logistic L2,0.003531300160513644,0.19138321995464852,0.9592228051551944,0.9141629814044397
high_debt_burden,full,Logistic L2,0.003531300160513644,0.19410430839002268,0.958038140693203,0.9141629814044397
high_debt_burden,full,Logistic L2,0.0038523274478330658,0.19410430839002268,0.9578497319899847,0.9141629814044397
high_debt_burden,full,Logistic L2,0.0038523274478330658,0.20272108843537415,0.9541574246497714,0.9141629814044397
high_debt_burden,full,Logistic L2,0.0044943820224719105,0.20272108843537415,0.9538584418173622,0.9141629814044397
high_debt_burden,full,Logistic L2,0.0044943820224719105,0.20317460317460317,0.953797304436262,0.9141629814044397
high_debt_burden,full,Logistic L2,0.004815409309791332,0.20317460317460317,0.9537322359383568,0.9141629814044397
high_debt_burden,full,Logistic L2,0.004815409309791332,0.20498866213151928,0.9529928138646552,0.9141629814044397
high_debt_burden,full,Logistic L2,0.005136436597110754,0.20498866213151928,0.9529514067479983,0.9141629814044397
high_debt_burden,full,Logistic L2,0.005136436597110754,0.21496598639455783,0.9501013228968558,0.9141629814044397
high_debt_burden,full,Logistic L2,0.005778491171749599,0.21496598639455783,0.9499305103217204,0.9141629814044397
high_debt_burden,full,Logistic L2,0.005778491171749599,0.21587301587301588,0.9488131372437949,0.9141629814044397
high_debt_burden,full,Logistic L2,0.006099518459069021,0.21587301587301588,0.9487280935643885,0.9141629814044397
high_debt_burden,full,Logistic L2,0.006099518459069021,0.22585034013605443,0.9460658810236265,0.9141629814044397
high_debt_burden,full,Logistic L2,0.006420545746388443,0.22585034013605443,0.9457610949441824,0.9141629814044397
high_debt_burden,full,Logistic L2,0.006420545746388443,0.22630385487528346,0.9456400454690823,0.9141629814044397
high_debt_burden,full,Logistic L2,0.006741573033707865,0.22630385487528346,0.9449642209668978,0.9141629814044397
high_debt_burden,full,Logistic L2,0.006741573033707865,0.236281179138322,0.9420296907622573,0.9141629814044397
high_debt_burden,full,Logistic L2,0.007062600321027288,0.236281179138322,0.9418354604211279,0.9141629814044397
high_debt_burden,full,Logistic L2,0.007062600321027288,0.2399092970521542,0.9401500523191862,0.9141629814044397
high_debt_burden,full,Logistic L2,0.0077046548956661316,0.2399092970521542,0.9400357531237344,0.9141629814044397
high_debt_burden,full,Logistic L2,0.0077046548956661316,0.24308390022675738,0.9392157921088264,0.9141629814044397
high_debt_burden,full,Logistic L2,0.008025682182985553,0.24308390022675738,0.9385992961316576,0.9141629814044397
high_debt_burden,full,Logistic L2,0.008025682182985553,0.2471655328798186,0.9373265836870346,0.9141629814044397
high_debt_burden,full,Logistic L2,0.008346709470304976,0.2471655328798186,0.936835482818712,0.9141629814044397
high_debt_burden,full,Logistic L2,0.008346709470304976,0.24852607709750568,0.9361723364459149,0.9141629814044397
high_debt_burden,full,Logistic L2,0.008667736757624398,0.24852607709750568,0.9361414869958979,0.9141629814044397
high_debt_burden,full,Logistic L2,0.008667736757624398,0.25215419501133784,0.9349451622308234,0.9141629814044397
high_debt_burden,full,Logistic L2,0.008988764044943821,0.25215419501133784,0.934521734299462,0.9141629814044397
high_debt_burden,full,Logistic L2,0.008988764044943821,0.25532879818594106,0.9338060154961465,0.9141629814044397
high_debt_burden,full,Logistic L2,0.009309791332263243,0.25532879818594106,0.9334107595616545,0.9141629814044397
high_debt_burden,full,Logistic L2,0.009309791332263243,0.25578231292517006,0.9332931470891178,0.9141629814044397
high_debt_burden,full,Logistic L2,0.009630818619582664,0.25578231292517006,0.9332793213778077,0.9141629814044397
high_debt_burden,full,Logistic L2,0.009630818619582664,0.2566893424036281,0.9329064171240411,0.9141629814044397
high_debt_burden,full,Logistic L2,0.009951845906902087,0.2566893424036281,0.9328923265158161,0.9141629814044397
high_debt_burden,full,Logistic L2,0.009951845906902087,0.2585034013605442,0.9325108913076451,0.9141629814044397
high_debt_burden,full,Logistic L2,0.010272873194221509,0.2585034013605442,0.9324142956262889,0.9141629814044397
high_debt_burden,full,Logistic L2,0.010272873194221509,0.26439909297052155,0.930618378946591,0.9141629814044397
high_debt_burden,full,Logistic L2,0.01059390048154093,0.26439909297052155,0.930466367621486,0.9141629814044397
high_debt_burden,full,Logistic L2,0.01059390048154093,0.2653061224489796,0.929942785097066,0.9141629814044397
high_debt_burden,full,Logistic L2,0.010914927768860353,0.2653061224489796,0.9299384682803314,0.9141629814044397
high_debt_burden,full,Logistic L2,0.010914927768860353,0.2657596371882086,0.9298176122540087,0.9141629814044397
high_debt_burden,full,Logistic L2,0.011235955056179775,0.2657596371882086,0.9296560443594508,0.9141629814044397
high_debt_burden,full,Logistic L2,0.011235955056179775,0.26621315192743766,0.9294385760935847,0.9141629814044397
high_debt_burden,full,Logistic L2,0.011556982343499198,0.26621315192743766,0.9293004029133479,0.9141629814044397
high_debt_burden,full,Logistic L2,0.011556982343499198,0.26666666666666666,0.9292213016237684,0.9141629814044397
high_debt_burden,full,Logistic L2,0.01187800963081862,0.26666666666666666,0.9291142313156027,0.9141629814044397
high_debt_burden,full,Logistic L2,0.01187800963081862,0.2698412698412698,0.9277076182732958,0.9141629814044397
high_debt_burden,full,Logistic L2,0.012199036918138041,0.2698412698412698,0.9275366447782485,0.9141629814044397
high_debt_burden,full,Logistic L2,0.012199036918138041,0.27528344671201815,0.9252118254769396,0.9141629814044397
high_debt_burden,full,Logistic L2,0.012520064205457464,0.27528344671201815,0.9250849971550323,0.9141629814044397
high_debt_burden,full,Logistic L2,0.012520064205457464,0.2811791383219955,0.9228897487413165,0.9141629814044397
high_debt_burden,full,Logistic L2,0.012841091492776886,0.2811791383219955,0.9228201035969829,0.9141629814044397
high_debt_burden,full,Logistic L2,0.012841091492776886,0.28798185941043086,0.9189168059494024,0.9141629814044397
high_debt_burden,full,Logistic L2,0.013162118780096307,0.28798185941043086,0.9185562571799082,0.9141629814044397
high_debt_burden,full,Logistic L2,0.013162118780096307,0.291156462585034,0.917096068574907,0.9141629814044397
high_debt_burden,full,Logistic L2,0.01348314606741573,0.291156462585034,0.9170885049387686,0.9141629814044397
high_debt_burden,full,Logistic L2,0.01348314606741573,0.2925170068027211,0.916787626252978,0.9141629814044397
high_debt_burden,full,Logistic L2,0.013804173354735152,0.2925170068027211,0.9164501445080759,0.9141629814044397
high_debt_burden,full,Logistic L2,0.013804173354735152,0.2947845804988662,0.9158477826831481,0.9141629814044397
high_debt_burden,full,Logistic L2,0.014125200642054575,0.2947845804988662,0.9156843995898749,0.9141629814044397
high_debt_burden,full,Logistic L2,0.014125200642054575,0.29569160997732424,0.915605615759692,0.9141629814044397
high_debt_burden,full,Logistic L2,0.014446227929373997,0.29569160997732424,0.9155455732800941,0.9141629814044397
high_debt_burden,full,Logistic L2,0.014446227929373997,0.2965986394557823,0.9153637182837814,0.9141629814044397
high_debt_burden,full,Logistic L2,0.014767255216693418,0.2965986394557823,0.9152615420958844,0.9141629814044397
high_debt_burden,full,Logistic L2,0.014767255216693418,0.3111111111111111,0.9101381103452915,0.9141629814044397
high_debt_burden,full,Logistic L2,0.015088282504012842,0.3111111111111111,0.9099392816454491,0.9141629814044397
high_debt_burden,full,Logistic L2,0.015088282504012842,0.31247165532879817,0.9098377191605358,0.9141629814044397
high_debt_burden,full,Logistic L2,0.015409309791332263,0.31247165532879817,0.9097814523643831,0.9141629814044397
high_debt_burden,full,Logistic L2,0.015409309791332263,0.3219954648526077,0.907401125776804,0.9141629814044397
high_debt_burden,full,Logistic L2,0.015730337078651686,0.3219954648526077,0.9073885316150104,0.9141629814044397
high_debt_burden,full,Logistic L2,0.015730337078651686,0.32562358276643993,0.9064760277604981,0.9141629814044397
high_debt_burden,full,Logistic L2,0.016051364365971106,0.32562358276643993,0.9061018141273477,0.9141629814044397
high_debt_burden,full,Logistic L2,0.016051364365971106,0.33650793650793653,0.9021091073174135,0.9141629814044397
high_debt_burden,full,Logistic L2,0.01637239165329053,0.33650793650793653,0.9020577885405716,0.9141629814044397
high_debt_burden,full,Logistic L2,0.01637239165329053,0.33741496598639453,0.9020110043632973,0.9141629814044397
high_debt_burden,full,Logistic L2,0.016693418940609953,0.33741496598639453,0.9019278812435491,0.9141629814044397
high_debt_burden,full,Logistic L2,0.016693418940609953,0.34285714285714286,0.9002227592835269,0.9141629814044397
high_debt_burden,full,Logistic L2,0.017014446227929372,0.34285714285714286,0.9001526426449186,0.9141629814044397
high_debt_burden,full,Logistic L2,0.017014446227929372,0.34331065759637186,0.9000046458441884,0.9141629814044397
high_debt_burden,full,Logistic L2,0.017335473515248796,0.34331065759637186,0.8999567183953625,0.9141629814044397
high_debt_burden,full,Logistic L2,0.017335473515248796,0.3442176870748299,0.899485755535039,0.9141629814044397
high_debt_burden,full,Logistic L2,0.01765650080256822,0.3442176870748299,0.8990526577340202,0.9141629814044397
high_debt_burden,full,Logistic L2,0.01765650080256822,0.34512471655328797,0.8987504181997904,0.9141629814044397
high_debt_burden,full,Logistic L2,0.017977528089887642,0.34512471655328797,0.8986500315237769,0.9141629814044397
high_debt_burden,full,Logistic L2,0.017977528089887642,0.3469387755102041,0.8977495080702897,0.9141629814044397
high_debt_burden,full,Logistic L2,0.018298555377207062,0.3469387755102041,0.8974169538047899,0.9141629814044397
high_debt_burden,full,Logistic L2,0.018298555377207062,0.34829931972789113,0.896809748302352,0.9141629814044397
high_debt_burden,full,Logistic L2,0.018619582664526485,0.34829931972789113,0.8964249320612512,0.9141629814044397
high_debt_burden,full,Logistic L2,0.018619582664526485,0.3487528344671202,0.8962575308012978,0.9141629814044397
high_debt_burden,full,Logistic L2,0.018940609951845908,0.3487528344671202,0.8959775545446791,0.9141629814044397
high_debt_burden,full,Logistic L2,0.018940609951845908,0.3492063492063492,0.8959343062474767,0.9141629814044397
high_debt_burden,full,Logistic L2,0.019261637239165328,0.3492063492063492,0.8958840263453531,0.9141629814044397
high_debt_burden,full,Logistic L2,0.019261637239165328,0.3523809523809524,0.8939924660899681,0.9141629814044397
high_debt_burden,full,Logistic L2,0.01958266452648475,0.3523809523809524,0.893874697296342,0.9141629814044397
high_debt_burden,full,Logistic L2,0.01958266452648475,0.3528344671201814,0.8936927698883201,0.9141629814044397
high_debt_burden,full,Logistic L2,0.019903691813804174,0.3528344671201814,0.8934641565364566,0.9141629814044397
high_debt_burden,full,Logistic L2,0.019903691813804174,0.35374149659863946,0.8933800615972521,0.9141629814044397
high_debt_burden,full,Logistic L2,0.020224719101123594,0.35374149659863946,0.8933489911859669,0.9141629814044397
high_debt_burden,full,Logistic L2,0.020224719101123594,0.35600907029478457,0.8926841409065023,0.9141629814044397
high_debt_burden,full,Logistic L2,0.020545746388443017,0.35600907029478457,0.8922344086227073,0.9141629814044397
high_debt_burden,full,Logistic L2,0.020545746388443017,0.3655328798185941,0.8883598423993181,0.9141629814044397
high_debt_burden,full,Logistic L2,0.02086677367576244,0.3655328798185941,0.8883442827106319,0.9141629814044397
high_debt_burden,full,Logistic L2,0.02086677367576244,0.3687074829931973,0.8878277801662354,0.9141629814044397
high_debt_burden,full,Logistic L2,0.02118780096308186,0.3687074829931973,0.8877024972832206,0.9141629814044397
high_debt_burden,full,Logistic L2,0.02118780096308186,0.37142857142857144,0.8869720151897308,0.9141629814044397
high_debt_burden,full,Logistic L2,0.021508828250401284,0.37142857142857144,0.8866632426036118,0.9141629814044397
high_debt_burden,full,Logistic L2,0.021508828250401284,0.3741496598639456,0.8856478042257203,0.9141629814044397
high_debt_burden,full,Logistic L2,0.022150882825040127,0.3741496598639456,0.885322810126961,0.9141629814044397
high_debt_burden,full,Logistic L2,0.022150882825040127,0.3764172335600907,0.8845200812865833,0.9141629814044397
high_debt_burden,full,Logistic L2,0.022792937399678973,0.3764172335600907,0.8840817685080239,0.9141629814044397
high_debt_burden,full,Logistic L2,0.022792937399678973,0.37777777777777777,0.8827703607633075,0.9141629814044397
high_debt_burden,full,Logistic L2,0.023113964686998396,0.37777777777777777,0.8826482958494003,0.9141629814044397
high_debt_burden,full,Logistic L2,0.023113964686998396,0.3791383219954649,0.8825127693531718,0.9141629814044397
high_debt_burden,full,Logistic L2,0.023434991974317816,0.3791383219954649,0.8824846435675885,0.9141629814044397
high_debt_burden,full,Logistic L2,0.023434991974317816,0.3795918367346939,0.8824254641667233,0.9141629814044397
high_debt_burden,full,Logistic L2,0.02375601926163724,0.3795918367346939,0.882397099325393,0.9141629814044397
high_debt_burden,full,Logistic L2,0.02375601926163724,0.38140589569161,0.8819429327926879,0.9141629814044397
high_debt_burden,full,Logistic L2,0.024077046548956663,0.38140589569161,0.881627691794966,0.9141629814044397
high_debt_burden,full,Logistic L2,0.024077046548956663,0.3945578231292517,0.8763258429888638,0.9141629814044397
high_debt_burden,full,Logistic L2,0.024719101123595506,0.3945578231292517,0.8752674008961361,0.9141629814044397
high_debt_burden,full,Logistic L2,0.024719101123595506,0.39591836734693875,0.8748307638926107,0.9141629814044397
high_debt_burden,full,Logistic L2,0.02504012841091493,0.39591836734693875,0.874539733138038,0.9141629814044397
high_debt_burden,full,Logistic L2,0.02504012841091493,0.3968253968253968,0.8745058808699333,0.9141629814044397
high_debt_burden,full,Logistic L2,0.02536115569823435,0.3968253968253968,0.874237852726931,0.9141629814044397
high_debt_burden,full,Logistic L2,0.02536115569823435,0.4,0.8735188090241208,0.9141629814044397
high_debt_burden,full,Logistic L2,0.025682182985553772,0.4,0.8731443919691982,0.9141629814044397
high_debt_burden,full,Logistic L2,0.025682182985553772,0.400453514739229,0.8730631911781993,0.9141629814044397
high_debt_burden,full,Logistic L2,0.026003210272873195,0.400453514739229,0.8728401787004807,0.9141629814044397
high_debt_burden,full,Logistic L2,0.026003210272873195,0.4036281179138322,0.8722011220346967,0.9141629814044397
high_debt_burden,full,Logistic L2,0.026324237560192615,0.4036281179138322,0.8721992378632132,0.9141629814044397
high_debt_burden,full,Logistic L2,0.026324237560192615,0.4122448979591837,0.8683420763251701,0.9141629814044397
high_debt_burden,full,Logistic L2,0.026645264847512038,0.4122448979591837,0.8682348495263749,0.9141629814044397
high_debt_burden,full,Logistic L2,0.026645264847512038,0.4158730158730159,0.8664731205257814,0.9141629814044397
high_debt_burden,full,Logistic L2,0.02696629213483146,0.4158730158730159,0.8664230837911296,0.9141629814044397
high_debt_burden,full,Logistic L2,0.02696629213483146,0.41723356009070295,0.8662847602676025,0.9141629814044397
high_debt_burden,full,Logistic L2,0.027287319422150885,0.41723356009070295,0.8662818463115304,0.9141629814044397
high_debt_burden,full,Logistic L2,0.027287319422150885,0.4235827664399093,0.8636462652255368,0.9141629814044397
high_debt_burden,full,Logistic L2,0.027608346709470304,0.4235827664399093,0.8634279538569885,0.9141629814044397
high_debt_burden,full,Logistic L2,0.027608346709470304,0.4249433106575964,0.8630693533277389,0.9141629814044397
high_debt_burden,full,Logistic L2,0.027929373996789728,0.4249433106575964,0.8630277035709836,0.9141629814044397
high_debt_burden,full,Logistic L2,0.027929373996789728,0.4308390022675737,0.8608816524645928,0.9141629814044397
high_debt_burden,full,Logistic L2,0.02825040128410915,0.4308390022675737,0.8608345783674773,0.9141629814044397
high_debt_burden,full,Logistic L2,0.02825040128410915,0.4312925170068027,0.8607720399785909,0.9141629814044397
high_debt_burden,full,Logistic L2,0.029534510433386837,0.4312925170068027,0.8603254258960454,0.9141629814044397
high_debt_burden,full,Logistic L2,0.029534510433386837,0.43219954648526077,0.8598396488301778,0.9141629814044397
high_debt_burden,full,Logistic L2,0.02985553772070626,0.43219954648526077,0.8592601407212327,0.9141629814044397
high_debt_burden,full,Logistic L2,0.02985553772070626,0.4344671201814059,0.858582821886767,0.9141629814044397
high_debt_burden,full,Logistic L2,0.030176565008025683,0.4344671201814059,0.8582697203999482,0.9141629814044397
high_debt_burden,full,Logistic L2,0.030176565008025683,0.43900226757369615,0.8571665309678241,0.9141629814044397
high_debt_burden,full,Logistic L2,0.030497592295345103,0.43900226757369615,0.8570263312300714,0.9141629814044397
high_debt_burden,full,Logistic L2,0.030497592295345103,0.4439909297052154,0.8542735997241817,0.9141629814044397
high_debt_burden,full,Logistic L2,0.030818619582664526,0.4439909297052154,0.854268749973603,0.9141629814044397
high_debt_burden,full,Logistic L2,0.030818619582664526,0.45215419501133786,0.8504956147608387,0.9141629814044397
high_debt_burden,full,Logistic L2,0.03113964686998395,0.45215419501133786,0.8503967586800537,0.9141629814044397
high_debt_burden,full,Logistic L2,0.03113964686998395,0.4526077097505669,0.8502438717071304,0.9141629814044397
high_debt_burden,full,Logistic L2,0.03146067415730337,0.4526077097505669,0.850154276081669,0.9141629814044397
high_debt_burden,full,Logistic L2,0.03146067415730337,0.4530612244897959,0.8501304680826051,0.9141629814044397
high_debt_burden,full,Logistic L2,0.03210272873194221,0.4530612244897959,0.8497469579144501,0.9141629814044397
high_debt_burden,full,Logistic L2,0.03210272873194221,0.45714285714285713,0.8481699380064393,0.9141629814044397
high_debt_burden,full,Logistic L2,0.03242375601926164,0.45714285714285713,0.8481522355712318,0.9141629814044397
high_debt_burden,full,Logistic L2,0.03242375601926164,0.45850340136054424,0.8475255701396842,0.9141629814044397
high_debt_burden,full,Logistic L2,0.03274478330658106,0.45850340136054424,0.8472628505630436,0.9141629814044397
high_debt_burden,full,Logistic L2,0.03274478330658106,0.4594104308390023,0.846734250078983,0.9141629814044397
high_debt_burden,full,Logistic L2,0.03306581059390048,0.4594104308390023,0.8467195930307908,0.9141629814044397
high_debt_burden,full,Logistic L2,0.03306581059390048,0.46303854875283446,0.8458607974439846,0.9141629814044397
high_debt_burden,full,Logistic L2,0.033707865168539325,0.46303854875283446,0.8455793601309214,0.9141629814044397
high_debt_burden,full,Logistic L2,0.033707865168539325,0.4634920634920635,0.8454097770262974,0.9141629814044397
high_debt_burden,full,Logistic L2,0.034028892455858745,0.4634920634920635,0.845371574480199,0.9141629814044397
high_debt_burden,full,Logistic L2,0.034028892455858745,0.4689342403628118,0.8433948519762773,0.9141629814044397
high_debt_burden,full,Logistic L2,0.03434991974317817,0.4689342403628118,0.8433195405799656,0.9141629814044397
high_debt_burden,full,Logistic L2,0.03434991974317817,0.4707482993197279,0.8427859938214258,0.9141629814044397
high_debt_burden,full,Logistic L2,0.03467094703049759,0.4707482993197279,0.8426115469614789,0.9141629814044397
high_debt_burden,full,Logistic L2,0.03467094703049759,0.47210884353741495,0.8422244074838022,0.9141629814044397
high_debt_burden,full,Logistic L2,0.03499197431781702,0.47210884353741495,0.8422085581761977,0.9141629814044397
high_debt_burden,full,Logistic L2,0.03499197431781702,0.4766439909297052,0.8397622749087496,0.9141629814044397
high_debt_burden,full,Logistic L2,0.03531300160513644,0.4766439909297052,0.8394316970183786,0.9141629814044397
high_debt_burden,full,Logistic L2,0.03531300160513644,0.4780045351473923,0.8391834235259187,0.9141629814044397
high_debt_burden,full,Logistic L2,0.03563402889245586,0.4780045351473923,0.8391415751888397,0.9141629814044397
high_debt_burden,full,Logistic L2,0.03563402889245586,0.4798185941043084,0.8380536426658276,0.9141629814044397
high_debt_burden,full,Logistic L2,0.035955056179775284,0.4798185941043084,0.8378785382196315,0.9141629814044397
high_debt_burden,full,Logistic L2,0.035955056179775284,0.48027210884353744,0.8377925026879142,0.9141629814044397
high_debt_burden,full,Logistic L2,0.036276083467094704,0.48027210884353744,0.8376963439758238,0.9141629814044397
high_debt_burden,full,Logistic L2,0.036276083467094704,0.48072562358276644,0.8376614555323779,0.9141629814044397
high_debt_burden,full,Logistic L2,0.036597110754414124,0.48072562358276644,0.8376594260497713,0.9141629814044397
high_debt_burden,full,Logistic L2,0.036597110754414124,0.4811791383219955,0.8374854070148899,0.9141629814044397
high_debt_burden,full,Logistic L2,0.03691813804173355,0.4811791383219955,0.8372603312452014,0.9141629814044397
high_debt_burden,full,Logistic L2,0.03691813804173355,0.4839002267573696,0.8362272877003857,0.9141629814044397
high_debt_burden,full,Logistic L2,0.03723916532905297,0.4839002267573696,0.8362225901331403,0.9141629814044397
high_debt_burden,full,Logistic L2,0.03723916532905297,0.48435374149659866,0.836173764412616,0.9141629814044397
high_debt_burden,full,Logistic L2,0.03756019261637239,0.48435374149659866,0.8358919659437187,0.9141629814044397
high_debt_burden,full,Logistic L2,0.03756019261637239,0.5002267573696145,0.8302540881239889,0.9141629814044397
high_debt_burden,full,Logistic L2,0.037881219903691817,0.5002267573696145,0.8301833306614969,0.9141629814044397
high_debt_burden,full,Logistic L2,0.037881219903691817,0.5052154195011338,0.8283619987824394,0.9141629814044397
high_debt_burden,full,Logistic L2,0.038202247191011236,0.5052154195011338,0.8282716107324137,0.9141629814044397
high_debt_burden,full,Logistic L2,0.038202247191011236,0.509750566893424,0.8260680148876497,0.9141629814044397
high_debt_burden,full,Logistic L2,0.038523274478330656,0.509750566893424,0.8256738839609502,0.9141629814044397
high_debt_burden,full,Logistic L2,0.038523274478330656,0.5115646258503401,0.8242199425904284,0.9141629814044397
high_debt_burden,full,Logistic L2,0.03884430176565008,0.5115646258503401,0.8234019176690458,0.9141629814044397
high_debt_burden,full,Logistic L2,0.03884430176565008,0.5124716553287982,0.8230610406145314,0.9141629814044397
high_debt_burden,full,Logistic L2,0.03948635634028892,0.5124716553287982,0.8226556527820313,0.9141629814044397
high_debt_burden,full,Logistic L2,0.03948635634028892,0.5129251700680272,0.8226302881491537,0.9141629814044397
high_debt_burden,full,Logistic L2,0.03980738362760835,0.5129251700680272,0.8226298690145385,0.9141629814044397
high_debt_burden,full,Logistic L2,0.03980738362760835,0.5265306122448979,0.8192617882304513,0.9141629814044397
high_debt_burden,full,Logistic L2,0.04012841091492777,0.5265306122448979,0.8192251288223675,0.9141629814044397
high_debt_burden,full,Logistic L2,0.04012841091492777,0.5301587301587302,0.8178415781915953,0.9141629814044397
high_debt_burden,full,Logistic L2,0.04044943820224719,0.5301587301587302,0.8178126289165846,0.9141629814044397
high_debt_burden,full,Logistic L2,0.04044943820224719,0.5310657596371882,0.8176927187016959,0.9141629814044397
high_debt_burden,full,Logistic L2,0.040770465489566615,0.5310657596371882,0.8172175748547972,0.9141629814044397
high_debt_burden,full,Logistic L2,0.040770465489566615,0.5319727891156463,0.8170458888950028,0.9141629814044397
high_debt_burden,full,Logistic L2,0.0420545746388443,0.5319727891156463,0.816237710380429,0.9141629814044397
high_debt_burden,full,Logistic L2,0.0420545746388443,0.5324263038548753,0.8161385465365343,0.9141629814044397
high_debt_burden,full,Logistic L2,0.04237560192616372,0.5324263038548753,0.8157000492353252,0.9141629814044397
high_debt_burden,full,Logistic L2,0.04237560192616372,0.5356009070294785,0.81498501384313,0.9141629814044397
high_debt_burden,full,Logistic L2,0.04301765650080257,0.5356009070294785,0.8144135076008848,0.9141629814044397
high_debt_burden,full,Logistic L2,0.04301765650080257,0.5374149659863946,0.813674841578122,0.9141629814044397
high_debt_burden,full,Logistic L2,0.04333868378812199,0.5374149659863946,0.8135213045819151,0.9141629814044397
high_debt_burden,full,Logistic L2,0.04333868378812199,0.5428571428571428,0.810173338764165,0.9141629814044397
high_debt_burden,full,Logistic L2,0.043659711075441414,0.5428571428571428,0.8099418152277315,0.9141629814044397
high_debt_burden,full,Logistic L2,0.043659711075441414,0.546031746031746,0.8089222853004258,0.9141629814044397
high_debt_burden,full,Logistic L2,0.043980738362760834,0.546031746031746,0.8084155958836623,0.9141629814044397
high_debt_burden,full,Logistic L2,0.043980738362760834,0.546485260770975,0.808196659119065,0.9141629814044397
high_debt_burden,full,Logistic L2,0.04430176565008025,0.546485260770975,0.8081679005348624,0.9141629814044397
high_debt_burden,full,Logistic L2,0.04430176565008025,0.5505668934240363,0.8064534129692034,0.9141629814044397
high_debt_burden,full,Logistic L2,0.0449438202247191,0.5505668934240363,0.8058797665051944,0.9141629814044397
high_debt_burden,full,Logistic L2,0.0449438202247191,0.5510204081632653,0.8056818863498246,0.9141629814044397
high_debt_burden,full,Logistic L2,0.04526484751203853,0.5510204081632653,0.8056108644046173,0.9141629814044397
high_debt_burden,full,Logistic L2,0.04526484751203853,0.5532879818594104,0.805107593723882,0.9141629814044397
high_debt_burden,full,Logistic L2,0.045906902086677366,0.5532879818594104,0.8048456350668942,0.9141629814044397
high_debt_burden,full,Logistic L2,0.045906902086677366,0.5582766439909297,0.8028662192621143,0.9141629814044397
high_debt_burden,full,Logistic L2,0.04622792937399679,0.5582766439909297,0.8024532895917458,0.9141629814044397
high_debt_burden,full,Logistic L2,0.04622792937399679,0.5605442176870749,0.8016739831858585,0.9141629814044397
high_debt_burden,full,Logistic L2,0.04686998394863563,0.5605442176870749,0.8014512780877974,0.9141629814044397
high_debt_burden,full,Logistic L2,0.04686998394863563,0.563718820861678,0.8007487215363809,0.9141629814044397
high_debt_burden,full,Logistic L2,0.04719101123595506,0.563718820861678,0.800593106250128,0.9141629814044397
high_debt_burden,full,Logistic L2,0.04719101123595506,0.5705215419501134,0.797909076266432,0.9141629814044397
high_debt_burden,full,Logistic L2,0.04751203852327448,0.5705215419501134,0.7975458219122953,0.9141629814044397
high_debt_burden,full,Logistic L2,0.04751203852327448,0.5709750566893425,0.7973388666363194,0.9141629814044397
high_debt_burden,full,Logistic L2,0.0478330658105939,0.5709750566893425,0.7972633670538676,0.9141629814044397
high_debt_burden,full,Logistic L2,0.0478330658105939,0.5714285714285714,0.7967219439818634,0.9141629814044397
high_debt_burden,full,Logistic L2,0.048475120385232745,0.5714285714285714,0.7964724061553304,0.9141629814044397
high_debt_burden,full,Logistic L2,0.048475120385232745,0.5727891156462585,0.7958881839725032,0.9141629814044397
high_debt_burden,full,Logistic L2,0.048796147672552165,0.5727891156462585,0.7956036102441854,0.9141629814044397
high_debt_burden,full,Logistic L2,0.048796147672552165,0.5777777777777777,0.7937926759612841,0.9141629814044397
high_debt_burden,full,Logistic L2,0.04911717495987159,0.5777777777777777,0.7933310395463874,0.9141629814044397
high_debt_burden,full,Logistic L2,0.04911717495987159,0.5804988662131519,0.7921787668957982,0.9141629814044397
high_debt_burden,full,Logistic L2,0.05008025682182986,0.5804988662131519,0.7916949304325337,0.9141629814044397
high_debt_burden,full,Logistic L2,0.05008025682182986,0.5827664399092971,0.791170462397115,0.9141629814044397
high_debt_burden,full,Logistic L2,0.0507223113964687,0.5827664399092971,0.7900489446545392,0.9141629814044397
high_debt_burden,full,Logistic L2,0.0507223113964687,0.583219954648526,0.7897063732404491,0.9141629814044397
high_debt_burden,full,Logistic L2,0.051043338683788124,0.583219954648526,0.7896787621165933,0.9141629814044397
high_debt_burden,full,Logistic L2,0.051043338683788124,0.5845804988662131,0.7889889598567489,0.9141629814044397
high_debt_burden,full,Logistic L2,0.051364365971107544,0.5845804988662131,0.7880607143970069,0.9141629814044397
high_debt_burden,full,Logistic L2,0.051364365971107544,0.5895691609977324,0.7848093862879844,0.9141629814044397
high_debt_burden,full,Logistic L2,0.051685393258426963,0.5895691609977324,0.7843475703934293,0.9141629814044397
high_debt_burden,full,Logistic L2,0.051685393258426963,0.5918367346938775,0.7821882169066586,0.9141629814044397
high_debt_burden,full,Logistic L2,0.05200642054574639,0.5918367346938775,0.7818416805889847,0.9141629814044397
high_debt_burden,full,Logistic L2,0.05200642054574639,0.5941043083900227,0.780116691744456,0.9141629814044397
high_debt_burden,full,Logistic L2,0.05264847512038523,0.5941043083900227,0.7798461140320351,0.9141629814044397
high_debt_burden,full,Logistic L2,0.05264847512038523,0.5950113378684807,0.7795748783087632,0.9141629814044397
high_debt_burden,full,Logistic L2,0.05393258426966292,0.5950113378684807,0.779062237419125,0.9141629814044397
high_debt_burden,full,Logistic L2,0.05393258426966292,0.5959183673469388,0.7786825280843771,0.9141629814044397
high_debt_burden,full,Logistic L2,0.05457463884430177,0.5959183673469388,0.7784294184352386,0.9141629814044397
high_debt_burden,full,Logistic L2,0.05457463884430177,0.5981859410430839,0.7774786572246504,0.9141629814044397
high_debt_burden,full,Logistic L2,0.05489566613162119,0.5981859410430839,0.7773205922730967,0.9141629814044397
high_debt_burden,full,Logistic L2,0.05489566613162119,0.5986394557823129,0.7768730092023493,0.9141629814044397
high_debt_burden,full,Logistic L2,0.05521669341894061,0.5986394557823129,0.7768458474898673,0.9141629814044397
high_debt_burden,full,Logistic L2,0.05521669341894061,0.600453514739229,0.7763010837814684,0.9141629814044397
high_debt_burden,full,Logistic L2,0.055537720706260035,0.600453514739229,0.7760082087269891,0.9141629814044397
high_debt_burden,full,Logistic L2,0.055537720706260035,0.601360544217687,0.7745348074724249,0.9141629814044397
high_debt_burden,full,Logistic L2,0.055858747993579455,0.601360544217687,0.7737673164162324,0.9141629814044397
high_debt_burden,full,Logistic L2,0.055858747993579455,0.6099773242630385,0.770909921541191,0.9141629814044397
high_debt_burden,full,Logistic L2,0.056179775280898875,0.6099773242630385,0.7708747919218493,0.9141629814044397
high_debt_burden,full,Logistic L2,0.056179775280898875,0.6104308390022676,0.7706666859914371,0.9141629814044397
high_debt_burden,full,Logistic L2,0.0565008025682183,0.6104308390022676,0.7706260623014561,0.9141629814044397
high_debt_burden,full,Logistic L2,0.0565008025682183,0.6117913832199546,0.7700633356289642,0.9141629814044397
high_debt_burden,full,Logistic L2,0.05682182985553772,0.6117913832199546,0.7699171767898549,0.9141629814044397
high_debt_burden,full,Logistic L2,0.05682182985553772,0.6126984126984127,0.7697908224929784,0.9141629814044397
high_debt_burden,full,Logistic L2,0.05714285714285714,0.6126984126984127,0.7693120375248879,0.9141629814044397
high_debt_burden,full,Logistic L2,0.05714285714285714,0.6136054421768707,0.7691291246223316,0.9141629814044397
high_debt_burden,full,Logistic L2,0.05746388443017657,0.6136054421768707,0.768899673423999,0.9141629814044397
high_debt_burden,full,Logistic L2,0.05746388443017657,0.6158730158730159,0.7657144993593014,0.9141629814044397
high_debt_burden,full,Logistic L2,0.05778491171749599,0.6158730158730159,0.7655624336581258,0.9141629814044397
high_debt_burden,full,Logistic L2,0.05778491171749599,0.6190476190476191,0.7647064247184915,0.9141629814044397
high_debt_burden,full,Logistic L2,0.05810593900481541,0.6190476190476191,0.7643825297123321,0.9141629814044397
high_debt_burden,full,Logistic L2,0.05810593900481541,0.6222222222222222,0.7635805676120553,0.9141629814044397
high_debt_burden,full,Logistic L2,0.058747993579454254,0.6222222222222222,0.76312510396327,0.9141629814044397
high_debt_burden,full,Logistic L2,0.058747993579454254,0.6235827664399093,0.762495387416067,0.9141629814044397
high_debt_burden,full,Logistic L2,0.0593900481540931,0.6235827664399093,0.7618698920601635,0.9141629814044397
high_debt_burden,full,Logistic L2,0.0593900481540931,0.6263038548752834,0.7607662409008554,0.9141629814044397
high_debt_burden,full,Logistic L2,0.05971107544141252,0.6263038548752834,0.7605775060162996,0.9141629814044397
high_debt_burden,full,Logistic L2,0.05971107544141252,0.6267573696145124,0.7603101712577537,0.9141629814044397
high_debt_burden,full,Logistic L2,0.06003210272873194,0.6267573696145124,0.7601943198490839,0.9141629814044397
high_debt_burden,full,Logistic L2,0.06003210272873194,0.635827664399093,0.7544981515752314,0.9141629814044397
high_debt_burden,full,Logistic L2,0.060353130016051366,0.635827664399093,0.7541817824550735,0.9141629814044397
high_debt_burden,full,Logistic L2,0.060353130016051366,0.6376417233560091,0.7537358944406686,0.9141629814044397
high_debt_burden,full,Logistic L2,0.060674157303370786,0.6376417233560091,0.7536982292069841,0.9141629814044397
high_debt_burden,full,Logistic L2,0.060674157303370786,0.6385487528344671,0.7525231070049556,0.9141629814044397
high_debt_burden,full,Logistic L2,0.06131621187800963,0.6385487528344671,0.7522203914052282,0.9141629814044397
high_debt_burden,full,Logistic L2,0.06131621187800963,0.6417233560090703,0.7477796180265932,0.9141629814044397
high_debt_burden,full,Logistic L2,0.06163723916532905,0.6417233560090703,0.7468698011551232,0.9141629814044397
high_debt_burden,full,Logistic L2,0.06163723916532905,0.6421768707482993,0.7465408193860232,0.9141629814044397
high_debt_burden,full,Logistic L2,0.0622792937399679,0.6421768707482993,0.7463425000297232,0.9141629814044397
high_debt_burden,full,Logistic L2,0.0622792937399679,0.6426303854875284,0.745304220390364,0.9141629814044397
high_debt_burden,full,Logistic L2,0.06260032102728733,0.6426303854875284,0.7447854407845043,0.9141629814044397
high_debt_burden,full,Logistic L2,0.06260032102728733,0.6430839002267573,0.7445371756132162,0.9141629814044397
high_debt_burden,full,Logistic L2,0.06292134831460675,0.6430839002267573,0.7444765003589409,0.9141629814044397
high_debt_burden,full,Logistic L2,0.06292134831460675,0.6435374149659864,0.744075285133963,0.9141629814044397
high_debt_burden,full,Logistic L2,0.06356340288924558,0.6435374149659864,0.7436832312801543,0.9141629814044397
high_debt_burden,full,Logistic L2,0.06356340288924558,0.6439909297052154,0.7435976784820322,0.9141629814044397
high_debt_burden,full,Logistic L2,0.063884430176565,0.6439909297052154,0.743321761360944,0.9141629814044397
high_debt_burden,full,Logistic L2,0.063884430176565,0.6471655328798186,0.7423045694495353,0.9141629814044397
high_debt_burden,full,Logistic L2,0.06420545746388442,0.6471655328798186,0.7419633645068725,0.9141629814044397
high_debt_burden,full,Logistic L2,0.06420545746388442,0.6507936507936508,0.7409345709811861,0.9141629814044397
high_debt_burden,full,Logistic L2,0.06452648475120386,0.6507936507936508,0.7403039561716676,0.9141629814044397
high_debt_burden,full,Logistic L2,0.06452648475120386,0.6526077097505669,0.7394252525806759,0.9141629814044397
high_debt_burden,full,Logistic L2,0.06484751203852328,0.6526077097505669,0.7390664471673586,0.9141629814044397
high_debt_burden,full,Logistic L2,0.06484751203852328,0.655328798185941,0.7378339564339702,0.9141629814044397
high_debt_burden,full,Logistic L2,0.0651685393258427,0.655328798185941,0.7376453130223711,0.9141629814044397
high_debt_burden,full,Logistic L2,0.0651685393258427,0.6562358276643991,0.7369322057699582,0.9141629814044397
high_debt_burden,full,Logistic L2,0.06548956661316212,0.6562358276643991,0.7369196487821881,0.9141629814044397
high_debt_burden,full,Logistic L2,0.06548956661316212,0.6625850340136055,0.7329236579343171,0.9141629814044397
high_debt_burden,full,Logistic L2,0.06613162118780096,0.6625850340136055,0.7327593975296636,0.9141629814044397
high_debt_burden,full,Logistic L2,0.06613162118780096,0.6653061224489796,0.7311822177030168,0.9141629814044397
high_debt_burden,full,Logistic L2,0.06645264847512039,0.6653061224489796,0.7307326472690557,0.9141629814044397
high_debt_burden,full,Logistic L2,0.06645264847512039,0.6666666666666666,0.729267098275323,0.9141629814044397
high_debt_burden,full,Logistic L2,0.06677367576243981,0.6666666666666666,0.7290509262784143,0.9141629814044397
high_debt_burden,full,Logistic L2,0.06677367576243981,0.6689342403628118,0.7284196942822089,0.9141629814044397
high_debt_burden,full,Logistic L2,0.06773675762439807,0.6689342403628118,0.7276054040801045,0.9141629814044397
high_debt_burden,full,Logistic L2,0.06773675762439807,0.6698412698412698,0.7265468599038597,0.9141629814044397
high_debt_burden,full,Logistic L2,0.06805778491171749,0.6698412698412698,0.7260827399007398,0.9141629814044397
high_debt_burden,full,Logistic L2,0.06805778491171749,0.6702947845804988,0.7260477064051197,0.9141629814044397
high_debt_burden,full,Logistic L2,0.06837881219903692,0.6702947845804988,0.7259499868839536,0.9141629814044397
high_debt_burden,full,Logistic L2,0.06837881219903692,0.6707482993197279,0.7259180168991406,0.9141629814044397
high_debt_burden,full,Logistic L2,0.06869983948635634,0.6707482993197279,0.7259050563944371,0.9141629814044397
high_debt_burden,full,Logistic L2,0.06869983948635634,0.6716553287981859,0.7256162837618282,0.9141629814044397
high_debt_burden,full,Logistic L2,0.06902086677367576,0.6716553287981859,0.7248723783765604,0.9141629814044397
high_debt_burden,full,Logistic L2,0.06902086677367576,0.6739229024943311,0.7232347356010513,0.9141629814044397
high_debt_burden,full,Logistic L2,0.06934189406099518,0.6739229024943311,0.7230250894981944,0.9141629814044397
high_debt_burden,full,Logistic L2,0.06934189406099518,0.6743764172335601,0.7228299023816864,0.9141629814044397
high_debt_burden,full,Logistic L2,0.0696629213483146,0.6743764172335601,0.7226057418231813,0.9141629814044397
high_debt_burden,full,Logistic L2,0.0696629213483146,0.6752834467120181,0.7219039879076296,0.9141629814044397
high_debt_burden,full,Logistic L2,0.07030497592295346,0.6752834467120181,0.7211770119807335,0.9141629814044397
high_debt_burden,full,Logistic L2,0.07030497592295346,0.6761904761904762,0.7208923685521694,0.9141629814044397
high_debt_burden,full,Logistic L2,0.07062600321027288,0.6761904761904762,0.7201781889389836,0.9141629814044397
high_debt_burden,full,Logistic L2,0.07062600321027288,0.6766439909297052,0.7199837720817499,0.9141629814044397
high_debt_burden,full,Logistic L2,0.0709470304975923,0.6766439909297052,0.7197270048338874,0.9141629814044397
high_debt_burden,full,Logistic L2,0.0709470304975923,0.6770975056689342,0.7196060951220616,0.9141629814044397
high_debt_burden,full,Logistic L2,0.07158908507223113,0.6770975056689342,0.7194166370111497,0.9141629814044397
high_debt_burden,full,Logistic L2,0.07158908507223113,0.6780045351473923,0.7185948137426262,0.9141629814044397
high_debt_burden,full,Logistic L2,0.07191011235955057,0.6780045351473923,0.718553572578414,0.9141629814044397
high_debt_burden,full,Logistic L2,0.07191011235955057,0.6784580498866213,0.7184185815921689,0.9141629814044397
high_debt_burden,full,Logistic L2,0.07223113964686999,0.6784580498866213,0.7177799319435589,0.9141629814044397
high_debt_burden,full,Logistic L2,0.07223113964686999,0.6820861678004535,0.7160760989850716,0.9141629814044397
high_debt_burden,full,Logistic L2,0.07255216693418941,0.6820861678004535,0.7160708752454716,0.9141629814044397
high_debt_burden,full,Logistic L2,0.07255216693418941,0.6857142857142857,0.7141483870008202,0.9141629814044397
high_debt_burden,full,Logistic L2,0.07319422150882825,0.6857142857142857,0.7133058204813034,0.9141629814044397
high_debt_burden,full,Logistic L2,0.07319422150882825,0.6866213151927437,0.7129723159737323,0.9141629814044397
high_debt_burden,full,Logistic L2,0.0738362760834671,0.6866213151927437,0.7120358232372554,0.9141629814044397
high_debt_burden,full,Logistic L2,0.0738362760834671,0.6879818594104309,0.7112479516830932,0.9141629814044397
high_debt_burden,full,Logistic L2,0.07415730337078652,0.6879818594104309,0.7110147211319183,0.9141629814044397
high_debt_burden,full,Logistic L2,0.07415730337078652,0.6888888888888889,0.7105862725482203,0.9141629814044397
high_debt_burden,full,Logistic L2,0.07479935794542536,0.6888888888888889,0.7102734079446752,0.9141629814044397
high_debt_burden,full,Logistic L2,0.07479935794542536,0.690702947845805,0.7097394676591549,0.9141629814044397
high_debt_burden,full,Logistic L2,0.0754414125200642,0.690702947845805,0.7087186243060525,0.9141629814044397
high_debt_burden,full,Logistic L2,0.0754414125200642,0.692063492063492,0.7077684519153529,0.9141629814044397
high_debt_burden,full,Logistic L2,0.07576243980738363,0.692063492063492,0.7075317923416771,0.9141629814044397
high_debt_burden,full,Logistic L2,0.07576243980738363,0.6925170068027211,0.707168079514654,0.9141629814044397
high_debt_burden,full,Logistic L2,0.07704654895666131,0.6925170068027211,0.7041641161287857,0.9141629814044397
high_debt_burden,full,Logistic L2,0.07704654895666131,0.6929705215419502,0.7041450409966119,0.9141629814044397
high_debt_burden,full,Logistic L2,0.07736757624398073,0.6929705215419502,0.7033919450110645,0.9141629814044397
high_debt_burden,full,Logistic L2,0.07736757624398073,0.6934240362811791,0.7033235809746486,0.9141629814044397
high_debt_burden,full,Logistic L2,0.07768860353130017,0.6934240362811791,0.703306975115204,0.9141629814044397
high_debt_burden,full,Logistic L2,0.07768860353130017,0.6947845804988663,0.7012338229421088,0.9141629814044397
high_debt_burden,full,Logistic L2,0.078330658105939,0.6947845804988663,0.700878110897245,0.9141629814044397
high_debt_burden,full,Logistic L2,0.078330658105939,0.6952380952380952,0.700084792491998,0.9141629814044397
high_debt_burden,full,Logistic L2,0.07865168539325842,0.6952380952380952,0.7000258625887987,0.9141629814044397
high_debt_burden,full,Logistic L2,0.07865168539325842,0.6965986394557823,0.699314033666904,0.9141629814044397
high_debt_burden,full,Logistic L2,0.07897271268057784,0.6965986394557823,0.6984810425991469,0.9141629814044397
high_debt_burden,full,Logistic L2,0.07897271268057784,0.6997732426303855,0.6970067392376875,0.9141629814044397
high_debt_burden,full,Logistic L2,0.07929373996789728,0.6997732426303855,0.6968084398723802,0.9141629814044397
high_debt_burden,full,Logistic L2,0.07929373996789728,0.7020408163265306,0.6941348553342753,0.9141629814044397
high_debt_burden,full,Logistic L2,0.0796147672552167,0.7020408163265306,0.6938491781655537,0.9141629814044397
high_debt_burden,full,Logistic L2,0.0796147672552167,0.7029478458049887,0.6927325328972543,0.9141629814044397
high_debt_burden,full,Logistic L2,0.07993579454253612,0.7029478458049887,0.6921187489568832,0.9141629814044397
high_debt_burden,full,Logistic L2,0.07993579454253612,0.7047619047619048,0.6910874441747522,0.9141629814044397
high_debt_burden,full,Logistic L2,0.08025682182985554,0.7047619047619048,0.6910754659622143,0.9141629814044397
high_debt_burden,full,Logistic L2,0.08025682182985554,0.7061224489795919,0.6899946941259045,0.9141629814044397
high_debt_burden,full,Logistic L2,0.08057784911717496,0.7061224489795919,0.6898242902409828,0.9141629814044397
high_debt_burden,full,Logistic L2,0.08057784911717496,0.709297052154195,0.688428165622802,0.9141629814044397
high_debt_burden,full,Logistic L2,0.08089887640449438,0.709297052154195,0.6882327666431336,0.9141629814044397
high_debt_burden,full,Logistic L2,0.08089887640449438,0.7133786848072562,0.6845026906547949,0.9141629814044397
high_debt_burden,full,Logistic L2,0.08121990369181381,0.7133786848072562,0.6836973893381254,0.9141629814044397
high_debt_burden,full,Logistic L2,0.08121990369181381,0.7147392290249434,0.6828983236835572,0.9141629814044397
high_debt_burden,full,Logistic L2,0.08218298555377207,0.7147392290249434,0.6802267017120973,0.9141629814044397
high_debt_burden,full,Logistic L2,0.08218298555377207,0.7179138321995465,0.6759820714920396,0.9141629814044397
high_debt_burden,full,Logistic L2,0.08282504012841091,0.7179138321995465,0.6745058881042807,0.9141629814044397
high_debt_burden,full,Logistic L2,0.08282504012841091,0.7206349206349206,0.6722764434338542,0.9141629814044397
high_debt_burden,full,Logistic L2,0.08346709470304976,0.7206349206349206,0.6714789273241326,0.9141629814044397
high_debt_burden,full,Logistic L2,0.08346709470304976,0.7224489795918367,0.6703066625461956,0.9141629814044397
high_debt_burden,full,Logistic L2,0.0841091492776886,0.7224489795918367,0.6693191605931553,0.9141629814044397
high_debt_burden,full,Logistic L2,0.0841091492776886,0.7233560090702947,0.6682170833009592,0.9141629814044397
high_debt_burden,full,Logistic L2,0.08443017656500802,0.7233560090702947,0.6677652057991017,0.9141629814044397
high_debt_burden,full,Logistic L2,0.08443017656500802,0.7238095238095238,0.6671842210835444,0.9141629814044397
high_debt_burden,full,Logistic L2,0.08475120385232744,0.7238095238095238,0.6669383223581663,0.9141629814044397
high_debt_burden,full,Logistic L2,0.08475120385232744,0.7247165532879819,0.6668688724914339,0.9141629814044397
high_debt_burden,full,Logistic L2,0.08507223113964688,0.7247165532879819,0.6668460293276032,0.9141629814044397
high_debt_burden,full,Logistic L2,0.08507223113964688,0.726530612244898,0.6654126516335706,0.9141629814044397
high_debt_burden,full,Logistic L2,0.0853932584269663,0.726530612244898,0.6653059030382463,0.9141629814044397
high_debt_burden,full,Logistic L2,0.0853932584269663,0.727437641723356,0.6649121355548531,0.9141629814044397
high_debt_burden,full,Logistic L2,0.08667736757624397,0.727437641723356,0.6636067807787599,0.9141629814044397
high_debt_burden,full,Logistic L2,0.08667736757624397,0.7297052154195012,0.6618893512749866,0.9141629814044397
high_debt_burden,full,Logistic L2,0.08699839486356341,0.7297052154195012,0.661777521804891,0.9141629814044397
high_debt_burden,full,Logistic L2,0.08699839486356341,0.7301587301587301,0.6616969308539263,0.9141629814044397
high_debt_burden,full,Logistic L2,0.08731942215088283,0.7301587301587301,0.661666491132404,0.9141629814044397
high_debt_burden,full,Logistic L2,0.08731942215088283,0.7328798185941043,0.6581730458245475,0.9141629814044397
high_debt_burden,full,Logistic L2,0.08764044943820225,0.7328798185941043,0.6579572386168463,0.9141629814044397
high_debt_burden,full,Logistic L2,0.08764044943820225,0.7333333333333333,0.6576106779467116,0.9141629814044397
high_debt_burden,full,Logistic L2,0.08796147672552167,0.7333333333333333,0.65679847199758,0.9141629814044397
high_debt_burden,full,Logistic L2,0.08796147672552167,0.7356009070294784,0.6534398624175971,0.9141629814044397
high_debt_burden,full,Logistic L2,0.08828250401284109,0.7356009070294784,0.653039253806127,0.9141629814044397
high_debt_burden,full,Logistic L2,0.08828250401284109,0.7374149659863946,0.6514096969096598,0.9141629814044397
high_debt_burden,full,Logistic L2,0.08924558587479936,0.7374149659863946,0.6494739302154708,0.9141629814044397
high_debt_burden,full,Logistic L2,0.08924558587479936,0.7387755102040816,0.6492554095407094,0.9141629814044397
high_debt_burden,full,Logistic L2,0.0898876404494382,0.7387755102040816,0.6487762964330903,0.9141629814044397
high_debt_burden,full,Logistic L2,0.0898876404494382,0.7392290249433107,0.6481929584997372,0.9141629814044397
high_debt_burden,full,Logistic L2,0.09052969502407705,0.7392290249433107,0.6474882103263375,0.9141629814044397
high_debt_burden,full,Logistic L2,0.09052969502407705,0.7401360544217687,0.6470329148670061,0.9141629814044397
high_debt_burden,full,Logistic L2,0.09085072231139647,0.7401360544217687,0.6466731363515662,0.9141629814044397
high_debt_burden,full,Logistic L2,0.09085072231139647,0.7419501133786848,0.6452194051775378,0.9141629814044397
high_debt_burden,full,Logistic L2,0.09149277688603531,0.7419501133786848,0.6448003214466217,0.9141629814044397
high_debt_burden,full,Logistic L2,0.09149277688603531,0.7424036281179138,0.6447517831161562,0.9141629814044397
high_debt_burden,full,Logistic L2,0.09213483146067415,0.7424036281179138,0.6439552839632171,0.9141629814044397
high_debt_burden,full,Logistic L2,0.09213483146067415,0.7437641723356009,0.6426350132214491,0.9141629814044397
high_debt_burden,full,Logistic L2,0.09245585874799359,0.7437641723356009,0.6422780993794907,0.9141629814044397
high_debt_burden,full,Logistic L2,0.09245585874799359,0.7492063492063492,0.6391449574215755,0.9141629814044397
high_debt_burden,full,Logistic L2,0.09309791332263243,0.7492063492063492,0.6384911708884187,0.9141629814044397
high_debt_burden,full,Logistic L2,0.09309791332263243,0.7505668934240363,0.6372419184531544,0.9141629814044397
high_debt_burden,full,Logistic L2,0.09341894060995184,0.7505668934240363,0.637029541298174,0.9141629814044397
high_debt_burden,full,Logistic L2,0.09341894060995184,0.7514739229024944,0.6365910308741737,0.9141629814044397
high_debt_burden,full,Logistic L2,0.09373996789727126,0.7514739229024944,0.63643907124164,0.9141629814044397
high_debt_burden,full,Logistic L2,0.09373996789727126,0.7523809523809524,0.6362563729467186,0.9141629814044397
high_debt_burden,full,Logistic L2,0.09406099518459068,0.7523809523809524,0.6361159864289893,0.9141629814044397
high_debt_burden,full,Logistic L2,0.09406099518459068,0.7528344671201814,0.6355050635419847,0.9141629814044397
high_debt_burden,full,Logistic L2,0.09438202247191012,0.7528344671201814,0.6348102166508238,0.9141629814044397
high_debt_burden,full,Logistic L2,0.09438202247191012,0.7532879818594105,0.6341752674367688,0.9141629814044397
high_debt_burden,full,Logistic L2,0.09470304975922954,0.7532879818594105,0.6338250925563375,0.9141629814044397
high_debt_burden,full,Logistic L2,0.09470304975922954,0.7551020408163265,0.6325386993719385,0.9141629814044397
high_debt_burden,full,Logistic L2,0.09502407704654896,0.7551020408163265,0.6320219773839532,0.9141629814044397
high_debt_burden,full,Logistic L2,0.09502407704654896,0.7573696145124716,0.6304839312627811,0.9141629814044397
high_debt_burden,full,Logistic L2,0.0956661316211878,0.7573696145124716,0.6301980626115155,0.9141629814044397
high_debt_burden,full,Logistic L2,0.0956661316211878,0.7582766439909298,0.6296345457860787,0.9141629814044397
high_debt_burden,full,Logistic L2,0.09630818619582665,0.7582766439909298,0.6292750674358191,0.9141629814044397
high_debt_burden,full,Logistic L2,0.09630818619582665,0.7587301587301587,0.6281208371575855,0.9141629814044397
high_debt_burden,full,Logistic L2,0.09695024077046549,0.7587301587301587,0.6275904984047932,0.9141629814044397
high_debt_burden,full,Logistic L2,0.09695024077046549,0.7609977324263039,0.6249041847463758,0.9141629814044397
high_debt_burden,full,Logistic L2,0.09727126805778491,0.7609977324263039,0.624031614540814,0.9141629814044397
high_debt_burden,full,Logistic L2,0.09727126805778491,0.7614512471655329,0.6234691956574027,0.9141629814044397
high_debt_burden,full,Logistic L2,0.09759229534510433,0.7614512471655329,0.6223371769759282,0.9141629814044397
high_debt_burden,full,Logistic L2,0.09759229534510433,0.763718820861678,0.6199839378383988,0.9141629814044397
high_debt_burden,full,Logistic L2,0.09791332263242375,0.763718820861678,0.6197240510075167,0.9141629814044397
high_debt_burden,full,Logistic L2,0.09791332263242375,0.7646258503401361,0.6192964685425395,0.9141629814044397
high_debt_burden,full,Logistic L2,0.09823434991974318,0.7646258503401361,0.6184051121211741,0.9141629814044397
high_debt_burden,full,Logistic L2,0.09823434991974318,0.765079365079365,0.6157044341459993,0.9141629814044397
high_debt_burden,full,Logistic L2,0.0985553772070626,0.765079365079365,0.6149727356103033,0.9141629814044397
high_debt_burden,full,Logistic L2,0.0985553772070626,0.7655328798185941,0.6145073757872193,0.9141629814044397
high_debt_burden,full,Logistic L2,0.09919743178170144,0.7655328798185941,0.6135375387916333,0.9141629814044397
high_debt_burden,full,Logistic L2,0.09919743178170144,0.7659863945578231,0.6134266352081388,0.9141629814044397
high_debt_burden,full,Logistic L2,0.0998394863563403,0.7659863945578231,0.6126605068959016,0.9141629814044397
high_debt_burden,full,Logistic L2,0.0998394863563403,0.7687074829931972,0.6093674027922928,0.9141629814044397
high_debt_burden,full,Logistic L2,0.10016051364365972,0.7687074829931972,0.6091512053255836,0.9141629814044397
high_debt_burden,full,Logistic L2,0.10016051364365972,0.7736961451247165,0.6037618982727448,0.9141629814044397
high_debt_burden,full,Logistic L2,0.10112359550561797,0.7736961451247165,0.6016796087304934,0.9141629814044397
high_debt_burden,full,Logistic L2,0.10112359550561797,0.7741496598639456,0.6015559593553536,0.9141629814044397
high_debt_burden,full,Logistic L2,0.10176565008025683,0.7741496598639456,0.6011857341815828,0.9141629814044397
high_debt_burden,full,Logistic L2,0.10176565008025683,0.7746031746031746,0.6005947706732963,0.9141629814044397
high_debt_burden,full,Logistic L2,0.10272873194221509,0.7746031746031746,0.6001029036933474,0.9141629814044397
high_debt_burden,full,Logistic L2,0.10272873194221509,0.7786848072562358,0.5944359057504822,0.9141629814044397
high_debt_burden,full,Logistic L2,0.10369181380417336,0.7786848072562358,0.5931574673531665,0.9141629814044397
high_debt_burden,full,Logistic L2,0.10369181380417336,0.7791383219954648,0.5927874758240732,0.9141629814044397
high_debt_burden,full,Logistic L2,0.10401284109149278,0.7791383219954648,0.592699339797475,0.9141629814044397
high_debt_burden,full,Logistic L2,0.10401284109149278,0.7795918367346939,0.5926239011830952,0.9141629814044397
high_debt_burden,full,Logistic L2,0.1043338683788122,0.7795918367346939,0.5922378214750065,0.9141629814044397
high_debt_burden,full,Logistic L2,0.1043338683788122,0.780045351473923,0.5921765531580049,0.9141629814044397
high_debt_burden,full,Logistic L2,0.10465489566613162,0.780045351473923,0.5918179832937278,0.9141629814044397
high_debt_burden,full,Logistic L2,0.10465489566613162,0.78140589569161,0.590275767477593,0.9141629814044397
high_debt_burden,full,Logistic L2,0.10497592295345104,0.78140589569161,0.590199328267516,0.9141629814044397
high_debt_burden,full,Logistic L2,0.10497592295345104,0.782312925170068,0.5898570968924101,0.9141629814044397
high_debt_burden,full,Logistic L2,0.10593900481540931,0.782312925170068,0.587787947493565,0.9141629814044397
high_debt_burden,full,Logistic L2,0.10593900481540931,0.7850340136054422,0.5847964734899659,0.9141629814044397
high_debt_burden,full,Logistic L2,0.10658105939004815,0.7850340136054422,0.5836396975577561,0.9141629814044397
high_debt_burden,full,Logistic L2,0.10658105939004815,0.7863945578231293,0.5831070337639317,0.9141629814044397
high_debt_burden,full,Logistic L2,0.10690208667736757,0.7863945578231293,0.5825645376036097,0.9141629814044397
high_debt_burden,full,Logistic L2,0.10690208667736757,0.7882086167800454,0.5814452197937636,0.9141629814044397
high_debt_burden,full,Logistic L2,0.10754414125200643,0.7882086167800454,0.5801498307525776,0.9141629814044397
high_debt_burden,full,Logistic L2,0.10754414125200643,0.7886621315192743,0.5800605975864841,0.9141629814044397
high_debt_burden,full,Logistic L2,0.10786516853932585,0.7886621315192743,0.5799513860448736,0.9141629814044397
high_debt_burden,full,Logistic L2,0.10786516853932585,0.7891156462585034,0.5798366026882217,0.9141629814044397
high_debt_burden,full,Logistic L2,0.10818619582664527,0.7891156462585034,0.5789251071244266,0.9141629814044397
high_debt_burden,full,Logistic L2,0.10818619582664527,0.7895691609977324,0.5787266170978559,0.9141629814044397
high_debt_burden,full,Logistic L2,0.10850722311396468,0.7895691609977324,0.5783102454209953,0.9141629814044397
high_debt_burden,full,Logistic L2,0.10850722311396468,0.7913832199546486,0.5771708280192323,0.9141629814044397
high_debt_burden,full,Logistic L2,0.1088282504012841,0.7913832199546486,0.5770054908583973,0.9141629814044397
high_debt_burden,full,Logistic L2,0.1088282504012841,0.7922902494331066,0.5763606001480405,0.9141629814044397
high_debt_burden,full,Logistic L2,0.10914927768860354,0.7922902494331066,0.5763209419205989,0.9141629814044397
high_debt_burden,full,Logistic L2,0.10914927768860354,0.7936507936507936,0.575528250985526,0.9141629814044397
high_debt_burden,full,Logistic L2,0.1101123595505618,0.7936507936507936,0.574546545264238,0.9141629814044397
high_debt_burden,full,Logistic L2,0.1101123595505618,0.7959183673469388,0.5725750806998116,0.9141629814044397
high_debt_burden,full,Logistic L2,0.11075441412520064,0.7959183673469388,0.5715852122295958,0.9141629814044397
high_debt_burden,full,Logistic L2,0.11075441412520064,0.7968253968253968,0.5697181054528805,0.9141629814044397
high_debt_burden,full,Logistic L2,0.11107544141252007,0.7968253968253968,0.5686817466057614,0.9141629814044397
high_debt_burden,full,Logistic L2,0.11107544141252007,0.7972789115646258,0.5681227321070379,0.9141629814044397
high_debt_burden,full,Logistic L2,0.11171749598715891,0.7972789115646258,0.5669365861214277,0.9141629814044397
high_debt_burden,full,Logistic L2,0.11171749598715891,0.7977324263038549,0.5655428786745716,0.9141629814044397
high_debt_burden,full,Logistic L2,0.11203852327447833,0.7977324263038549,0.5651832091209172,0.9141629814044397
high_debt_burden,full,Logistic L2,0.11203852327447833,0.800453514739229,0.5613596646859628,0.9141629814044397
high_debt_burden,full,Logistic L2,0.11235955056179775,0.800453514739229,0.5609808712104383,0.9141629814044397
high_debt_burden,full,Logistic L2,0.11235955056179775,0.8022675736961451,0.5600857743566249,0.9141629814044397
high_debt_burden,full,Logistic L2,0.11268057784911717,0.8022675736961451,0.5584195009080631,0.9141629814044397
high_debt_burden,full,Logistic L2,0.11268057784911717,0.8045351473922903,0.5558440307634501,0.9141629814044397
high_debt_burden,full,Logistic L2,0.1130016051364366,0.8045351473922903,0.5556930290708304,0.9141629814044397
high_debt_burden,full,Logistic L2,0.1130016051364366,0.8049886621315193,0.5546284949478961,0.9141629814044397
high_debt_burden,full,Logistic L2,0.11396468699839486,0.8049886621315193,0.5526944342948407,0.9141629814044397
high_debt_burden,full,Logistic L2,0.11396468699839486,0.8054421768707483,0.5522271142044871,0.9141629814044397
high_debt_burden,full,Logistic L2,0.1146067415730337,0.8054421768707483,0.5513155138212008,0.9141629814044397
high_debt_burden,full,Logistic L2,0.1146067415730337,0.8058956916099773,0.5509959449385413,0.9141629814044397
high_debt_burden,full,Logistic L2,0.11492776886035314,0.8058956916099773,0.5507243098563172,0.9141629814044397
high_debt_burden,full,Logistic L2,0.11492776886035314,0.8072562358276644,0.5500419008613645,0.9141629814044397
high_debt_burden,full,Logistic L2,0.11524879614767256,0.8072562358276644,0.5489841705085835,0.9141629814044397
high_debt_burden,full,Logistic L2,0.11524879614767256,0.8086167800453514,0.5484602851072428,0.9141629814044397
high_debt_burden,full,Logistic L2,0.11556982343499198,0.8086167800453514,0.5480104151566586,0.9141629814044397
high_debt_burden,full,Logistic L2,0.11556982343499198,0.8090702947845805,0.5476164336239393,0.9141629814044397
high_debt_burden,full,Logistic L2,0.11621187800963081,0.8090702947845805,0.5475351479368311,0.9141629814044397
high_debt_burden,full,Logistic L2,0.11621187800963081,0.8095238095238095,0.546961723319169,0.9141629814044397
high_debt_burden,full,Logistic L2,0.11653290529695023,0.8095238095238095,0.5462508468235392,0.9141629814044397
high_debt_burden,full,Logistic L2,0.11653290529695023,0.8099773242630386,0.5455332810681458,0.9141629814044397
high_debt_burden,full,Logistic L2,0.11749598715890851,0.8099773242630386,0.5450379416560516,0.9141629814044397
high_debt_burden,full,Logistic L2,0.11749598715890851,0.8108843537414966,0.5438843478921612,0.9141629814044397
high_debt_burden,full,Logistic L2,0.11781701444622793,0.8108843537414966,0.5437130669788508,0.9141629814044397
high_debt_burden,full,Logistic L2,0.11781701444622793,0.8113378684807256,0.5435183648649488,0.9141629814044397
high_debt_burden,full,Logistic L2,0.11813804173354735,0.8113378684807256,0.543369108041593,0.9141629814044397
high_debt_burden,full,Logistic L2,0.11813804173354735,0.8126984126984127,0.542124017645784,0.9141629814044397
high_debt_burden,full,Logistic L2,0.11910112359550562,0.8126984126984127,0.5407524834096331,0.9141629814044397
high_debt_burden,full,Logistic L2,0.11910112359550562,0.8131519274376418,0.5405440943426354,0.9141629814044397
high_debt_burden,full,Logistic L2,0.11942215088282504,0.8131519274376418,0.5399293761859616,0.9141629814044397
high_debt_burden,full,Logistic L2,0.11942215088282504,0.8154195011337868,0.5367714285687082,0.9141629814044397
high_debt_burden,full,Logistic L2,0.12006420545746388,0.8154195011337868,0.5351615560168907,0.9141629814044397
high_debt_burden,full,Logistic L2,0.12006420545746388,0.816780045351474,0.5339491376378864,0.9141629814044397
high_debt_burden,full,Logistic L2,0.12038523274478331,0.816780045351474,0.5336123633352359,0.9141629814044397
high_debt_burden,full,Logistic L2,0.12038523274478331,0.819047619047619,0.5312735211708686,0.9141629814044397
high_debt_burden,full,Logistic L2,0.12070626003210273,0.819047619047619,0.5312381624254586,0.9141629814044397
high_debt_burden,full,Logistic L2,0.12070626003210273,0.8195011337868481,0.5311770928982996,0.9141629814044397
high_debt_burden,full,Logistic L2,0.12166934189406099,0.8195011337868481,0.5288906496099415,0.9141629814044397
high_debt_burden,full,Logistic L2,0.12166934189406099,0.8208616780045351,0.5273466508544218,0.9141629814044397
high_debt_burden,full,Logistic L2,0.1232744783306581,0.8208616780045351,0.5261885624938829,0.9141629814044397
high_debt_burden,full,Logistic L2,0.1232744783306581,0.8213151927437642,0.5255302093247364,0.9141629814044397
high_debt_burden,full,Logistic L2,0.12359550561797752,0.8213151927437642,0.5254854151720562,0.9141629814044397
high_debt_burden,full,Logistic L2,0.12359550561797752,0.8217687074829932,0.5239634132483738,0.9141629814044397
high_debt_burden,full,Logistic L2,0.12423756019261638,0.8217687074829932,0.5229550961200574,0.9141629814044397
high_debt_burden,full,Logistic L2,0.12423756019261638,0.8231292517006803,0.5207597521269528,0.9141629814044397
high_debt_burden,full,Logistic L2,0.1245585874799358,0.8231292517006803,0.5204200617656132,0.9141629814044397
high_debt_burden,full,Logistic L2,0.1245585874799358,0.8240362811791383,0.5193883355141374,0.9141629814044397
high_debt_burden,full,Logistic L2,0.12520064205457465,0.8240362811791383,0.5183661547539198,0.9141629814044397
high_debt_burden,full,Logistic L2,0.12520064205457465,0.8258503401360544,0.51517749422834,0.9141629814044397
high_debt_burden,full,Logistic L2,0.12712680577849117,0.8258503401360544,0.5115029708114347,0.9141629814044397
high_debt_burden,full,Logistic L2,0.12712680577849117,0.8272108843537415,0.510330950756204,0.9141629814044397
high_debt_burden,full,Logistic L2,0.1274478330658106,0.8272108843537415,0.5100504275942325,0.9141629814044397
high_debt_burden,full,Logistic L2,0.1274478330658106,0.8290249433106576,0.5075991833166237,0.9141629814044397
high_debt_burden,full,Logistic L2,0.12969502407704656,0.8290249433106576,0.5047690838818218,0.9141629814044397
high_debt_burden,full,Logistic L2,0.12969502407704656,0.8294784580498866,0.5045321081015786,0.9141629814044397
high_debt_burden,full,Logistic L2,0.13097913322632423,0.8294784580498866,0.5033172031381901,0.9141629814044397
high_debt_burden,full,Logistic L2,0.13097913322632423,0.8308390022675737,0.5021727470476361,0.9141629814044397
high_debt_burden,full,Logistic L2,0.13162118780096307,0.8308390022675737,0.5000179069583878,0.9141629814044397
high_debt_burden,full,Logistic L2,0.13162118780096307,0.8312925170068027,0.49960912269713154,0.9141629814044397
high_debt_burden,full,Logistic L2,0.1319422150882825,0.8312925170068027,0.4994382614504496,0.9141629814044397
high_debt_burden,full,Logistic L2,0.1319422150882825,0.8317460317460318,0.4992923577997089,0.9141629814044397
high_debt_burden,full,Logistic L2,0.13258426966292136,0.8317460317460318,0.49716264062294796,0.9141629814044397
high_debt_burden,full,Logistic L2,0.13258426966292136,0.8321995464852607,0.49697221330848435,0.9141629814044397
high_debt_burden,full,Logistic L2,0.13354735152487962,0.8321995464852607,0.4964658711881154,0.9141629814044397
high_debt_burden,full,Logistic L2,0.13354735152487962,0.8326530612244898,0.49625289812352946,0.9141629814044397
high_debt_burden,full,Logistic L2,0.13451043338683788,0.8326530612244898,0.4951842953327823,0.9141629814044397
high_debt_burden,full,Logistic L2,0.13451043338683788,0.8344671201814059,0.4922104869386353,0.9141629814044397
high_debt_burden,full,Logistic L2,0.13515248796147672,0.8344671201814059,0.491843001882056,0.9141629814044397
high_debt_burden,full,Logistic L2,0.13515248796147672,0.8353741496598639,0.4900882615966279,0.9141629814044397
high_debt_burden,full,Logistic L2,0.13643659711075443,0.8353741496598639,0.48672199541961086,0.9141629814044397
high_debt_burden,full,Logistic L2,0.13643659711075443,0.835827664399093,0.4866579051997245,0.9141629814044397
high_debt_burden,full,Logistic L2,0.13707865168539327,0.835827664399093,0.4864720335455807,0.9141629814044397
high_debt_burden,full,Logistic L2,0.13707865168539327,0.836281179138322,0.48405050724765813,0.9141629814044397
high_debt_burden,full,Logistic L2,0.13804173354735153,0.836281179138322,0.4836170034047032,0.9141629814044397
high_debt_burden,full,Logistic L2,0.13804173354735153,0.83718820861678,0.4820383223263398,0.9141629814044397
high_debt_burden,full,Logistic L2,0.13836276083467094,0.83718820861678,0.4819708595346113,0.9141629814044397
high_debt_burden,full,Logistic L2,0.13836276083467094,0.8390022675736961,0.48027356982241654,0.9141629814044397
high_debt_burden,full,Logistic L2,0.13868378812199036,0.8390022675736961,0.47997580411751434,0.9141629814044397
high_debt_burden,full,Logistic L2,0.13868378812199036,0.8399092970521542,0.4791606463223008,0.9141629814044397
high_debt_burden,full,Logistic L2,0.13900481540930978,0.8399092970521542,0.4790544557368052,0.9141629814044397
high_debt_burden,full,Logistic L2,0.13900481540930978,0.8403628117913832,0.47832200053083596,0.9141629814044397
high_debt_burden,full,Logistic L2,0.13964686998394862,0.8403628117913832,0.4774193520111781,0.9141629814044397
high_debt_burden,full,Logistic L2,0.13964686998394862,0.8412698412698413,0.47624772977560703,0.9141629814044397
high_debt_burden,full,Logistic L2,0.1406099518459069,0.8412698412698413,0.4746357214712717,0.9141629814044397
high_debt_burden,full,Logistic L2,0.1406099518459069,0.8417233560090703,0.47437749657797673,0.9141629814044397
high_debt_burden,full,Logistic L2,0.14093097913322633,0.8417233560090703,0.47393919114566885,0.9141629814044397
high_debt_burden,full,Logistic L2,0.14093097913322633,0.8421768707482993,0.4734332765326127,0.9141629814044397
high_debt_burden,full,Logistic L2,0.14285714285714285,0.8421768707482993,0.47086146830569886,0.9141629814044397
high_debt_burden,full,Logistic L2,0.14285714285714285,0.8426303854875283,0.46914682885673625,0.9141629814044397
high_debt_burden,full,Logistic L2,0.14382022471910114,0.8426303854875283,0.46819719362922135,0.9141629814044397
high_debt_burden,full,Logistic L2,0.14382022471910114,0.8430839002267574,0.4665322001793723,0.9141629814044397
high_debt_burden,full,Logistic L2,0.14414125200642056,0.8430839002267574,0.4663535697955049,0.9141629814044397
high_debt_burden,full,Logistic L2,0.14414125200642056,0.8435374149659864,0.46571873310303474,0.9141629814044397
high_debt_burden,full,Logistic L2,0.14446227929373998,0.8435374149659864,0.4646396612031129,0.9141629814044397
high_debt_burden,full,Logistic L2,0.14446227929373998,0.8439909297052154,0.4642417495745657,0.9141629814044397
high_debt_burden,full,Logistic L2,0.1447833065810594,0.8439909297052154,0.46386481287534875,0.9141629814044397
high_debt_burden,full,Logistic L2,0.1447833065810594,0.8444444444444444,0.46356711069619067,0.9141629814044397
high_debt_burden,full,Logistic L2,0.14606741573033707,0.8444444444444444,0.4619861748726807,0.9141629814044397
high_debt_burden,full,Logistic L2,0.14606741573033707,0.8453514739229024,0.4610327914457891,0.9141629814044397
high_debt_burden,full,Logistic L2,0.14670947030497591,0.8453514739229024,0.4608172333589698,0.9141629814044397
high_debt_burden,full,Logistic L2,0.14670947030497591,0.8462585034013606,0.46007584496901605,0.9141629814044397
high_debt_burden,full,Logistic L2,0.14703049759229533,0.8462585034013606,0.45987535466558815,0.9141629814044397
high_debt_burden,full,Logistic L2,0.14703049759229533,0.8467120181405896,0.45957794489739323,0.9141629814044397
high_debt_burden,full,Logistic L2,0.1476725521669342,0.8467120181405896,0.4589060896366472,0.9141629814044397
high_debt_burden,full,Logistic L2,0.1476725521669342,0.8471655328798186,0.4578687450445538,0.9141629814044397
high_debt_burden,full,Logistic L2,0.14799357945425362,0.8471655328798186,0.45783457233247654,0.9141629814044397
high_debt_burden,full,Logistic L2,0.14799357945425362,0.8476190476190476,0.4577017552729535,0.9141629814044397
high_debt_burden,full,Logistic L2,0.14863563402889246,0.8476190476190476,0.4568477221494496,0.9141629814044397
high_debt_burden,full,Logistic L2,0.14863563402889246,0.8480725623582767,0.4564614623464568,0.9141629814044397
high_debt_burden,full,Logistic L2,0.1492776886035313,0.8480725623582767,0.4559066420378521,0.9141629814044397
high_debt_burden,full,Logistic L2,0.1492776886035313,0.8485260770975057,0.4558874451359005,0.9141629814044397
high_debt_burden,full,Logistic L2,0.15056179775280898,0.8485260770975057,0.4548102594774431,0.9141629814044397
high_debt_burden,full,Logistic L2,0.15056179775280898,0.8489795918367347,0.4521516214710573,0.9141629814044397
high_debt_burden,full,Logistic L2,0.15152487961476727,0.8489795918367347,0.45157648221991514,0.9141629814044397
high_debt_burden,full,Logistic L2,0.15152487961476727,0.8494331065759637,0.45126242579499676,0.9141629814044397
high_debt_burden,full,Logistic L2,0.15184590690208669,0.8494331065759637,0.45035433760996996,0.9141629814044397
high_debt_burden,full,Logistic L2,0.15184590690208669,0.8503401360544217,0.44969814657042606,0.9141629814044397
high_debt_burden,full,Logistic L2,0.15280898876404495,0.8503401360544217,0.4482520938110268,0.9141629814044397
high_debt_burden,full,Logistic L2,0.15280898876404495,0.8521541950113378,0.4415212788443816,0.9141629814044397
high_debt_burden,full,Logistic L2,0.15313001605136436,0.8521541950113378,0.44116191527974763,0.9141629814044397
high_debt_burden,full,Logistic L2,0.15313001605136436,0.8526077097505669,0.4410416810032626,0.9141629814044397
high_debt_burden,full,Logistic L2,0.15409309791332262,0.8526077097505669,0.43913594380250603,0.9141629814044397
high_debt_burden,full,Logistic L2,0.15409309791332262,0.8530612244897959,0.4390518586566759,0.9141629814044397
high_debt_burden,full,Logistic L2,0.15473515248796146,0.8530612244897959,0.4379064660271225,0.9141629814044397
high_debt_burden,full,Logistic L2,0.15473515248796146,0.854421768707483,0.43663509178645893,0.9141629814044397
high_debt_burden,full,Logistic L2,0.1550561797752809,0.854421768707483,0.4365913577167402,0.9141629814044397
high_debt_burden,full,Logistic L2,0.1550561797752809,0.8553287981859411,0.4355536552872593,0.9141629814044397
high_debt_burden,full,Logistic L2,0.15537720706260033,0.8553287981859411,0.4352185709172332,0.9141629814044397
high_debt_burden,full,Logistic L2,0.15537720706260033,0.85578231292517,0.43503256789562694,0.9141629814044397
high_debt_burden,full,Logistic L2,0.15601926163723917,0.85578231292517,0.43430839794974246,0.9141629814044397
high_debt_burden,full,Logistic L2,0.15601926163723917,0.8566893424036282,0.4327346275953133,0.9141629814044397
high_debt_burden,full,Logistic L2,0.15762439807383627,0.8566893424036282,0.4301890891494981,0.9141629814044397
high_debt_burden,full,Logistic L2,0.15762439807383627,0.8575963718820862,0.42919082674511594,0.9141629814044397
high_debt_burden,full,Logistic L2,0.1579454253611557,0.8575963718820862,0.4291671620414216,0.9141629814044397
high_debt_burden,full,Logistic L2,0.1579454253611557,0.8598639455782313,0.4273483023249545,0.9141629814044397
high_debt_burden,full,Logistic L2,0.15955056179775282,0.8598639455782313,0.4245821132708339,0.9141629814044397
high_debt_burden,full,Logistic L2,0.15955056179775282,0.8603174603174604,0.42385673888319364,0.9141629814044397
high_debt_burden,full,Logistic L2,0.16019261637239166,0.8603174603174604,0.4228856750225286,0.9141629814044397
high_debt_burden,full,Logistic L2,0.16019261637239166,0.8612244897959184,0.4218105854064069,0.9141629814044397
high_debt_burden,full,Logistic L2,0.16147672552166933,0.8612244897959184,0.41840735920642075,0.9141629814044397
high_debt_burden,full,Logistic L2,0.16147672552166933,0.8621315192743764,0.4158296990482273,0.9141629814044397
high_debt_burden,full,Logistic L2,0.16340288924558588,0.8621315192743764,0.4130180506985204,0.9141629814044397
high_debt_burden,full,Logistic L2,0.16340288924558588,0.8634920634920635,0.41289086007855136,0.9141629814044397
high_debt_burden,full,Logistic L2,0.1653290529695024,0.8634920634920635,0.411498942632215,0.9141629814044397
high_debt_burden,full,Logistic L2,0.1653290529695024,0.8639455782312925,0.4108316152350578,0.9141629814044397
high_debt_burden,full,Logistic L2,0.16565008025682182,0.8639455782312925,0.4107026773730809,0.9141629814044397
high_debt_burden,full,Logistic L2,0.16565008025682182,0.8648526077097506,0.4105646008414205,0.9141629814044397
high_debt_burden,full,Logistic L2,0.1662921348314607,0.8648526077097506,0.40937374395836273,0.9141629814044397
high_debt_burden,full,Logistic L2,0.1662921348314607,0.8657596371882086,0.4091121924303164,0.9141629814044397
high_debt_burden,full,Logistic L2,0.16693418940609953,0.8657596371882086,0.408517107615028,0.9141629814044397
high_debt_burden,full,Logistic L2,0.16693418940609953,0.8666666666666667,0.4079699138577468,0.9141629814044397
high_debt_burden,full,Logistic L2,0.16757624398073837,0.8666666666666667,0.4058241750419909,0.9141629814044397
high_debt_burden,full,Logistic L2,0.16757624398073837,0.8671201814058956,0.4056075409979582,0.9141629814044397
high_debt_burden,full,Logistic L2,0.16789727126805779,0.8671201814058956,0.40532461332729675,0.9141629814044397
high_debt_burden,full,Logistic L2,0.16789727126805779,0.8684807256235828,0.40215738191625283,0.9141629814044397
high_debt_burden,full,Logistic L2,0.16853932584269662,0.8684807256235828,0.4004310307040606,0.9141629814044397
high_debt_burden,full,Logistic L2,0.16853932584269662,0.8689342403628117,0.4000450045113475,0.9141629814044397
high_debt_burden,full,Logistic L2,0.16886035313001604,0.8689342403628117,0.40000167303895556,0.9141629814044397
high_debt_burden,full,Logistic L2,0.16886035313001604,0.8698412698412699,0.3998077575267673,0.9141629814044397
high_debt_burden,full,Logistic L2,0.16950240770465488,0.8698412698412699,0.39908219094204817,0.9141629814044397
high_debt_burden,full,Logistic L2,0.16950240770465488,0.8702947845804989,0.3980976030427619,0.9141629814044397
high_debt_burden,full,Logistic L2,0.1707865168539326,0.8702947845804989,0.3950365729532853,0.9141629814044397
high_debt_burden,full,Logistic L2,0.1707865168539326,0.8707482993197279,0.3947358566275633,0.9141629814044397
high_debt_burden,full,Logistic L2,0.17142857142857143,0.8707482993197279,0.3931084880889678,0.9141629814044397
high_debt_burden,full,Logistic L2,0.17142857142857143,0.871655328798186,0.3917974749750824,0.9141629814044397
high_debt_burden,full,Logistic L2,0.1723916532905297,0.871655328798186,0.3901696646045548,0.9141629814044397
high_debt_burden,full,Logistic L2,0.1723916532905297,0.8721088435374149,0.38914291826706426,0.9141629814044397
high_debt_burden,full,Logistic L2,0.17335473515248795,0.8721088435374149,0.3862248007808364,0.9141629814044397
high_debt_burden,full,Logistic L2,0.17335473515248795,0.873015873015873,0.38486483345147404,0.9141629814044397
high_debt_burden,full,Logistic L2,0.17399678972712682,0.873015873015873,0.3846164509908749,0.9141629814044397
high_debt_burden,full,Logistic L2,0.17399678972712682,0.8734693877551021,0.3844802297948272,0.9141629814044397
high_debt_burden,full,Logistic L2,0.17495987158908508,0.8734693877551021,0.38385912625605784,0.9141629814044397
high_debt_burden,full,Logistic L2,0.17495987158908508,0.873922902494331,0.38291806011982177,0.9141629814044397
high_debt_burden,full,Logistic L2,0.1768860353130016,0.873922902494331,0.3811367255560618,0.9141629814044397
high_debt_burden,full,Logistic L2,0.1768860353130016,0.8748299319727891,0.3806422001832454,0.9141629814044397
high_debt_burden,full,Logistic L2,0.1781701444622793,0.8748299319727891,0.37946479285406737,0.9141629814044397
high_debt_burden,full,Logistic L2,0.1781701444622793,0.8757369614512471,0.3791910645969773,0.9141629814044397
high_debt_burden,full,Logistic L2,0.18138041733547353,0.8757369614512471,0.3729086181732957,0.9141629814044397
high_debt_burden,full,Logistic L2,0.18138041733547353,0.8761904761904762,0.3724604560985599,0.9141629814044397
high_debt_burden,full,Logistic L2,0.18202247191011237,0.8761904761904762,0.37138092329752537,0.9141629814044397
high_debt_burden,full,Logistic L2,0.18202247191011237,0.8775510204081632,0.3703755391830084,0.9141629814044397
high_debt_burden,full,Logistic L2,0.18298555377207062,0.8775510204081632,0.3696892959386834,0.9141629814044397
high_debt_burden,full,Logistic L2,0.18298555377207062,0.8784580498866214,0.3693330725150597,0.9141629814044397
high_debt_burden,full,Logistic L2,0.1852327447833066,0.8784580498866214,0.3656768547557518,0.9141629814044397
high_debt_burden,full,Logistic L2,0.1852327447833066,0.8789115646258503,0.3652860444298439,0.9141629814044397
high_debt_burden,full,Logistic L2,0.18619582664526485,0.8789115646258503,0.36434359930303356,0.9141629814044397
high_debt_burden,full,Logistic L2,0.18619582664526485,0.8793650793650793,0.36417225106016243,0.9141629814044397
high_debt_burden,full,Logistic L2,0.18844301765650082,0.8793650793650793,0.3587285512906881,0.9141629814044397
high_debt_burden,full,Logistic L2,0.18844301765650082,0.8807256235827664,0.35799098861846174,0.9141629814044397
high_debt_burden,full,Logistic L2,0.18908507223113966,0.8807256235827664,0.35754967541971033,0.9141629814044397
high_debt_burden,full,Logistic L2,0.18908507223113966,0.8811791383219955,0.35693786965544094,0.9141629814044397
high_debt_burden,full,Logistic L2,0.1897271268057785,0.8811791383219955,0.35638953530725825,0.9141629814044397
high_debt_burden,full,Logistic L2,0.1897271268057785,0.8816326530612245,0.35606966939141244,0.9141629814044397
high_debt_burden,full,Logistic L2,0.19069020866773675,0.8816326530612245,0.35489616269669566,0.9141629814044397
high_debt_burden,full,Logistic L2,0.19069020866773675,0.8829931972789116,0.3532662135889613,0.9141629814044397
high_debt_burden,full,Logistic L2,0.19101123595505617,0.8829931972789116,0.3527380164902406,0.9141629814044397
high_debt_burden,full,Logistic L2,0.19101123595505617,0.8834467120181406,0.3520281309070099,0.9141629814044397
high_debt_burden,full,Logistic L2,0.1913322632423756,0.8834467120181406,0.35198748380486916,0.9141629814044397
high_debt_burden,full,Logistic L2,0.1913322632423756,0.8839002267573696,0.3506162204958549,0.9141629814044397
high_debt_burden,full,Logistic L2,0.19165329052969501,0.8839002267573696,0.350565387435955,0.9141629814044397
high_debt_burden,full,Logistic L2,0.19165329052969501,0.8843537414965986,0.3502349756441984,0.9141629814044397
high_debt_burden,full,Logistic L2,0.19293739967897272,0.8843537414965986,0.3481404053030622,0.9141629814044397
high_debt_burden,full,Logistic L2,0.19293739967897272,0.8848072562358277,0.3480772594366396,0.9141629814044397
high_debt_burden,full,Logistic L2,0.19390048154093098,0.8848072562358277,0.3456038373570874,0.9141629814044397
high_debt_burden,full,Logistic L2,0.19390048154093098,0.8852607709750567,0.34544617985809645,0.9141629814044397
high_debt_burden,full,Logistic L2,0.1958266452648475,0.8852607709750567,0.34376281718756924,0.9141629814044397
high_debt_burden,full,Logistic L2,0.1958266452648475,0.8857142857142857,0.34370067338248,0.9141629814044397
high_debt_burden,full,Logistic L2,0.19678972712680579,0.8857142857142857,0.3423827706660555,0.9141629814044397
high_debt_burden,full,Logistic L2,0.19678972712680579,0.8861678004535147,0.342140155689995,0.9141629814044397
high_debt_burden,full,Logistic L2,0.19743178170144463,0.8861678004535147,0.3406526499178647,0.9141629814044397
high_debt_burden,full,Logistic L2,0.19743178170144463,0.8866213151927438,0.3406500068093364,0.9141629814044397
high_debt_burden,full,Logistic L2,0.19775280898876405,0.8866213151927438,0.34043547390470663,0.9141629814044397
high_debt_burden,full,Logistic L2,0.19775280898876405,0.8875283446712018,0.33822475891313025,0.9141629814044397
high_debt_burden,full,Logistic L2,0.1996789727126806,0.8875283446712018,0.33519701036775407,0.9141629814044397
high_debt_burden,full,Logistic L2,0.1996789727126806,0.8879818594104308,0.33487206575096684,0.9141629814044397
high_debt_burden,full,Logistic L2,0.2,0.8879818594104308,0.3339775852606148,0.9141629814044397
high_debt_burden,full,Logistic L2,0.2,0.8884353741496599,0.3326895769760791,0.9141629814044397
high_debt_burden,full,Logistic L2,0.20192616372391653,0.8884353741496599,0.3318031929742266,0.9141629814044397
high_debt_burden,full,Logistic L2,0.20192616372391653,0.8888888888888888,0.331750436367391,0.9141629814044397
high_debt_burden,full,Logistic L2,0.20224719101123595,0.8888888888888888,0.3314469090059994,0.9141629814044397
high_debt_burden,full,Logistic L2,0.20224719101123595,0.889795918367347,0.3297531003982609,0.9141629814044397
high_debt_burden,full,Logistic L2,0.20256821829855537,0.889795918367347,0.32970529915279495,0.9141629814044397
high_debt_burden,full,Logistic L2,0.20256821829855537,0.890249433106576,0.3296858392574009,0.9141629814044397
high_debt_burden,full,Logistic L2,0.2028892455858748,0.890249433106576,0.32945648318162696,0.9141629814044397
high_debt_burden,full,Logistic L2,0.2028892455858748,0.890702947845805,0.32945136905913625,0.9141629814044397
high_debt_burden,full,Logistic L2,0.2032102728731942,0.890702947845805,0.32942177092164776,0.9141629814044397
high_debt_burden,full,Logistic L2,0.2032102728731942,0.8916099773242631,0.32774218420093354,0.9141629814044397
high_debt_burden,full,Logistic L2,0.20449438202247192,0.8916099773242631,0.3270352854216008,0.9141629814044397
high_debt_burden,full,Logistic L2,0.20449438202247192,0.8925170068027211,0.3259568828040514,0.9141629814044397
high_debt_burden,full,Logistic L2,0.20513643659711076,0.8925170068027211,0.32479324113928454,0.9141629814044397
high_debt_burden,full,Logistic L2,0.20513643659711076,0.8934240362811792,0.32434683217817484,0.9141629814044397
high_debt_burden,full,Logistic L2,0.2057784911717496,0.8934240362811792,0.3241676632873329,0.9141629814044397
high_debt_burden,full,Logistic L2,0.2057784911717496,0.8938775510204081,0.3235020994332165,0.9141629814044397
high_debt_burden,full,Logistic L2,0.20609951845906901,0.8938775510204081,0.323094582505948,0.9141629814044397
high_debt_burden,full,Logistic L2,0.20609951845906901,0.8943310657596372,0.3227165279479955,0.9141629814044397
high_debt_burden,full,Logistic L2,0.20738362760834672,0.8943310657596372,0.3212363848799294,0.9141629814044397
high_debt_burden,full,Logistic L2,0.20738362760834672,0.8956916099773242,0.3202290250104152,0.9141629814044397
high_debt_burden,full,Logistic L2,0.20930979133226324,0.8956916099773242,0.31860006289937315,0.9141629814044397
high_debt_burden,full,Logistic L2,0.20930979133226324,0.8961451247165533,0.31843262034509195,0.9141629814044397
high_debt_burden,full,Logistic L2,0.20963081861958266,0.8961451247165533,0.31699339463247683,0.9141629814044397
high_debt_burden,full,Logistic L2,0.20963081861958266,0.8970521541950114,0.3144706435542182,0.9141629814044397
high_debt_burden,full,Logistic L2,0.21444622792937398,0.8970521541950114,0.3090898087891971,0.9141629814044397
high_debt_burden,full,Logistic L2,0.21444622792937398,0.8979591836734694,0.308037655629525,0.9141629814044397
high_debt_burden,full,Logistic L2,0.21476725521669343,0.8979591836734694,0.3075562430689166,0.9141629814044397
high_debt_burden,full,Logistic L2,0.21476725521669343,0.8984126984126984,0.30673688851646425,0.9141629814044397
high_debt_burden,full,Logistic L2,0.21540930979133227,0.8984126984126984,0.30660005498413273,0.9141629814044397
high_debt_burden,full,Logistic L2,0.21540930979133227,0.8993197278911564,0.3059933540101459,0.9141629814044397
high_debt_burden,full,Logistic L2,0.21669341894060995,0.8993197278911564,0.30451333596279206,0.9141629814044397
high_debt_burden,full,Logistic L2,0.21669341894060995,0.8997732426303855,0.303873905252113,0.9141629814044397
high_debt_burden,full,Logistic L2,0.2176565008025682,0.8997732426303855,0.3031270263848303,0.9141629814044397
high_debt_burden,full,Logistic L2,0.2176565008025682,0.9002267573696145,0.3028629244389474,0.9141629814044397
high_debt_burden,full,Logistic L2,0.21894060995184592,0.9002267573696145,0.30172286991457564,0.9141629814044397
high_debt_burden,full,Logistic L2,0.21894060995184592,0.9006802721088435,0.3016097650849412,0.9141629814044397
high_debt_burden,full,Logistic L2,0.22279293739967898,0.9006802721088435,0.29492552937374794,0.9141629814044397
high_debt_burden,full,Logistic L2,0.22279293739967898,0.9011337868480725,0.294761012974332,0.9141629814044397
high_debt_burden,full,Logistic L2,0.2231139646869984,0.9011337868480725,0.29463329237635266,0.9141629814044397
high_debt_burden,full,Logistic L2,0.2231139646869984,0.9015873015873016,0.2925696230801473,0.9141629814044397
high_debt_burden,full,Logistic L2,0.22375601926163724,0.9015873015873016,0.29225082985474615,0.9141629814044397
high_debt_burden,full,Logistic L2,0.22375601926163724,0.9024943310657596,0.29181339691103925,0.9141629814044397
high_debt_burden,full,Logistic L2,0.22504012841091492,0.9024943310657596,0.29100695190562353,0.9141629814044397
high_debt_burden,full,Logistic L2,0.22504012841091492,0.9029478458049887,0.2909446628736836,0.9141629814044397
high_debt_burden,full,Logistic L2,0.2260032102728732,0.9029478458049887,0.2898266062527565,0.9141629814044397
high_debt_burden,full,Logistic L2,0.2260032102728732,0.9034013605442177,0.28978027317528626,0.9141629814044397
high_debt_burden,full,Logistic L2,0.22632423756019263,0.9034013605442177,0.2891148588975619,0.9141629814044397
high_debt_burden,full,Logistic L2,0.22632423756019263,0.9038548752834467,0.2888811240799171,0.9141629814044397
high_debt_burden,full,Logistic L2,0.22696629213483147,0.9038548752834467,0.28814880901942064,0.9141629814044397
high_debt_burden,full,Logistic L2,0.22696629213483147,0.9043083900226757,0.28797626078869254,0.9141629814044397
high_debt_burden,full,Logistic L2,0.22728731942215089,0.9043083900226757,0.28750701715770893,0.9141629814044397
high_debt_burden,full,Logistic L2,0.22728731942215089,0.9052154195011338,0.2870479848342645,0.9141629814044397
high_debt_burden,full,Logistic L2,0.22889245585874798,0.9052154195011338,0.28536213195331817,0.9141629814044397
high_debt_burden,full,Logistic L2,0.22889245585874798,0.9056689342403628,0.2849683920382578,0.9141629814044397
high_debt_burden,full,Logistic L2,0.2301765650080257,0.9056689342403628,0.28352639911377214,0.9141629814044397
high_debt_burden,full,Logistic L2,0.2301765650080257,0.9061224489795918,0.28345977726671967,0.9141629814044397
high_debt_burden,full,Logistic L2,0.2317817014446228,0.9061224489795918,0.28193954507365143,0.9141629814044397
high_debt_burden,full,Logistic L2,0.2317817014446228,0.9065759637188209,0.2819248416856739,0.9141629814044397
high_debt_burden,full,Logistic L2,0.23242375601926163,0.9065759637188209,0.2806371796546502,0.9141629814044397
high_debt_burden,full,Logistic L2,0.23242375601926163,0.9070294784580499,0.27789863500941997,0.9141629814044397
high_debt_burden,full,Logistic L2,0.23402889245585876,0.9070294784580499,0.2763884687882973,0.9141629814044397
high_debt_burden,full,Logistic L2,0.23402889245585876,0.9074829931972789,0.27622872589125935,0.9141629814044397
high_debt_burden,full,Logistic L2,0.23499197431781702,0.9074829931972789,0.27538731904934566,0.9141629814044397
high_debt_burden,full,Logistic L2,0.23499197431781702,0.908390022675737,0.27512619715288095,0.9141629814044397
high_debt_burden,full,Logistic L2,0.23595505617977527,0.908390022675737,0.27387554628956834,0.9141629814044397
high_debt_burden,full,Logistic L2,0.23595505617977527,0.909297052154195,0.2735965306015991,0.9141629814044397
high_debt_burden,full,Logistic L2,0.2391653290529695,0.909297052154195,0.27021525742220404,0.9141629814044397
high_debt_burden,full,Logistic L2,0.2391653290529695,0.9102040816326531,0.27003925199850853,0.9141629814044397
high_debt_burden,full,Logistic L2,0.24398073836276082,0.9102040816326531,0.26415732129310665,0.9141629814044397
high_debt_burden,full,Logistic L2,0.24398073836276082,0.910657596371882,0.2639541978252505,0.9141629814044397
high_debt_burden,full,Logistic L2,0.24686998394863563,0.910657596371882,0.2580540730274115,0.9141629814044397
high_debt_burden,full,Logistic L2,0.24686998394863563,0.9111111111111111,0.2570589559381302,0.9141629814044397
high_debt_burden,full,Logistic L2,0.24879614767255218,0.9111111111111111,0.2560063044425646,0.9141629814044397
high_debt_burden,full,Logistic L2,0.24879614767255218,0.9120181405895692,0.2551107291160505,0.9141629814044397
high_debt_burden,full,Logistic L2,0.2504012841091493,0.9120181405895692,0.2519043419869234,0.9141629814044397
high_debt_burden,full,Logistic L2,0.2504012841091493,0.9124716553287981,0.25187649790424543,0.9141629814044397
high_debt_burden,full,Logistic L2,0.25136436597110756,0.9124716553287981,0.2498633068526586,0.9141629814044397
high_debt_burden,full,Logistic L2,0.25136436597110756,0.9129251700680272,0.24880047718656445,0.9141629814044397
high_debt_burden,full,Logistic L2,0.251685393258427,0.9129251700680272,0.2479244645568639,0.9141629814044397
high_debt_burden,full,Logistic L2,0.251685393258427,0.9133786848072563,0.2472217889031523,0.9141629814044397
high_debt_burden,full,Logistic L2,0.2539325842696629,0.9133786848072563,0.24446264118878586,0.9141629814044397
high_debt_burden,full,Logistic L2,0.2539325842696629,0.9138321995464853,0.24423372789188524,0.9141629814044397
high_debt_burden,full,Logistic L2,0.25585874799357944,0.9138321995464853,0.2429540248459243,0.9141629814044397
high_debt_burden,full,Logistic L2,0.25585874799357944,0.9142857142857143,0.24290146862689901,0.9141629814044397
high_debt_burden,full,Logistic L2,0.2571428571428571,0.9142857142857143,0.24193117989248042,0.9141629814044397
high_debt_burden,full,Logistic L2,0.2571428571428571,0.9147392290249433,0.24095037688499446,0.9141629814044397
high_debt_burden,full,Logistic L2,0.257784911717496,0.9147392290249433,0.23978028546105984,0.9141629814044397
high_debt_burden,full,Logistic L2,0.257784911717496,0.9165532879818594,0.2378624499030998,0.9141629814044397
high_debt_burden,full,Logistic L2,0.25842696629213485,0.9165532879818594,0.23748444733429117,0.9141629814044397
high_debt_burden,full,Logistic L2,0.25842696629213485,0.9170068027210885,0.2367426847386695,0.9141629814044397
high_debt_burden,full,Logistic L2,0.25874799357945427,0.9170068027210885,0.23595857265534698,0.9141629814044397
high_debt_burden,full,Logistic L2,0.25874799357945427,0.9174603174603174,0.23548794096964826,0.9141629814044397
high_debt_burden,full,Logistic L2,0.2593900481540931,0.9174603174603174,0.23520364020715454,0.9141629814044397
high_debt_burden,full,Logistic L2,0.2593900481540931,0.9179138321995465,0.23450874650026388,0.9141629814044397
high_debt_burden,full,Logistic L2,0.2606741573033708,0.9179138321995465,0.23293432112343848,0.9141629814044397
high_debt_burden,full,Logistic L2,0.2606741573033708,0.9183673469387755,0.23217602068994314,0.9141629814044397
high_debt_burden,full,Logistic L2,0.2609951845906902,0.9183673469387755,0.23182547228857373,0.9141629814044397
high_debt_burden,full,Logistic L2,0.2609951845906902,0.9188208616780046,0.23166182432847268,0.9141629814044397
high_debt_burden,full,Logistic L2,0.2622792937399679,0.9188208616780046,0.2309691805160194,0.9141629814044397
high_debt_burden,full,Logistic L2,0.2622792937399679,0.9197278911564626,0.2293908262122476,0.9141629814044397
high_debt_burden,full,Logistic L2,0.26484751203852325,0.9197278911564626,0.22695119428766405,0.9141629814044397
high_debt_burden,full,Logistic L2,0.26484751203852325,0.9201814058956916,0.22692615764920415,0.9141629814044397
high_debt_burden,full,Logistic L2,0.26548956661316214,0.9201814058956916,0.2255337719680609,0.9141629814044397
high_debt_burden,full,Logistic L2,0.26548956661316214,0.9206349206349206,0.22550072156681764,0.9141629814044397
high_debt_burden,full,Logistic L2,0.26581059390048156,0.9206349206349206,0.22521287423982417,0.9141629814044397
high_debt_burden,full,Logistic L2,0.26581059390048156,0.9210884353741496,0.22511630487752862,0.9141629814044397
high_debt_burden,full,Logistic L2,0.2664526484751204,0.9210884353741496,0.22478996251599137,0.9141629814044397
high_debt_burden,full,Logistic L2,0.2664526484751204,0.9215419501133787,0.22466704913853605,0.9141629814044397
high_debt_burden,full,Logistic L2,0.2677367576243981,0.9215419501133787,0.22378072959356815,0.9141629814044397
high_debt_burden,full,Logistic L2,0.2677367576243981,0.9219954648526077,0.22313790608112288,0.9141629814044397
high_debt_burden,full,Logistic L2,0.27576243980738363,0.9219954648526077,0.21501507946440326,0.9141629814044397
high_debt_burden,full,Logistic L2,0.27576243980738363,0.9224489795918367,0.21490170995307195,0.9141629814044397
high_debt_burden,full,Logistic L2,0.27768860353130015,0.9224489795918367,0.21362687699667196,0.9141629814044397
high_debt_burden,full,Logistic L2,0.27768860353130015,0.9229024943310657,0.2131906432127308,0.9141629814044397
high_debt_burden,full,Logistic L2,0.27897271268057783,0.9229024943310657,0.21147115426506236,0.9141629814044397
high_debt_burden,full,Logistic L2,0.27897271268057783,0.9233560090702948,0.21135240191477112,0.9141629814044397
high_debt_burden,full,Logistic L2,0.28186195826645266,0.9233560090702948,0.2094405405960009,0.9141629814044397
high_debt_burden,full,Logistic L2,0.28186195826645266,0.9238095238095239,0.20906664446146198,0.9141629814044397
high_debt_burden,full,Logistic L2,0.2828250401284109,0.9238095238095239,0.2087492344662265,0.9141629814044397
high_debt_burden,full,Logistic L2,0.2828250401284109,0.9242630385487528,0.20872675870458088,0.9141629814044397
high_debt_burden,full,Logistic L2,0.284430176565008,0.9242630385487528,0.20773816467466796,0.9141629814044397
high_debt_burden,full,Logistic L2,0.284430176565008,0.9251700680272109,0.2067545259041858,0.9141629814044397
high_debt_burden,full,Logistic L2,0.28475120385232744,0.9251700680272109,0.20673274154425925,0.9141629814044397
high_debt_burden,full,Logistic L2,0.28475120385232744,0.9256235827664399,0.2064402676593853,0.9141629814044397
high_debt_burden,full,Logistic L2,0.2853932584269663,0.9256235827664399,0.20577138449464424,0.9141629814044397
high_debt_burden,full,Logistic L2,0.2853932584269663,0.9260770975056689,0.20550531219657833,0.9141629814044397
high_debt_burden,full,Logistic L2,0.28635634028892454,0.9260770975056689,0.20452146316108538,0.9141629814044397
high_debt_burden,full,Logistic L2,0.28635634028892454,0.926530612244898,0.20438702134771938,0.9141629814044397
high_debt_burden,full,Logistic L2,0.2882825040128411,0.926530612244898,0.20288143089919314,0.9141629814044397
high_debt_burden,full,Logistic L2,0.2882825040128411,0.926984126984127,0.2018874708047599,0.9141629814044397
high_debt_burden,full,Logistic L2,0.28924558587479937,0.926984126984127,0.2017580363951208,0.9141629814044397
high_debt_burden,full,Logistic L2,0.28924558587479937,0.927437641723356,0.20145190644490077,0.9141629814044397
high_debt_burden,full,Logistic L2,0.2895666131621188,0.927437641723356,0.20136872294263472,0.9141629814044397
high_debt_burden,full,Logistic L2,0.2895666131621188,0.927891156462585,0.20126060699450687,0.9141629814044397
high_debt_burden,full,Logistic L2,0.29052969502407705,0.927891156462585,0.20058621566199755,0.9141629814044397
high_debt_burden,full,Logistic L2,0.29052969502407705,0.9287981859410431,0.19996993234953836,0.9141629814044397
high_debt_burden,full,Logistic L2,0.29213483146067415,0.9287981859410431,0.19826548155525475,0.9141629814044397
high_debt_burden,full,Logistic L2,0.29213483146067415,0.9292517006802721,0.19781731300787703,0.9141629814044397
high_debt_burden,full,Logistic L2,0.2930979133226324,0.9292517006802721,0.19695697805589926,0.9141629814044397
high_debt_burden,full,Logistic L2,0.2930979133226324,0.9306122448979591,0.19575791716178098,0.9141629814044397
high_debt_burden,full,Logistic L2,0.2956661316211878,0.9306122448979591,0.19399940076546013,0.9141629814044397
high_debt_burden,full,Logistic L2,0.2956661316211878,0.9310657596371882,0.19331012765076705,0.9141629814044397
high_debt_burden,full,Logistic L2,0.2969502407704655,0.9310657596371882,0.19298369863810197,0.9141629814044397
high_debt_burden,full,Logistic L2,0.2969502407704655,0.9315192743764172,0.1929212589201163,0.9141629814044397
high_debt_burden,full,Logistic L2,0.2972712680577849,0.9315192743764172,0.19285616564707925,0.9141629814044397
high_debt_burden,full,Logistic L2,0.2972712680577849,0.9319727891156463,0.19241703122418488,0.9141629814044397
high_debt_burden,full,Logistic L2,0.3001605136436597,0.9319727891156463,0.1876734853820375,0.9141629814044397
high_debt_burden,full,Logistic L2,0.3001605136436597,0.9324263038548752,0.1876413739441465,0.9141629814044397
high_debt_burden,full,Logistic L2,0.30304975922953453,0.9324263038548752,0.18607611742672217,0.9141629814044397
high_debt_burden,full,Logistic L2,0.30304975922953453,0.9333333333333333,0.1854270823260951,0.9141629814044397
high_debt_burden,full,Logistic L2,0.30465489566613163,0.9333333333333333,0.18473448730994005,0.9141629814044397
high_debt_burden,full,Logistic L2,0.30465489566613163,0.9337868480725624,0.18471553315272085,0.9141629814044397
high_debt_burden,full,Logistic L2,0.30529695024077047,0.9337868480725624,0.18412925237279537,0.9141629814044397
high_debt_burden,full,Logistic L2,0.30529695024077047,0.9342403628117913,0.1839730199974473,0.9141629814044397
high_debt_burden,full,Logistic L2,0.30786516853932583,0.9342403628117913,0.1819464658548255,0.9141629814044397
high_debt_burden,full,Logistic L2,0.30786516853932583,0.9351473922902495,0.18186351270197815,0.9141629814044397
high_debt_burden,full,Logistic L2,0.30818619582664525,0.9351473922902495,0.1812736630112257,0.9141629814044397
high_debt_burden,full,Logistic L2,0.30818619582664525,0.9356009070294785,0.18033423408841898,0.9141629814044397
high_debt_burden,full,Logistic L2,0.30850722311396467,0.9356009070294785,0.1800322336754679,0.9141629814044397
high_debt_burden,full,Logistic L2,0.30850722311396467,0.9360544217687075,0.17984199483279484,0.9141629814044397
high_debt_burden,full,Logistic L2,0.31075441412520066,0.9360544217687075,0.17875956491378686,0.9141629814044397
high_debt_burden,full,Logistic L2,0.31075441412520066,0.9365079365079365,0.17835220679150712,0.9141629814044397
high_debt_burden,full,Logistic L2,0.3162118780096308,0.9365079365079365,0.17310441422869746,0.9141629814044397
high_debt_burden,full,Logistic L2,0.3162118780096308,0.9369614512471656,0.1725709617437101,0.9141629814044397
high_debt_burden,full,Logistic L2,0.31781701444622795,0.9369614512471656,0.17107065716549824,0.9141629814044397
high_debt_burden,full,Logistic L2,0.31781701444622795,0.9374149659863945,0.1698703229090786,0.9141629814044397
high_debt_burden,full,Logistic L2,0.31974317817014447,0.9374149659863945,0.16770651229409322,0.9141629814044397
high_debt_burden,full,Logistic L2,0.31974317817014447,0.9378684807256236,0.16750618379459903,0.9141629814044397
high_debt_burden,full,Logistic L2,0.32391653290529693,0.9378684807256236,0.16422856347059916,0.9141629814044397
high_debt_burden,full,Logistic L2,0.32391653290529693,0.9392290249433106,0.1638018927768716,0.9141629814044397
high_debt_burden,full,Logistic L2,0.32455858747993577,0.9392290249433106,0.1636122884048892,0.9141629814044397
high_debt_burden,full,Logistic L2,0.32455858747993577,0.9396825396825397,0.16353239505436673,0.9141629814044397
high_debt_burden,full,Logistic L2,0.32487961476725524,0.9396825396825397,0.16316426083054159,0.9141629814044397
high_debt_burden,full,Logistic L2,0.32487961476725524,0.9401360544217687,0.1631192387491075,0.9141629814044397
high_debt_burden,full,Logistic L2,0.3255216693418941,0.9401360544217687,0.16292006320904848,0.9141629814044397
high_debt_burden,full,Logistic L2,0.3255216693418941,0.9405895691609978,0.1621485049999175,0.9141629814044397
high_debt_burden,full,Logistic L2,0.32680577849117176,0.9405895691609978,0.16115472834596345,0.9141629814044397
high_debt_burden,full,Logistic L2,0.32680577849117176,0.9410430839002267,0.16074601630101734,0.9141629814044397
high_debt_burden,full,Logistic L2,0.32841091492776886,0.9410430839002267,0.1581184369381631,0.9141629814044397
high_debt_burden,full,Logistic L2,0.32841091492776886,0.9414965986394558,0.15795937854211142,0.9141629814044397
high_debt_burden,full,Logistic L2,0.33226324237560195,0.9414965986394558,0.1568584039286102,0.9141629814044397
high_debt_burden,full,Logistic L2,0.33226324237560195,0.9419501133786848,0.15663795895386212,0.9141629814044397
high_debt_burden,full,Logistic L2,0.3325842696629214,0.9419501133786848,0.1564336398578596,0.9141629814044397
high_debt_burden,full,Logistic L2,0.3325842696629214,0.9424036281179138,0.15575228808159974,0.9141629814044397
high_debt_burden,full,Logistic L2,0.3329052969502408,0.9424036281179138,0.15509767808022715,0.9141629814044397
high_debt_burden,full,Logistic L2,0.3329052969502408,0.9428571428571428,0.15496155767488695,0.9141629814044397
high_debt_burden,full,Logistic L2,0.33386837881219905,0.9428571428571428,0.15389642942634305,0.9141629814044397
high_debt_burden,full,Logistic L2,0.33386837881219905,0.9433106575963719,0.15339059693687074,0.9141629814044397
high_debt_burden,full,Logistic L2,0.34253611556982344,0.9433106575963719,0.14655822050198028,0.9141629814044397
high_debt_burden,full,Logistic L2,0.34253611556982344,0.9442176870748299,0.1463762378215362,0.9141629814044397
high_debt_burden,full,Logistic L2,0.3434991974317817,0.9442176870748299,0.1459579579492704,0.9141629814044397
high_debt_burden,full,Logistic L2,0.3434991974317817,0.945124716553288,0.14534892393732177,0.9141629814044397
high_debt_burden,full,Logistic L2,0.3454253611556982,0.945124716553288,0.1431360735109522,0.9141629814044397
high_debt_burden,full,Logistic L2,0.3454253611556982,0.9455782312925171,0.14281593551169128,0.9141629814044397
high_debt_burden,full,Logistic L2,0.34799357945425363,0.9455782312925171,0.1418878925595845,0.9141629814044397
high_debt_burden,full,Logistic L2,0.34799357945425363,0.946031746031746,0.1417025151111247,0.9141629814044397
high_debt_burden,full,Logistic L2,0.3489566613162119,0.946031746031746,0.14098524260807652,0.9141629814044397
high_debt_burden,full,Logistic L2,0.3489566613162119,0.9464852607709751,0.14072961304729723,0.9141629814044397
high_debt_burden,full,Logistic L2,0.35537720706260034,0.9464852607709751,0.13597629908029796,0.9141629814044397
high_debt_burden,full,Logistic L2,0.35537720706260034,0.9469387755102041,0.13569946531571217,0.9141629814044397
high_debt_burden,full,Logistic L2,0.3560192616372392,0.9469387755102041,0.1356506724499782,0.9141629814044397
high_debt_burden,full,Logistic L2,0.3560192616372392,0.9473922902494331,0.13544099884160693,0.9141629814044397
high_debt_burden,full,Logistic L2,0.379454253611557,0.9473922902494331,0.12013746940648064,0.9141629814044397
high_debt_burden,full,Logistic L2,0.379454253611557,0.9478458049886621,0.11932105684779618,0.9141629814044397
high_debt_burden,full,Logistic L2,0.3797752808988764,0.9478458049886621,0.11900806502782313,0.9141629814044397
high_debt_burden,full,Logistic L2,0.3797752808988764,0.9487528344671202,0.11873413400929758,0.9141629814044397
high_debt_burden,full,Logistic L2,0.38234349919743177,0.9487528344671202,0.11656295927860438,0.9141629814044397
high_debt_burden,full,Logistic L2,0.38234349919743177,0.9492063492063492,0.11655476189320085,0.9141629814044397
high_debt_burden,full,Logistic L2,0.3829855537720706,0.9492063492063492,0.11623431343364701,0.9141629814044397
high_debt_burden,full,Logistic L2,0.3829855537720706,0.9496598639455782,0.11609507380746702,0.9141629814044397
high_debt_burden,full,Logistic L2,0.38330658105939003,0.9496598639455782,0.11586215452377609,0.9141629814044397
high_debt_burden,full,Logistic L2,0.38330658105939003,0.9501133786848073,0.11535407208635624,0.9141629814044397
high_debt_burden,full,Logistic L2,0.3842696629213483,0.9501133786848073,0.11516577743160095,0.9141629814044397
high_debt_burden,full,Logistic L2,0.3842696629213483,0.9505668934240363,0.11498280343725549,0.9141629814044397
high_debt_burden,full,Logistic L2,0.3884430176565008,0.9505668934240363,0.11252764155675087,0.9141629814044397
high_debt_burden,full,Logistic L2,0.3884430176565008,0.9514739229024943,0.1123395214511331,0.9141629814044397
high_debt_burden,full,Logistic L2,0.3887640449438202,0.9514739229024943,0.11227661661511557,0.9141629814044397
high_debt_burden,full,Logistic L2,0.3887640449438202,0.9519274376417234,0.11199692187784752,0.9141629814044397
high_debt_burden,full,Logistic L2,0.38940609951845906,0.9519274376417234,0.11173242023469675,0.9141629814044397
high_debt_burden,full,Logistic L2,0.38940609951845906,0.9523809523809523,0.1115560612534526,0.9141629814044397
high_debt_burden,full,Logistic L2,0.3897271268057785,0.9523809523809523,0.11147023961648801,0.9141629814044397
high_debt_burden,full,Logistic L2,0.3897271268057785,0.9532879818594104,0.11137526399584259,0.9141629814044397
high_debt_burden,full,Logistic L2,0.3903691813804173,0.9532879818594104,0.11100905113551389,0.9141629814044397
high_debt_burden,full,Logistic L2,0.3903691813804173,0.9541950113378684,0.11061414100516327,0.9141629814044397
high_debt_burden,full,Logistic L2,0.39069020866773674,0.9541950113378684,0.11045412688727065,0.9141629814044397
high_debt_burden,full,Logistic L2,0.39069020866773674,0.9546485260770975,0.10996390247314397,0.9141629814044397
high_debt_burden,full,Logistic L2,0.3922953451043339,0.9546485260770975,0.10941807162052455,0.9141629814044397
high_debt_burden,full,Logistic L2,0.3922953451043339,0.9551020408163265,0.1091226861216629,0.9141629814044397
high_debt_burden,full,Logistic L2,0.3942215088282504,0.9551020408163265,0.10808519949860725,0.9141629814044397
high_debt_burden,full,Logistic L2,0.3942215088282504,0.9555555555555556,0.1079941778477757,0.9141629814044397
high_debt_burden,full,Logistic L2,0.39807383627608345,0.9555555555555556,0.10651012840501461,0.9141629814044397
high_debt_burden,full,Logistic L2,0.39807383627608345,0.9560090702947845,0.10640563607488651,0.9141629814044397
high_debt_burden,full,Logistic L2,0.4016051364365971,0.9560090702947845,0.10418887364143463,0.9141629814044397
high_debt_burden,full,Logistic L2,0.4016051364365971,0.9564625850340136,0.10399229628104213,0.9141629814044397
high_debt_burden,full,Logistic L2,0.4028892455858748,0.9564625850340136,0.10316306099266621,0.9141629814044397
high_debt_burden,full,Logistic L2,0.4028892455858748,0.9569160997732427,0.1031139007185461,0.9141629814044397
high_debt_burden,full,Logistic L2,0.4032102728731942,0.9569160997732427,0.10308260619555466,0.9141629814044397
high_debt_burden,full,Logistic L2,0.4032102728731942,0.9573696145124716,0.10303979347337697,0.9141629814044397
high_debt_burden,full,Logistic L2,0.40353130016051364,0.9573696145124716,0.10293758375684835,0.9141629814044397
high_debt_burden,full,Logistic L2,0.40353130016051364,0.9578231292517007,0.10244717961798665,0.9141629814044397
high_debt_burden,full,Logistic L2,0.40802568218298557,0.9578231292517007,0.10022029061084535,0.9141629814044397
high_debt_burden,full,Logistic L2,0.40802568218298557,0.9582766439909297,0.10010374712269261,0.9141629814044397
high_debt_burden,full,Logistic L2,0.4099518459069021,0.9582766439909297,0.09918013339064675,0.9141629814044397
high_debt_burden,full,Logistic L2,0.4099518459069021,0.9587301587301588,0.09912885077190545,0.9141629814044397
high_debt_burden,full,Logistic L2,0.4115569823434992,0.9587301587301588,0.09831202246266615,0.9141629814044397
high_debt_burden,full,Logistic L2,0.4115569823434992,0.9591836734693877,0.09827570835960309,0.9141629814044397
high_debt_burden,full,Logistic L2,0.4170144462279294,0.9591836734693877,0.09481680198278702,0.9141629814044397
high_debt_burden,full,Logistic L2,0.4170144462279294,0.9596371882086168,0.09470024646935317,0.9141629814044397
high_debt_burden,full,Logistic L2,0.4176565008025682,0.9596371882086168,0.09460210688553056,0.9141629814044397
high_debt_burden,full,Logistic L2,0.4176565008025682,0.9600907029478458,0.09432895886601726,0.9141629814044397
high_debt_burden,full,Logistic L2,0.41958266452648474,0.9600907029478458,0.09345754762724967,0.9141629814044397
high_debt_burden,full,Logistic L2,0.41958266452648474,0.9605442176870749,0.0934294311320201,0.9141629814044397
high_debt_burden,full,Logistic L2,0.4202247191011236,0.9605442176870749,0.09310337842770085,0.9141629814044397
high_debt_burden,full,Logistic L2,0.4202247191011236,0.9614512471655329,0.09305316179485225,0.9141629814044397
high_debt_burden,full,Logistic L2,0.4231139646869984,0.9614512471655329,0.0914989172543297,0.9141629814044397
high_debt_burden,full,Logistic L2,0.4231139646869984,0.9619047619047619,0.09133253737730467,0.9141629814044397
high_debt_burden,full,Logistic L2,0.4279293739967897,0.9619047619047619,0.08820718713306609,0.9141629814044397
high_debt_burden,full,Logistic L2,0.4279293739967897,0.962358276643991,0.0881348355411137,0.9141629814044397
high_debt_burden,full,Logistic L2,0.42889245585874797,0.962358276643991,0.08765265573437139,0.9141629814044397
high_debt_burden,full,Logistic L2,0.42889245585874797,0.9628117913832199,0.08734581274244717,0.9141629814044397
high_debt_burden,full,Logistic L2,0.43595505617977526,0.9628117913832199,0.08467695092031366,0.9141629814044397
high_debt_burden,full,Logistic L2,0.43595505617977526,0.963265306122449,0.0845533019649078,0.9141629814044397
high_debt_burden,full,Logistic L2,0.43659711075441415,0.963265306122449,0.08445151175955964,0.9141629814044397
high_debt_burden,full,Logistic L2,0.43659711075441415,0.963718820861678,0.08439383066108702,0.9141629814044397
high_debt_burden,full,Logistic L2,0.44012841091492777,0.963718820861678,0.08376610164688879,0.9141629814044397
high_debt_burden,full,Logistic L2,0.44012841091492777,0.964172335600907,0.0836258587479531,0.9141629814044397
high_debt_burden,full,Logistic L2,0.4439807383627608,0.964172335600907,0.08206703465832617,0.9141629814044397
high_debt_burden,full,Logistic L2,0.4439807383627608,0.9650793650793651,0.08201616374158471,0.9141629814044397
high_debt_burden,full,Logistic L2,0.4513643659711075,0.9650793650793651,0.07916298454337015,0.9141629814044397
high_debt_burden,full,Logistic L2,0.4513643659711075,0.9655328798185941,0.07913747188638567,0.9141629814044397
high_debt_burden,full,Logistic L2,0.4552166934189406,0.9655328798185941,0.07780834014537773,0.9141629814044397
high_debt_burden,full,Logistic L2,0.4552166934189406,0.9664399092970521,0.07725142507901914,0.9141629814044397
high_debt_burden,full,Logistic L2,0.47351524879614765,0.9664399092970521,0.07114518356968338,0.9141629814044397
high_debt_burden,full,Logistic L2,0.47351524879614765,0.9668934240362812,0.07109285343952015,0.9141629814044397
high_debt_burden,full,Logistic L2,0.4796147672552167,0.9668934240362812,0.06952581085862604,0.9141629814044397
high_debt_burden,full,Logistic L2,0.4796147672552167,0.9673469387755103,0.0694674297220167,0.9141629814044397
high_debt_burden,full,Logistic L2,0.4911717495987159,0.9673469387755103,0.06510368144427135,0.9141629814044397
high_debt_burden,full,Logistic L2,0.4911717495987159,0.9678004535147392,0.06498068149114088,0.9141629814044397
high_debt_burden,full,Logistic L2,0.4966292134831461,0.9678004535147392,0.0630466131123821,0.9141629814044397
high_debt_burden,full,Logistic L2,0.4966292134831461,0.9682539682539683,0.06278858537492471,0.9141629814044397
high_debt_burden,full,Logistic L2,0.4998394863563403,0.9682539682539683,0.062130772345154656,0.9141629814044397
high_debt_burden,full,Logistic L2,0.4998394863563403,0.9687074829931973,0.06211795332659494,0.9141629814044397
high_debt_burden,full,Logistic L2,0.5052969502407705,0.9687074829931973,0.060329407595171164,0.9141629814044397
high_debt_burden,full,Logistic L2,0.5052969502407705,0.9691609977324263,0.06024797812428566,0.9141629814044397
high_debt_burden,full,Logistic L2,0.5081861958266453,0.9691609977324263,0.058718360659525765,0.9141629814044397
high_debt_burden,full,Logistic L2,0.5081861958266453,0.9696145124716553,0.05867403246436181,0.9141629814044397
high_debt_burden,full,Logistic L2,0.5101123595505618,0.9696145124716553,0.058179323593167305,0.9141629814044397
high_debt_burden,full,Logistic L2,0.5101123595505618,0.9700680272108844,0.05815489650035951,0.9141629814044397
high_debt_burden,full,Logistic L2,0.5181380417335474,0.9700680272108844,0.05601235950607282,0.9141629814044397
high_debt_burden,full,Logistic L2,0.5181380417335474,0.9705215419501134,0.05598700335852167,0.9141629814044397
high_debt_burden,full,Logistic L2,0.5210272873194222,0.9705215419501134,0.054991794022397754,0.9141629814044397
high_debt_burden,full,Logistic L2,0.5210272873194222,0.9714285714285714,0.05466908842895942,0.9141629814044397
high_debt_burden,full,Logistic L2,0.5268057784911717,0.9714285714285714,0.053270307726111535,0.9141629814044397
high_debt_burden,full,Logistic L2,0.5268057784911717,0.9718820861678005,0.053255475840702116,0.9141629814044397
high_debt_burden,full,Logistic L2,0.5274478330658106,0.9718820861678005,0.05291633241681532,0.9141629814044397
high_debt_burden,full,Logistic L2,0.5274478330658106,0.9723356009070295,0.05281197289010024,0.9141629814044397
high_debt_burden,full,Logistic L2,0.5316211878009631,0.9723356009070295,0.05179115811644755,0.9141629814044397
high_debt_burden,full,Logistic L2,0.5316211878009631,0.9732426303854875,0.05168143710680794,0.9141629814044397
high_debt_burden,full,Logistic L2,0.532263242375602,0.9732426303854875,0.05164650185452084,0.9141629814044397
high_debt_burden,full,Logistic L2,0.532263242375602,0.9736961451247166,0.05142185787759305,0.9141629814044397
high_debt_burden,full,Logistic L2,0.5380417335473515,0.9736961451247166,0.04941660065772126,0.9141629814044397
high_debt_burden,full,Logistic L2,0.5380417335473515,0.9741496598639455,0.049328035295979206,0.9141629814044397
high_debt_burden,full,Logistic L2,0.5409309791332263,0.9741496598639455,0.04845264033867262,0.9141629814044397
high_debt_burden,full,Logistic L2,0.5409309791332263,0.9746031746031746,0.048335791879803705,0.9141629814044397
high_debt_burden,full,Logistic L2,0.5412520064205457,0.9746031746031746,0.04831284792229094,0.9141629814044397
high_debt_burden,full,Logistic L2,0.5412520064205457,0.9755102040816327,0.04816536524066565,0.9141629814044397
high_debt_burden,full,Logistic L2,0.5418940609951846,0.9755102040816327,0.04808866357880552,0.9141629814044397
high_debt_burden,full,Logistic L2,0.5418940609951846,0.9759637188208616,0.04804056043003907,0.9141629814044397
high_debt_burden,full,Logistic L2,0.5428571428571428,0.9759637188208616,0.04769092734728373,0.9141629814044397
high_debt_burden,full,Logistic L2,0.5428571428571428,0.9764172335600907,0.04766953952752522,0.9141629814044397
high_debt_burden,full,Logistic L2,0.5512038523274478,0.9764172335600907,0.04577612106066016,0.9141629814044397
high_debt_burden,full,Logistic L2,0.5512038523274478,0.9768707482993197,0.04563051553100237,0.9141629814044397
high_debt_burden,full,Logistic L2,0.554414125200642,0.9768707482993197,0.045208753640095696,0.9141629814044397
high_debt_burden,full,Logistic L2,0.554414125200642,0.9773242630385488,0.04516469901368718,0.9141629814044397
high_debt_burden,full,Logistic L2,0.5563402889245586,0.9773242630385488,0.04451423507651701,0.9141629814044397
high_debt_burden,full,Logistic L2,0.5563402889245586,0.9777777777777777,0.04445842148044113,0.9141629814044397
high_debt_burden,full,Logistic L2,0.5656500802568218,0.9777777777777777,0.042612756558319045,0.9141629814044397
high_debt_burden,full,Logistic L2,0.5656500802568218,0.9782312925170068,0.04257342437004782,0.9141629814044397
high_debt_burden,full,Logistic L2,0.5695024077046549,0.9782312925170068,0.04175952019568707,0.9141629814044397
high_debt_burden,full,Logistic L2,0.5695024077046549,0.9786848072562359,0.0416706487234298,0.9141629814044397
high_debt_burden,full,Logistic L2,0.5759229534510434,0.9786848072562359,0.040290798295082704,0.9141629814044397
high_debt_burden,full,Logistic L2,0.5759229534510434,0.9791383219954648,0.04015560821997251,0.9141629814044397
high_debt_burden,full,Logistic L2,0.5768860353130016,0.9791383219954648,0.040109252685514254,0.9141629814044397
high_debt_burden,full,Logistic L2,0.5768860353130016,0.9795918367346939,0.04005037311823615,0.9141629814044397
high_debt_burden,full,Logistic L2,0.5961476725521669,0.9795918367346939,0.036823556374993356,0.9141629814044397
high_debt_burden,full,Logistic L2,0.5961476725521669,0.9800453514739229,0.03678577757099318,0.9141629814044397
high_debt_burden,full,Logistic L2,0.6035313001605136,0.9800453514739229,0.03554933348439512,0.9141629814044397
high_debt_burden,full,Logistic L2,0.6035313001605136,0.980498866213152,0.03548081633130584,0.9141629814044397
high_debt_burden,full,Logistic L2,0.614446227929374,0.980498866213152,0.033891709652125464,0.9141629814044397
high_debt_burden,full,Logistic L2,0.614446227929374,0.9809523809523809,0.033876076669755076,0.9141629814044397
high_debt_burden,full,Logistic L2,0.6215088282504013,0.9809523809523809,0.0325941192716285,0.9141629814044397
high_debt_burden,full,Logistic L2,0.6215088282504013,0.98140589569161,0.03253447149317693,0.9141629814044397
high_debt_burden,full,Logistic L2,0.6250401284109149,0.98140589569161,0.03212915299956336,0.9141629814044397
high_debt_burden,full,Logistic L2,0.6250401284109149,0.981859410430839,0.03207674491658554,0.9141629814044397
high_debt_burden,full,Logistic L2,0.6282504012841091,0.981859410430839,0.0315957281863266,0.9141629814044397
high_debt_burden,full,Logistic L2,0.6282504012841091,0.9823129251700681,0.03159038368594292,0.9141629814044397
high_debt_burden,full,Logistic L2,0.6362760834670947,0.9823129251700681,0.03075024311383418,0.9141629814044397
high_debt_burden,full,Logistic L2,0.6362760834670947,0.982766439909297,0.030651678206106644,0.9141629814044397
high_debt_burden,full,Logistic L2,0.6449438202247191,0.982766439909297,0.029506216577760626,0.9141629814044397
high_debt_burden,full,Logistic L2,0.6449438202247191,0.9832199546485261,0.029502312267279434,0.9141629814044397
high_debt_burden,full,Logistic L2,0.6459069020866773,0.9832199546485261,0.029452384753588124,0.9141629814044397
high_debt_burden,full,Logistic L2,0.6459069020866773,0.9836734693877551,0.029410639433251992,0.9141629814044397
high_debt_burden,full,Logistic L2,0.6484751203852327,0.9836734693877551,0.028981947244472565,0.9141629814044397
high_debt_burden,full,Logistic L2,0.6484751203852327,0.9841269841269841,0.028923212178024845,0.9141629814044397
high_debt_burden,full,Logistic L2,0.6889245585874799,0.9841269841269841,0.02465981355399148,0.9141629814044397
high_debt_burden,full,Logistic L2,0.6889245585874799,0.9845804988662131,0.02463676237519035,0.9141629814044397
high_debt_burden,full,Logistic L2,0.6982343499197432,0.9845804988662131,0.023548853282857756,0.9141629814044397
high_debt_burden,full,Logistic L2,0.6982343499197432,0.9850340136054422,0.02352801429916832,0.9141629814044397
high_debt_burden,full,Logistic L2,0.7024077046548957,0.9850340136054422,0.023024501802761943,0.9141629814044397
high_debt_burden,full,Logistic L2,0.7024077046548957,0.9854875283446712,0.02300245382954302,0.9141629814044397
high_debt_burden,full,Logistic L2,0.7046548956661316,0.9854875283446712,0.02278387463755033,0.9141629814044397
high_debt_burden,full,Logistic L2,0.7046548956661316,0.9859410430839002,0.022730224993834414,0.9141629814044397
high_debt_burden,full,Logistic L2,0.7162118780096308,0.9859410430839002,0.02139839436058069,0.9141629814044397
high_debt_burden,full,Logistic L2,0.7162118780096308,0.9863945578231292,0.021322454894500735,0.9141629814044397
high_debt_burden,full,Logistic L2,0.7168539325842697,0.9863945578231292,0.02129783005297834,0.9141629814044397
high_debt_burden,full,Logistic L2,0.7168539325842697,0.9868480725623583,0.021286263076567967,0.9141629814044397
high_debt_burden,full,Logistic L2,0.72776886035313,0.9868480725623583,0.020286413301431966,0.9141629814044397
high_debt_burden,full,Logistic L2,0.72776886035313,0.9873015873015873,0.020259958056166597,0.9141629814044397
high_debt_burden,full,Logistic L2,0.7325842696629213,0.9873015873015873,0.01978108099177908,0.9141629814044397
high_debt_burden,full,Logistic L2,0.7325842696629213,0.9877551020408163,0.01977791900654907,0.9141629814044397
high_debt_burden,full,Logistic L2,0.7348314606741573,0.9877551020408163,0.019584482818666555,0.9141629814044397
high_debt_burden,full,Logistic L2,0.7348314606741573,0.9882086167800453,0.019584280094085357,0.9141629814044397
high_debt_burden,full,Logistic L2,0.7357945425361155,0.9882086167800453,0.019559198409150064,0.9141629814044397
high_debt_burden,full,Logistic L2,0.7357945425361155,0.9886621315192744,0.019551434115967055,0.9141629814044397
high_debt_burden,full,Logistic L2,0.7531300160513643,0.9886621315192744,0.01785596351682316,0.9141629814044397
high_debt_burden,full,Logistic L2,0.7531300160513643,0.9891156462585035,0.017834098780998762,0.9141629814044397
high_debt_burden,full,Logistic L2,0.7653290529695024,0.9891156462585035,0.016818960159461462,0.9141629814044397
high_debt_burden,full,Logistic L2,0.7653290529695024,0.9895691609977324,0.016810497677870878,0.9141629814044397
high_debt_burden,full,Logistic L2,0.7688603531300161,0.9895691609977324,0.016348778454054403,0.9141629814044397
high_debt_burden,full,Logistic L2,0.7688603531300161,0.9900226757369615,0.016348077426781182,0.9141629814044397
high_debt_burden,full,Logistic L2,0.7820224719101123,0.9900226757369615,0.0153017864341716,0.9141629814044397
high_debt_burden,full,Logistic L2,0.7820224719101123,0.9904761904761905,0.015288169075977348,0.9141629814044397
high_debt_burden,full,Logistic L2,0.7900481540930979,0.9904761904761905,0.014828172230533542,0.9141629814044397
high_debt_burden,full,Logistic L2,0.7900481540930979,0.9909297052154195,0.014804594060568603,0.9141629814044397
high_debt_burden,full,Logistic L2,0.7913322632423756,0.9909297052154195,0.014630765983180605,0.9141629814044397
high_debt_burden,full,Logistic L2,0.7913322632423756,0.9913832199546485,0.014611724471573658,0.9141629814044397
high_debt_burden,full,Logistic L2,0.8243980738362761,0.9913832199546485,0.012510804265887254,0.9141629814044397
high_debt_burden,full,Logistic L2,0.8243980738362761,0.9918367346938776,0.01247849352829742,0.9141629814044397
high_debt_burden,full,Logistic L2,0.8308186195826646,0.9918367346938776,0.012070092416580127,0.9141629814044397
high_debt_burden,full,Logistic L2,0.8308186195826646,0.9922902494331066,0.012069734409312957,0.9141629814044397
high_debt_burden,full,Logistic L2,0.8324237560192617,0.9922902494331066,0.011980159666144057,0.9141629814044397
high_debt_burden,full,Logistic L2,0.8324237560192617,0.9927437641723356,0.011975910142401045,0.9141629814044397
high_debt_burden,full,Logistic L2,0.8327447833065811,0.9927437641723356,0.011902828606679803,0.9141629814044397
high_debt_burden,full,Logistic L2,0.8327447833065811,0.9931972789115646,0.011882511723125056,0.9141629814044397
high_debt_burden,full,Logistic L2,0.845585874799358,0.9931972789115646,0.01107655391122668,0.9141629814044397
high_debt_burden,full,Logistic L2,0.845585874799358,0.9936507936507937,0.01107317714311952,0.9141629814044397
high_debt_burden,full,Logistic L2,0.8481540930979133,0.9936507936507937,0.0108647948078685,0.9141629814044397
high_debt_burden,full,Logistic L2,0.8481540930979133,0.9941043083900227,0.010857899970420786,0.9141629814044397
high_debt_burden,full,Logistic L2,0.8484751203852328,0.9941043083900227,0.010856758269970294,0.9141629814044397
high_debt_burden,full,Logistic L2,0.8484751203852328,0.9945578231292517,0.010853537385208488,0.9141629814044397
high_debt_burden,full,Logistic L2,0.8539325842696629,0.9945578231292517,0.01048051418977165,0.9141629814044397
high_debt_burden,full,Logistic L2,0.8539325842696629,0.9950113378684807,0.01047817960213371,0.9141629814044397
high_debt_burden,full,Logistic L2,0.8577849117174959,0.9950113378684807,0.010230192688517478,0.9141629814044397
high_debt_burden,full,Logistic L2,0.8577849117174959,0.9954648526077098,0.010217698802219856,0.9141629814044397
high_debt_burden,full,Logistic L2,0.8709470304975923,0.9954648526077098,0.009273921097584353,0.9141629814044397
high_debt_burden,full,Logistic L2,0.8709470304975923,0.9959183673469387,0.009248487149792187,0.9141629814044397
high_debt_burden,full,Logistic L2,0.880577849117175,0.9959183673469387,0.0087009079092925,0.9141629814044397
high_debt_burden,full,Logistic L2,0.880577849117175,0.9963718820861678,0.008672039316102236,0.9141629814044397
high_debt_burden,full,Logistic L2,0.8892455858747994,0.9963718820861678,0.008156715492315026,0.9141629814044397
high_debt_burden,full,Logistic L2,0.8892455858747994,0.9968253968253968,0.008151072917887593,0.9141629814044397
high_debt_burden,full,Logistic L2,0.8902086677367577,0.9968253968253968,0.008124489943247706,0.9141629814044397
high_debt_burden,full,Logistic L2,0.8902086677367577,0.9972789115646259,0.008103497470747461,0.9141629814044397
high_debt_burden,full,Logistic L2,0.9213483146067416,0.9972789115646259,0.0066034525979244,0.9141629814044397
high_debt_burden,full,Logistic L2,0.9213483146067416,0.9977324263038548,0.00660094106812375,0.9141629814044397
high_debt_burden,full,Logistic L2,0.9338683788121991,0.9977324263038548,0.005904511903798783,0.9141629814044397
high_debt_burden,full,Logistic L2,0.9338683788121991,0.9981859410430839,0.005895958795900845,0.9141629814044397
high_debt_burden,full,Logistic L2,0.9341894060995185,0.9981859410430839,0.005853694153766015,0.9141629814044397
high_debt_burden,full,Logistic L2,0.9341894060995185,0.998639455782313,0.0058293085633615025,0.9141629814044397
high_debt_burden,full,Logistic L2,0.9451043338683788,0.998639455782313,0.005276293991993873,0.9141629814044397
high_debt_burden,full,Logistic L2,0.9451043338683788,0.999092970521542,0.005274400110605972,0.9141629814044397
high_debt_burden,full,Logistic L2,0.9495987158908508,0.999092970521542,0.005047325217924174,0.9141629814044397
high_debt_burden,full,Logistic L2,0.9495987158908508,0.999546485260771,0.0050002922607669175,0.9141629814044397
high_debt_burden,full,Logistic L2,0.9759229534510433,0.999546485260771,0.0034545893456141507,0.9141629814044397
high_debt_burden,full,Logistic L2,0.9759229534510433,1.0,0.0033978600740089612,0.9141629814044397
high_debt_burden,full,Logistic L2,1.0,1.0,0.00025015244451132257,0.9141629814044397
high_debt_burden,full,Logistic L1,0.0,0.0,inf,0.916109964585085
high_debt_burden,full,Logistic L1,0.0,0.00045351473922902497,0.9999764515522058,0.916109964585085
high_debt_burden,full,Logistic L1,0.0,0.04580498866213152,0.9971886211885892,0.916109964585085
high_debt_burden,full,Logistic L1,0.00032102728731942215,0.04580498866213152,0.9971758270270471,0.916109964585085
high_debt_burden,full,Logistic L1,0.00032102728731942215,0.05895691609977324,0.9951524345950693,0.916109964585085
high_debt_burden,full,Logistic L1,0.0006420545746388443,0.05895691609977324,0.9951342515346032,0.916109964585085
high_debt_burden,full,Logistic L1,0.0006420545746388443,0.11746031746031746,0.9816055846815225,0.916109964585085
high_debt_burden,full,Logistic L1,0.0009630818619582664,0.11746031746031746,0.9814482106897499,0.916109964585085
high_debt_burden,full,Logistic L1,0.0009630818619582664,0.11882086167800454,0.9811149833132184,0.916109964585085
high_debt_burden,full,Logistic L1,0.0012841091492776886,0.11882086167800454,0.980981930182235,0.916109964585085
high_debt_burden,full,Logistic L1,0.0012841091492776886,0.12607709750566892,0.9796975334960726,0.916109964585085
high_debt_burden,full,Logistic L1,0.0016051364365971107,0.12607709750566892,0.9794025416480985,0.916109964585085
high_debt_burden,full,Logistic L1,0.0016051364365971107,0.13015873015873017,0.9784702919255315,0.916109964585085
high_debt_burden,full,Logistic L1,0.0019261637239165329,0.13015873015873017,0.9783794571695085,0.916109964585085
high_debt_burden,full,Logistic L1,0.0019261637239165329,0.14829931972789115,0.9722910552133723,0.916109964585085
high_debt_burden,full,Logistic L1,0.0022471910112359553,0.14829931972789115,0.9720698810464428,0.916109964585085
high_debt_burden,full,Logistic L1,0.0022471910112359553,0.16643990929705216,0.9666001201489647,0.916109964585085
high_debt_burden,full,Logistic L1,0.002568218298555377,0.16643990929705216,0.9664200715942154,0.916109964585085
high_debt_burden,full,Logistic L1,0.002568218298555377,0.1709750566893424,0.9649146105340445,0.916109964585085
high_debt_burden,full,Logistic L1,0.0028892455858747996,0.1709750566893424,0.9640436662649455,0.916109964585085
high_debt_burden,full,Logistic L1,0.0028892455858747996,0.18503401360544217,0.9580281125204421,0.916109964585085
high_debt_burden,full,Logistic L1,0.0032102728731942215,0.18503401360544217,0.9578940498464464,0.916109964585085
high_debt_burden,full,Logistic L1,0.0032102728731942215,0.1873015873015873,0.9567928965305641,0.916109964585085
high_debt_burden,full,Logistic L1,0.003531300160513644,0.1873015873015873,0.9565909623809375,0.916109964585085
high_debt_burden,full,Logistic L1,0.003531300160513644,0.19319727891156463,0.9545049601513831,0.916109964585085
high_debt_burden,full,Logistic L1,0.0038523274478330658,0.19319727891156463,0.9542746771158213,0.916109964585085
high_debt_burden,full,Logistic L1,0.0038523274478330658,0.19591836734693877,0.9535042915919607,0.916109964585085
high_debt_burden,full,Logistic L1,0.004173354735152488,0.19591836734693877,0.9534528671261839,0.916109964585085
high_debt_burden,full,Logistic L1,0.004173354735152488,0.2054421768707483,0.949900074573514,0.916109964585085
high_debt_burden,full,Logistic L1,0.0044943820224719105,0.2054421768707483,0.9498771951786388,0.916109964585085
high_debt_burden,full,Logistic L1,0.0044943820224719105,0.20997732426303856,0.9479974597513802,0.916109964585085
high_debt_burden,full,Logistic L1,0.004815409309791332,0.20997732426303856,0.9476153059964708,0.916109964585085
high_debt_burden,full,Logistic L1,0.004815409309791332,0.2113378684807256,0.9471060722587978,0.916109964585085
high_debt_burden,full,Logistic L1,0.005457463884430177,0.2113378684807256,0.9469952898104848,0.916109964585085
high_debt_burden,full,Logistic L1,0.005457463884430177,0.21859410430839002,0.9447258787021162,0.916109964585085
high_debt_burden,full,Logistic L1,0.005778491171749599,0.21859410430839002,0.9443986654654026,0.916109964585085
high_debt_burden,full,Logistic L1,0.005778491171749599,0.22675736961451248,0.9416167860387451,0.916109964585085
high_debt_burden,full,Logistic L1,0.006420545746388443,0.22675736961451248,0.9412951072905398,0.916109964585085
high_debt_burden,full,Logistic L1,0.006420545746388443,0.22993197278911565,0.940306782196336,0.916109964585085
high_debt_burden,full,Logistic L1,0.006741573033707865,0.22993197278911565,0.9401301675267154,0.916109964585085
high_debt_burden,full,Logistic L1,0.006741573033707865,0.2308390022675737,0.9397557513917044,0.916109964585085
high_debt_burden,full,Logistic L1,0.007062600321027288,0.2308390022675737,0.939629167420063,0.916109964585085
high_debt_burden,full,Logistic L1,0.007062600321027288,0.23219954648526078,0.9392880669911444,0.916109964585085
high_debt_burden,full,Logistic L1,0.007383627608346709,0.23219954648526078,0.9391487444410639,0.916109964585085
high_debt_burden,full,Logistic L1,0.007383627608346709,0.23582766439909297,0.9375710325016617,0.916109964585085
high_debt_burden,full,Logistic L1,0.0077046548956661316,0.23582766439909297,0.9374697354204095,0.916109964585085
high_debt_burden,full,Logistic L1,0.0077046548956661316,0.23718820861678006,0.936816856733267,0.916109964585085
high_debt_burden,full,Logistic L1,0.008025682182985553,0.23718820861678006,0.9362560390465247,0.916109964585085
high_debt_burden,full,Logistic L1,0.008025682182985553,0.2399092970521542,0.9345598023621923,0.916109964585085
high_debt_burden,full,Logistic L1,0.008346709470304976,0.2399092970521542,0.9345341815652514,0.916109964585085
high_debt_burden,full,Logistic L1,0.008346709470304976,0.24489795918367346,0.9336393803741334,0.916109964585085
high_debt_burden,full,Logistic L1,0.008667736757624398,0.24489795918367346,0.9330133097670311,0.916109964585085
high_debt_burden,full,Logistic L1,0.008667736757624398,0.2471655328798186,0.932174805403145,0.916109964585085
high_debt_burden,full,Logistic L1,0.008988764044943821,0.2471655328798186,0.9319825801222137,0.916109964585085
high_debt_burden,full,Logistic L1,0.008988764044943821,0.24761904761904763,0.9319560042981916,0.916109964585085
high_debt_burden,full,Logistic L1,0.009309791332263243,0.24761904761904763,0.9316895000700505,0.916109964585085
high_debt_burden,full,Logistic L1,0.009309791332263243,0.25215419501133784,0.9307828718958139,0.916109964585085
high_debt_burden,full,Logistic L1,0.009630818619582664,0.25215419501133784,0.930773541339687,0.916109964585085
high_debt_burden,full,Logistic L1,0.009630818619582664,0.2530612244897959,0.9300748439388852,0.916109964585085
high_debt_burden,full,Logistic L1,0.009951845906902087,0.2530612244897959,0.9297596445124673,0.916109964585085
high_debt_burden,full,Logistic L1,0.009951845906902087,0.26303854875283444,0.9255752532061763,0.916109964585085
high_debt_burden,full,Logistic L1,0.010272873194221509,0.26303854875283444,0.9255611318191037,0.916109964585085
high_debt_burden,full,Logistic L1,0.010272873194221509,0.2657596371882086,0.9244159508270661,0.916109964585085
high_debt_burden,full,Logistic L1,0.01059390048154093,0.2657596371882086,0.9238969917215053,0.916109964585085
high_debt_burden,full,Logistic L1,0.01059390048154093,0.2680272108843537,0.9225608065753951,0.916109964585085
high_debt_burden,full,Logistic L1,0.010914927768860353,0.2680272108843537,0.9221575958666288,0.916109964585085
high_debt_burden,full,Logistic L1,0.010914927768860353,0.26893424036281177,0.9218445926374816,0.916109964585085
high_debt_burden,full,Logistic L1,0.011235955056179775,0.26893424036281177,0.9217685408039532,0.916109964585085
high_debt_burden,full,Logistic L1,0.011235955056179775,0.273015873015873,0.9204827860334505,0.916109964585085
high_debt_burden,full,Logistic L1,0.011556982343499198,0.273015873015873,0.920446718830453,0.916109964585085
high_debt_burden,full,Logistic L1,0.011556982343499198,0.27392290249433104,0.9201430182061778,0.916109964585085
high_debt_burden,full,Logistic L1,0.01187800963081862,0.27392290249433104,0.9194753831652366,0.916109964585085
high_debt_burden,full,Logistic L1,0.01187800963081862,0.2743764172335601,0.9192573803144457,0.916109964585085
high_debt_burden,full,Logistic L1,0.012199036918138041,0.2743764172335601,0.91918425202921,0.916109964585085
high_debt_burden,full,Logistic L1,0.012199036918138041,0.2748299319727891,0.9188654288284095,0.916109964585085
high_debt_burden,full,Logistic L1,0.012841091492776886,0.2748299319727891,0.9187021361158006,0.916109964585085
high_debt_burden,full,Logistic L1,0.012841091492776886,0.27709750566893426,0.9175365348446957,0.916109964585085
high_debt_burden,full,Logistic L1,0.013162118780096307,0.27709750566893426,0.9174431810574125,0.916109964585085
high_debt_burden,full,Logistic L1,0.013162118780096307,0.2811791383219955,0.9154514168909355,0.916109964585085
high_debt_burden,full,Logistic L1,0.01348314606741573,0.2811791383219955,0.9154479058572359,0.916109964585085
high_debt_burden,full,Logistic L1,0.01348314606741573,0.2829931972789116,0.9152371087814759,0.916109964585085
high_debt_burden,full,Logistic L1,0.013804173354735152,0.2829931972789116,0.9149976529105825,0.916109964585085
high_debt_burden,full,Logistic L1,0.013804173354735152,0.2893424036281179,0.9127561661474408,0.916109964585085
high_debt_burden,full,Logistic L1,0.014125200642054575,0.2893424036281179,0.9126560624487007,0.916109964585085
high_debt_burden,full,Logistic L1,0.014125200642054575,0.29070294784580497,0.9124049781590082,0.916109964585085
high_debt_burden,full,Logistic L1,0.014446227929373997,0.29070294784580497,0.9123844592299252,0.916109964585085
high_debt_burden,full,Logistic L1,0.014446227929373997,0.3002267573696145,0.9082745140676691,0.916109964585085
high_debt_burden,full,Logistic L1,0.014767255216693418,0.3002267573696145,0.9082001499568146,0.916109964585085
high_debt_burden,full,Logistic L1,0.014767255216693418,0.3034013605442177,0.9072446994565191,0.916109964585085
high_debt_burden,full,Logistic L1,0.015088282504012842,0.3034013605442177,0.9070375497714369,0.916109964585085
high_debt_burden,full,Logistic L1,0.015088282504012842,0.309297052154195,0.9044484625384807,0.916109964585085
high_debt_burden,full,Logistic L1,0.015409309791332263,0.309297052154195,0.9043107687022005,0.916109964585085
high_debt_burden,full,Logistic L1,0.015409309791332263,0.30975056689342406,0.9039573035364178,0.916109964585085
high_debt_burden,full,Logistic L1,0.015730337078651686,0.30975056689342406,0.9038454812848956,0.916109964585085
high_debt_burden,full,Logistic L1,0.015730337078651686,0.3165532879818594,0.9013766519340878,0.916109964585085
high_debt_burden,full,Logistic L1,0.016051364365971106,0.3165532879818594,0.9013363542228292,0.916109964585085
high_debt_burden,full,Logistic L1,0.016051364365971106,0.31700680272108844,0.9012309988715873,0.916109964585085
high_debt_burden,full,Logistic L1,0.016693418940609953,0.31700680272108844,0.901158149820811,0.916109964585085
high_debt_burden,full,Logistic L1,0.016693418940609953,0.3183673469387755,0.9003233683186754,0.916109964585085
high_debt_burden,full,Logistic L1,0.017014446227929372,0.3183673469387755,0.9001658639958089,0.916109964585085
high_debt_burden,full,Logistic L1,0.017014446227929372,0.3238095238095238,0.8977824692593349,0.916109964585085
high_debt_burden,full,Logistic L1,0.017335473515248796,0.3238095238095238,0.8977166952560773,0.916109964585085
high_debt_burden,full,Logistic L1,0.017335473515248796,0.3287981859410431,0.8965858844731321,0.916109964585085
high_debt_burden,full,Logistic L1,0.01765650080256822,0.3287981859410431,0.8965645712403674,0.916109964585085
high_debt_burden,full,Logistic L1,0.01765650080256822,0.3333333333333333,0.894474346593804,0.916109964585085
high_debt_burden,full,Logistic L1,0.017977528089887642,0.3333333333333333,0.8940030871743261,0.916109964585085
high_debt_burden,full,Logistic L1,0.017977528089887642,0.33877551020408164,0.8929302812030984,0.916109964585085
high_debt_burden,full,Logistic L1,0.018298555377207062,0.33877551020408164,0.8927223101707449,0.916109964585085
high_debt_burden,full,Logistic L1,0.018298555377207062,0.34104308390022675,0.8923302673797399,0.916109964585085
high_debt_burden,full,Logistic L1,0.018619582664526485,0.34104308390022675,0.8922041574431214,0.916109964585085
high_debt_burden,full,Logistic L1,0.018619582664526485,0.3510204081632653,0.888708983810458,0.916109964585085
high_debt_burden,full,Logistic L1,0.018940609951845908,0.3510204081632653,0.8886922587674475,0.916109964585085
high_debt_burden,full,Logistic L1,0.018940609951845908,0.3528344671201814,0.8881555658575706,0.916109964585085
high_debt_burden,full,Logistic L1,0.019261637239165328,0.3528344671201814,0.888069869523931,0.916109964585085
high_debt_burden,full,Logistic L1,0.019261637239165328,0.35600907029478457,0.8872695959303389,0.916109964585085
high_debt_burden,full,Logistic L1,0.01958266452648475,0.35600907029478457,0.8871244525027843,0.916109964585085
high_debt_burden,full,Logistic L1,0.01958266452648475,0.3564625850340136,0.8870804390285372,0.916109964585085
high_debt_burden,full,Logistic L1,0.020224719101123594,0.3564625850340136,0.886891833844601,0.916109964585085
high_debt_burden,full,Logistic L1,0.020224719101123594,0.35918367346938773,0.8862609543234216,0.916109964585085
high_debt_burden,full,Logistic L1,0.020545746388443017,0.35918367346938773,0.8861599354073435,0.916109964585085
high_debt_burden,full,Logistic L1,0.020545746388443017,0.36099773242630384,0.8853450569219613,0.916109964585085
high_debt_burden,full,Logistic L1,0.02086677367576244,0.36099773242630384,0.8841779472651149,0.916109964585085
high_debt_burden,full,Logistic L1,0.02086677367576244,0.3673469387755102,0.882985699770816,0.916109964585085
high_debt_burden,full,Logistic L1,0.02118780096308186,0.3673469387755102,0.8829045571805773,0.916109964585085
high_debt_burden,full,Logistic L1,0.02118780096308186,0.37324263038548755,0.8810154245218703,0.916109964585085
high_debt_burden,full,Logistic L1,0.021508828250401284,0.37324263038548755,0.8808609671918716,0.916109964585085
high_debt_burden,full,Logistic L1,0.021508828250401284,0.37551020408163266,0.8799196695777999,0.916109964585085
high_debt_burden,full,Logistic L1,0.021829855537720707,0.37551020408163266,0.8798920972319259,0.916109964585085
high_debt_burden,full,Logistic L1,0.021829855537720707,0.3795918367346939,0.8787933096756815,0.916109964585085
high_debt_burden,full,Logistic L1,0.022150882825040127,0.3795918367346939,0.878567189062683,0.916109964585085
high_debt_burden,full,Logistic L1,0.022150882825040127,0.38503401360544215,0.8766582556249612,0.916109964585085
high_debt_burden,full,Logistic L1,0.02247191011235955,0.38503401360544215,0.8764232974840103,0.916109964585085
high_debt_burden,full,Logistic L1,0.02247191011235955,0.3900226757369615,0.8744529314078553,0.916109964585085
high_debt_burden,full,Logistic L1,0.022792937399678973,0.3900226757369615,0.8741695908097714,0.916109964585085
high_debt_burden,full,Logistic L1,0.022792937399678973,0.39138321995464853,0.8739161783742928,0.916109964585085
high_debt_burden,full,Logistic L1,0.023113964686998396,0.39138321995464853,0.8736570458978982,0.916109964585085
high_debt_burden,full,Logistic L1,0.023113964686998396,0.39501133786848075,0.872203126916037,0.916109964585085
high_debt_burden,full,Logistic L1,0.023434991974317816,0.39501133786848075,0.8721451136737998,0.916109964585085
high_debt_burden,full,Logistic L1,0.023434991974317816,0.39591836734693875,0.8719705054233375,0.916109964585085
high_debt_burden,full,Logistic L1,0.02375601926163724,0.39591836734693875,0.871951784772075,0.916109964585085
high_debt_burden,full,Logistic L1,0.02375601926163724,0.3963718820861678,0.8718838705868326,0.916109964585085
high_debt_burden,full,Logistic L1,0.024077046548956663,0.3963718820861678,0.8718156502528335,0.916109964585085
high_debt_burden,full,Logistic L1,0.024077046548956663,0.39773242630385486,0.8713986139683296,0.916109964585085
high_debt_burden,full,Logistic L1,0.024398073836276082,0.39773242630385486,0.8713579959551934,0.916109964585085
high_debt_burden,full,Logistic L1,0.024398073836276082,0.4018140589569161,0.8706458493690092,0.916109964585085
high_debt_burden,full,Logistic L1,0.02504012841091493,0.4018140589569161,0.8705454784075212,0.916109964585085
high_debt_burden,full,Logistic L1,0.02504012841091493,0.40272108843537413,0.8704430441011173,0.916109964585085
high_debt_burden,full,Logistic L1,0.02536115569823435,0.40272108843537413,0.8703508561291773,0.916109964585085
high_debt_burden,full,Logistic L1,0.02536115569823435,0.4054421768707483,0.8692424114760189,0.916109964585085
high_debt_burden,full,Logistic L1,0.025682182985553772,0.4054421768707483,0.8685856282855342,0.916109964585085
high_debt_burden,full,Logistic L1,0.025682182985553772,0.40634920634920635,0.8684862533886959,0.916109964585085
high_debt_burden,full,Logistic L1,0.026003210272873195,0.40634920634920635,0.8684087639366851,0.916109964585085
high_debt_burden,full,Logistic L1,0.026003210272873195,0.4077097505668934,0.8679761326595896,0.916109964585085
high_debt_burden,full,Logistic L1,0.026324237560192615,0.4077097505668934,0.8677569260981806,0.916109964585085
high_debt_burden,full,Logistic L1,0.026324237560192615,0.4095238095238095,0.8676214392924063,0.916109964585085
high_debt_burden,full,Logistic L1,0.026645264847512038,0.4095238095238095,0.8675649455113216,0.916109964585085
high_debt_burden,full,Logistic L1,0.026645264847512038,0.4158730158730159,0.8645225431390551,0.916109964585085
high_debt_burden,full,Logistic L1,0.027287319422150885,0.4158730158730159,0.8637737704587065,0.916109964585085
high_debt_burden,full,Logistic L1,0.027287319422150885,0.41768707482993195,0.8630080638172237,0.916109964585085
high_debt_burden,full,Logistic L1,0.027608346709470304,0.41768707482993195,0.8629744303541886,0.916109964585085
high_debt_burden,full,Logistic L1,0.027608346709470304,0.4226757369614512,0.8605970265747739,0.916109964585085
high_debt_burden,full,Logistic L1,0.027929373996789728,0.4226757369614512,0.8599680446263405,0.916109964585085
high_debt_burden,full,Logistic L1,0.027929373996789728,0.43038548752834466,0.8571036446235861,0.916109964585085
high_debt_burden,full,Logistic L1,0.02825040128410915,0.43038548752834466,0.8569443411305254,0.916109964585085
high_debt_burden,full,Logistic L1,0.02825040128410915,0.43174603174603177,0.8566807240246941,0.916109964585085
high_debt_burden,full,Logistic L1,0.02857142857142857,0.43174603174603177,0.8565927116358413,0.916109964585085
high_debt_burden,full,Logistic L1,0.02857142857142857,0.435827664399093,0.8555620643651645,0.916109964585085
high_debt_burden,full,Logistic L1,0.028892455858747994,0.435827664399093,0.8550456402986548,0.916109964585085
high_debt_burden,full,Logistic L1,0.028892455858747994,0.4403628117913832,0.8517412492044955,0.916109964585085
high_debt_burden,full,Logistic L1,0.029213483146067417,0.4403628117913832,0.851673985043879,0.916109964585085
high_debt_burden,full,Logistic L1,0.029213483146067417,0.4417233560090703,0.8511759206616086,0.916109964585085
high_debt_burden,full,Logistic L1,0.029534510433386837,0.4417233560090703,0.8509602542094489,0.916109964585085
high_debt_burden,full,Logistic L1,0.029534510433386837,0.4448979591836735,0.8499764243363781,0.916109964585085
high_debt_burden,full,Logistic L1,0.02985553772070626,0.4448979591836735,0.8499711328732199,0.916109964585085
high_debt_burden,full,Logistic L1,0.02985553772070626,0.44807256235827664,0.8488973824327701,0.916109964585085
high_debt_burden,full,Logistic L1,0.030176565008025683,0.44807256235827664,0.8488014297873337,0.916109964585085
high_debt_burden,full,Logistic L1,0.030176565008025683,0.454875283446712,0.847136743390746,0.916109964585085
high_debt_burden,full,Logistic L1,0.030497592295345103,0.454875283446712,0.8468971903833384,0.916109964585085
high_debt_burden,full,Logistic L1,0.030497592295345103,0.46077097505668935,0.8456759711236498,0.916109964585085
high_debt_burden,full,Logistic L1,0.030818619582664526,0.46077097505668935,0.8455244942316296,0.916109964585085
high_debt_burden,full,Logistic L1,0.030818619582664526,0.46122448979591835,0.8454690514699481,0.916109964585085
high_debt_burden,full,Logistic L1,0.03113964686998395,0.46122448979591835,0.8450800211578174,0.916109964585085
high_debt_burden,full,Logistic L1,0.03113964686998395,0.4616780045351474,0.8450064336180727,0.916109964585085
high_debt_burden,full,Logistic L1,0.03146067415730337,0.4616780045351474,0.8449530840218492,0.916109964585085
high_debt_burden,full,Logistic L1,0.03146067415730337,0.46530612244897956,0.8433536107723801,0.916109964585085
high_debt_burden,full,Logistic L1,0.03178170144462279,0.46530612244897956,0.8430589971346062,0.916109964585085
high_debt_burden,full,Logistic L1,0.03178170144462279,0.46757369614512473,0.8418252257729142,0.916109964585085
high_debt_burden,full,Logistic L1,0.03210272873194221,0.46757369614512473,0.8418221988246575,0.916109964585085
high_debt_burden,full,Logistic L1,0.03210272873194221,0.4712018140589569,0.8407973379001296,0.916109964585085
high_debt_burden,full,Logistic L1,0.03242375601926164,0.4712018140589569,0.8407944466649536,0.916109964585085
high_debt_burden,full,Logistic L1,0.03242375601926164,0.4743764172335601,0.8400076704401757,0.916109964585085
high_debt_burden,full,Logistic L1,0.03306581059390048,0.4743764172335601,0.8396331786159583,0.916109964585085
high_debt_burden,full,Logistic L1,0.03306581059390048,0.47619047619047616,0.8391652953962172,0.916109964585085
high_debt_burden,full,Logistic L1,0.033386837881219905,0.47619047619047616,0.8388477177540756,0.916109964585085
high_debt_burden,full,Logistic L1,0.033386837881219905,0.4766439909297052,0.8387304210171597,0.916109964585085
high_debt_burden,full,Logistic L1,0.033707865168539325,0.4766439909297052,0.8384575284019906,0.916109964585085
high_debt_burden,full,Logistic L1,0.033707865168539325,0.4775510204081633,0.8380541432057166,0.916109964585085
high_debt_burden,full,Logistic L1,0.03434991974317817,0.4775510204081633,0.837854826744968,0.916109964585085
high_debt_burden,full,Logistic L1,0.03434991974317817,0.47891156462585033,0.8373762054886313,0.916109964585085
high_debt_burden,full,Logistic L1,0.03467094703049759,0.47891156462585033,0.8373222555332004,0.916109964585085
high_debt_burden,full,Logistic L1,0.03467094703049759,0.4811791383219955,0.8365720279888683,0.916109964585085
high_debt_burden,full,Logistic L1,0.03499197431781702,0.4811791383219955,0.8358828378335076,0.916109964585085
high_debt_burden,full,Logistic L1,0.03499197431781702,0.4820861678004535,0.8357490984484464,0.916109964585085
high_debt_burden,full,Logistic L1,0.03531300160513644,0.4820861678004535,0.8348389973923845,0.916109964585085
high_debt_burden,full,Logistic L1,0.03531300160513644,0.48616780045351476,0.833651931911246,0.916109964585085
high_debt_burden,full,Logistic L1,0.03563402889245586,0.48616780045351476,0.8334427180353257,0.916109964585085
high_debt_burden,full,Logistic L1,0.03563402889245586,0.49206349206349204,0.8297545406399954,0.916109964585085
high_debt_burden,full,Logistic L1,0.035955056179775284,0.49206349206349204,0.829558923165653,0.916109964585085
high_debt_burden,full,Logistic L1,0.035955056179775284,0.4925170068027211,0.8292562874055676,0.916109964585085
high_debt_burden,full,Logistic L1,0.036276083467094704,0.4925170068027211,0.8289958676943332,0.916109964585085
high_debt_burden,full,Logistic L1,0.036276083467094704,0.49342403628117915,0.8287828400203436,0.916109964585085
high_debt_burden,full,Logistic L1,0.036597110754414124,0.49342403628117915,0.8285013195496463,0.916109964585085
high_debt_burden,full,Logistic L1,0.036597110754414124,0.4943310657596372,0.8283752450171968,0.916109964585085
high_debt_burden,full,Logistic L1,0.03691813804173355,0.4943310657596372,0.8283721165052578,0.916109964585085
high_debt_burden,full,Logistic L1,0.03691813804173355,0.5006802721088436,0.8271016800716496,0.916109964585085
high_debt_burden,full,Logistic L1,0.03756019261637239,0.5006802721088436,0.8269072117110055,0.916109964585085
high_debt_burden,full,Logistic L1,0.03756019261637239,0.5047619047619047,0.8243397229909611,0.916109964585085
high_debt_burden,full,Logistic L1,0.037881219903691817,0.5047619047619047,0.8242535038113449,0.916109964585085
high_debt_burden,full,Logistic L1,0.037881219903691817,0.5065759637188209,0.8234364407379371,0.916109964585085
high_debt_burden,full,Logistic L1,0.038523274478330656,0.5065759637188209,0.8233768437693235,0.916109964585085
high_debt_burden,full,Logistic L1,0.038523274478330656,0.508843537414966,0.8226392462008573,0.916109964585085
high_debt_burden,full,Logistic L1,0.03884430176565008,0.508843537414966,0.8223451086332777,0.916109964585085
high_debt_burden,full,Logistic L1,0.03884430176565008,0.5106575963718821,0.8218464999761071,0.916109964585085
high_debt_burden,full,Logistic L1,0.0391653290529695,0.5106575963718821,0.8218379414155499,0.916109964585085
high_debt_burden,full,Logistic L1,0.0391653290529695,0.5115646258503401,0.8214564411350106,0.916109964585085
high_debt_burden,full,Logistic L1,0.03948635634028892,0.5115646258503401,0.8212829320456022,0.916109964585085
high_debt_burden,full,Logistic L1,0.03948635634028892,0.5138321995464853,0.8202691143584113,0.916109964585085
high_debt_burden,full,Logistic L1,0.03980738362760835,0.5138321995464853,0.8198876388671535,0.916109964585085
high_debt_burden,full,Logistic L1,0.03980738362760835,0.5210884353741496,0.8177039799270239,0.916109964585085
high_debt_burden,full,Logistic L1,0.04012841091492777,0.5210884353741496,0.8176981273512519,0.916109964585085
high_debt_burden,full,Logistic L1,0.04012841091492777,0.5233560090702948,0.8163399857353647,0.916109964585085
high_debt_burden,full,Logistic L1,0.04044943820224719,0.5233560090702948,0.8162135885924571,0.916109964585085
high_debt_burden,full,Logistic L1,0.04044943820224719,0.5292517006802722,0.8136800126484287,0.916109964585085
high_debt_burden,full,Logistic L1,0.040770465489566615,0.5292517006802722,0.8136575524580729,0.916109964585085
high_debt_burden,full,Logistic L1,0.040770465489566615,0.5315192743764172,0.8130881113305581,0.916109964585085
high_debt_burden,full,Logistic L1,0.041091492776886035,0.5315192743764172,0.8130636328570802,0.916109964585085
high_debt_burden,full,Logistic L1,0.041091492776886035,0.5365079365079365,0.8109958352184834,0.916109964585085
high_debt_burden,full,Logistic L1,0.041412520064205455,0.5365079365079365,0.8109908739893904,0.916109964585085
high_debt_burden,full,Logistic L1,0.041412520064205455,0.5374149659863946,0.8106841456194607,0.916109964585085
high_debt_burden,full,Logistic L1,0.04173354735152488,0.5374149659863946,0.8106421452923283,0.916109964585085
high_debt_burden,full,Logistic L1,0.04173354735152488,0.5383219954648526,0.8103712587639017,0.916109964585085
high_debt_burden,full,Logistic L1,0.0420545746388443,0.5383219954648526,0.8103437111012588,0.916109964585085
high_debt_burden,full,Logistic L1,0.0420545746388443,0.5387755102040817,0.8100727152777262,0.916109964585085
high_debt_burden,full,Logistic L1,0.04269662921348315,0.5387755102040817,0.8087875854789784,0.916109964585085
high_debt_burden,full,Logistic L1,0.04269662921348315,0.5401360544217687,0.8082018072405057,0.916109964585085
high_debt_burden,full,Logistic L1,0.04333868378812199,0.5401360544217687,0.8080690082274907,0.916109964585085
high_debt_burden,full,Logistic L1,0.04333868378812199,0.5405895691609978,0.8080432333892066,0.916109964585085
high_debt_burden,full,Logistic L1,0.043659711075441414,0.5405895691609978,0.8080337448451316,0.916109964585085
high_debt_burden,full,Logistic L1,0.043659711075441414,0.5414965986394558,0.8076042499200167,0.916109964585085
high_debt_burden,full,Logistic L1,0.043980738362760834,0.5414965986394558,0.8074012985161129,0.916109964585085
high_debt_burden,full,Logistic L1,0.043980738362760834,0.5419501133786848,0.8069077233012476,0.916109964585085
high_debt_burden,full,Logistic L1,0.04430176565008025,0.5419501133786848,0.8066749216977241,0.916109964585085
high_debt_burden,full,Logistic L1,0.04430176565008025,0.54421768707483,0.8058924585686152,0.916109964585085
high_debt_burden,full,Logistic L1,0.04462279293739968,0.54421768707483,0.8053888799764334,0.916109964585085
high_debt_burden,full,Logistic L1,0.04462279293739968,0.545124716553288,0.8051358778747412,0.916109964585085
high_debt_burden,full,Logistic L1,0.0449438202247191,0.545124716553288,0.8049373052613865,0.916109964585085
high_debt_burden,full,Logistic L1,0.0449438202247191,0.5496598639455782,0.8029429150350351,0.916109964585085
high_debt_burden,full,Logistic L1,0.04526484751203853,0.5496598639455782,0.8028960400431724,0.916109964585085
high_debt_burden,full,Logistic L1,0.04526484751203853,0.5573696145124717,0.8001135910610324,0.916109964585085
high_debt_burden,full,Logistic L1,0.045585874799357946,0.5573696145124717,0.7999799320948544,0.916109964585085
high_debt_burden,full,Logistic L1,0.045585874799357946,0.5605442176870749,0.799288697391644,0.916109964585085
high_debt_burden,full,Logistic L1,0.04622792937399679,0.5605442176870749,0.7991306636629414,0.916109964585085
high_debt_burden,full,Logistic L1,0.04622792937399679,0.5650793650793651,0.7969715113039119,0.916109964585085
high_debt_burden,full,Logistic L1,0.04686998394863563,0.5650793650793651,0.796638818045612,0.916109964585085
high_debt_burden,full,Logistic L1,0.04686998394863563,0.5655328798185941,0.796632101121489,0.916109964585085
high_debt_burden,full,Logistic L1,0.04719101123595506,0.5655328798185941,0.7966310718078407,0.916109964585085
high_debt_burden,full,Logistic L1,0.04719101123595506,0.5678004535147392,0.7950409575173757,0.916109964585085
high_debt_burden,full,Logistic L1,0.04751203852327448,0.5678004535147392,0.7950408387187353,0.916109964585085
high_debt_burden,full,Logistic L1,0.04751203852327448,0.5705215419501134,0.7943569377838794,0.916109964585085
high_debt_burden,full,Logistic L1,0.0478330658105939,0.5705215419501134,0.7937808690238726,0.916109964585085
high_debt_burden,full,Logistic L1,0.0478330658105939,0.5723356009070295,0.7932324079369765,0.916109964585085
high_debt_burden,full,Logistic L1,0.048475120385232745,0.5723356009070295,0.7931014296072999,0.916109964585085
high_debt_burden,full,Logistic L1,0.048475120385232745,0.5746031746031746,0.792122683960338,0.916109964585085
high_debt_burden,full,Logistic L1,0.048796147672552165,0.5746031746031746,0.791880262692378,0.916109964585085
high_debt_burden,full,Logistic L1,0.048796147672552165,0.5768707482993197,0.7913675750992752,0.916109964585085
high_debt_burden,full,Logistic L1,0.04911717495987159,0.5768707482993197,0.791273046564256,0.916109964585085
high_debt_burden,full,Logistic L1,0.04911717495987159,0.5777777777777777,0.7911620400609987,0.916109964585085
high_debt_burden,full,Logistic L1,0.04943820224719101,0.5777777777777777,0.791059226841539,0.916109964585085
high_debt_burden,full,Logistic L1,0.04943820224719101,0.5786848072562358,0.7901336839053573,0.916109964585085
high_debt_burden,full,Logistic L1,0.04975922953451043,0.5786848072562358,0.7900352248295169,0.916109964585085
high_debt_burden,full,Logistic L1,0.04975922953451043,0.5791383219954649,0.7899865830003903,0.916109964585085
high_debt_burden,full,Logistic L1,0.05008025682182986,0.5791383219954649,0.7892374872829256,0.916109964585085
high_debt_burden,full,Logistic L1,0.05008025682182986,0.5804988662131519,0.7889688239910766,0.916109964585085
high_debt_burden,full,Logistic L1,0.05040128410914928,0.5804988662131519,0.7886855826802627,0.916109964585085
high_debt_burden,full,Logistic L1,0.05040128410914928,0.5836734693877551,0.7880970764596404,0.916109964585085
high_debt_burden,full,Logistic L1,0.051043338683788124,0.5836734693877551,0.7877839529208742,0.916109964585085
high_debt_burden,full,Logistic L1,0.051043338683788124,0.5859410430839003,0.7866647341995822,0.916109964585085
high_debt_burden,full,Logistic L1,0.051364365971107544,0.5859410430839003,0.7866472494655378,0.916109964585085
high_debt_burden,full,Logistic L1,0.051364365971107544,0.5895691609977324,0.7848071024954213,0.916109964585085
high_debt_burden,full,Logistic L1,0.05200642054574639,0.5895691609977324,0.7847181085361887,0.916109964585085
high_debt_burden,full,Logistic L1,0.05200642054574639,0.5936507936507937,0.7822234430738793,0.916109964585085
high_debt_burden,full,Logistic L1,0.05232744783306581,0.5936507936507937,0.7819307527145339,0.916109964585085
high_debt_burden,full,Logistic L1,0.05232744783306581,0.5941043083900227,0.7814932442380218,0.916109964585085
high_debt_burden,full,Logistic L1,0.05264847512038523,0.5941043083900227,0.7812916466470805,0.916109964585085
high_debt_burden,full,Logistic L1,0.05264847512038523,0.5981859410430839,0.7778001576196572,0.916109964585085
high_debt_burden,full,Logistic L1,0.053611556982343496,0.5981859410430839,0.7772673552784529,0.916109964585085
high_debt_burden,full,Logistic L1,0.053611556982343496,0.6022675736961451,0.775128083777038,0.916109964585085
high_debt_burden,full,Logistic L1,0.05393258426966292,0.6022675736961451,0.7749594705843198,0.916109964585085
high_debt_burden,full,Logistic L1,0.05393258426966292,0.6036281179138322,0.7742055441674578,0.916109964585085
high_debt_burden,full,Logistic L1,0.05425361155698234,0.6036281179138322,0.7740843909221417,0.916109964585085
high_debt_burden,full,Logistic L1,0.05425361155698234,0.6058956916099774,0.772427804198074,0.916109964585085
high_debt_burden,full,Logistic L1,0.05457463884430177,0.6058956916099774,0.7722750894811182,0.916109964585085
high_debt_burden,full,Logistic L1,0.05457463884430177,0.6090702947845805,0.7709383022641347,0.916109964585085
high_debt_burden,full,Logistic L1,0.05521669341894061,0.6090702947845805,0.770818331668144,0.916109964585085
high_debt_burden,full,Logistic L1,0.05521669341894061,0.6108843537414966,0.7697765891881216,0.916109964585085
high_debt_burden,full,Logistic L1,0.055858747993579455,0.6108843537414966,0.7693460996327509,0.916109964585085
high_debt_burden,full,Logistic L1,0.055858747993579455,0.6117913832199546,0.7693099993834563,0.916109964585085
high_debt_burden,full,Logistic L1,0.05682182985553772,0.6117913832199546,0.7688885757910416,0.916109964585085
high_debt_burden,full,Logistic L1,0.05682182985553772,0.6122448979591837,0.7688653267542568,0.916109964585085
high_debt_burden,full,Logistic L1,0.05714285714285714,0.6122448979591837,0.7687980556533596,0.916109964585085
high_debt_burden,full,Logistic L1,0.05714285714285714,0.6145124716553289,0.7680604150884193,0.916109964585085
high_debt_burden,full,Logistic L1,0.05746388443017657,0.6145124716553289,0.7676777081458314,0.916109964585085
high_debt_burden,full,Logistic L1,0.05746388443017657,0.6195011337868481,0.7636533604584393,0.916109964585085
high_debt_burden,full,Logistic L1,0.05778491171749599,0.6195011337868481,0.7636399792573815,0.916109964585085
high_debt_burden,full,Logistic L1,0.05778491171749599,0.6199546485260771,0.7632875934354537,0.916109964585085
high_debt_burden,full,Logistic L1,0.05810593900481541,0.6199546485260771,0.7629887598621328,0.916109964585085
high_debt_burden,full,Logistic L1,0.05810593900481541,0.6235827664399093,0.7616761949298849,0.916109964585085
high_debt_burden,full,Logistic L1,0.058426966292134834,0.6235827664399093,0.7616368335984262,0.916109964585085
high_debt_burden,full,Logistic L1,0.058426966292134834,0.6244897959183674,0.7605989699780757,0.916109964585085
high_debt_burden,full,Logistic L1,0.059069020866773674,0.6244897959183674,0.760015088537915,0.916109964585085
high_debt_burden,full,Logistic L1,0.059069020866773674,0.6249433106575963,0.7600047117213008,0.916109964585085
high_debt_burden,full,Logistic L1,0.0593900481540931,0.6249433106575963,0.7587099612824143,0.916109964585085
high_debt_burden,full,Logistic L1,0.0593900481540931,0.6308390022675737,0.755031545314731,0.916109964585085
high_debt_burden,full,Logistic L1,0.05971107544141252,0.6308390022675737,0.7547204895038243,0.916109964585085
high_debt_burden,full,Logistic L1,0.05971107544141252,0.6349206349206349,0.7531732869154772,0.916109964585085
high_debt_burden,full,Logistic L1,0.06003210272873194,0.6349206349206349,0.7531466219753922,0.916109964585085
high_debt_burden,full,Logistic L1,0.06003210272873194,0.6353741496598639,0.7528712182745022,0.916109964585085
high_debt_burden,full,Logistic L1,0.060353130016051366,0.6353741496598639,0.7527646314669795,0.916109964585085
high_debt_burden,full,Logistic L1,0.060353130016051366,0.6458049886621315,0.7475655206361432,0.916109964585085
high_debt_burden,full,Logistic L1,0.060995184590690206,0.6458049886621315,0.7473716656653832,0.916109964585085
high_debt_burden,full,Logistic L1,0.060995184590690206,0.6467120181405895,0.7472404719282609,0.916109964585085
high_debt_burden,full,Logistic L1,0.06163723916532905,0.6467120181405895,0.7468028090208253,0.916109964585085
high_debt_burden,full,Logistic L1,0.06163723916532905,0.6471655328798186,0.7465041947144451,0.916109964585085
high_debt_burden,full,Logistic L1,0.06195826645264847,0.6471655328798186,0.7464318431347287,0.916109964585085
high_debt_burden,full,Logistic L1,0.06195826645264847,0.6503401360544218,0.7438481225086135,0.916109964585085
high_debt_burden,full,Logistic L1,0.0622792937399679,0.6503401360544218,0.7433075445157479,0.916109964585085
high_debt_burden,full,Logistic L1,0.0622792937399679,0.6512471655328799,0.7424855117530611,0.916109964585085
high_debt_burden,full,Logistic L1,0.06260032102728733,0.6512471655328799,0.7423955492832199,0.916109964585085
high_debt_burden,full,Logistic L1,0.06260032102728733,0.6517006802721088,0.742175757969847,0.916109964585085
high_debt_burden,full,Logistic L1,0.06292134831460675,0.6517006802721088,0.7417910703482502,0.916109964585085
high_debt_burden,full,Logistic L1,0.06292134831460675,0.654875283446712,0.7409681865092874,0.916109964585085
high_debt_burden,full,Logistic L1,0.06324237560192617,0.654875283446712,0.7409318090650032,0.916109964585085
high_debt_burden,full,Logistic L1,0.06324237560192617,0.6562358276643991,0.7402873405946624,0.916109964585085
high_debt_burden,full,Logistic L1,0.063884430176565,0.6562358276643991,0.7392707630867122,0.916109964585085
high_debt_burden,full,Logistic L1,0.063884430176565,0.6589569160997732,0.738413459970967,0.916109964585085
high_debt_burden,full,Logistic L1,0.06452648475120386,0.6589569160997732,0.7381573720352937,0.916109964585085
high_debt_burden,full,Logistic L1,0.06452648475120386,0.6621315192743764,0.7361491930442091,0.916109964585085
high_debt_burden,full,Logistic L1,0.06484751203852328,0.6621315192743764,0.7354231773648271,0.916109964585085
high_debt_burden,full,Logistic L1,0.06484751203852328,0.6639455782312925,0.733853675284582,0.916109964585085
high_debt_burden,full,Logistic L1,0.06548956661316212,0.6639455782312925,0.7334323931969251,0.916109964585085
high_debt_burden,full,Logistic L1,0.06548956661316212,0.6671201814058957,0.7318651405209876,0.916109964585085
high_debt_burden,full,Logistic L1,0.06613162118780096,0.6671201814058957,0.7317220719526902,0.916109964585085
high_debt_burden,full,Logistic L1,0.06613162118780096,0.6675736961451247,0.7316680578462343,0.916109964585085
high_debt_burden,full,Logistic L1,0.06677367576243981,0.6675736961451247,0.7311206451468809,0.916109964585085
high_debt_burden,full,Logistic L1,0.06677367576243981,0.6689342403628118,0.7301983770058749,0.916109964585085
high_debt_burden,full,Logistic L1,0.06709470304975923,0.6689342403628118,0.7297522464533831,0.916109964585085
high_debt_burden,full,Logistic L1,0.06709470304975923,0.6730158730158731,0.7267639465126143,0.916109964585085
high_debt_burden,full,Logistic L1,0.06805778491171749,0.6730158730158731,0.7255020810471674,0.916109964585085
high_debt_burden,full,Logistic L1,0.06805778491171749,0.6757369614512472,0.7229705809050084,0.916109964585085
high_debt_burden,full,Logistic L1,0.06837881219903692,0.6757369614512472,0.7228072679151488,0.916109964585085
high_debt_burden,full,Logistic L1,0.06837881219903692,0.6775510204081633,0.7205324781593138,0.916109964585085
high_debt_burden,full,Logistic L1,0.06869983948635634,0.6775510204081633,0.7202540153904459,0.916109964585085
high_debt_burden,full,Logistic L1,0.06869983948635634,0.6784580498866213,0.7199831688862286,0.916109964585085
high_debt_burden,full,Logistic L1,0.06934189406099518,0.6784580498866213,0.7192388530419338,0.916109964585085
high_debt_burden,full,Logistic L1,0.06934189406099518,0.6798185941043083,0.7189806761086134,0.916109964585085
high_debt_burden,full,Logistic L1,0.0696629213483146,0.6798185941043083,0.7186771653019473,0.916109964585085
high_debt_burden,full,Logistic L1,0.0696629213483146,0.6807256235827664,0.7183023986017055,0.916109964585085
high_debt_burden,full,Logistic L1,0.06998394863563404,0.6807256235827664,0.7181324572104406,0.916109964585085
high_debt_burden,full,Logistic L1,0.06998394863563404,0.6839002267573696,0.7164848301530974,0.916109964585085
high_debt_burden,full,Logistic L1,0.07030497592295346,0.6839002267573696,0.7164592606427572,0.916109964585085
high_debt_burden,full,Logistic L1,0.07030497592295346,0.6843537414965987,0.7164080837963652,0.916109964585085
high_debt_burden,full,Logistic L1,0.0709470304975923,0.6843537414965987,0.7154536083262224,0.916109964585085
high_debt_burden,full,Logistic L1,0.0709470304975923,0.6852607709750567,0.7149974550572918,0.916109964585085
high_debt_burden,full,Logistic L1,0.07126805778491171,0.6852607709750567,0.7148620986792144,0.916109964585085
high_debt_burden,full,Logistic L1,0.07126805778491171,0.689795918367347,0.7122140365987069,0.916109964585085
high_debt_burden,full,Logistic L1,0.07158908507223113,0.689795918367347,0.7120559699984992,0.916109964585085
high_debt_burden,full,Logistic L1,0.07158908507223113,0.6925170068027211,0.7105715488016427,0.916109964585085
high_debt_burden,full,Logistic L1,0.07191011235955057,0.6925170068027211,0.710570670900637,0.916109964585085
high_debt_burden,full,Logistic L1,0.07191011235955057,0.6943310657596372,0.7098807097586238,0.916109964585085
high_debt_burden,full,Logistic L1,0.07255216693418941,0.6943310657596372,0.7093116483963414,0.916109964585085
high_debt_burden,full,Logistic L1,0.07255216693418941,0.6961451247165533,0.7082556687834047,0.916109964585085
high_debt_burden,full,Logistic L1,0.07287319422150883,0.6961451247165533,0.7080946985598148,0.916109964585085
high_debt_burden,full,Logistic L1,0.07287319422150883,0.6965986394557823,0.7079792514313554,0.916109964585085
high_debt_burden,full,Logistic L1,0.07479935794542536,0.6965986394557823,0.7065865306557456,0.916109964585085
high_debt_burden,full,Logistic L1,0.07479935794542536,0.6984126984126984,0.704031819882355,0.916109964585085
high_debt_burden,full,Logistic L1,0.0754414125200642,0.6984126984126984,0.7034159054503457,0.916109964585085
high_debt_burden,full,Logistic L1,0.0754414125200642,0.6988662131519274,0.7031647940775286,0.916109964585085
high_debt_burden,full,Logistic L1,0.07576243980738363,0.6988662131519274,0.7027281950545746,0.916109964585085
high_debt_burden,full,Logistic L1,0.07576243980738363,0.6997732426303855,0.7023225155904037,0.916109964585085
high_debt_burden,full,Logistic L1,0.07640449438202247,0.6997732426303855,0.7018026949489665,0.916109964585085
high_debt_burden,full,Logistic L1,0.07640449438202247,0.7011337868480726,0.7007803665325555,0.916109964585085
high_debt_burden,full,Logistic L1,0.07672552166934189,0.7011337868480726,0.70062018443051,0.916109964585085
high_debt_burden,full,Logistic L1,0.07672552166934189,0.7015873015873015,0.700199727215734,0.916109964585085
high_debt_burden,full,Logistic L1,0.07704654895666131,0.7015873015873015,0.6993230373878908,0.916109964585085
high_debt_burden,full,Logistic L1,0.07704654895666131,0.7038548752834467,0.6981296356634027,0.916109964585085
high_debt_burden,full,Logistic L1,0.07768860353130017,0.7038548752834467,0.6974605148736837,0.916109964585085
high_debt_burden,full,Logistic L1,0.07768860353130017,0.7061224489795919,0.6960870858063645,0.916109964585085
high_debt_burden,full,Logistic L1,0.078330658105939,0.7061224489795919,0.6950771818341227,0.916109964585085
high_debt_burden,full,Logistic L1,0.078330658105939,0.7065759637188208,0.6949521849394543,0.916109964585085
high_debt_burden,full,Logistic L1,0.07897271268057784,0.7065759637188208,0.694711985531239,0.916109964585085
high_debt_burden,full,Logistic L1,0.07897271268057784,0.7083900226757369,0.6930306630637751,0.916109964585085
high_debt_burden,full,Logistic L1,0.07929373996789728,0.7083900226757369,0.6928047242383838,0.916109964585085
high_debt_burden,full,Logistic L1,0.07929373996789728,0.708843537414966,0.6927549926664657,0.916109964585085
high_debt_burden,full,Logistic L1,0.0796147672552167,0.708843537414966,0.692391278062114,0.916109964585085
high_debt_burden,full,Logistic L1,0.0796147672552167,0.7097505668934241,0.6912663933664933,0.916109964585085
high_debt_burden,full,Logistic L1,0.07993579454253612,0.7097505668934241,0.691156929701241,0.916109964585085
high_debt_burden,full,Logistic L1,0.07993579454253612,0.7111111111111111,0.689997460418197,0.916109964585085
high_debt_burden,full,Logistic L1,0.08057784911717496,0.7111111111111111,0.6886710234153327,0.916109964585085
high_debt_burden,full,Logistic L1,0.08057784911717496,0.7124716553287982,0.6878006124648202,0.916109964585085
high_debt_burden,full,Logistic L1,0.08154093097913323,0.7124716553287982,0.6868434853906297,0.916109964585085
high_debt_burden,full,Logistic L1,0.08154093097913323,0.7147392290249434,0.6829985388448186,0.916109964585085
high_debt_burden,full,Logistic L1,0.08186195826645265,0.7147392290249434,0.6829001145835879,0.916109964585085
high_debt_burden,full,Logistic L1,0.08186195826645265,0.7156462585034014,0.6814743209877555,0.916109964585085
high_debt_burden,full,Logistic L1,0.08218298555377207,0.7156462585034014,0.6809682336074031,0.916109964585085
high_debt_burden,full,Logistic L1,0.08218298555377207,0.7170068027210884,0.6800922638765541,0.916109964585085
high_debt_burden,full,Logistic L1,0.08282504012841091,0.7170068027210884,0.6795927788080347,0.916109964585085
high_debt_burden,full,Logistic L1,0.08282504012841091,0.7174603174603175,0.6795016324676826,0.916109964585085
high_debt_burden,full,Logistic L1,0.08314606741573034,0.7174603174603175,0.6794432116870042,0.916109964585085
high_debt_burden,full,Logistic L1,0.08314606741573034,0.7179138321995465,0.6791791098695612,0.916109964585085
high_debt_burden,full,Logistic L1,0.08346709470304976,0.7179138321995465,0.6791141164356697,0.916109964585085
high_debt_burden,full,Logistic L1,0.08346709470304976,0.7183673469387755,0.6790029064171982,0.916109964585085
high_debt_burden,full,Logistic L1,0.08378812199036918,0.7183673469387755,0.6788396670844392,0.916109964585085
high_debt_burden,full,Logistic L1,0.08378812199036918,0.7210884353741497,0.6778534600951656,0.916109964585085
high_debt_burden,full,Logistic L1,0.0841091492776886,0.7210884353741497,0.677799970765873,0.916109964585085
high_debt_burden,full,Logistic L1,0.0841091492776886,0.7215419501133787,0.6774144439350751,0.916109964585085
high_debt_burden,full,Logistic L1,0.08443017656500802,0.7215419501133787,0.6769795616597464,0.916109964585085
high_debt_burden,full,Logistic L1,0.08443017656500802,0.7251700680272108,0.6732241511980105,0.916109964585085
high_debt_burden,full,Logistic L1,0.08475120385232744,0.7251700680272108,0.6717920151833329,0.916109964585085
high_debt_burden,full,Logistic L1,0.08475120385232744,0.726984126984127,0.6708229710764081,0.916109964585085
high_debt_burden,full,Logistic L1,0.08571428571428572,0.726984126984127,0.6699753460427726,0.916109964585085
high_debt_burden,full,Logistic L1,0.08571428571428572,0.7297052154195012,0.6662228922237323,0.916109964585085
high_debt_burden,full,Logistic L1,0.08635634028892455,0.7297052154195012,0.6659283889675665,0.916109964585085
high_debt_burden,full,Logistic L1,0.08635634028892455,0.7301587301587301,0.6658191328258704,0.916109964585085
high_debt_burden,full,Logistic L1,0.08667736757624397,0.7301587301587301,0.664999968240994,0.916109964585085
high_debt_burden,full,Logistic L1,0.08667736757624397,0.7306122448979592,0.6649831233403574,0.916109964585085
high_debt_burden,full,Logistic L1,0.08764044943820225,0.7306122448979592,0.6639093272665871,0.916109964585085
high_debt_burden,full,Logistic L1,0.08764044943820225,0.7310657596371882,0.6634359187732326,0.916109964585085
high_debt_burden,full,Logistic L1,0.08828250401284109,0.7310657596371882,0.6633279285405584,0.916109964585085
high_debt_burden,full,Logistic L1,0.08828250401284109,0.7356009070294784,0.6585706849169563,0.916109964585085
high_debt_burden,full,Logistic L1,0.08892455858747994,0.7356009070294784,0.6580239761352731,0.916109964585085
high_debt_burden,full,Logistic L1,0.08892455858747994,0.7360544217687075,0.657927413042625,0.916109964585085
high_debt_burden,full,Logistic L1,0.08924558587479936,0.7360544217687075,0.6579111026832222,0.916109964585085
high_debt_burden,full,Logistic L1,0.08924558587479936,0.7392290249433107,0.6543216553866528,0.916109964585085
high_debt_burden,full,Logistic L1,0.08956661316211878,0.7392290249433107,0.6538219026369385,0.916109964585085
high_debt_burden,full,Logistic L1,0.08956661316211878,0.7405895691609977,0.6521067088710322,0.916109964585085
high_debt_burden,full,Logistic L1,0.0898876404494382,0.7405895691609977,0.6519165643078073,0.916109964585085
high_debt_burden,full,Logistic L1,0.0898876404494382,0.7433106575963719,0.6500753499727192,0.916109964585085
high_debt_burden,full,Logistic L1,0.09020866773675762,0.7433106575963719,0.6499742461765984,0.916109964585085
high_debt_burden,full,Logistic L1,0.09020866773675762,0.744671201814059,0.6482474825036448,0.916109964585085
high_debt_burden,full,Logistic L1,0.09052969502407705,0.744671201814059,0.6481158445690763,0.916109964585085
high_debt_burden,full,Logistic L1,0.09052969502407705,0.7451247165532879,0.6479964402295576,0.916109964585085
high_debt_burden,full,Logistic L1,0.09085072231139647,0.7451247165532879,0.6477811890629613,0.916109964585085
high_debt_burden,full,Logistic L1,0.09085072231139647,0.745578231292517,0.6477512072807696,0.916109964585085
high_debt_burden,full,Logistic L1,0.09117174959871589,0.745578231292517,0.6467397688760045,0.916109964585085
high_debt_burden,full,Logistic L1,0.09117174959871589,0.7464852607709751,0.6464894458880123,0.916109964585085
high_debt_burden,full,Logistic L1,0.09181380417335473,0.7464852607709751,0.6457392851646552,0.916109964585085
high_debt_burden,full,Logistic L1,0.09181380417335473,0.7487528344671202,0.6443225062893131,0.916109964585085
high_debt_burden,full,Logistic L1,0.09213483146067415,0.7487528344671202,0.6433536827256675,0.916109964585085
high_debt_burden,full,Logistic L1,0.09213483146067415,0.7501133786848072,0.6414755094989881,0.916109964585085
high_debt_burden,full,Logistic L1,0.09245585874799359,0.7501133786848072,0.6414231759229188,0.916109964585085
high_debt_burden,full,Logistic L1,0.09245585874799359,0.7528344671201814,0.6387996926738403,0.916109964585085
high_debt_burden,full,Logistic L1,0.092776886035313,0.7528344671201814,0.6382463221786665,0.916109964585085
high_debt_burden,full,Logistic L1,0.092776886035313,0.7546485260770975,0.6371692773979112,0.916109964585085
high_debt_burden,full,Logistic L1,0.09373996789727126,0.7546485260770975,0.635681643438127,0.916109964585085
high_debt_burden,full,Logistic L1,0.09373996789727126,0.7560090702947846,0.6346373539418253,0.916109964585085
high_debt_burden,full,Logistic L1,0.09406099518459068,0.7560090702947846,0.634552385457772,0.916109964585085
high_debt_burden,full,Logistic L1,0.09406099518459068,0.7605442176870748,0.6288167791280608,0.916109964585085
high_debt_burden,full,Logistic L1,0.09438202247191012,0.7605442176870748,0.6285541396179334,0.916109964585085
high_debt_burden,full,Logistic L1,0.09438202247191012,0.7614512471655329,0.6268937122316983,0.916109964585085
high_debt_burden,full,Logistic L1,0.09502407704654896,0.7614512471655329,0.625936381280839,0.916109964585085
high_debt_burden,full,Logistic L1,0.09502407704654896,0.76281179138322,0.6246270447481453,0.916109964585085
high_debt_burden,full,Logistic L1,0.0956661316211878,0.76281179138322,0.6242428346924697,0.916109964585085
high_debt_burden,full,Logistic L1,0.0956661316211878,0.763718820861678,0.6239379378768629,0.916109964585085
high_debt_burden,full,Logistic L1,0.09598715890850722,0.763718820861678,0.6239183793907245,0.916109964585085
high_debt_burden,full,Logistic L1,0.09598715890850722,0.7659863945578231,0.6208392471507921,0.916109964585085
high_debt_burden,full,Logistic L1,0.09630818619582665,0.7659863945578231,0.6206955243913123,0.916109964585085
high_debt_burden,full,Logistic L1,0.09630818619582665,0.7664399092970522,0.6203579972815779,0.916109964585085
high_debt_burden,full,Logistic L1,0.09662921348314607,0.7664399092970522,0.6200034780122311,0.916109964585085
high_debt_burden,full,Logistic L1,0.09662921348314607,0.7682539682539683,0.6195926317371223,0.916109964585085
high_debt_burden,full,Logistic L1,0.09695024077046549,0.7682539682539683,0.6186038301559326,0.916109964585085
high_debt_burden,full,Logistic L1,0.09695024077046549,0.7718820861678004,0.6143619174888717,0.916109964585085
high_debt_burden,full,Logistic L1,0.09727126805778491,0.7718820861678004,0.6143570569150762,0.916109964585085
high_debt_burden,full,Logistic L1,0.09727126805778491,0.7723356009070295,0.6139099941263991,0.916109964585085
high_debt_burden,full,Logistic L1,0.09759229534510433,0.7723356009070295,0.6138173765163847,0.916109964585085
high_debt_burden,full,Logistic L1,0.09759229534510433,0.7727891156462585,0.6131797063184573,0.916109964585085
high_debt_burden,full,Logistic L1,0.09791332263242375,0.7727891156462585,0.6117821426133708,0.916109964585085
high_debt_burden,full,Logistic L1,0.09791332263242375,0.7732426303854876,0.6111800533176973,0.916109964585085
high_debt_burden,full,Logistic L1,0.09919743178170144,0.7732426303854876,0.6087405969663577,0.916109964585085
high_debt_burden,full,Logistic L1,0.09919743178170144,0.7741496598639456,0.6073702363849909,0.916109964585085
high_debt_burden,full,Logistic L1,0.09951845906902086,0.7741496598639456,0.606887906648712,0.916109964585085
high_debt_burden,full,Logistic L1,0.09951845906902086,0.7755102040816326,0.6037082290628811,0.916109964585085
high_debt_burden,full,Logistic L1,0.0998394863563403,0.7755102040816326,0.6023537067222657,0.916109964585085
high_debt_burden,full,Logistic L1,0.0998394863563403,0.7764172335600907,0.6019760021851055,0.916109964585085
high_debt_burden,full,Logistic L1,0.10016051364365972,0.7764172335600907,0.6012430044628779,0.916109964585085
high_debt_burden,full,Logistic L1,0.10016051364365972,0.7795918367346939,0.5992140498218691,0.916109964585085
high_debt_burden,full,Logistic L1,0.10080256821829855,0.7795918367346939,0.5979171087423242,0.916109964585085
high_debt_burden,full,Logistic L1,0.10080256821829855,0.782312925170068,0.5968698236486306,0.916109964585085
high_debt_burden,full,Logistic L1,0.1014446227929374,0.782312925170068,0.5964927319999779,0.916109964585085
high_debt_burden,full,Logistic L1,0.1014446227929374,0.7836734693877551,0.5957223681547164,0.916109964585085
high_debt_burden,full,Logistic L1,0.10176565008025683,0.7836734693877551,0.595592973645307,0.916109964585085
high_debt_burden,full,Logistic L1,0.10176565008025683,0.7845804988662132,0.5945887120467432,0.916109964585085
high_debt_burden,full,Logistic L1,0.10208667736757625,0.7845804988662132,0.5935209073958161,0.916109964585085
high_debt_burden,full,Logistic L1,0.10208667736757625,0.7854875283446712,0.5932299351482293,0.916109964585085
high_debt_burden,full,Logistic L1,0.10240770465489567,0.7854875283446712,0.5928406792948068,0.916109964585085
high_debt_burden,full,Logistic L1,0.10240770465489567,0.7873015873015873,0.5919434553911892,0.916109964585085
high_debt_burden,full,Logistic L1,0.10272873194221509,0.7873015873015873,0.5917562171952429,0.916109964585085
high_debt_burden,full,Logistic L1,0.10272873194221509,0.7882086167800454,0.5915320928495674,0.916109964585085
high_debt_burden,full,Logistic L1,0.10304975922953451,0.7882086167800454,0.5911793146850887,0.916109964585085
high_debt_burden,full,Logistic L1,0.10304975922953451,0.7886621315192743,0.5908059417511601,0.916109964585085
high_debt_burden,full,Logistic L1,0.1043338683788122,0.7886621315192743,0.5886130462943371,0.916109964585085
high_debt_burden,full,Logistic L1,0.1043338683788122,0.7913832199546486,0.585726955605148,0.916109964585085
high_debt_burden,full,Logistic L1,0.10465489566613162,0.7913832199546486,0.5855524869515578,0.916109964585085
high_debt_burden,full,Logistic L1,0.10465489566613162,0.7927437641723356,0.5853091369353457,0.916109964585085
high_debt_burden,full,Logistic L1,0.10497592295345104,0.7927437641723356,0.5841074000744872,0.916109964585085
high_debt_burden,full,Logistic L1,0.10497592295345104,0.7959183673469388,0.5813258527600798,0.916109964585085
high_debt_burden,full,Logistic L1,0.10561797752808989,0.7959183673469388,0.5812045821220624,0.916109964585085
high_debt_burden,full,Logistic L1,0.10561797752808989,0.7968253968253968,0.5803364022644585,0.916109964585085
high_debt_burden,full,Logistic L1,0.10690208667736757,0.7968253968253968,0.5791621859908885,0.916109964585085
high_debt_burden,full,Logistic L1,0.10690208667736757,0.7986394557823129,0.5753366567990165,0.916109964585085
high_debt_burden,full,Logistic L1,0.10722311396468699,0.7986394557823129,0.5750908086394104,0.916109964585085
high_debt_burden,full,Logistic L1,0.10722311396468699,0.8,0.5742046420041403,0.916109964585085
high_debt_burden,full,Logistic L1,0.10786516853932585,0.8,0.5729626874742506,0.916109964585085
high_debt_burden,full,Logistic L1,0.10786516853932585,0.800453514739229,0.5729171063004902,0.916109964585085
high_debt_burden,full,Logistic L1,0.10818619582664527,0.800453514739229,0.5715855874995932,0.916109964585085
high_debt_burden,full,Logistic L1,0.10818619582664527,0.8018140589569162,0.5700108457592171,0.916109964585085
high_debt_burden,full,Logistic L1,0.10850722311396468,0.8018140589569162,0.5696365923501943,0.916109964585085
high_debt_burden,full,Logistic L1,0.10850722311396468,0.8027210884353742,0.5691177964213293,0.916109964585085
high_debt_burden,full,Logistic L1,0.10914927768860354,0.8027210884353742,0.568482219353766,0.916109964585085
high_debt_burden,full,Logistic L1,0.10914927768860354,0.8031746031746032,0.5681606151256655,0.916109964585085
high_debt_burden,full,Logistic L1,0.10947030497592296,0.8031746031746032,0.5678766216029585,0.916109964585085
high_debt_burden,full,Logistic L1,0.10947030497592296,0.8036281179138322,0.566543800653281,0.916109964585085
high_debt_burden,full,Logistic L1,0.10979133226324238,0.8036281179138322,0.5662815502331149,0.916109964585085
high_debt_burden,full,Logistic L1,0.10979133226324238,0.8040816326530612,0.5661801364001398,0.916109964585085
high_debt_burden,full,Logistic L1,0.1101123595505618,0.8040816326530612,0.5656581905293065,0.916109964585085
high_debt_burden,full,Logistic L1,0.1101123595505618,0.8045351473922903,0.5654347318399516,0.916109964585085
high_debt_burden,full,Logistic L1,0.11043338683788122,0.8045351473922903,0.5651886947406262,0.916109964585085
high_debt_burden,full,Logistic L1,0.11043338683788122,0.8063492063492064,0.563592703227633,0.916109964585085
high_debt_burden,full,Logistic L1,0.11075441412520064,0.8063492063492064,0.563381633972775,0.916109964585085
high_debt_burden,full,Logistic L1,0.11075441412520064,0.8086167800453514,0.562246962731156,0.916109964585085
high_debt_burden,full,Logistic L1,0.11171749598715891,0.8086167800453514,0.5616954272180597,0.916109964585085
high_debt_burden,full,Logistic L1,0.11171749598715891,0.8095238095238095,0.5608995256753562,0.916109964585085
high_debt_burden,full,Logistic L1,0.11235955056179775,0.8095238095238095,0.5597970673744627,0.916109964585085
high_debt_burden,full,Logistic L1,0.11235955056179775,0.8108843537414966,0.5581177970963394,0.916109964585085
high_debt_burden,full,Logistic L1,0.11268057784911717,0.8108843537414966,0.5577940747665675,0.916109964585085
high_debt_burden,full,Logistic L1,0.11268057784911717,0.8113378684807256,0.5577342089068736,0.916109964585085
high_debt_burden,full,Logistic L1,0.1130016051364366,0.8113378684807256,0.5574127673992771,0.916109964585085
high_debt_burden,full,Logistic L1,0.1130016051364366,0.8126984126984127,0.5560607093767325,0.916109964585085
high_debt_burden,full,Logistic L1,0.11524879614767256,0.8126984126984127,0.5530557552704171,0.916109964585085
high_debt_burden,full,Logistic L1,0.11524879614767256,0.8145124716553288,0.5494306655291152,0.916109964585085
high_debt_burden,full,Logistic L1,0.11556982343499198,0.8145124716553288,0.548644615336094,0.916109964585085
high_debt_burden,full,Logistic L1,0.11556982343499198,0.8158730158730159,0.5429653556078917,0.916109964585085
high_debt_burden,full,Logistic L1,0.11653290529695023,0.8158730158730159,0.5424812807014965,0.916109964585085
high_debt_burden,full,Logistic L1,0.11653290529695023,0.8163265306122449,0.5424227018490627,0.916109964585085
high_debt_burden,full,Logistic L1,0.11749598715890851,0.8163265306122449,0.5401656220622253,0.916109964585085
high_debt_burden,full,Logistic L1,0.11749598715890851,0.819047619047619,0.5362654678274299,0.916109964585085
high_debt_burden,full,Logistic L1,0.11781701444622793,0.819047619047619,0.5352697523667425,0.916109964585085
high_debt_burden,full,Logistic L1,0.11781701444622793,0.8199546485260771,0.5348644817394543,0.916109964585085
high_debt_burden,full,Logistic L1,0.11813804173354735,0.8199546485260771,0.5347630605983583,0.916109964585085
high_debt_burden,full,Logistic L1,0.11813804173354735,0.8204081632653061,0.533694361233443,0.916109964585085
high_debt_burden,full,Logistic L1,0.11845906902086677,0.8204081632653061,0.5327921627456976,0.916109964585085
high_debt_burden,full,Logistic L1,0.11845906902086677,0.8222222222222222,0.5301835129458887,0.916109964585085
high_debt_burden,full,Logistic L1,0.1187800963081862,0.8222222222222222,0.5298525731811201,0.916109964585085
high_debt_burden,full,Logistic L1,0.1187800963081862,0.8235827664399092,0.526207485939044,0.916109964585085
high_debt_burden,full,Logistic L1,0.11942215088282504,0.8235827664399092,0.5242971546633357,0.916109964585085
high_debt_burden,full,Logistic L1,0.11942215088282504,0.8253968253968254,0.5224632730081473,0.916109964585085
high_debt_burden,full,Logistic L1,0.12006420545746388,0.8253968253968254,0.5212870395145648,0.916109964585085
high_debt_burden,full,Logistic L1,0.12006420545746388,0.8258503401360544,0.5201941441274788,0.916109964585085
high_debt_burden,full,Logistic L1,0.12102728731942215,0.8258503401360544,0.5170309568558503,0.916109964585085
high_debt_burden,full,Logistic L1,0.12102728731942215,0.8263038548752835,0.5170074141181263,0.916109964585085
high_debt_burden,full,Logistic L1,0.12134831460674157,0.8263038548752835,0.5158411999056266,0.916109964585085
high_debt_burden,full,Logistic L1,0.12134831460674157,0.8308390022675737,0.5107229626247242,0.916109964585085
high_debt_burden,full,Logistic L1,0.1232744783306581,0.8308390022675737,0.5090792606936805,0.916109964585085
high_debt_burden,full,Logistic L1,0.1232744783306581,0.8312925170068027,0.5085079729651644,0.916109964585085
high_debt_burden,full,Logistic L1,0.12359550561797752,0.8312925170068027,0.507705552436123,0.916109964585085
high_debt_burden,full,Logistic L1,0.12359550561797752,0.8317460317460318,0.5070957999645872,0.916109964585085
high_debt_burden,full,Logistic L1,0.12423756019261638,0.8317460317460318,0.5060547680350671,0.916109964585085
high_debt_burden,full,Logistic L1,0.12423756019261638,0.8331065759637188,0.5021882801476605,0.916109964585085
high_debt_burden,full,Logistic L1,0.1245585874799358,0.8331065759637188,0.5019559723986315,0.916109964585085
high_debt_burden,full,Logistic L1,0.1245585874799358,0.8335600907029479,0.5014615566244608,0.916109964585085
high_debt_burden,full,Logistic L1,0.12487961476725522,0.8335600907029479,0.5012902547043538,0.916109964585085
high_debt_burden,full,Logistic L1,0.12487961476725522,0.8340136054421768,0.5004130868496077,0.916109964585085
high_debt_burden,full,Logistic L1,0.12520064205457465,0.8340136054421768,0.5002377120074358,0.916109964585085
high_debt_burden,full,Logistic L1,0.12520064205457465,0.8344671201814059,0.5000131778172474,0.916109964585085
high_debt_burden,full,Logistic L1,0.12552166934189407,0.8344671201814059,0.4997227167266954,0.916109964585085
high_debt_burden,full,Logistic L1,0.12552166934189407,0.8353741496598639,0.49826610865962845,0.916109964585085
high_debt_burden,full,Logistic L1,0.1258426966292135,0.8353741496598639,0.4975895882407012,0.916109964585085
high_debt_burden,full,Logistic L1,0.1258426966292135,0.835827664399093,0.49568424997029603,0.916109964585085
high_debt_burden,full,Logistic L1,0.1261637239165329,0.835827664399093,0.495459743367546,0.916109964585085
high_debt_burden,full,Logistic L1,0.1261637239165329,0.8367346938775511,0.495179819122465,0.916109964585085
high_debt_burden,full,Logistic L1,0.12712680577849117,0.8367346938775511,0.4919133549862259,0.916109964585085
high_debt_burden,full,Logistic L1,0.12712680577849117,0.8380952380952381,0.4907865372914565,0.916109964585085
high_debt_burden,full,Logistic L1,0.12808988764044943,0.8380952380952381,0.4878335966080369,0.916109964585085
high_debt_burden,full,Logistic L1,0.12808988764044943,0.8385487528344672,0.4874827810390021,0.916109964585085
high_debt_burden,full,Logistic L1,0.12841091492776885,0.8385487528344672,0.4867466195906448,0.916109964585085
high_debt_burden,full,Logistic L1,0.12841091492776885,0.8403628117913832,0.48590386801992863,0.916109964585085
high_debt_burden,full,Logistic L1,0.1319422150882825,0.8403628117913832,0.4813824015370607,0.916109964585085
high_debt_burden,full,Logistic L1,0.1319422150882825,0.8408163265306122,0.481332615026046,0.916109964585085
high_debt_burden,full,Logistic L1,0.1322632423756019,0.8408163265306122,0.4809942257835007,0.916109964585085
high_debt_burden,full,Logistic L1,0.1322632423756019,0.8412698412698413,0.48073505181793413,0.916109964585085
high_debt_burden,full,Logistic L1,0.13258426966292136,0.8412698412698413,0.48027962179486705,0.916109964585085
high_debt_burden,full,Logistic L1,0.13258426966292136,0.8421768707482993,0.4799784003336187,0.916109964585085
high_debt_burden,full,Logistic L1,0.1332263242375602,0.8421768707482993,0.4791008128467106,0.916109964585085
high_debt_burden,full,Logistic L1,0.1332263242375602,0.8426303854875283,0.47808026974244217,0.916109964585085
high_debt_burden,full,Logistic L1,0.13451043338683788,0.8426303854875283,0.4770096826970358,0.916109964585085
high_debt_burden,full,Logistic L1,0.13451043338683788,0.8430839002267574,0.47582517147516024,0.916109964585085
high_debt_burden,full,Logistic L1,0.1348314606741573,0.8430839002267574,0.4753096260734236,0.916109964585085
high_debt_burden,full,Logistic L1,0.1348314606741573,0.8435374149659864,0.4752865847980388,0.916109964585085
high_debt_burden,full,Logistic L1,0.13547351524879614,0.8435374149659864,0.4746679853435947,0.916109964585085
high_debt_burden,full,Logistic L1,0.13547351524879614,0.8439909297052154,0.4743402937032154,0.916109964585085
high_debt_burden,full,Logistic L1,0.13611556982343498,0.8439909297052154,0.47313115934548305,0.916109964585085
high_debt_burden,full,Logistic L1,0.13611556982343498,0.8453514739229024,0.47206766794463406,0.916109964585085
high_debt_burden,full,Logistic L1,0.13675762439807385,0.8453514739229024,0.4711421342703349,0.916109964585085
high_debt_burden,full,Logistic L1,0.13675762439807385,0.8462585034013606,0.47052720428522066,0.916109964585085
high_debt_burden,full,Logistic L1,0.13707865168539327,0.8462585034013606,0.47037211532081097,0.916109964585085
high_debt_burden,full,Logistic L1,0.13707865168539327,0.8467120181405896,0.4699695541766394,0.916109964585085
high_debt_burden,full,Logistic L1,0.13739967897271269,0.8467120181405896,0.46913813815987043,0.916109964585085
high_debt_burden,full,Logistic L1,0.13739967897271269,0.8476190476190476,0.4678796938476697,0.916109964585085
high_debt_burden,full,Logistic L1,0.13964686998394862,0.8476190476190476,0.4639766993155286,0.916109964585085
high_debt_burden,full,Logistic L1,0.13964686998394862,0.8480725623582767,0.46370954366799383,0.916109964585085
high_debt_burden,full,Logistic L1,0.13996789727126807,0.8480725623582767,0.463037379324281,0.916109964585085
high_debt_burden,full,Logistic L1,0.13996789727126807,0.8485260770975057,0.46274582071965237,0.916109964585085
high_debt_burden,full,Logistic L1,0.14125200642054575,0.8485260770975057,0.4607771570265432,0.916109964585085
high_debt_burden,full,Logistic L1,0.14125200642054575,0.8494331065759637,0.46009875522178306,0.916109964585085
high_debt_burden,full,Logistic L1,0.14157303370786517,0.8494331065759637,0.45970249375359756,0.916109964585085
high_debt_burden,full,Logistic L1,0.14157303370786517,0.8503401360544217,0.45877862269996045,0.916109964585085
high_debt_burden,full,Logistic L1,0.1434991974317817,0.8503401360544217,0.45678038969075296,0.916109964585085
high_debt_burden,full,Logistic L1,0.1434991974317817,0.8512471655328798,0.45644485872643636,0.916109964585085
high_debt_burden,full,Logistic L1,0.14382022471910114,0.8512471655328798,0.45594003973509206,0.916109964585085
high_debt_burden,full,Logistic L1,0.14382022471910114,0.8517006802721089,0.45581548381860104,0.916109964585085
high_debt_burden,full,Logistic L1,0.1447833065810594,0.8517006802721089,0.45495348650493456,0.916109964585085
high_debt_burden,full,Logistic L1,0.1447833065810594,0.8521541950113378,0.45401761015533304,0.916109964585085
high_debt_burden,full,Logistic L1,0.14542536115569824,0.8521541950113378,0.4531747040299972,0.916109964585085
high_debt_burden,full,Logistic L1,0.14542536115569824,0.8526077097505669,0.4528892751699162,0.916109964585085
high_debt_burden,full,Logistic L1,0.14574638844301765,0.8526077097505669,0.45261464027278286,0.916109964585085
high_debt_burden,full,Logistic L1,0.14574638844301765,0.853514739229025,0.4517727105264526,0.916109964585085
high_debt_burden,full,Logistic L1,0.1463884430176565,0.853514739229025,0.4506342076959268,0.916109964585085
high_debt_burden,full,Logistic L1,0.1463884430176565,0.854421768707483,0.4497376243851145,0.916109964585085
high_debt_burden,full,Logistic L1,0.14703049759229533,0.854421768707483,0.4476932371894525,0.916109964585085
high_debt_burden,full,Logistic L1,0.14703049759229533,0.854875283446712,0.44749438394311797,0.916109964585085
high_debt_burden,full,Logistic L1,0.14799357945425362,0.854875283446712,0.4455677209328492,0.916109964585085
high_debt_burden,full,Logistic L1,0.14799357945425362,0.85578231292517,0.44548334473356455,0.916109964585085
high_debt_burden,full,Logistic L1,0.1492776886035313,0.85578231292517,0.4438547606917189,0.916109964585085
high_debt_burden,full,Logistic L1,0.1492776886035313,0.8566893424036282,0.44356964583796094,0.916109964585085
high_debt_burden,full,Logistic L1,0.14959871589085072,0.8566893424036282,0.44341731512117577,0.916109964585085
high_debt_burden,full,Logistic L1,0.14959871589085072,0.8575963718820862,0.44248747175969233,0.916109964585085
high_debt_burden,full,Logistic L1,0.15056179775280898,0.8575963718820862,0.4413399592023659,0.916109964585085
high_debt_burden,full,Logistic L1,0.15056179775280898,0.8585034013605443,0.4410762057317994,0.916109964585085
high_debt_burden,full,Logistic L1,0.15152487961476727,0.8585034013605443,0.4391067511632198,0.916109964585085
high_debt_burden,full,Logistic L1,0.15152487961476727,0.8594104308390023,0.4387178967226302,0.916109964585085
high_debt_burden,full,Logistic L1,0.15280898876404495,0.8594104308390023,0.43770845422437854,0.916109964585085
high_debt_burden,full,Logistic L1,0.15280898876404495,0.8603174603174604,0.4372774460919814,0.916109964585085
high_debt_burden,full,Logistic L1,0.15313001605136436,0.8603174603174604,0.4366701925152063,0.916109964585085
high_debt_burden,full,Logistic L1,0.15313001605136436,0.8607709750566893,0.4365094187142932,0.916109964585085
high_debt_burden,full,Logistic L1,0.15345104333868378,0.8607709750566893,0.4364111122986443,0.916109964585085
high_debt_burden,full,Logistic L1,0.15345104333868378,0.8612244897959184,0.4357316918431217,0.916109964585085
high_debt_burden,full,Logistic L1,0.1537720706260032,0.8612244897959184,0.43501000085556735,0.916109964585085
high_debt_burden,full,Logistic L1,0.1537720706260032,0.8616780045351474,0.4348451304209129,0.916109964585085
high_debt_burden,full,Logistic L1,0.15409309791332262,0.8616780045351474,0.4346198162731255,0.916109964585085
high_debt_burden,full,Logistic L1,0.15409309791332262,0.8621315192743764,0.4344749283459326,0.916109964585085
high_debt_burden,full,Logistic L1,0.15441412520064204,0.8621315192743764,0.4344069679679607,0.916109964585085
high_debt_burden,full,Logistic L1,0.15441412520064204,0.8639455782312925,0.4305492674317941,0.916109964585085
high_debt_burden,full,Logistic L1,0.15569823434991975,0.8639455782312925,0.42993386423940594,0.916109964585085
high_debt_burden,full,Logistic L1,0.15569823434991975,0.8657596371882086,0.42811650511987986,0.916109964585085
high_debt_burden,full,Logistic L1,0.156661316211878,0.8657596371882086,0.42670490884719287,0.916109964585085
high_debt_burden,full,Logistic L1,0.156661316211878,0.8666666666666667,0.4263245612989853,0.916109964585085
high_debt_burden,full,Logistic L1,0.1582664526484751,0.8666666666666667,0.42189379255077025,0.916109964585085
high_debt_burden,full,Logistic L1,0.1582664526484751,0.8671201814058956,0.42150705926641147,0.916109964585085
high_debt_burden,full,Logistic L1,0.15858747993579456,0.8671201814058956,0.42038090264457484,0.916109964585085
high_debt_burden,full,Logistic L1,0.15858747993579456,0.8675736961451247,0.4199099878988075,0.916109964585085
high_debt_burden,full,Logistic L1,0.15890850722311398,0.8675736961451247,0.41891683496337995,0.916109964585085
high_debt_burden,full,Logistic L1,0.15890850722311398,0.8680272108843538,0.41886294573316046,0.916109964585085
high_debt_burden,full,Logistic L1,0.1608346709470305,0.8680272108843538,0.41609227676146987,0.916109964585085
high_debt_burden,full,Logistic L1,0.1608346709470305,0.8684807256235828,0.41554269449177184,0.916109964585085
high_debt_burden,full,Logistic L1,0.16115569823434991,0.8684807256235828,0.4154267454416884,0.916109964585085
high_debt_burden,full,Logistic L1,0.16115569823434991,0.8693877551020408,0.4136432803403225,0.916109964585085
high_debt_burden,full,Logistic L1,0.16308186195826646,0.8693877551020408,0.4123594422034853,0.916109964585085
high_debt_burden,full,Logistic L1,0.16308186195826646,0.8698412698412699,0.41118872672892665,0.916109964585085
high_debt_burden,full,Logistic L1,0.16436597110754414,0.8698412698412699,0.4089650122948916,0.916109964585085
high_debt_burden,full,Logistic L1,0.16436597110754414,0.8707482993197279,0.4053399876716537,0.916109964585085
high_debt_burden,full,Logistic L1,0.16468699839486356,0.8707482993197279,0.4049388314840341,0.916109964585085
high_debt_burden,full,Logistic L1,0.16468699839486356,0.8712018140589569,0.4048742878586566,0.916109964585085
high_debt_burden,full,Logistic L1,0.1662921348314607,0.8712018140589569,0.40111236223191304,0.916109964585085
high_debt_burden,full,Logistic L1,0.1662921348314607,0.8721088435374149,0.39872914515270874,0.916109964585085
high_debt_burden,full,Logistic L1,0.16693418940609953,0.8721088435374149,0.39863022275182003,0.916109964585085
high_debt_burden,full,Logistic L1,0.16693418940609953,0.872562358276644,0.39712277791228084,0.916109964585085
high_debt_burden,full,Logistic L1,0.16757624398073837,0.872562358276644,0.3962047791550455,0.916109964585085
high_debt_burden,full,Logistic L1,0.16757624398073837,0.8734693877551021,0.39557835610992476,0.916109964585085
high_debt_burden,full,Logistic L1,0.16982343499197433,0.8734693877551021,0.39321743016968524,0.916109964585085
high_debt_burden,full,Logistic L1,0.16982343499197433,0.8743764172335601,0.3915019374007019,0.916109964585085
high_debt_burden,full,Logistic L1,0.17014446227929375,0.8743764172335601,0.3903265220589038,0.916109964585085
high_debt_burden,full,Logistic L1,0.17014446227929375,0.8757369614512471,0.38956345434974554,0.916109964585085
high_debt_burden,full,Logistic L1,0.17046548956661317,0.8757369614512471,0.38941249964106167,0.916109964585085
high_debt_burden,full,Logistic L1,0.17046548956661317,0.8766439909297052,0.3882679569626904,0.916109964585085
high_debt_burden,full,Logistic L1,0.17142857142857143,0.8766439909297052,0.3841883949590865,0.916109964585085
high_debt_burden,full,Logistic L1,0.17142857142857143,0.8770975056689342,0.3835139756326225,0.916109964585085
high_debt_burden,full,Logistic L1,0.1723916532905297,0.8770975056689342,0.38321306852166925,0.916109964585085
high_debt_burden,full,Logistic L1,0.1723916532905297,0.8780045351473923,0.37986541547841035,0.916109964585085
high_debt_burden,full,Logistic L1,0.17335473515248795,0.8780045351473923,0.3794072951067213,0.916109964585085
high_debt_burden,full,Logistic L1,0.17335473515248795,0.8789115646258503,0.37873288217104556,0.916109964585085
high_debt_burden,full,Logistic L1,0.17431781701444624,0.8789115646258503,0.3781232081204822,0.916109964585085
high_debt_burden,full,Logistic L1,0.17431781701444624,0.8793650793650793,0.37804178141765243,0.916109964585085
high_debt_burden,full,Logistic L1,0.17463884430176566,0.8793650793650793,0.3774467647595589,0.916109964585085
high_debt_burden,full,Logistic L1,0.17463884430176566,0.8798185941043084,0.3771211788214101,0.916109964585085
high_debt_burden,full,Logistic L1,0.17656500802568217,0.8798185941043084,0.3753375076399717,0.916109964585085
high_debt_burden,full,Logistic L1,0.17656500802568217,0.8802721088435375,0.37533644899833224,0.916109964585085
high_debt_burden,full,Logistic L1,0.177207062600321,0.8802721088435375,0.3746378518826578,0.916109964585085
high_debt_burden,full,Logistic L1,0.177207062600321,0.8807256235827664,0.3745878545776343,0.916109964585085
high_debt_burden,full,Logistic L1,0.17752808988764046,0.8807256235827664,0.37401666465594974,0.916109964585085
high_debt_burden,full,Logistic L1,0.17752808988764046,0.8811791383219955,0.3739454247818666,0.916109964585085
high_debt_burden,full,Logistic L1,0.1781701444622793,0.8811791383219955,0.37168147384532896,0.916109964585085
high_debt_burden,full,Logistic L1,0.1781701444622793,0.8820861678004536,0.3712451804242546,0.916109964585085
high_debt_burden,full,Logistic L1,0.17849117174959872,0.8820861678004536,0.3710612019363512,0.916109964585085
high_debt_burden,full,Logistic L1,0.17849117174959872,0.8829931972789116,0.37089083651296195,0.916109964585085
high_debt_burden,full,Logistic L1,0.17881219903691814,0.8829931972789116,0.3706941055704773,0.916109964585085
high_debt_burden,full,Logistic L1,0.17881219903691814,0.8839002267573696,0.3695651723587178,0.916109964585085
high_debt_burden,full,Logistic L1,0.17913322632423756,0.8839002267573696,0.36921463247360725,0.916109964585085
high_debt_burden,full,Logistic L1,0.17913322632423756,0.8843537414965986,0.36917248713556733,0.916109964585085
high_debt_burden,full,Logistic L1,0.1797752808988764,0.8843537414965986,0.3689099015806994,0.916109964585085
high_debt_burden,full,Logistic L1,0.1797752808988764,0.8848072562358277,0.3685091040206382,0.916109964585085
high_debt_burden,full,Logistic L1,0.18041733547351524,0.8848072562358277,0.3669376110350693,0.916109964585085
high_debt_burden,full,Logistic L1,0.18041733547351524,0.8852607709750567,0.36433364801969736,0.916109964585085
high_debt_burden,full,Logistic L1,0.18202247191011237,0.8852607709750567,0.36223167163735226,0.916109964585085
high_debt_burden,full,Logistic L1,0.18202247191011237,0.8857142857142857,0.361342120303569,0.916109964585085
high_debt_burden,full,Logistic L1,0.18298555377207062,0.8857142857142857,0.3608228117706742,0.916109964585085
high_debt_burden,full,Logistic L1,0.18298555377207062,0.8861678004535147,0.3608083988960207,0.916109964585085
high_debt_burden,full,Logistic L1,0.18362760834670946,0.8861678004535147,0.35938085649798535,0.916109964585085
high_debt_burden,full,Logistic L1,0.18362760834670946,0.8866213151927438,0.35924704088896087,0.916109964585085
high_debt_burden,full,Logistic L1,0.18587479935794543,0.8866213151927438,0.3559739221433028,0.916109964585085
high_debt_burden,full,Logistic L1,0.18587479935794543,0.8875283446712018,0.3537728679912138,0.916109964585085
high_debt_burden,full,Logistic L1,0.18844301765650082,0.8875283446712018,0.35013547449758203,0.916109964585085
high_debt_burden,full,Logistic L1,0.18844301765650082,0.8879818594104308,0.3497405152831326,0.916109964585085
high_debt_burden,full,Logistic L1,0.18908507223113966,0.8879818594104308,0.3496043490550721,0.916109964585085
high_debt_burden,full,Logistic L1,0.18908507223113966,0.8884353741496599,0.3492100970982677,0.916109964585085
high_debt_burden,full,Logistic L1,0.1926163723916533,0.8884353741496599,0.3467330757771935,0.916109964585085
high_debt_burden,full,Logistic L1,0.1926163723916533,0.8893424036281179,0.34486509979322216,0.916109964585085
high_debt_burden,full,Logistic L1,0.19325842696629214,0.8893424036281179,0.3443965181782128,0.916109964585085
high_debt_burden,full,Logistic L1,0.19325842696629214,0.889795918367347,0.3431365176268144,0.916109964585085
high_debt_burden,full,Logistic L1,0.19357945425361156,0.889795918367347,0.3424885035087085,0.916109964585085
high_debt_burden,full,Logistic L1,0.19357945425361156,0.890702947845805,0.3421447204434732,0.916109964585085
high_debt_burden,full,Logistic L1,0.19390048154093098,0.890702947845805,0.3421205603690112,0.916109964585085
high_debt_burden,full,Logistic L1,0.19390048154093098,0.891156462585034,0.3420157362266679,0.916109964585085
high_debt_burden,full,Logistic L1,0.19678972712680579,0.891156462585034,0.3393130250433078,0.916109964585085
high_debt_burden,full,Logistic L1,0.19678972712680579,0.8920634920634921,0.33919319901668493,0.916109964585085
high_debt_burden,full,Logistic L1,0.19807383627608346,0.8920634920634921,0.3383749287871,0.916109964585085
high_debt_burden,full,Logistic L1,0.19807383627608346,0.8934240362811792,0.33723001758900034,0.916109964585085
high_debt_burden,full,Logistic L1,0.19839486356340288,0.8934240362811792,0.3371603980974061,0.916109964585085
high_debt_burden,full,Logistic L1,0.19839486356340288,0.8943310657596372,0.33654282545329145,0.916109964585085
high_debt_burden,full,Logistic L1,0.1987158908507223,0.8943310657596372,0.3363696059127866,0.916109964585085
high_debt_burden,full,Logistic L1,0.1987158908507223,0.8947845804988662,0.3360880408086282,0.916109964585085
high_debt_burden,full,Logistic L1,0.20032102728731943,0.8947845804988662,0.3352193608096607,0.916109964585085
high_debt_burden,full,Logistic L1,0.20032102728731943,0.8952380952380953,0.3318338383252446,0.916109964585085
high_debt_burden,full,Logistic L1,0.20064205457463885,0.8952380952380953,0.33159583481216354,0.916109964585085
high_debt_burden,full,Logistic L1,0.20064205457463885,0.8961451247165533,0.33129957260288634,0.916109964585085
high_debt_burden,full,Logistic L1,0.20224719101123595,0.8961451247165533,0.3272300782227745,0.916109964585085
high_debt_burden,full,Logistic L1,0.20224719101123595,0.8965986394557823,0.3269829905811116,0.916109964585085
high_debt_burden,full,Logistic L1,0.20353130016051366,0.8965986394557823,0.32569667598044283,0.916109964585085
high_debt_burden,full,Logistic L1,0.20353130016051366,0.8970521541950114,0.325685941027965,0.916109964585085
high_debt_burden,full,Logistic L1,0.2041733547351525,0.8970521541950114,0.3244734758367513,0.916109964585085
high_debt_burden,full,Logistic L1,0.2041733547351525,0.8975056689342403,0.3240932266127075,0.916109964585085
high_debt_burden,full,Logistic L1,0.2057784911717496,0.8975056689342403,0.32356437600796994,0.916109964585085
high_debt_burden,full,Logistic L1,0.2057784911717496,0.8984126984126984,0.32302269010603374,0.916109964585085
high_debt_burden,full,Logistic L1,0.20738362760834672,0.8984126984126984,0.32032067151634946,0.916109964585085
high_debt_burden,full,Logistic L1,0.20738362760834672,0.8997732426303855,0.31920031765950824,0.916109964585085
high_debt_burden,full,Logistic L1,0.21059390048154092,0.8997732426303855,0.3155176561997029,0.916109964585085
high_debt_burden,full,Logistic L1,0.21059390048154092,0.9002267573696145,0.3151427372929191,0.916109964585085
high_debt_burden,full,Logistic L1,0.21348314606741572,0.9002267573696145,0.3098506289147955,0.916109964585085
high_debt_burden,full,Logistic L1,0.21348314606741572,0.9006802721088435,0.30978810561778336,0.916109964585085
high_debt_burden,full,Logistic L1,0.21380417335473514,0.9006802721088435,0.3097360827123968,0.916109964585085
high_debt_burden,full,Logistic L1,0.21380417335473514,0.9015873015873016,0.3090082125413752,0.916109964585085
high_debt_burden,full,Logistic L1,0.21476725521669343,0.9015873015873016,0.30742359549171605,0.916109964585085
high_debt_burden,full,Logistic L1,0.21476725521669343,0.9020408163265307,0.3069177374799095,0.916109964585085
high_debt_burden,full,Logistic L1,0.21958266452648476,0.9020408163265307,0.3020327404584535,0.916109964585085
high_debt_burden,full,Logistic L1,0.21958266452648476,0.9024943310657596,0.30139613488561984,0.916109964585085
high_debt_burden,full,Logistic L1,0.2202247191011236,0.9024943310657596,0.30081084844029743,0.916109964585085
high_debt_burden,full,Logistic L1,0.2202247191011236,0.9029478458049887,0.30071069970155806,0.916109964585085
high_debt_burden,full,Logistic L1,0.22054574638844301,0.9029478458049887,0.29955636177958145,0.916109964585085
high_debt_burden,full,Logistic L1,0.22054574638844301,0.9034013605442177,0.29926048241762376,0.916109964585085
high_debt_burden,full,Logistic L1,0.22215088282504014,0.9034013605442177,0.2977117110880545,0.916109964585085
high_debt_burden,full,Logistic L1,0.22215088282504014,0.9038548752834467,0.296968735639604,0.916109964585085
high_debt_burden,full,Logistic L1,0.2231139646869984,0.9038548752834467,0.2956889125392994,0.916109964585085
high_debt_burden,full,Logistic L1,0.2231139646869984,0.9043083900226757,0.2956522428544308,0.916109964585085
high_debt_burden,full,Logistic L1,0.22439807383627608,0.9043083900226757,0.2948298415822488,0.916109964585085
high_debt_burden,full,Logistic L1,0.22439807383627608,0.9047619047619048,0.29444812799335573,0.916109964585085
high_debt_burden,full,Logistic L1,0.22536115569823434,0.9047619047619048,0.291436171009673,0.916109964585085
high_debt_burden,full,Logistic L1,0.22536115569823434,0.9052154195011338,0.29092759198390317,0.916109964585085
high_debt_burden,full,Logistic L1,0.22728731942215089,0.9052154195011338,0.2885987478398052,0.916109964585085
high_debt_burden,full,Logistic L1,0.22728731942215089,0.9061224489795918,0.2871335678352809,0.916109964585085
high_debt_burden,full,Logistic L1,0.2276083467094703,0.9061224489795918,0.2869156853534652,0.916109964585085
high_debt_burden,full,Logistic L1,0.2276083467094703,0.9065759637188209,0.28651350924342783,0.916109964585085
high_debt_burden,full,Logistic L1,0.22792937399678972,0.9065759637188209,0.286272091692098,0.916109964585085
high_debt_burden,full,Logistic L1,0.22792937399678972,0.9070294784580499,0.2855524941338574,0.916109964585085
high_debt_burden,full,Logistic L1,0.22857142857142856,0.9070294784580499,0.28440474543102906,0.916109964585085
high_debt_burden,full,Logistic L1,0.22857142857142856,0.9079365079365079,0.28428853964170026,0.916109964585085
high_debt_burden,full,Logistic L1,0.23306581059390047,0.9079365079365079,0.2806437409971326,0.916109964585085
high_debt_burden,full,Logistic L1,0.23306581059390047,0.908390022675737,0.28061353680183654,0.916109964585085
high_debt_burden,full,Logistic L1,0.23338683788121992,0.908390022675737,0.2797562723483197,0.916109964585085
high_debt_burden,full,Logistic L1,0.23338683788121992,0.909750566893424,0.27732078155538487,0.916109964585085
high_debt_burden,full,Logistic L1,0.23531300160513643,0.909750566893424,0.27525451866319806,0.916109964585085
high_debt_burden,full,Logistic L1,0.23531300160513643,0.9102040816326531,0.2746527619106175,0.916109964585085
high_debt_burden,full,Logistic L1,0.23563402889245585,0.9102040816326531,0.27456411534220587,0.916109964585085
high_debt_burden,full,Logistic L1,0.23563402889245585,0.910657596371882,0.27426501340997056,0.916109964585085
high_debt_burden,full,Logistic L1,0.24012841091492776,0.910657596371882,0.26939284841001965,0.916109964585085
high_debt_burden,full,Logistic L1,0.24012841091492776,0.9111111111111111,0.26798810052272726,0.916109964585085
high_debt_burden,full,Logistic L1,0.24077046548956663,0.9111111111111111,0.2677720114796681,0.916109964585085
high_debt_burden,full,Logistic L1,0.24077046548956663,0.9115646258503401,0.2677674985083684,0.916109964585085
high_debt_burden,full,Logistic L1,0.24173354735152489,0.9115646258503401,0.26504859303615014,0.916109964585085
high_debt_burden,full,Logistic L1,0.24173354735152489,0.9120181405895692,0.26437321640242206,0.916109964585085
high_debt_burden,full,Logistic L1,0.24237560192616373,0.9120181405895692,0.26306291151812417,0.916109964585085
high_debt_burden,full,Logistic L1,0.24237560192616373,0.9124716553287981,0.26256509258541766,0.916109964585085
high_debt_burden,full,Logistic L1,0.24333868378812198,0.9124716553287981,0.2618409955300309,0.916109964585085
high_debt_burden,full,Logistic L1,0.24333868378812198,0.9129251700680272,0.2616990638833258,0.916109964585085
high_debt_burden,full,Logistic L1,0.2436597110754414,0.9129251700680272,0.26106309943732814,0.916109964585085
high_debt_burden,full,Logistic L1,0.2436597110754414,0.9133786848072563,0.2608715891320226,0.916109964585085
high_debt_burden,full,Logistic L1,0.2446227929373997,0.9133786848072563,0.2602963442034779,0.916109964585085
high_debt_burden,full,Logistic L1,0.2446227929373997,0.9138321995464853,0.2597071782700948,0.916109964585085
high_debt_burden,full,Logistic L1,0.24526484751203853,0.9138321995464853,0.25908171647904765,0.916109964585085
high_debt_burden,full,Logistic L1,0.24526484751203853,0.9142857142857143,0.2582461986762322,0.916109964585085
high_debt_burden,full,Logistic L1,0.24686998394863563,0.9142857142857143,0.2556202239469728,0.916109964585085
high_debt_burden,full,Logistic L1,0.24686998394863563,0.9151927437641724,0.2543913798766435,0.916109964585085
high_debt_burden,full,Logistic L1,0.24719101123595505,0.9151927437641724,0.2543293783807945,0.916109964585085
high_debt_burden,full,Logistic L1,0.24719101123595505,0.9156462585034013,0.25422122941448333,0.916109964585085
high_debt_burden,full,Logistic L1,0.24943820224719102,0.9156462585034013,0.2523421037948545,0.916109964585085
high_debt_burden,full,Logistic L1,0.24943820224719102,0.9160997732426304,0.2514994684223914,0.916109964585085
high_debt_burden,full,Logistic L1,0.2507223113964687,0.9160997732426304,0.25072231800758626,0.916109964585085
high_debt_burden,full,Logistic L1,0.2507223113964687,0.9174603174603174,0.24992934804545924,0.916109964585085
high_debt_burden,full,Logistic L1,0.25104333868378814,0.9174603174603174,0.24992707926995114,0.916109964585085
high_debt_burden,full,Logistic L1,0.25104333868378814,0.9179138321995465,0.24964728967029207,0.916109964585085
high_debt_burden,full,Logistic L1,0.251685393258427,0.9179138321995465,0.24866078734823252,0.916109964585085
high_debt_burden,full,Logistic L1,0.251685393258427,0.9183673469387755,0.24857777566301656,0.916109964585085
high_debt_burden,full,Logistic L1,0.2520064205457464,0.9183673469387755,0.2483582765247414,0.916109964585085
high_debt_burden,full,Logistic L1,0.2520064205457464,0.9188208616780046,0.24833242751912424,0.916109964585085
high_debt_burden,full,Logistic L1,0.25264847512038524,0.9188208616780046,0.2455726969793174,0.916109964585085
high_debt_burden,full,Logistic L1,0.25264847512038524,0.9192743764172335,0.2451956636423551,0.916109964585085
high_debt_burden,full,Logistic L1,0.2539325842696629,0.9192743764172335,0.24372998312999852,0.916109964585085
high_debt_burden,full,Logistic L1,0.2539325842696629,0.9197278911564626,0.24370453004316667,0.916109964585085
high_debt_burden,full,Logistic L1,0.25585874799357944,0.9197278911564626,0.2417912039288869,0.916109964585085
high_debt_burden,full,Logistic L1,0.25585874799357944,0.9201814058956916,0.24127344336605377,0.916109964585085
high_debt_burden,full,Logistic L1,0.25810593900481543,0.9201814058956916,0.23831596780563186,0.916109964585085
high_debt_burden,full,Logistic L1,0.25810593900481543,0.9206349206349206,0.23825344758072836,0.916109964585085
high_debt_burden,full,Logistic L1,0.25842696629213485,0.9206349206349206,0.23794629784143942,0.916109964585085
high_debt_burden,full,Logistic L1,0.25842696629213485,0.9210884353741496,0.23789201031172286,0.916109964585085
high_debt_burden,full,Logistic L1,0.25874799357945427,0.9210884353741496,0.23776404682698002,0.916109964585085
high_debt_burden,full,Logistic L1,0.25874799357945427,0.9219954648526077,0.2375558248088878,0.916109964585085
high_debt_burden,full,Logistic L1,0.26163723916532905,0.9219954648526077,0.23325061284776258,0.916109964585085
high_debt_burden,full,Logistic L1,0.26163723916532905,0.9224489795918367,0.23317576893112715,0.916109964585085
high_debt_burden,full,Logistic L1,0.2626003210272873,0.9224489795918367,0.23234918304495242,0.916109964585085
high_debt_burden,full,Logistic L1,0.2626003210272873,0.9233560090702948,0.23061193640304256,0.916109964585085
high_debt_burden,full,Logistic L1,0.2645264847512038,0.9233560090702948,0.22906515330137098,0.916109964585085
high_debt_burden,full,Logistic L1,0.2645264847512038,0.9238095238095239,0.22864517706993367,0.916109964585085
high_debt_burden,full,Logistic L1,0.266131621187801,0.9238095238095239,0.22786475288796573,0.916109964585085
high_debt_burden,full,Logistic L1,0.266131621187801,0.9242630385487528,0.22763998414991107,0.916109964585085
high_debt_burden,full,Logistic L1,0.2667736757624398,0.9242630385487528,0.22699841168850263,0.916109964585085
high_debt_burden,full,Logistic L1,0.2667736757624398,0.9247165532879819,0.22662606024652987,0.916109964585085
high_debt_burden,full,Logistic L1,0.26902086677367576,0.9247165532879819,0.22345522328056364,0.916109964585085
high_debt_burden,full,Logistic L1,0.26902086677367576,0.9251700680272109,0.2226162441884192,0.916109964585085
high_debt_burden,full,Logistic L1,0.27030497592295344,0.9251700680272109,0.22087114766918314,0.916109964585085
high_debt_burden,full,Logistic L1,0.27030497592295344,0.9256235827664399,0.22086588047194178,0.916109964585085
high_debt_burden,full,Logistic L1,0.27062600321027286,0.9256235827664399,0.22026344511539228,0.916109964585085
high_debt_burden,full,Logistic L1,0.27062600321027286,0.9260770975056689,0.22005266111484695,0.916109964585085
high_debt_burden,full,Logistic L1,0.27800963081861957,0.9260770975056689,0.21404456309640504,0.916109964585085
high_debt_burden,full,Logistic L1,0.27800963081861957,0.926530612244898,0.21380727855023227,0.916109964585085
high_debt_burden,full,Logistic L1,0.2786516853932584,0.926530612244898,0.213462589006749,0.916109964585085
high_debt_burden,full,Logistic L1,0.2786516853932584,0.926984126984127,0.21337599337831614,0.916109964585085
high_debt_burden,full,Logistic L1,0.27961476725521667,0.926984126984127,0.21213432646476998,0.916109964585085
high_debt_burden,full,Logistic L1,0.27961476725521667,0.927437641723356,0.2119258697769592,0.916109964585085
high_debt_burden,full,Logistic L1,0.27993579454253614,0.927437641723356,0.21144316803949156,0.916109964585085
high_debt_burden,full,Logistic L1,0.27993579454253614,0.927891156462585,0.21055164915435687,0.916109964585085
high_debt_burden,full,Logistic L1,0.2808988764044944,0.927891156462585,0.20915611379653107,0.916109964585085
high_debt_burden,full,Logistic L1,0.2808988764044944,0.9283446712018141,0.20906973704282777,0.916109964585085
high_debt_burden,full,Logistic L1,0.28314606741573034,0.9283446712018141,0.20733580022653514,0.916109964585085
high_debt_burden,full,Logistic L1,0.28314606741573034,0.9287981859410431,0.20703447656478413,0.916109964585085
high_debt_burden,full,Logistic L1,0.2857142857142857,0.9287981859410431,0.20327860227831576,0.916109964585085
high_debt_burden,full,Logistic L1,0.2857142857142857,0.9292517006802721,0.20326818529497578,0.916109964585085
high_debt_burden,full,Logistic L1,0.28667736757624396,0.9292517006802721,0.20225153511150898,0.916109964585085
high_debt_burden,full,Logistic L1,0.28667736757624396,0.9297052154195011,0.20225094396826931,0.916109964585085
high_debt_burden,full,Logistic L1,0.29085072231139647,0.9297052154195011,0.19842999391671845,0.916109964585085
high_debt_burden,full,Logistic L1,0.29085072231139647,0.9301587301587302,0.19838594459308015,0.916109964585085
high_debt_burden,full,Logistic L1,0.29341894060995183,0.9301587301587302,0.19650152332165916,0.916109964585085
high_debt_burden,full,Logistic L1,0.29341894060995183,0.9306122448979591,0.1960679221842316,0.916109964585085
high_debt_burden,full,Logistic L1,0.2947030497592295,0.9306122448979591,0.19487587611822138,0.916109964585085
high_debt_burden,full,Logistic L1,0.2947030497592295,0.9310657596371882,0.19471232916393755,0.916109964585085
high_debt_burden,full,Logistic L1,0.29630818619582666,0.9310657596371882,0.19362416743026958,0.916109964585085
high_debt_burden,full,Logistic L1,0.29630818619582666,0.9319727891156463,0.192777731033497,0.916109964585085
high_debt_burden,full,Logistic L1,0.29791332263242376,0.9319727891156463,0.19179275790337177,0.916109964585085
high_debt_burden,full,Logistic L1,0.29791332263242376,0.9324263038548752,0.1914967400145163,0.916109964585085
high_debt_burden,full,Logistic L1,0.2998394863563403,0.9324263038548752,0.1906425021198541,0.916109964585085
high_debt_burden,full,Logistic L1,0.2998394863563403,0.9328798185941043,0.19026688287847368,0.916109964585085
high_debt_burden,full,Logistic L1,0.3027287319422151,0.9328798185941043,0.18871154525426045,0.916109964585085
high_debt_burden,full,Logistic L1,0.3027287319422151,0.9333333333333333,0.18854774636982718,0.916109964585085
high_debt_burden,full,Logistic L1,0.3040128410914928,0.9333333333333333,0.1875965249705824,0.916109964585085
high_debt_burden,full,Logistic L1,0.3040128410914928,0.9337868480725624,0.18751234811013437,0.916109964585085
high_debt_burden,full,Logistic L1,0.3043338683788122,0.9337868480725624,0.18690633959355893,0.916109964585085
high_debt_burden,full,Logistic L1,0.3043338683788122,0.9342403628117913,0.18665407453254565,0.916109964585085
high_debt_burden,full,Logistic L1,0.30658105939004815,0.9342403628117913,0.18334800653211206,0.916109964585085
high_debt_burden,full,Logistic L1,0.30658105939004815,0.9351473922902495,0.18279221512253624,0.916109964585085
high_debt_burden,full,Logistic L1,0.307223113964687,0.9351473922902495,0.18234371120595716,0.916109964585085
high_debt_burden,full,Logistic L1,0.307223113964687,0.9356009070294785,0.18229919627475547,0.916109964585085
high_debt_burden,full,Logistic L1,0.3075441412520064,0.9356009070294785,0.1821327448135779,0.916109964585085
high_debt_burden,full,Logistic L1,0.3075441412520064,0.9360544217687075,0.18130053495725906,0.916109964585085
high_debt_burden,full,Logistic L1,0.3094703049759229,0.9360544217687075,0.17946018289316365,0.916109964585085
high_debt_burden,full,Logistic L1,0.3094703049759229,0.9365079365079365,0.1793941202832482,0.916109964585085
high_debt_burden,full,Logistic L1,0.3142857142857143,0.9365079365079365,0.17553234670278683,0.916109964585085
high_debt_burden,full,Logistic L1,0.3142857142857143,0.9374149659863945,0.17492759804355754,0.916109964585085
high_debt_burden,full,Logistic L1,0.3146067415730337,0.9374149659863945,0.17485297389511154,0.916109964585085
high_debt_burden,full,Logistic L1,0.3146067415730337,0.9383219954648526,0.1739645852938876,0.916109964585085
high_debt_burden,full,Logistic L1,0.31524879614767254,0.9383219954648526,0.17337180757646273,0.916109964585085
high_debt_burden,full,Logistic L1,0.31524879614767254,0.9387755102040817,0.17324492061554533,0.916109964585085
high_debt_burden,full,Logistic L1,0.31749598715890853,0.9387755102040817,0.17094857728668778,0.916109964585085
high_debt_burden,full,Logistic L1,0.31749598715890853,0.9396825396825397,0.17078610428954077,0.916109964585085
high_debt_burden,full,Logistic L1,0.3187800963081862,0.9396825396825397,0.1705460494850118,0.916109964585085
high_debt_burden,full,Logistic L1,0.3187800963081862,0.9405895691609978,0.1704355514393219,0.916109964585085
high_debt_burden,full,Logistic L1,0.31910112359550563,0.9405895691609978,0.17033691488999766,0.916109964585085
high_debt_burden,full,Logistic L1,0.31910112359550563,0.9414965986394558,0.16943768013607308,0.916109964585085
high_debt_burden,full,Logistic L1,0.32487961476725524,0.9414965986394558,0.1648882718105802,0.916109964585085
high_debt_burden,full,Logistic L1,0.32487961476725524,0.9428571428571428,0.16423643358124207,0.916109964585085
high_debt_burden,full,Logistic L1,0.3287319422150883,0.9428571428571428,0.16132194324471053,0.916109964585085
high_debt_burden,full,Logistic L1,0.3287319422150883,0.9433106575963719,0.16130121182826854,0.916109964585085
high_debt_burden,full,Logistic L1,0.3290529695024077,0.9433106575963719,0.16061427496932226,0.916109964585085
high_debt_burden,full,Logistic L1,0.3290529695024077,0.9442176870748299,0.16006639067627682,0.916109964585085
high_debt_burden,full,Logistic L1,0.33836276083467093,0.9442176870748299,0.1493462968070136,0.916109964585085
high_debt_burden,full,Logistic L1,0.33836276083467093,0.945124716553288,0.1488239492427158,0.916109964585085
high_debt_burden,full,Logistic L1,0.342215088282504,0.945124716553288,0.14656147001771763,0.916109964585085
high_debt_burden,full,Logistic L1,0.342215088282504,0.9455782312925171,0.14637372581308675,0.916109964585085
high_debt_burden,full,Logistic L1,0.34414125200642054,0.9455782312925171,0.1441156588356579,0.916109964585085
high_debt_burden,full,Logistic L1,0.34414125200642054,0.946031746031746,0.14390356577762708,0.916109964585085
high_debt_burden,full,Logistic L1,0.3454253611556982,0.946031746031746,0.14284577358733566,0.916109964585085
high_debt_burden,full,Logistic L1,0.3454253611556982,0.9464852607709751,0.14272072784898152,0.916109964585085
high_debt_burden,full,Logistic L1,0.3473515248796148,0.9464852607709751,0.14101919265342808,0.916109964585085
high_debt_burden,full,Logistic L1,0.3473515248796148,0.9473922902494331,0.14062424879674243,0.916109964585085
high_debt_burden,full,Logistic L1,0.354414125200642,0.9473922902494331,0.13681412621780642,0.916109964585085
high_debt_burden,full,Logistic L1,0.354414125200642,0.9478458049886621,0.13612465206246918,0.916109964585085
high_debt_burden,full,Logistic L1,0.35730337078651686,0.9478458049886621,0.13400142621293593,0.916109964585085
high_debt_burden,full,Logistic L1,0.35730337078651686,0.9482993197278912,0.13367217912844953,0.916109964585085
high_debt_burden,full,Logistic L1,0.36308186195826647,0.9482993197278912,0.13010119854995802,0.916109964585085
high_debt_burden,full,Logistic L1,0.36308186195826647,0.9487528344671202,0.1299642993030316,0.916109964585085
high_debt_burden,full,Logistic L1,0.3685393258426966,0.9487528344671202,0.12737912057602468,0.916109964585085
high_debt_burden,full,Logistic L1,0.3685393258426966,0.9492063492063492,0.1268254328931441,0.916109964585085
high_debt_burden,full,Logistic L1,0.3756019261637239,0.9492063492063492,0.12363089937577455,0.916109964585085
high_debt_burden,full,Logistic L1,0.3756019261637239,0.9496598639455782,0.1234670307895118,0.916109964585085
high_debt_burden,full,Logistic L1,0.3759229534510433,0.9496598639455782,0.12253936023632145,0.916109964585085
high_debt_burden,full,Logistic L1,0.3759229534510433,0.9501133786848073,0.12228538921794767,0.916109964585085
high_debt_burden,full,Logistic L1,0.37688603531300163,0.9501133786848073,0.12079731591793741,0.916109964585085
high_debt_burden,full,Logistic L1,0.37688603531300163,0.9505668934240363,0.12077536960312743,0.916109964585085
high_debt_burden,full,Logistic L1,0.379454253611557,0.9505668934240363,0.1195671886825193,0.916109964585085
high_debt_burden,full,Logistic L1,0.379454253611557,0.9510204081632653,0.11948540454455002,0.916109964585085
high_debt_burden,full,Logistic L1,0.3849117174959872,0.9510204081632653,0.11665577451152512,0.916109964585085
high_debt_burden,full,Logistic L1,0.3849117174959872,0.9514739229024943,0.11658554215133413,0.916109964585085
high_debt_burden,full,Logistic L1,0.38940609951845906,0.9514739229024943,0.11393981383418175,0.916109964585085
high_debt_burden,full,Logistic L1,0.38940609951845906,0.9519274376417234,0.11337841426831699,0.916109964585085
high_debt_burden,full,Logistic L1,0.3903691813804173,0.9519274376417234,0.11325517715115867,0.916109964585085
high_debt_burden,full,Logistic L1,0.3903691813804173,0.9523809523809523,0.1132225601945827,0.916109964585085
high_debt_burden,full,Logistic L1,0.39101123595505616,0.9523809523809523,0.11298038681122949,0.916109964585085
high_debt_burden,full,Logistic L1,0.39101123595505616,0.9528344671201814,0.11269534317863322,0.916109964585085
high_debt_burden,full,Logistic L1,0.3913322632423756,0.9528344671201814,0.11251968779676493,0.916109964585085
high_debt_burden,full,Logistic L1,0.3913322632423756,0.9532879818594104,0.11248655787773343,0.916109964585085
high_debt_burden,full,Logistic L1,0.391653290529695,0.9532879818594104,0.1124094256610653,0.916109964585085
high_debt_burden,full,Logistic L1,0.391653290529695,0.9537414965986395,0.11229436867414826,0.916109964585085
high_debt_burden,full,Logistic L1,0.3926163723916533,0.9537414965986395,0.11176714866616126,0.916109964585085
high_debt_burden,full,Logistic L1,0.3926163723916533,0.9541950113378684,0.111763628338556,0.916109964585085
high_debt_burden,full,Logistic L1,0.39486356340288925,0.9541950113378684,0.11119095254389658,0.916109964585085
high_debt_burden,full,Logistic L1,0.39486356340288925,0.9546485260770975,0.11108336856334207,0.916109964585085
high_debt_burden,full,Logistic L1,0.3955056179775281,0.9546485260770975,0.11038913196069976,0.916109964585085
high_debt_burden,full,Logistic L1,0.3955056179775281,0.9551020408163265,0.1103021307607187,0.916109964585085
high_debt_burden,full,Logistic L1,0.39678972712680577,0.9551020408163265,0.11000772022510354,0.916109964585085
high_debt_burden,full,Logistic L1,0.39678972712680577,0.9555555555555556,0.10989900327344856,0.916109964585085
high_debt_burden,full,Logistic L1,0.3993579454253612,0.9555555555555556,0.10902897473180811,0.916109964585085
high_debt_burden,full,Logistic L1,0.3993579454253612,0.9569160997732427,0.10841746433912275,0.916109964585085
high_debt_burden,full,Logistic L1,0.4016051364365971,0.9569160997732427,0.107083615051879,0.916109964585085
high_debt_burden,full,Logistic L1,0.4016051364365971,0.9578231292517007,0.10693098073756989,0.916109964585085
high_debt_burden,full,Logistic L1,0.4044943820224719,0.9578231292517007,0.10552556938403013,0.916109964585085
high_debt_burden,full,Logistic L1,0.4044943820224719,0.9582766439909297,0.10510291270384127,0.916109964585085
high_debt_burden,full,Logistic L1,0.4064205457463884,0.9582766439909297,0.10401451302799274,0.916109964585085
high_debt_burden,full,Logistic L1,0.4064205457463884,0.9587301587301588,0.10381866363728721,0.916109964585085
high_debt_burden,full,Logistic L1,0.408346709470305,0.9587301587301588,0.10289845171092554,0.916109964585085
high_debt_burden,full,Logistic L1,0.408346709470305,0.9591836734693877,0.10264389784343841,0.916109964585085
high_debt_burden,full,Logistic L1,0.41797752808988764,0.9591836734693877,0.09844017912547025,0.916109964585085
high_debt_burden,full,Logistic L1,0.41797752808988764,0.9596371882086168,0.09832582767723831,0.916109964585085
high_debt_burden,full,Logistic L1,0.4186195826645265,0.9596371882086168,0.09821825897933602,0.916109964585085
high_debt_burden,full,Logistic L1,0.4186195826645265,0.9600907029478458,0.098133447779786,0.916109964585085
high_debt_burden,full,Logistic L1,0.41990369181380416,0.9600907029478458,0.09689752606693396,0.916109964585085
high_debt_burden,full,Logistic L1,0.41990369181380416,0.9605442176870749,0.09612128546771204,0.916109964585085
high_debt_burden,full,Logistic L1,0.4202247191011236,0.9605442176870749,0.09579240130299731,0.916109964585085
high_debt_burden,full,Logistic L1,0.4202247191011236,0.9609977324263038,0.095550625091059,0.916109964585085
high_debt_burden,full,Logistic L1,0.42182985553772073,0.9609977324263038,0.09501999904713919,0.916109964585085
high_debt_burden,full,Logistic L1,0.42182985553772073,0.9614512471655329,0.09496592153567042,0.916109964585085
high_debt_burden,full,Logistic L1,0.42375601926163725,0.9614512471655329,0.09409445462115316,0.916109964585085
high_debt_burden,full,Logistic L1,0.42375601926163725,0.9619047619047619,0.09404906829927565,0.916109964585085
high_debt_burden,full,Logistic L1,0.42536115569823435,0.9619047619047619,0.09348143805824755,0.916109964585085
high_debt_burden,full,Logistic L1,0.42536115569823435,0.962358276643991,0.093321030074308,0.916109964585085
high_debt_burden,full,Logistic L1,0.42664526484751203,0.962358276643991,0.09300441505111565,0.916109964585085
high_debt_burden,full,Logistic L1,0.42664526484751203,0.9628117913832199,0.09292016194394359,0.916109964585085
high_debt_burden,full,Logistic L1,0.4279293739967897,0.9628117913832199,0.09227938174717432,0.916109964585085
high_debt_burden,full,Logistic L1,0.4279293739967897,0.963718820861678,0.09196854703559262,0.916109964585085
high_debt_burden,full,Logistic L1,0.4301765650080257,0.963718820861678,0.09062253362089935,0.916109964585085
high_debt_burden,full,Logistic L1,0.4301765650080257,0.964172335600907,0.09040609713811254,0.916109964585085
high_debt_burden,full,Logistic L1,0.4321027287319422,0.964172335600907,0.08948251481293601,0.916109964585085
high_debt_burden,full,Logistic L1,0.4321027287319422,0.964625850340136,0.08919586876068851,0.916109964585085
high_debt_burden,full,Logistic L1,0.43434991974317816,0.964625850340136,0.08859880793993466,0.916109964585085
high_debt_burden,full,Logistic L1,0.43434991974317816,0.9650793650793651,0.08852145191547832,0.916109964585085
high_debt_burden,full,Logistic L1,0.44719101123595506,0.9650793650793651,0.08316261305082816,0.916109964585085
high_debt_burden,full,Logistic L1,0.44719101123595506,0.9659863945578231,0.08298738389307082,0.916109964585085
high_debt_burden,full,Logistic L1,0.4680577849117175,0.9659863945578231,0.07547455474765484,0.916109964585085
high_debt_burden,full,Logistic L1,0.4680577849117175,0.9664399092970521,0.07537721685611215,0.916109964585085
high_debt_burden,full,Logistic L1,0.4728731942215088,0.9664399092970521,0.07349278062240507,0.916109964585085
high_debt_burden,full,Logistic L1,0.4728731942215088,0.9668934240362812,0.07342597161850337,0.916109964585085
high_debt_burden,full,Logistic L1,0.47768860353130016,0.9668934240362812,0.07152187617517763,0.916109964585085
high_debt_burden,full,Logistic L1,0.47768860353130016,0.9673469387755103,0.07139281639120891,0.916109964585085
high_debt_burden,full,Logistic L1,0.4825040128410915,0.9673469387755103,0.06915731878666077,0.916109964585085
high_debt_burden,full,Logistic L1,0.4825040128410915,0.9678004535147392,0.06915665051969913,0.916109964585085
high_debt_burden,full,Logistic L1,0.49534510433386836,0.9678004535147392,0.0654744440825329,0.916109964585085
high_debt_burden,full,Logistic L1,0.49534510433386836,0.9682539682539683,0.065409031828813,0.916109964585085
high_debt_burden,full,Logistic L1,0.49791332263242377,0.9682539682539683,0.06471600232083263,0.916109964585085
high_debt_burden,full,Logistic L1,0.49791332263242377,0.9687074829931973,0.06460746941758023,0.916109964585085
high_debt_burden,full,Logistic L1,0.5085072231139647,0.9687074829931973,0.06157442353909532,0.916109964585085
high_debt_burden,full,Logistic L1,0.5085072231139647,0.9691609977324263,0.06141819225868144,0.916109964585085
high_debt_burden,full,Logistic L1,0.5113964686998395,0.9691609977324263,0.05954328420564031,0.916109964585085
high_debt_burden,full,Logistic L1,0.5113964686998395,0.9696145124716553,0.05951016315489634,0.916109964585085
high_debt_burden,full,Logistic L1,0.513322632423756,0.9696145124716553,0.05889406519917432,0.916109964585085
high_debt_burden,full,Logistic L1,0.513322632423756,0.9700680272108844,0.058664874919148624,0.916109964585085
high_debt_burden,full,Logistic L1,0.5136436597110754,0.9700680272108844,0.0586597248289089,0.916109964585085
high_debt_burden,full,Logistic L1,0.5136436597110754,0.9705215419501134,0.05824128247999742,0.916109964585085
high_debt_burden,full,Logistic L1,0.5149277688603532,0.9705215419501134,0.057257941110394825,0.916109964585085
high_debt_burden,full,Logistic L1,0.5149277688603532,0.9709750566893424,0.05714839506965968,0.916109964585085
high_debt_burden,full,Logistic L1,0.5174959871589085,0.9709750566893424,0.05587147660414258,0.916109964585085
high_debt_burden,full,Logistic L1,0.5174959871589085,0.9714285714285714,0.05570034348146799,0.916109964585085
high_debt_burden,full,Logistic L1,0.5184590690208668,0.9714285714285714,0.055221194776363,0.916109964585085
high_debt_burden,full,Logistic L1,0.5184590690208668,0.9718820861678005,0.05512515546818577,0.916109964585085
high_debt_burden,full,Logistic L1,0.5232744783306581,0.9718820861678005,0.054130987971824335,0.916109964585085
high_debt_burden,full,Logistic L1,0.5232744783306581,0.9723356009070295,0.05370490756204369,0.916109964585085
high_debt_burden,full,Logistic L1,0.5235955056179775,0.9723356009070295,0.05366777133765256,0.916109964585085
high_debt_burden,full,Logistic L1,0.5235955056179775,0.9727891156462585,0.05350722861683757,0.916109964585085
high_debt_burden,full,Logistic L1,0.5271268057784911,0.9727891156462585,0.05254194134305893,0.916109964585085
high_debt_burden,full,Logistic L1,0.5271268057784911,0.9732426303854875,0.05252940796053512,0.916109964585085
high_debt_burden,full,Logistic L1,0.5274478330658106,0.9732426303854875,0.052476043164465344,0.916109964585085
high_debt_burden,full,Logistic L1,0.5274478330658106,0.9736961451247166,0.0524622354312442,0.916109964585085
high_debt_burden,full,Logistic L1,0.5296950240770465,0.9736961451247166,0.0518673337225652,0.916109964585085
high_debt_burden,full,Logistic L1,0.5296950240770465,0.9741496598639455,0.05184139619651612,0.916109964585085
high_debt_burden,full,Logistic L1,0.5316211878009631,0.9741496598639455,0.05127566830559189,0.916109964585085
high_debt_burden,full,Logistic L1,0.5316211878009631,0.9746031746031746,0.05122693933202393,0.916109964585085
high_debt_burden,full,Logistic L1,0.532263242375602,0.9746031746031746,0.051108358557879256,0.916109964585085
high_debt_burden,full,Logistic L1,0.532263242375602,0.9750566893424036,0.05108011126941962,0.916109964585085
high_debt_burden,full,Logistic L1,0.5354735152487962,0.9750566893424036,0.050530361236760815,0.916109964585085
high_debt_burden,full,Logistic L1,0.5354735152487962,0.9755102040816327,0.05033293424445053,0.916109964585085
high_debt_burden,full,Logistic L1,0.536115569823435,0.9755102040816327,0.04994448292937534,0.916109964585085
high_debt_burden,full,Logistic L1,0.536115569823435,0.9759637188208616,0.049832283728401,0.916109964585085
high_debt_burden,full,Logistic L1,0.539967897271268,0.9759637188208616,0.04912760598975484,0.916109964585085
high_debt_burden,full,Logistic L1,0.539967897271268,0.9768707482993197,0.049022245642449454,0.916109964585085
high_debt_burden,full,Logistic L1,0.5473515248796148,0.9768707482993197,0.047614041292112434,0.916109964585085
high_debt_burden,full,Logistic L1,0.5473515248796148,0.9773242630385488,0.047598433797250504,0.916109964585085
high_debt_burden,full,Logistic L1,0.5476725521669342,0.9773242630385488,0.047587206331321824,0.916109964585085
high_debt_burden,full,Logistic L1,0.5476725521669342,0.9777777777777777,0.04754805135924928,0.916109964585085
high_debt_burden,full,Logistic L1,0.5499197431781702,0.9777777777777777,0.04728483254435185,0.916109964585085
high_debt_burden,full,Logistic L1,0.5499197431781702,0.9782312925170068,0.047275625216730975,0.916109964585085
high_debt_burden,full,Logistic L1,0.5537720706260032,0.9782312925170068,0.046689405097895466,0.916109964585085
high_debt_burden,full,Logistic L1,0.5537720706260032,0.9786848072562359,0.04661584950490085,0.916109964585085
high_debt_burden,full,Logistic L1,0.556661316211878,0.9786848072562359,0.045896644326429294,0.916109964585085
high_debt_burden,full,Logistic L1,0.556661316211878,0.9791383219954648,0.045853755785747984,0.916109964585085
high_debt_burden,full,Logistic L1,0.5614767255216694,0.9791383219954648,0.044656552089438875,0.916109964585085
high_debt_burden,full,Logistic L1,0.5614767255216694,0.9795918367346939,0.044624766657053214,0.916109964585085
high_debt_burden,full,Logistic L1,0.5685393258426966,0.9795918367346939,0.043098457623193476,0.916109964585085
high_debt_burden,full,Logistic L1,0.5685393258426966,0.9800453514739229,0.04281802741827622,0.916109964585085
high_debt_burden,full,Logistic L1,0.5852327447833066,0.9800453514739229,0.039700743018819276,0.916109964585085
high_debt_burden,full,Logistic L1,0.5852327447833066,0.980498866213152,0.03936833959969137,0.916109964585085
high_debt_burden,full,Logistic L1,0.585553772070626,0.980498866213152,0.03935818664675181,0.916109964585085
high_debt_burden,full,Logistic L1,0.585553772070626,0.9809523809523809,0.039346645471936004,0.916109964585085
high_debt_burden,full,Logistic L1,0.5980738362760835,0.9809523809523809,0.03704936768327396,0.916109964585085
high_debt_burden,full,Logistic L1,0.5980738362760835,0.981859410430839,0.037038066196465234,0.916109964585085
high_debt_burden,full,Logistic L1,0.6012841091492777,0.981859410430839,0.03665743162578244,0.916109964585085
high_debt_burden,full,Logistic L1,0.6012841091492777,0.9823129251700681,0.036573719279411866,0.916109964585085
high_debt_burden,full,Logistic L1,0.6138041733547351,0.9823129251700681,0.03486291272569898,0.916109964585085
high_debt_burden,full,Logistic L1,0.6138041733547351,0.982766439909297,0.03483010389414145,0.916109964585085
high_debt_burden,full,Logistic L1,0.6208667736757625,0.982766439909297,0.033621463979632074,0.916109964585085
high_debt_burden,full,Logistic L1,0.6208667736757625,0.9832199546485261,0.03362070293317197,0.916109964585085
high_debt_burden,full,Logistic L1,0.6292134831460674,0.9832199546485261,0.03225549954404805,0.916109964585085
high_debt_burden,full,Logistic L1,0.6292134831460674,0.9836734693877551,0.032244066015209794,0.916109964585085
high_debt_burden,full,Logistic L1,0.6619582664526484,0.9836734693877551,0.02871385822576152,0.916109964585085
high_debt_burden,full,Logistic L1,0.6619582664526484,0.9841269841269841,0.02868106276747254,0.916109964585085
high_debt_burden,full,Logistic L1,0.6693418940609952,0.9841269841269841,0.027739253027435476,0.916109964585085
high_debt_burden,full,Logistic L1,0.6693418940609952,0.9845804988662131,0.0276912326951727,0.916109964585085
high_debt_burden,full,Logistic L1,0.6709470304975923,0.9845804988662131,0.027582200401262504,0.916109964585085
high_debt_burden,full,Logistic L1,0.6709470304975923,0.9850340136054422,0.027539031715789072,0.916109964585085
high_debt_burden,full,Logistic L1,0.6828250401284109,0.9850340136054422,0.02587782540221716,0.916109964585085
high_debt_burden,full,Logistic L1,0.6828250401284109,0.9854875283446712,0.025841820551484134,0.916109964585085
high_debt_burden,full,Logistic L1,0.6841091492776886,0.9854875283446712,0.02565733485563785,0.916109964585085
high_debt_burden,full,Logistic L1,0.6841091492776886,0.9859410430839002,0.025582733699652818,0.916109964585085
high_debt_burden,full,Logistic L1,0.6943820224719102,0.9859410430839002,0.024359284695207744,0.916109964585085
high_debt_burden,full,Logistic L1,0.6943820224719102,0.9863945578231292,0.02433254428645572,0.916109964585085
high_debt_burden,full,Logistic L1,0.6998394863563403,0.9863945578231292,0.023656319002725763,0.916109964585085
high_debt_burden,full,Logistic L1,0.6998394863563403,0.9868480725623583,0.023653956545840463,0.916109964585085
high_debt_burden,full,Logistic L1,0.7107544141252007,0.9868480725623583,0.02265660186670139,0.916109964585085
high_debt_burden,full,Logistic L1,0.7107544141252007,0.9873015873015873,0.022656003881556943,0.916109964585085
high_debt_burden,full,Logistic L1,0.7165329052969502,0.9873015873015873,0.022287873522005907,0.916109964585085
high_debt_burden,full,Logistic L1,0.7165329052969502,0.9877551020408163,0.022199810070025392,0.916109964585085
high_debt_burden,full,Logistic L1,0.7197431781701444,0.9877551020408163,0.021852253389754307,0.916109964585085
high_debt_burden,full,Logistic L1,0.7197431781701444,0.9882086167800453,0.021813687585524908,0.916109964585085
high_debt_burden,full,Logistic L1,0.7248796147672553,0.9882086167800453,0.021407746665646182,0.916109964585085
high_debt_burden,full,Logistic L1,0.7248796147672553,0.9886621315192744,0.021407178830221633,0.916109964585085
high_debt_burden,full,Logistic L1,0.7383627608346709,0.9886621315192744,0.02017037669029753,0.916109964585085
high_debt_burden,full,Logistic L1,0.7383627608346709,0.9891156462585035,0.020164377517589614,0.916109964585085
high_debt_burden,full,Logistic L1,0.7512038523274478,0.9891156462585035,0.018897740882791614,0.916109964585085
high_debt_burden,full,Logistic L1,0.7512038523274478,0.9895691609977324,0.018796414680949208,0.916109964585085
high_debt_burden,full,Logistic L1,0.7624398073836276,0.9895691609977324,0.01787239416052267,0.916109964585085
high_debt_burden,full,Logistic L1,0.7624398073836276,0.9900226757369615,0.017869036560033764,0.916109964585085
high_debt_burden,full,Logistic L1,0.7871589085072231,0.9900226757369615,0.015851794129481164,0.916109964585085
high_debt_burden,full,Logistic L1,0.7871589085072231,0.9904761904761905,0.015847129139124283,0.916109964585085
high_debt_burden,full,Logistic L1,0.7983948635634028,0.9904761904761905,0.015151468415212282,0.916109964585085
high_debt_burden,full,Logistic L1,0.7983948635634028,0.9909297052154195,0.015142696399706687,0.916109964585085
high_debt_burden,full,Logistic L1,0.8089887640449438,0.9909297052154195,0.01438943217995871,0.916109964585085
high_debt_burden,full,Logistic L1,0.8089887640449438,0.9913832199546485,0.014347786954472011,0.916109964585085
high_debt_burden,full,Logistic L1,0.8096308186195826,0.9913832199546485,0.01429963948891811,0.916109964585085
high_debt_burden,full,Logistic L1,0.8096308186195826,0.9918367346938776,0.014274438084162906,0.916109964585085
high_debt_burden,full,Logistic L1,0.8138041733547352,0.9918367346938776,0.014014726504092329,0.916109964585085
high_debt_burden,full,Logistic L1,0.8138041733547352,0.9922902494331066,0.014011154524338935,0.916109964585085
high_debt_burden,full,Logistic L1,0.8195826645264848,0.9922902494331066,0.01360008693613487,0.916109964585085
high_debt_burden,full,Logistic L1,0.8195826645264848,0.9927437641723356,0.013591652889714194,0.916109964585085
high_debt_burden,full,Logistic L1,0.8218298555377207,0.9927437641723356,0.013405217673261884,0.916109964585085
high_debt_burden,full,Logistic L1,0.8218298555377207,0.9931972789115646,0.013403012914164873,0.916109964585085
high_debt_burden,full,Logistic L1,0.8263242375601926,0.9931972789115646,0.013104488270081425,0.916109964585085
high_debt_burden,full,Logistic L1,0.8263242375601926,0.9936507936507937,0.013079657379994955,0.916109964585085
high_debt_burden,full,Logistic L1,0.8340288924558588,0.9936507936507937,0.012559641702945306,0.916109964585085
high_debt_burden,full,Logistic L1,0.8340288924558588,0.9941043083900227,0.012557794532972545,0.916109964585085
high_debt_burden,full,Logistic L1,0.8439807383627609,0.9941043083900227,0.011936938518213508,0.916109964585085
high_debt_burden,full,Logistic L1,0.8439807383627609,0.9945578231292517,0.011933255196432948,0.916109964585085
high_debt_burden,full,Logistic L1,0.8536115569823435,0.9945578231292517,0.011401118177663839,0.916109964585085
high_debt_burden,full,Logistic L1,0.8536115569823435,0.9950113378684807,0.011373149224837871,0.916109964585085
high_debt_burden,full,Logistic L1,0.8542536115569823,0.9950113378684807,0.011352759669965863,0.916109964585085
high_debt_burden,full,Logistic L1,0.8542536115569823,0.9954648526077098,0.011347465916430861,0.916109964585085
high_debt_burden,full,Logistic L1,0.8747993579454254,0.9954648526077098,0.010136863905877,0.916109964585085
high_debt_burden,full,Logistic L1,0.8747993579454254,0.9959183673469387,0.0101324840914269,0.916109964585085
high_debt_burden,full,Logistic L1,0.8857142857142857,0.9959183673469387,0.009305802905484809,0.916109964585085
high_debt_burden,full,Logistic L1,0.8857142857142857,0.9963718820861678,0.00928465796466556,0.916109964585085
high_debt_burden,full,Logistic L1,0.8886035313001606,0.9963718820861678,0.009153783469475853,0.916109964585085
high_debt_burden,full,Logistic L1,0.8886035313001606,0.9968253968253968,0.009150932355599132,0.916109964585085
high_debt_burden,full,Logistic L1,0.909470304975923,0.9968253968253968,0.008027803378435103,0.916109964585085
high_debt_burden,full,Logistic L1,0.909470304975923,0.9972789115646259,0.007980786762850153,0.916109964585085
high_debt_burden,full,Logistic L1,0.9165329052969502,0.9972789115646259,0.007617054845884528,0.916109964585085
high_debt_burden,full,Logistic L1,0.9165329052969502,0.9977324263038548,0.007579002739141649,0.916109964585085
high_debt_burden,full,Logistic L1,0.921669341894061,0.9977324263038548,0.007352271849967538,0.916109964585085
high_debt_burden,full,Logistic L1,0.921669341894061,0.9981859410430839,0.007319513427342693,0.916109964585085
high_debt_burden,full,Logistic L1,0.9229534510433387,0.9981859410430839,0.007240632176401667,0.916109964585085
high_debt_burden,full,Logistic L1,0.9229534510433387,0.998639455782313,0.007225087545625607,0.916109964585085
high_debt_burden,full,Logistic L1,0.9242375601926164,0.998639455782313,0.007125603112654765,0.916109964585085
high_debt_burden,full,Logistic L1,0.9242375601926164,0.999092970521542,0.007122762390209756,0.916109964585085
high_debt_burden,full,Logistic L1,0.9309791332263242,0.999092970521542,0.0066688941516889364,0.916109964585085
high_debt_burden,full,Logistic L1,0.9309791332263242,0.999546485260771,0.006661120317392003,0.916109964585085
high_debt_burden,full,Logistic L1,0.977207062600321,0.999546485260771,0.003850308538379092,0.916109964585085
high_debt_burden,full,Logistic L1,0.977207062600321,1.0,0.003815290285575649,0.916109964585085
high_debt_burden,full,Logistic L1,1.0,1.0,0.0003853768462110348,0.916109964585085
high_debt_burden,full,LDA,0.0,0.0,inf,0.913517723836458
high_debt_burden,full,LDA,0.0,0.00045351473922902497,0.9999878558998898,0.913517723836458
high_debt_burden,full,LDA,0.0,0.042630385487528344,0.9980756640281359,0.913517723836458
high_debt_burden,full,LDA,0.00032102728731942215,0.042630385487528344,0.9980109134624717,0.913517723836458
high_debt_burden,full,LDA,0.00032102728731942215,0.06666666666666667,0.9959017370177525,0.913517723836458
high_debt_burden,full,LDA,0.0006420545746388443,0.06666666666666667,0.9958920250347022,0.913517723836458
high_debt_burden,full,LDA,0.0006420545746388443,0.09433106575963719,0.9912049783974832,0.913517723836458
high_debt_burden,full,LDA,0.0009630818619582664,0.09433106575963719,0.9910641691151707,0.913517723836458
high_debt_burden,full,LDA,0.0009630818619582664,0.12789115646258503,0.985049257137313,0.913517723836458
high_debt_burden,full,LDA,0.0012841091492776886,0.12789115646258503,0.9847625721250207,0.913517723836458
high_debt_burden,full,LDA,0.0012841091492776886,0.13378684807256236,0.9838226526094089,0.913517723836458
high_debt_burden,full,LDA,0.0016051364365971107,0.13378684807256236,0.9835754757535189,0.913517723836458
high_debt_burden,full,LDA,0.0016051364365971107,0.16054421768707483,0.9777880710809859,0.913517723836458
high_debt_burden,full,LDA,0.0019261637239165329,0.16054421768707483,0.9777235130852572,0.913517723836458
high_debt_burden,full,LDA,0.0019261637239165329,0.163718820861678,0.976601576138253,0.913517723836458
high_debt_burden,full,LDA,0.0022471910112359553,0.163718820861678,0.976540146420636,0.913517723836458
high_debt_burden,full,LDA,0.0022471910112359553,0.16417233560090702,0.9765140265919334,0.913517723836458
high_debt_burden,full,LDA,0.002568218298555377,0.16417233560090702,0.9765009794400455,0.913517723836458
high_debt_burden,full,LDA,0.002568218298555377,0.16825396825396827,0.9754042551871167,0.913517723836458
high_debt_burden,full,LDA,0.0028892455858747996,0.16825396825396827,0.9753230710458493,0.913517723836458
high_debt_burden,full,LDA,0.0028892455858747996,0.17142857142857143,0.9745055188391928,0.913517723836458
high_debt_burden,full,LDA,0.003531300160513644,0.17142857142857143,0.9744703607019854,0.913517723836458
high_debt_burden,full,LDA,0.003531300160513644,0.1782312925170068,0.9724786546079962,0.913517723836458
high_debt_burden,full,LDA,0.004173354735152488,0.1782312925170068,0.9719653050061412,0.913517723836458
high_debt_burden,full,LDA,0.004173354735152488,0.19229024943310657,0.9672154696661494,0.913517723836458
high_debt_burden,full,LDA,0.0044943820224719105,0.19229024943310657,0.967213601549716,0.913517723836458
high_debt_burden,full,LDA,0.0044943820224719105,0.19319727891156463,0.9665808689366056,0.913517723836458
high_debt_burden,full,LDA,0.004815409309791332,0.19319727891156463,0.9665234022536638,0.913517723836458
high_debt_burden,full,LDA,0.004815409309791332,0.19546485260770974,0.966027489664021,0.913517723836458
high_debt_burden,full,LDA,0.005136436597110754,0.19546485260770974,0.9659075334483253,0.913517723836458
high_debt_burden,full,LDA,0.005136436597110754,0.2036281179138322,0.9640607846882796,0.913517723836458
high_debt_burden,full,LDA,0.005457463884430177,0.2036281179138322,0.9640391560682252,0.913517723836458
high_debt_burden,full,LDA,0.005457463884430177,0.2072562358276644,0.9632843601621472,0.913517723836458
high_debt_burden,full,LDA,0.005778491171749599,0.2072562358276644,0.9626944303069458,0.913517723836458
high_debt_burden,full,LDA,0.005778491171749599,0.2113378684807256,0.9617597800389438,0.913517723836458
high_debt_burden,full,LDA,0.006099518459069021,0.2113378684807256,0.9615146009236,0.913517723836458
high_debt_burden,full,LDA,0.006099518459069021,0.21315192743764172,0.9611931775303577,0.913517723836458
high_debt_burden,full,LDA,0.006420545746388443,0.21315192743764172,0.9607282046238682,0.913517723836458
high_debt_burden,full,LDA,0.006420545746388443,0.21904761904761905,0.9592161476976145,0.913517723836458
high_debt_burden,full,LDA,0.006741573033707865,0.21904761904761905,0.9590742909251513,0.913517723836458
high_debt_burden,full,LDA,0.006741573033707865,0.22811791383219954,0.9554889111692417,0.913517723836458
high_debt_burden,full,LDA,0.007062600321027288,0.22811791383219954,0.9553242392547776,0.913517723836458
high_debt_burden,full,LDA,0.007062600321027288,0.2308390022675737,0.9540661906156875,0.913517723836458
high_debt_burden,full,LDA,0.007383627608346709,0.2308390022675737,0.9539040439008112,0.913517723836458
high_debt_burden,full,LDA,0.007383627608346709,0.23129251700680273,0.9535804081175627,0.913517723836458
high_debt_burden,full,LDA,0.0077046548956661316,0.23129251700680273,0.953528408041303,0.913517723836458
high_debt_burden,full,LDA,0.0077046548956661316,0.236281179138322,0.951677670881082,0.913517723836458
high_debt_burden,full,LDA,0.008025682182985553,0.236281179138322,0.9514330423098415,0.913517723836458
high_debt_burden,full,LDA,0.008025682182985553,0.23900226757369614,0.9502137108505014,0.913517723836458
high_debt_burden,full,LDA,0.008346709470304976,0.23900226757369614,0.9502131947808626,0.913517723836458
high_debt_burden,full,LDA,0.008346709470304976,0.23945578231292516,0.9499880009727739,0.913517723836458
high_debt_burden,full,LDA,0.008667736757624398,0.23945578231292516,0.9496885318121597,0.913517723836458
high_debt_burden,full,LDA,0.008667736757624398,0.24897959183673468,0.9475181272210724,0.913517723836458
high_debt_burden,full,LDA,0.008988764044943821,0.24897959183673468,0.9473366846973225,0.913517723836458
high_debt_burden,full,LDA,0.008988764044943821,0.24988662131519274,0.9470974096630297,0.913517723836458
high_debt_burden,full,LDA,0.009630818619582664,0.24988662131519274,0.9469199618208833,0.913517723836458
high_debt_burden,full,LDA,0.009630818619582664,0.25351473922902495,0.9451153909302328,0.913517723836458
high_debt_burden,full,LDA,0.009951845906902087,0.25351473922902495,0.9450854646431934,0.913517723836458
high_debt_burden,full,LDA,0.009951845906902087,0.25532879818594106,0.9448367132135431,0.913517723836458
high_debt_burden,full,LDA,0.010272873194221509,0.25532879818594106,0.9447612852162593,0.913517723836458
high_debt_burden,full,LDA,0.010272873194221509,0.25804988662131517,0.9436279138819506,0.913517723836458
high_debt_burden,full,LDA,0.01059390048154093,0.25804988662131517,0.9433725548163482,0.913517723836458
high_debt_burden,full,LDA,0.01059390048154093,0.26258503401360545,0.942488859258974,0.913517723836458
high_debt_burden,full,LDA,0.010914927768860353,0.26258503401360545,0.9422372558406683,0.913517723836458
high_debt_burden,full,LDA,0.010914927768860353,0.2680272108843537,0.9407236645239903,0.913517723836458
high_debt_burden,full,LDA,0.011235955056179775,0.2680272108843537,0.9406901450314765,0.913517723836458
high_debt_burden,full,LDA,0.011235955056179775,0.272562358276644,0.9391412506324899,0.913517723836458
high_debt_burden,full,LDA,0.011556982343499198,0.272562358276644,0.9389445334375396,0.913517723836458
high_debt_burden,full,LDA,0.011556982343499198,0.2748299319727891,0.9384537810602241,0.913517723836458
high_debt_burden,full,LDA,0.01187800963081862,0.2748299319727891,0.9384524900426493,0.913517723836458
high_debt_burden,full,LDA,0.01187800963081862,0.28208616780045354,0.9365979646741511,0.913517723836458
high_debt_burden,full,LDA,0.012199036918138041,0.28208616780045354,0.9365713852660117,0.913517723836458
high_debt_burden,full,LDA,0.012199036918138041,0.2857142857142857,0.9360886309948061,0.913517723836458
high_debt_burden,full,LDA,0.012520064205457464,0.2857142857142857,0.9359284835038356,0.913517723836458
high_debt_burden,full,LDA,0.012520064205457464,0.2870748299319728,0.9353945185216077,0.913517723836458
high_debt_burden,full,LDA,0.012841091492776886,0.2870748299319728,0.9353364037424724,0.913517723836458
high_debt_burden,full,LDA,0.012841091492776886,0.2925170068027211,0.9340299316992403,0.913517723836458
high_debt_burden,full,LDA,0.013162118780096307,0.2925170068027211,0.9339704565153429,0.913517723836458
high_debt_burden,full,LDA,0.013162118780096307,0.2961451247165533,0.9325901756197177,0.913517723836458
high_debt_burden,full,LDA,0.01348314606741573,0.2961451247165533,0.9324349425627001,0.913517723836458
high_debt_burden,full,LDA,0.01348314606741573,0.29705215419501135,0.9322416969391867,0.913517723836458
high_debt_burden,full,LDA,0.014125200642054575,0.29705215419501135,0.9314149529575814,0.913517723836458
high_debt_burden,full,LDA,0.014125200642054575,0.3034013605442177,0.9299643843376628,0.913517723836458
high_debt_burden,full,LDA,0.014446227929373997,0.3034013605442177,0.9298622451421787,0.913517723836458
high_debt_burden,full,LDA,0.014446227929373997,0.30975056689342406,0.9282404502753763,0.913517723836458
high_debt_burden,full,LDA,0.014767255216693418,0.30975056689342406,0.92818551607684,0.913517723836458
high_debt_burden,full,LDA,0.014767255216693418,0.3115646258503401,0.9275070681223254,0.913517723836458
high_debt_burden,full,LDA,0.015088282504012842,0.3115646258503401,0.9270817977227335,0.913517723836458
high_debt_burden,full,LDA,0.015088282504012842,0.3133786848072562,0.9263113207739851,0.913517723836458
high_debt_burden,full,LDA,0.015409309791332263,0.3133786848072562,0.9262709313006998,0.913517723836458
high_debt_burden,full,LDA,0.015409309791332263,0.31473922902494333,0.925450471994024,0.913517723836458
high_debt_burden,full,LDA,0.015730337078651686,0.31473922902494333,0.9254396903395248,0.913517723836458
high_debt_burden,full,LDA,0.015730337078651686,0.3165532879818594,0.9247096534244145,0.913517723836458
high_debt_burden,full,LDA,0.016051364365971106,0.3165532879818594,0.9246670340391121,0.913517723836458
high_debt_burden,full,LDA,0.016051364365971106,0.3201814058956916,0.9236618534851375,0.913517723836458
high_debt_burden,full,LDA,0.01637239165329053,0.3201814058956916,0.9235936668315563,0.913517723836458
high_debt_burden,full,LDA,0.01637239165329053,0.32335600907029477,0.9227543276914966,0.913517723836458
high_debt_burden,full,LDA,0.016693418940609953,0.32335600907029477,0.9227337711437077,0.913517723836458
high_debt_burden,full,LDA,0.016693418940609953,0.32607709750566893,0.9218371352959475,0.913517723836458
high_debt_burden,full,LDA,0.017014446227929372,0.32607709750566893,0.9217787322717903,0.913517723836458
high_debt_burden,full,LDA,0.017014446227929372,0.3287981859410431,0.9207415481789654,0.913517723836458
high_debt_burden,full,LDA,0.017335473515248796,0.3287981859410431,0.9206688226445005,0.913517723836458
high_debt_burden,full,LDA,0.017335473515248796,0.3360544217687075,0.9182755346448853,0.913517723836458
high_debt_burden,full,LDA,0.01765650080256822,0.3360544217687075,0.9182338855562118,0.913517723836458
high_debt_burden,full,LDA,0.01765650080256822,0.33741496598639453,0.9172950445284256,0.913517723836458
high_debt_burden,full,LDA,0.017977528089887642,0.33741496598639453,0.9170324356862847,0.913517723836458
high_debt_burden,full,LDA,0.017977528089887642,0.34104308390022675,0.9156733563595341,0.913517723836458
high_debt_burden,full,LDA,0.018298555377207062,0.34104308390022675,0.9155231881244261,0.913517723836458
high_debt_burden,full,LDA,0.018298555377207062,0.345578231292517,0.9145814482044192,0.913517723836458
high_debt_burden,full,LDA,0.018619582664526485,0.345578231292517,0.9144580875686231,0.913517723836458
high_debt_burden,full,LDA,0.018619582664526485,0.34965986394557824,0.9132412460158821,0.913517723836458
high_debt_burden,full,LDA,0.018940609951845908,0.34965986394557824,0.9131258415680104,0.913517723836458
high_debt_burden,full,LDA,0.018940609951845908,0.35011337868480724,0.9130587266404252,0.913517723836458
high_debt_burden,full,LDA,0.019261637239165328,0.35011337868480724,0.9129178922536636,0.913517723836458
high_debt_burden,full,LDA,0.019261637239165328,0.3510204081632653,0.9124869634608386,0.913517723836458
high_debt_burden,full,LDA,0.01958266452648475,0.3510204081632653,0.9123312510206697,0.913517723836458
high_debt_burden,full,LDA,0.01958266452648475,0.35147392290249435,0.9123198270160666,0.913517723836458
high_debt_burden,full,LDA,0.019903691813804174,0.35147392290249435,0.9122595062828294,0.913517723836458
high_debt_burden,full,LDA,0.019903691813804174,0.3578231292517007,0.9104425674668943,0.913517723836458
high_debt_burden,full,LDA,0.020224719101123594,0.3578231292517007,0.9102799135003045,0.913517723836458
high_debt_burden,full,LDA,0.020224719101123594,0.35873015873015873,0.9100039806787342,0.913517723836458
high_debt_burden,full,LDA,0.020545746388443017,0.35873015873015873,0.9099907205518857,0.913517723836458
high_debt_burden,full,LDA,0.020545746388443017,0.35918367346938773,0.9096959536497027,0.913517723836458
high_debt_burden,full,LDA,0.02086677367576244,0.35918367346938773,0.9095969957589568,0.913517723836458
high_debt_burden,full,LDA,0.02086677367576244,0.363718820861678,0.9074268142096603,0.913517723836458
high_debt_burden,full,LDA,0.02118780096308186,0.363718820861678,0.9073680049815784,0.913517723836458
high_debt_burden,full,LDA,0.02118780096308186,0.3691609977324263,0.9059963474569148,0.913517723836458
high_debt_burden,full,LDA,0.021508828250401284,0.3691609977324263,0.9059146567842467,0.913517723836458
high_debt_burden,full,LDA,0.021508828250401284,0.37188208616780044,0.9046604868046273,0.913517723836458
high_debt_burden,full,LDA,0.021829855537720707,0.37188208616780044,0.9046018089837616,0.913517723836458
high_debt_burden,full,LDA,0.021829855537720707,0.37551020408163266,0.9036412285631861,0.913517723836458
high_debt_burden,full,LDA,0.022150882825040127,0.37551020408163266,0.9032879356894498,0.913517723836458
high_debt_burden,full,LDA,0.022150882825040127,0.37777777777777777,0.902340591900885,0.913517723836458
high_debt_burden,full,LDA,0.02247191011235955,0.37777777777777777,0.902213147951672,0.913517723836458
high_debt_burden,full,LDA,0.02247191011235955,0.3791383219954649,0.9018316222398727,0.913517723836458
high_debt_burden,full,LDA,0.023113964686998396,0.3791383219954649,0.9013632741162055,0.913517723836458
high_debt_burden,full,LDA,0.023113964686998396,0.3800453514739229,0.9010644965977606,0.913517723836458
high_debt_burden,full,LDA,0.023434991974317816,0.3800453514739229,0.900973170647179,0.913517723836458
high_debt_burden,full,LDA,0.023434991974317816,0.38095238095238093,0.90071148648092,0.913517723836458
high_debt_burden,full,LDA,0.02375601926163724,0.38095238095238093,0.9006942750112096,0.913517723836458
high_debt_burden,full,LDA,0.02375601926163724,0.38684807256235826,0.8981097698242821,0.913517723836458
high_debt_burden,full,LDA,0.024077046548956663,0.38684807256235826,0.898069254730969,0.913517723836458
high_debt_burden,full,LDA,0.024077046548956663,0.3900226757369615,0.896045894063824,0.913517723836458
high_debt_burden,full,LDA,0.02504012841091493,0.3900226757369615,0.8955780068347119,0.913517723836458
high_debt_burden,full,LDA,0.02504012841091493,0.3909297052154195,0.8955086803360283,0.913517723836458
high_debt_burden,full,LDA,0.02536115569823435,0.3909297052154195,0.8954818472735218,0.913517723836458
high_debt_burden,full,LDA,0.02536115569823435,0.39183673469387753,0.8951774510722975,0.913517723836458
high_debt_burden,full,LDA,0.025682182985553772,0.39183673469387753,0.8946695929537523,0.913517723836458
high_debt_burden,full,LDA,0.025682182985553772,0.3963718820861678,0.8937760629349701,0.913517723836458
high_debt_burden,full,LDA,0.026003210272873195,0.3963718820861678,0.8937550379411568,0.913517723836458
high_debt_burden,full,LDA,0.026003210272873195,0.39773242630385486,0.8931386548977066,0.913517723836458
high_debt_burden,full,LDA,0.026324237560192615,0.39773242630385486,0.8930897794774766,0.913517723836458
high_debt_burden,full,LDA,0.026324237560192615,0.39909297052154197,0.892721984355198,0.913517723836458
high_debt_burden,full,LDA,0.026645264847512038,0.39909297052154197,0.8924212815438543,0.913517723836458
high_debt_burden,full,LDA,0.026645264847512038,0.4009070294784581,0.8920498212325512,0.913517723836458
high_debt_burden,full,LDA,0.02696629213483146,0.4009070294784581,0.8920178571055574,0.913517723836458
high_debt_burden,full,LDA,0.02696629213483146,0.4036281179138322,0.8907415144443497,0.913517723836458
high_debt_burden,full,LDA,0.027287319422150885,0.4036281179138322,0.890407179588832,0.913517723836458
high_debt_burden,full,LDA,0.027287319422150885,0.40453514739229024,0.8902722406615009,0.913517723836458
high_debt_burden,full,LDA,0.027608346709470304,0.40453514739229024,0.8901306677773811,0.913517723836458
high_debt_burden,full,LDA,0.027608346709470304,0.4054421768707483,0.8899483290976755,0.913517723836458
high_debt_burden,full,LDA,0.027929373996789728,0.4054421768707483,0.8898238241038634,0.913517723836458
high_debt_burden,full,LDA,0.027929373996789728,0.40816326530612246,0.888475264105996,0.913517723836458
high_debt_burden,full,LDA,0.02857142857142857,0.40816326530612246,0.8883741915777479,0.913517723836458
high_debt_burden,full,LDA,0.02857142857142857,0.4090702947845805,0.8881373320843341,0.913517723836458
high_debt_burden,full,LDA,0.028892455858747994,0.4090702947845805,0.8879852494684887,0.913517723836458
high_debt_burden,full,LDA,0.028892455858747994,0.4126984126984127,0.8875479337905459,0.913517723836458
high_debt_burden,full,LDA,0.029213483146067417,0.4126984126984127,0.887490356201019,0.913517723836458
high_debt_burden,full,LDA,0.029213483146067417,0.41678004535147395,0.8858901543442309,0.913517723836458
high_debt_burden,full,LDA,0.029534510433386837,0.41678004535147395,0.8858803954652033,0.913517723836458
high_debt_burden,full,LDA,0.029534510433386837,0.4217687074829932,0.8846984225894761,0.913517723836458
high_debt_burden,full,LDA,0.030176565008025683,0.4217687074829932,0.8843695797094578,0.913517723836458
high_debt_burden,full,LDA,0.030176565008025683,0.4226757369614512,0.8839931951221005,0.913517723836458
high_debt_burden,full,LDA,0.030497592295345103,0.4226757369614512,0.8835032203785231,0.913517723836458
high_debt_burden,full,LDA,0.030497592295345103,0.4235827664399093,0.8833402035368009,0.913517723836458
high_debt_burden,full,LDA,0.030818619582664526,0.4235827664399093,0.8831701870578371,0.913517723836458
high_debt_burden,full,LDA,0.030818619582664526,0.4272108843537415,0.8818364441885975,0.913517723836458
high_debt_burden,full,LDA,0.03113964686998395,0.4272108843537415,0.881764268736051,0.913517723836458
high_debt_burden,full,LDA,0.03113964686998395,0.4290249433106576,0.8808559701239878,0.913517723836458
high_debt_burden,full,LDA,0.03146067415730337,0.4290249433106576,0.8807514283073196,0.913517723836458
high_debt_burden,full,LDA,0.03146067415730337,0.42993197278911566,0.8804474601047906,0.913517723836458
high_debt_burden,full,LDA,0.03178170144462279,0.42993197278911566,0.880320621224981,0.913517723836458
high_debt_burden,full,LDA,0.03178170144462279,0.4312925170068027,0.8795277117571105,0.913517723836458
high_debt_burden,full,LDA,0.03210272873194221,0.4312925170068027,0.8794183471978598,0.913517723836458
high_debt_burden,full,LDA,0.03210272873194221,0.4331065759637188,0.8787016445182043,0.913517723836458
high_debt_burden,full,LDA,0.03242375601926164,0.4331065759637188,0.8786394058122803,0.913517723836458
high_debt_burden,full,LDA,0.03242375601926164,0.436281179138322,0.8780336027240244,0.913517723836458
high_debt_burden,full,LDA,0.03306581059390048,0.436281179138322,0.8778711720241804,0.913517723836458
high_debt_burden,full,LDA,0.03306581059390048,0.4385487528344671,0.8768602299133261,0.913517723836458
high_debt_burden,full,LDA,0.033707865168539325,0.4385487528344671,0.8765813425352682,0.913517723836458
high_debt_burden,full,LDA,0.033707865168539325,0.4435374149659864,0.8747058928341485,0.913517723836458
high_debt_burden,full,LDA,0.034028892455858745,0.4435374149659864,0.8743259336626275,0.913517723836458
high_debt_burden,full,LDA,0.034028892455858745,0.4444444444444444,0.873710340410023,0.913517723836458
high_debt_burden,full,LDA,0.03434991974317817,0.4444444444444444,0.8736068992396816,0.913517723836458
high_debt_burden,full,LDA,0.03434991974317817,0.44580498866213153,0.8729389398488484,0.913517723836458
high_debt_burden,full,LDA,0.03467094703049759,0.44580498866213153,0.8726799552735638,0.913517723836458
high_debt_burden,full,LDA,0.03467094703049759,0.4489795918367347,0.8713207909926117,0.913517723836458
high_debt_burden,full,LDA,0.03531300160513644,0.4489795918367347,0.8707536465096363,0.913517723836458
high_debt_burden,full,LDA,0.03531300160513644,0.454421768707483,0.868863882167068,0.913517723836458
high_debt_burden,full,LDA,0.03563402889245586,0.454421768707483,0.8688102878175481,0.913517723836458
high_debt_burden,full,LDA,0.03563402889245586,0.4557823129251701,0.8677141344422552,0.913517723836458
high_debt_burden,full,LDA,0.035955056179775284,0.4557823129251701,0.8676246427646296,0.913517723836458
high_debt_burden,full,LDA,0.035955056179775284,0.4580498866213152,0.8661889094217194,0.913517723836458
high_debt_burden,full,LDA,0.036276083467094704,0.4580498866213152,0.8661193288837559,0.913517723836458
high_debt_burden,full,LDA,0.036276083467094704,0.4639455782312925,0.8636383822562076,0.913517723836458
high_debt_burden,full,LDA,0.036597110754414124,0.4639455782312925,0.8635945596510464,0.913517723836458
high_debt_burden,full,LDA,0.036597110754414124,0.46984126984126984,0.8609286520047069,0.913517723836458
high_debt_burden,full,LDA,0.03691813804173355,0.46984126984126984,0.86081511499578,0.913517723836458
high_debt_burden,full,LDA,0.03691813804173355,0.473015873015873,0.8597256024021126,0.913517723836458
high_debt_burden,full,LDA,0.03723916532905297,0.473015873015873,0.8597253082985783,0.913517723836458
high_debt_burden,full,LDA,0.03723916532905297,0.4793650793650794,0.8582251378450428,0.913517723836458
high_debt_burden,full,LDA,0.03756019261637239,0.4793650793650794,0.8580068000405245,0.913517723836458
high_debt_burden,full,LDA,0.03756019261637239,0.49206349206349204,0.8531894568367244,0.913517723836458
high_debt_burden,full,LDA,0.037881219903691817,0.49206349206349204,0.8530781219167037,0.913517723836458
high_debt_burden,full,LDA,0.037881219903691817,0.4929705215419501,0.8529011719675392,0.913517723836458
high_debt_burden,full,LDA,0.038523274478330656,0.4929705215419501,0.8528160038939918,0.913517723836458
high_debt_burden,full,LDA,0.038523274478330656,0.49569160997732425,0.8520977882101498,0.913517723836458
high_debt_burden,full,LDA,0.03884430176565008,0.49569160997732425,0.8520971755129605,0.913517723836458
high_debt_burden,full,LDA,0.03884430176565008,0.49795918367346936,0.8517476818371907,0.913517723836458
high_debt_burden,full,LDA,0.0391653290529695,0.49795918367346936,0.8515371455179381,0.913517723836458
high_debt_burden,full,LDA,0.0391653290529695,0.5002267573696145,0.8500186048068747,0.913517723836458
high_debt_burden,full,LDA,0.03948635634028892,0.5002267573696145,0.8497977944280486,0.913517723836458
high_debt_burden,full,LDA,0.03948635634028892,0.5038548752834467,0.8490661919936309,0.913517723836458
high_debt_burden,full,LDA,0.03980738362760835,0.5038548752834467,0.8489045952387563,0.913517723836458
high_debt_burden,full,LDA,0.03980738362760835,0.5047619047619047,0.8487337222896187,0.913517723836458
high_debt_burden,full,LDA,0.04012841091492777,0.5047619047619047,0.8483688895519819,0.913517723836458
high_debt_burden,full,LDA,0.04012841091492777,0.507482993197279,0.8474975147476647,0.913517723836458
high_debt_burden,full,LDA,0.04044943820224719,0.507482993197279,0.84719538870736,0.913517723836458
high_debt_burden,full,LDA,0.04044943820224719,0.5124716553287982,0.8451054231168121,0.913517723836458
high_debt_burden,full,LDA,0.040770465489566615,0.5124716553287982,0.8450300839418413,0.913517723836458
high_debt_burden,full,LDA,0.040770465489566615,0.5129251700680272,0.8444836706931008,0.913517723836458
high_debt_burden,full,LDA,0.041091492776886035,0.5129251700680272,0.844394732141322,0.913517723836458
high_debt_burden,full,LDA,0.041091492776886035,0.5197278911564626,0.842506658075303,0.913517723836458
high_debt_burden,full,LDA,0.041412520064205455,0.5197278911564626,0.8423773583838452,0.913517723836458
high_debt_burden,full,LDA,0.041412520064205455,0.5210884353741496,0.8416229999564352,0.913517723836458
high_debt_burden,full,LDA,0.04173354735152488,0.5210884353741496,0.8414676790800965,0.913517723836458
high_debt_burden,full,LDA,0.04173354735152488,0.5215419501133787,0.8412887873470623,0.913517723836458
high_debt_burden,full,LDA,0.0420545746388443,0.5215419501133787,0.8410258776797158,0.913517723836458
high_debt_burden,full,LDA,0.0420545746388443,0.5219954648526077,0.8409915119701076,0.913517723836458
high_debt_burden,full,LDA,0.04237560192616372,0.5219954648526077,0.8406629096633554,0.913517723836458
high_debt_burden,full,LDA,0.04237560192616372,0.5229024943310657,0.8402960065830751,0.913517723836458
high_debt_burden,full,LDA,0.04269662921348315,0.5229024943310657,0.8402517217001422,0.913517723836458
high_debt_burden,full,LDA,0.04269662921348315,0.5265306122448979,0.8383970225137606,0.913517723836458
high_debt_burden,full,LDA,0.04301765650080257,0.5265306122448979,0.8382768136526316,0.913517723836458
high_debt_burden,full,LDA,0.04301765650080257,0.5301587301587302,0.8367907494106426,0.913517723836458
high_debt_burden,full,LDA,0.04333868378812199,0.5301587301587302,0.8359167874335991,0.913517723836458
high_debt_burden,full,LDA,0.04333868378812199,0.5378684807256235,0.833147181122448,0.913517723836458
high_debt_burden,full,LDA,0.043659711075441414,0.5378684807256235,0.8330558893166461,0.913517723836458
high_debt_burden,full,LDA,0.043659711075441414,0.5392290249433107,0.8325026861966127,0.913517723836458
high_debt_burden,full,LDA,0.043980738362760834,0.5392290249433107,0.8323939285865971,0.913517723836458
high_debt_burden,full,LDA,0.043980738362760834,0.5396825396825397,0.8319041592989617,0.913517723836458
high_debt_burden,full,LDA,0.04430176565008025,0.5396825396825397,0.831619594369228,0.913517723836458
high_debt_burden,full,LDA,0.04430176565008025,0.5424036281179139,0.8303459120903444,0.913517723836458
high_debt_burden,full,LDA,0.04462279293739968,0.5424036281179139,0.8303287028025637,0.913517723836458
high_debt_burden,full,LDA,0.04462279293739968,0.5428571428571428,0.830111221815753,0.913517723836458
high_debt_burden,full,LDA,0.0449438202247191,0.5428571428571428,0.8298018963197612,0.913517723836458
high_debt_burden,full,LDA,0.0449438202247191,0.5433106575963719,0.8296858341853564,0.913517723836458
high_debt_burden,full,LDA,0.04526484751203853,0.5433106575963719,0.8289909277425862,0.913517723836458
high_debt_burden,full,LDA,0.04526484751203853,0.5437641723356009,0.8289321774173063,0.913517723836458
high_debt_burden,full,LDA,0.045585874799357946,0.5437641723356009,0.8288856766232343,0.913517723836458
high_debt_burden,full,LDA,0.045585874799357946,0.54421768707483,0.8288264216557226,0.913517723836458
high_debt_burden,full,LDA,0.04622792937399679,0.54421768707483,0.8286675027161677,0.913517723836458
high_debt_burden,full,LDA,0.04622792937399679,0.5446712018140589,0.8286521835459492,0.913517723836458
high_debt_burden,full,LDA,0.04654895666131621,0.5446712018140589,0.8285482222770181,0.913517723836458
high_debt_burden,full,LDA,0.04654895666131621,0.545124716553288,0.8282360782627814,0.913517723836458
high_debt_burden,full,LDA,0.04686998394863563,0.545124716553288,0.8281798571865474,0.913517723836458
high_debt_burden,full,LDA,0.04686998394863563,0.546031746031746,0.8279841121558928,0.913517723836458
high_debt_burden,full,LDA,0.04719101123595506,0.546031746031746,0.8279760324367811,0.913517723836458
high_debt_burden,full,LDA,0.04719101123595506,0.5501133786848073,0.8266861782757344,0.913517723836458
high_debt_burden,full,LDA,0.04751203852327448,0.5501133786848073,0.8262161494132579,0.913517723836458
high_debt_burden,full,LDA,0.04751203852327448,0.5587301587301587,0.8234547958877888,0.913517723836458
high_debt_burden,full,LDA,0.048154093097913325,0.5587301587301587,0.8230514300924665,0.913517723836458
high_debt_burden,full,LDA,0.048154093097913325,0.5596371882086167,0.8223267716414598,0.913517723836458
high_debt_burden,full,LDA,0.048475120385232745,0.5596371882086167,0.8222095019428213,0.913517723836458
high_debt_burden,full,LDA,0.048475120385232745,0.562358276643991,0.8213530180007421,0.913517723836458
high_debt_burden,full,LDA,0.048796147672552165,0.562358276643991,0.8213490260899934,0.913517723836458
high_debt_burden,full,LDA,0.048796147672552165,0.5641723356009071,0.8205813702254224,0.913517723836458
high_debt_burden,full,LDA,0.04911717495987159,0.5641723356009071,0.8205537086808046,0.913517723836458
high_debt_burden,full,LDA,0.04911717495987159,0.5687074829931973,0.8185655192446187,0.913517723836458
high_debt_burden,full,LDA,0.04943820224719101,0.5687074829931973,0.8184070505280564,0.913517723836458
high_debt_burden,full,LDA,0.04943820224719101,0.5727891156462585,0.8167164303680473,0.913517723836458
high_debt_burden,full,LDA,0.04975922953451043,0.5727891156462585,0.8166290473798684,0.913517723836458
high_debt_burden,full,LDA,0.04975922953451043,0.5736961451247166,0.8164433378036314,0.913517723836458
high_debt_burden,full,LDA,0.05008025682182986,0.5736961451247166,0.8164382714326114,0.913517723836458
high_debt_burden,full,LDA,0.05008025682182986,0.5854875283446712,0.8118394522842124,0.913517723836458
high_debt_burden,full,LDA,0.0507223113964687,0.5854875283446712,0.811445126368529,0.913517723836458
high_debt_burden,full,LDA,0.0507223113964687,0.5863945578231292,0.811284911638981,0.913517723836458
high_debt_burden,full,LDA,0.051364365971107544,0.5863945578231292,0.8101326756336865,0.913517723836458
high_debt_burden,full,LDA,0.051364365971107544,0.5868480725623583,0.8101251244275064,0.913517723836458
high_debt_burden,full,LDA,0.051685393258426963,0.5868480725623583,0.8099509143639483,0.913517723836458
high_debt_burden,full,LDA,0.051685393258426963,0.5873015873015873,0.8096507041075567,0.913517723836458
high_debt_burden,full,LDA,0.05232744783306581,0.5873015873015873,0.8093725834716602,0.913517723836458
high_debt_burden,full,LDA,0.05232744783306581,0.5891156462585034,0.8083595502813506,0.913517723836458
high_debt_burden,full,LDA,0.05264847512038523,0.5891156462585034,0.8080967696843019,0.913517723836458
high_debt_burden,full,LDA,0.05264847512038523,0.5895691609977324,0.8080352639174733,0.913517723836458
high_debt_burden,full,LDA,0.052969502407704656,0.5895691609977324,0.8068589374821203,0.913517723836458
high_debt_burden,full,LDA,0.052969502407704656,0.5904761904761905,0.8065289605348768,0.913517723836458
high_debt_burden,full,LDA,0.05393258426966292,0.5904761904761905,0.8061106895579435,0.913517723836458
high_debt_burden,full,LDA,0.05393258426966292,0.5941043083900227,0.804131032572075,0.913517723836458
high_debt_burden,full,LDA,0.05425361155698234,0.5941043083900227,0.8039193534084844,0.913517723836458
high_debt_burden,full,LDA,0.05425361155698234,0.5968253968253968,0.8029299851098507,0.913517723836458
high_debt_burden,full,LDA,0.05457463884430177,0.5968253968253968,0.8026452853987399,0.913517723836458
high_debt_burden,full,LDA,0.05457463884430177,0.5972789115646259,0.8020604889499761,0.913517723836458
high_debt_burden,full,LDA,0.05521669341894061,0.5972789115646259,0.8018132904926722,0.913517723836458
high_debt_burden,full,LDA,0.05521669341894061,0.6009070294784581,0.7994146770157349,0.913517723836458
high_debt_burden,full,LDA,0.055537720706260035,0.6009070294784581,0.7994036532425288,0.913517723836458
high_debt_burden,full,LDA,0.055537720706260035,0.6027210884353742,0.7983555004763742,0.913517723836458
high_debt_burden,full,LDA,0.055858747993579455,0.6027210884353742,0.798069485661317,0.913517723836458
high_debt_burden,full,LDA,0.055858747993579455,0.6063492063492063,0.79610577781913,0.913517723836458
high_debt_burden,full,LDA,0.056179775280898875,0.6063492063492063,0.7960068313039148,0.913517723836458
high_debt_burden,full,LDA,0.056179775280898875,0.6090702947845805,0.7947710430057651,0.913517723836458
high_debt_burden,full,LDA,0.0565008025682183,0.6090702947845805,0.7943157357630177,0.913517723836458
high_debt_burden,full,LDA,0.0565008025682183,0.6140589569160998,0.7923935736737752,0.913517723836458
high_debt_burden,full,LDA,0.05682182985553772,0.6140589569160998,0.7922795558367125,0.913517723836458
high_debt_burden,full,LDA,0.05682182985553772,0.6158730158730159,0.7918754082255693,0.913517723836458
high_debt_burden,full,LDA,0.05746388443017657,0.6158730158730159,0.7914934836454487,0.913517723836458
high_debt_burden,full,LDA,0.05746388443017657,0.6163265306122448,0.7912509749138896,0.913517723836458
high_debt_burden,full,LDA,0.05778491171749599,0.6163265306122448,0.7911730544971987,0.913517723836458
high_debt_burden,full,LDA,0.05778491171749599,0.617687074829932,0.7907443121287236,0.913517723836458
high_debt_burden,full,LDA,0.058426966292134834,0.617687074829932,0.7904961111891887,0.913517723836458
high_debt_burden,full,LDA,0.058426966292134834,0.6195011337868481,0.7897415277630792,0.913517723836458
high_debt_burden,full,LDA,0.059069020866773674,0.6195011337868481,0.7889599058452048,0.913517723836458
high_debt_burden,full,LDA,0.059069020866773674,0.6222222222222222,0.7871802073037237,0.913517723836458
high_debt_burden,full,LDA,0.0593900481540931,0.6222222222222222,0.7866872935134688,0.913517723836458
high_debt_burden,full,LDA,0.0593900481540931,0.6240362811791383,0.7860330650679642,0.913517723836458
high_debt_burden,full,LDA,0.05971107544141252,0.6240362811791383,0.7858872869188903,0.913517723836458
high_debt_burden,full,LDA,0.05971107544141252,0.6253968253968254,0.7851217823903585,0.913517723836458
high_debt_burden,full,LDA,0.060353130016051366,0.6253968253968254,0.7838891863579388,0.913517723836458
high_debt_burden,full,LDA,0.060353130016051366,0.6276643990929706,0.7834994917044139,0.913517723836458
high_debt_burden,full,LDA,0.060674157303370786,0.6276643990929706,0.7832781224561792,0.913517723836458
high_debt_burden,full,LDA,0.060674157303370786,0.6303854875283447,0.7813384722517015,0.913517723836458
high_debt_burden,full,LDA,0.060995184590690206,0.6303854875283447,0.7812987466424418,0.913517723836458
high_debt_burden,full,LDA,0.060995184590690206,0.6331065759637188,0.7799134994220536,0.913517723836458
high_debt_burden,full,LDA,0.06131621187800963,0.6331065759637188,0.7794500964618235,0.913517723836458
high_debt_burden,full,LDA,0.06131621187800963,0.6340136054421769,0.7786591428978401,0.913517723836458
high_debt_burden,full,LDA,0.06163723916532905,0.6340136054421769,0.7785655241340412,0.913517723836458
high_debt_burden,full,LDA,0.06163723916532905,0.6349206349206349,0.777958438622485,0.913517723836458
high_debt_burden,full,LDA,0.06260032102728733,0.6349206349206349,0.7770399397091188,0.913517723836458
high_debt_burden,full,LDA,0.06260032102728733,0.636734693877551,0.7757778641618194,0.913517723836458
high_debt_burden,full,LDA,0.06292134831460675,0.636734693877551,0.7754575353205174,0.913517723836458
high_debt_burden,full,LDA,0.06292134831460675,0.63718820861678,0.7753464369599367,0.913517723836458
high_debt_burden,full,LDA,0.06324237560192617,0.63718820861678,0.7750806665591234,0.913517723836458
high_debt_burden,full,LDA,0.06324237560192617,0.6412698412698413,0.7725018886879149,0.913517723836458
high_debt_burden,full,LDA,0.06356340288924558,0.6412698412698413,0.7724855819479393,0.913517723836458
high_debt_burden,full,LDA,0.06356340288924558,0.6435374149659864,0.7701724659720336,0.913517723836458
high_debt_burden,full,LDA,0.063884430176565,0.6435374149659864,0.7700293923821618,0.913517723836458
high_debt_burden,full,LDA,0.063884430176565,0.6448979591836734,0.7694441385737408,0.913517723836458
high_debt_burden,full,LDA,0.06420545746388442,0.6448979591836734,0.7685160287926583,0.913517723836458
high_debt_burden,full,LDA,0.06420545746388442,0.6467120181405895,0.7679821875585299,0.913517723836458
high_debt_burden,full,LDA,0.06452648475120386,0.6467120181405895,0.7678130141815447,0.913517723836458
high_debt_burden,full,LDA,0.06452648475120386,0.6476190476190476,0.7671420783513635,0.913517723836458
high_debt_burden,full,LDA,0.06484751203852328,0.6476190476190476,0.7666067280398403,0.913517723836458
high_debt_burden,full,LDA,0.06484751203852328,0.6489795918367347,0.7651100234611727,0.913517723836458
high_debt_burden,full,LDA,0.0651685393258427,0.6489795918367347,0.7649963398414754,0.913517723836458
high_debt_burden,full,LDA,0.0651685393258427,0.6530612244897959,0.7635174040184584,0.913517723836458
high_debt_burden,full,LDA,0.06548956661316212,0.6530612244897959,0.7634219512934872,0.913517723836458
high_debt_burden,full,LDA,0.06548956661316212,0.655328798185941,0.7622574361615436,0.913517723836458
high_debt_burden,full,LDA,0.06613162118780096,0.655328798185941,0.7614088092844984,0.913517723836458
high_debt_burden,full,LDA,0.06613162118780096,0.6557823129251701,0.7612227001392969,0.913517723836458
high_debt_burden,full,LDA,0.06645264847512039,0.6557823129251701,0.7610844543508531,0.913517723836458
high_debt_burden,full,LDA,0.06645264847512039,0.6575963718820862,0.7588090706156376,0.913517723836458
high_debt_burden,full,LDA,0.06677367576243981,0.6575963718820862,0.7586813849968893,0.913517723836458
high_debt_burden,full,LDA,0.06677367576243981,0.6598639455782312,0.7569905724186338,0.913517723836458
high_debt_burden,full,LDA,0.06741573033707865,0.6598639455782312,0.7555398290260918,0.913517723836458
high_debt_burden,full,LDA,0.06741573033707865,0.6625850340136055,0.7543322666168748,0.913517723836458
high_debt_burden,full,LDA,0.06773675762439807,0.6625850340136055,0.7536609681750814,0.913517723836458
high_debt_burden,full,LDA,0.06773675762439807,0.6643990929705216,0.7522666903522173,0.913517723836458
high_debt_burden,full,LDA,0.06837881219903692,0.6643990929705216,0.7507736433938739,0.913517723836458
high_debt_burden,full,LDA,0.06837881219903692,0.6675736961451247,0.7500177405989165,0.913517723836458
high_debt_burden,full,LDA,0.06869983948635634,0.6675736961451247,0.7494253498885447,0.913517723836458
high_debt_burden,full,LDA,0.06869983948635634,0.6689342403628118,0.7476070490903056,0.913517723836458
high_debt_burden,full,LDA,0.06934189406099518,0.6689342403628118,0.7470035899488053,0.913517723836458
high_debt_burden,full,LDA,0.06934189406099518,0.6730158730158731,0.7452236854462958,0.913517723836458
high_debt_burden,full,LDA,0.0696629213483146,0.6730158730158731,0.7449805984779324,0.913517723836458
high_debt_burden,full,LDA,0.0696629213483146,0.6743764172335601,0.7443842304811068,0.913517723836458
high_debt_burden,full,LDA,0.06998394863563404,0.6743764172335601,0.7442501529034765,0.913517723836458
high_debt_burden,full,LDA,0.06998394863563404,0.6752834467120181,0.7439224245307581,0.913517723836458
high_debt_burden,full,LDA,0.07030497592295346,0.6752834467120181,0.743707378206187,0.913517723836458
high_debt_burden,full,LDA,0.07030497592295346,0.6770975056689342,0.7427266691967044,0.913517723836458
high_debt_burden,full,LDA,0.07062600321027288,0.6770975056689342,0.7415687558806556,0.913517723836458
high_debt_burden,full,LDA,0.07062600321027288,0.6793650793650794,0.740273971376055,0.913517723836458
high_debt_burden,full,LDA,0.0709470304975923,0.6793650793650794,0.7400651417724268,0.913517723836458
high_debt_burden,full,LDA,0.0709470304975923,0.6816326530612244,0.7392969548344454,0.913517723836458
high_debt_burden,full,LDA,0.07126805778491171,0.6816326530612244,0.7392685463352492,0.913517723836458
high_debt_burden,full,LDA,0.07126805778491171,0.6852607709750567,0.7365229601585734,0.913517723836458
high_debt_burden,full,LDA,0.07158908507223113,0.6852607709750567,0.7365116328523055,0.913517723836458
high_debt_burden,full,LDA,0.07158908507223113,0.6857142857142857,0.7362025156884202,0.913517723836458
high_debt_burden,full,LDA,0.07191011235955057,0.6857142857142857,0.736195666991649,0.913517723836458
high_debt_burden,full,LDA,0.07191011235955057,0.6861678004535148,0.7360777562283805,0.913517723836458
high_debt_burden,full,LDA,0.07223113964686999,0.6861678004535148,0.7358657510185826,0.913517723836458
high_debt_burden,full,LDA,0.07223113964686999,0.6866213151927437,0.7353863067675516,0.913517723836458
high_debt_burden,full,LDA,0.07287319422150883,0.6866213151927437,0.7342815566525316,0.913517723836458
high_debt_burden,full,LDA,0.07287319422150883,0.691609977324263,0.7302516071546897,0.913517723836458
high_debt_burden,full,LDA,0.07319422150882825,0.691609977324263,0.7297885805841892,0.913517723836458
high_debt_burden,full,LDA,0.07319422150882825,0.6943310657596372,0.7286790857402927,0.913517723836458
high_debt_burden,full,LDA,0.07351524879614767,0.6943310657596372,0.7282417500525226,0.913517723836458
high_debt_burden,full,LDA,0.07351524879614767,0.6947845804988663,0.726929840420026,0.913517723836458
high_debt_burden,full,LDA,0.0738362760834671,0.6947845804988663,0.7268649088561185,0.913517723836458
high_debt_burden,full,LDA,0.0738362760834671,0.6952380952380952,0.7265018004447378,0.913517723836458
high_debt_burden,full,LDA,0.07415730337078652,0.6952380952380952,0.725742199239881,0.913517723836458
high_debt_burden,full,LDA,0.07415730337078652,0.6956916099773243,0.7255993181547065,0.913517723836458
high_debt_burden,full,LDA,0.07447833065810594,0.6956916099773243,0.7255978573843581,0.913517723836458
high_debt_burden,full,LDA,0.07447833065810594,0.6975056689342404,0.7238170674867607,0.913517723836458
high_debt_burden,full,LDA,0.07479935794542536,0.6975056689342404,0.7228903872318504,0.913517723836458
high_debt_burden,full,LDA,0.07479935794542536,0.7020408163265306,0.7197094103737474,0.913517723836458
high_debt_burden,full,LDA,0.07512038523274478,0.7020408163265306,0.7191984839041005,0.913517723836458
high_debt_burden,full,LDA,0.07512038523274478,0.7070294784580499,0.7148860584178095,0.913517723836458
high_debt_burden,full,LDA,0.07640449438202247,0.7070294784580499,0.7141378049770624,0.913517723836458
high_debt_burden,full,LDA,0.07640449438202247,0.708843537414966,0.7134289851907875,0.913517723836458
high_debt_burden,full,LDA,0.07672552166934189,0.708843537414966,0.7132334880149309,0.913517723836458
high_debt_burden,full,LDA,0.07672552166934189,0.709297052154195,0.7120354591269393,0.913517723836458
high_debt_burden,full,LDA,0.07704654895666131,0.709297052154195,0.7119555130374701,0.913517723836458
high_debt_burden,full,LDA,0.07704654895666131,0.7097505668934241,0.711111009140811,0.913517723836458
high_debt_burden,full,LDA,0.07736757624398073,0.7097505668934241,0.7109004498004581,0.913517723836458
high_debt_burden,full,LDA,0.07736757624398073,0.7111111111111111,0.7090003861511486,0.913517723836458
high_debt_burden,full,LDA,0.07768860353130017,0.7111111111111111,0.7083862518324378,0.913517723836458
high_debt_burden,full,LDA,0.07768860353130017,0.7120181405895691,0.7078609238935428,0.913517723836458
high_debt_burden,full,LDA,0.07800963081861959,0.7120181405895691,0.707788339780809,0.913517723836458
high_debt_burden,full,LDA,0.07800963081861959,0.7133786848072562,0.7064792773839083,0.913517723836458
high_debt_burden,full,LDA,0.07865168539325842,0.7133786848072562,0.7056616625004222,0.913517723836458
high_debt_burden,full,LDA,0.07865168539325842,0.7138321995464852,0.7046590063271526,0.913517723836458
high_debt_burden,full,LDA,0.07897271268057784,0.7138321995464852,0.7040534514058358,0.913517723836458
high_debt_burden,full,LDA,0.07897271268057784,0.7142857142857143,0.7037654677971728,0.913517723836458
high_debt_burden,full,LDA,0.07929373996789728,0.7142857142857143,0.7032420406505159,0.913517723836458
high_debt_burden,full,LDA,0.07929373996789728,0.7147392290249434,0.7028783884672448,0.913517723836458
high_debt_burden,full,LDA,0.0796147672552167,0.7147392290249434,0.7025072529141392,0.913517723836458
high_debt_burden,full,LDA,0.0796147672552167,0.7179138321995465,0.6979696521419493,0.913517723836458
high_debt_burden,full,LDA,0.07993579454253612,0.7179138321995465,0.6976958432217211,0.913517723836458
high_debt_burden,full,LDA,0.07993579454253612,0.7183673469387755,0.697555429726594,0.913517723836458
high_debt_burden,full,LDA,0.08025682182985554,0.7183673469387755,0.6971633998534308,0.913517723836458
high_debt_burden,full,LDA,0.08025682182985554,0.7192743764172336,0.6968253872071642,0.913517723836458
high_debt_burden,full,LDA,0.08089887640449438,0.7192743764172336,0.6962714404643334,0.913517723836458
high_debt_burden,full,LDA,0.08089887640449438,0.7206349206349206,0.695528590780397,0.913517723836458
high_debt_burden,full,LDA,0.08186195826645265,0.7206349206349206,0.6948339684885354,0.913517723836458
high_debt_burden,full,LDA,0.08186195826645265,0.7219954648526077,0.6943493798552541,0.913517723836458
high_debt_burden,full,LDA,0.08250401284109149,0.7219954648526077,0.6939119700874549,0.913517723836458
high_debt_burden,full,LDA,0.08250401284109149,0.7224489795918367,0.6937673995492732,0.913517723836458
high_debt_burden,full,LDA,0.08314606741573034,0.7224489795918367,0.6926637182609737,0.913517723836458
high_debt_burden,full,LDA,0.08314606741573034,0.7238095238095238,0.6914779169955276,0.913517723836458
high_debt_burden,full,LDA,0.08378812199036918,0.7238095238095238,0.691191561716767,0.913517723836458
high_debt_burden,full,LDA,0.08378812199036918,0.7251700680272108,0.6907996522540817,0.913517723836458
high_debt_burden,full,LDA,0.0841091492776886,0.7251700680272108,0.6906706829480214,0.913517723836458
high_debt_burden,full,LDA,0.0841091492776886,0.726077097505669,0.6900089996713454,0.913517723836458
high_debt_burden,full,LDA,0.08443017656500802,0.726077097505669,0.6886572445808055,0.913517723836458
high_debt_burden,full,LDA,0.08443017656500802,0.726984126984127,0.6861592838049893,0.913517723836458
high_debt_burden,full,LDA,0.08475120385232744,0.726984126984127,0.6861165143324832,0.913517723836458
high_debt_burden,full,LDA,0.08475120385232744,0.7278911564625851,0.6850532427924739,0.913517723836458
high_debt_burden,full,LDA,0.0853932584269663,0.7278911564625851,0.6839717221597674,0.913517723836458
high_debt_burden,full,LDA,0.0853932584269663,0.7287981859410431,0.6836476849407686,0.913517723836458
high_debt_burden,full,LDA,0.08571428571428572,0.7287981859410431,0.6832890789031408,0.913517723836458
high_debt_burden,full,LDA,0.08571428571428572,0.7297052154195012,0.6825846504938315,0.913517723836458
high_debt_burden,full,LDA,0.08603531300160513,0.7297052154195012,0.6825768241016942,0.913517723836458
high_debt_burden,full,LDA,0.08603531300160513,0.7301587301587301,0.6822206691834152,0.913517723836458
high_debt_burden,full,LDA,0.08635634028892455,0.7301587301587301,0.6821392734801721,0.913517723836458
high_debt_burden,full,LDA,0.08635634028892455,0.7310657596371882,0.6815513347146384,0.913517723836458
high_debt_burden,full,LDA,0.08667736757624397,0.7310657596371882,0.6809598876108619,0.913517723836458
high_debt_burden,full,LDA,0.08667736757624397,0.7324263038548753,0.6804312979763009,0.913517723836458
high_debt_burden,full,LDA,0.08699839486356341,0.7324263038548753,0.6800497984721319,0.913517723836458
high_debt_burden,full,LDA,0.08699839486356341,0.7333333333333333,0.6791503238342695,0.913517723836458
high_debt_burden,full,LDA,0.08731942215088283,0.7333333333333333,0.6789864710911743,0.913517723836458
high_debt_burden,full,LDA,0.08731942215088283,0.7337868480725623,0.67894450791907,0.913517723836458
high_debt_burden,full,LDA,0.08764044943820225,0.7337868480725623,0.6789087061542155,0.913517723836458
high_debt_burden,full,LDA,0.08764044943820225,0.7342403628117914,0.6786361877932475,0.913517723836458
high_debt_burden,full,LDA,0.08828250401284109,0.7342403628117914,0.6782685004736323,0.913517723836458
high_debt_burden,full,LDA,0.08828250401284109,0.7351473922902494,0.6779883148339404,0.913517723836458
high_debt_burden,full,LDA,0.0886035313001605,0.7351473922902494,0.6775790437955295,0.913517723836458
high_debt_burden,full,LDA,0.0886035313001605,0.7374149659863946,0.6756679955455863,0.913517723836458
high_debt_burden,full,LDA,0.08892455858747994,0.7374149659863946,0.6753299022028042,0.913517723836458
high_debt_burden,full,LDA,0.08892455858747994,0.7387755102040816,0.6742777848295984,0.913517723836458
high_debt_burden,full,LDA,0.08924558587479936,0.7387755102040816,0.6740596853913523,0.913517723836458
high_debt_burden,full,LDA,0.08924558587479936,0.7410430839002268,0.6716568956230408,0.913517723836458
high_debt_burden,full,LDA,0.08956661316211878,0.7410430839002268,0.6712587517902483,0.913517723836458
high_debt_burden,full,LDA,0.08956661316211878,0.7442176870748299,0.6701450204362419,0.913517723836458
high_debt_burden,full,LDA,0.0898876404494382,0.7442176870748299,0.6698198889970629,0.913517723836458
high_debt_burden,full,LDA,0.0898876404494382,0.744671201814059,0.6694884199302986,0.913517723836458
high_debt_burden,full,LDA,0.09052969502407705,0.744671201814059,0.6675526544375795,0.913517723836458
high_debt_burden,full,LDA,0.09052969502407705,0.745578231292517,0.6673766131943003,0.913517723836458
high_debt_burden,full,LDA,0.09085072231139647,0.745578231292517,0.6673626907716795,0.913517723836458
high_debt_burden,full,LDA,0.09085072231139647,0.746031746031746,0.6671725804913045,0.913517723836458
high_debt_burden,full,LDA,0.09149277688603531,0.746031746031746,0.666905170494518,0.913517723836458
high_debt_burden,full,LDA,0.09149277688603531,0.7464852607709751,0.666682693190275,0.913517723836458
high_debt_burden,full,LDA,0.09181380417335473,0.7464852607709751,0.6663673566375672,0.913517723836458
high_debt_burden,full,LDA,0.09181380417335473,0.746938775510204,0.6661947589426271,0.913517723836458
high_debt_burden,full,LDA,0.09213483146067415,0.746938775510204,0.6657476354567818,0.913517723836458
high_debt_burden,full,LDA,0.09213483146067415,0.7478458049886622,0.6649094901368537,0.913517723836458
high_debt_burden,full,LDA,0.09245585874799359,0.7478458049886622,0.664842186564637,0.913517723836458
high_debt_burden,full,LDA,0.09245585874799359,0.7482993197278912,0.6632111904567657,0.913517723836458
high_debt_burden,full,LDA,0.092776886035313,0.7482993197278912,0.6630227982987109,0.913517723836458
high_debt_burden,full,LDA,0.092776886035313,0.7492063492063492,0.661848541912246,0.913517723836458
high_debt_burden,full,LDA,0.09406099518459068,0.7492063492063492,0.6606108717651057,0.913517723836458
high_debt_burden,full,LDA,0.09406099518459068,0.7505668934240363,0.6594539886170915,0.913517723836458
high_debt_burden,full,LDA,0.09438202247191012,0.7505668934240363,0.6589688659375746,0.913517723836458
high_debt_burden,full,LDA,0.09438202247191012,0.7528344671201814,0.6580960632409383,0.913517723836458
high_debt_burden,full,LDA,0.09502407704654896,0.7528344671201814,0.6562041326671774,0.913517723836458
high_debt_burden,full,LDA,0.09502407704654896,0.7555555555555555,0.6510768760838708,0.913517723836458
high_debt_burden,full,LDA,0.09534510433386838,0.7555555555555555,0.6510378746552614,0.913517723836458
high_debt_burden,full,LDA,0.09534510433386838,0.7564625850340136,0.6491099279992889,0.913517723836458
high_debt_burden,full,LDA,0.0956661316211878,0.7564625850340136,0.6488835304300844,0.913517723836458
high_debt_burden,full,LDA,0.0956661316211878,0.7619047619047619,0.6432525925855701,0.913517723836458
high_debt_burden,full,LDA,0.09598715890850722,0.7619047619047619,0.6432079352221575,0.913517723836458
high_debt_burden,full,LDA,0.09598715890850722,0.7659863945578231,0.6385614341289811,0.913517723836458
high_debt_burden,full,LDA,0.09662921348314607,0.7659863945578231,0.6369715599680171,0.913517723836458
high_debt_burden,full,LDA,0.09662921348314607,0.7664399092970522,0.6353070424455067,0.913517723836458
high_debt_burden,full,LDA,0.09695024077046549,0.7664399092970522,0.6353066237966498,0.913517723836458
high_debt_burden,full,LDA,0.09695024077046549,0.7668934240362811,0.6349518539897976,0.913517723836458
high_debt_burden,full,LDA,0.09759229534510433,0.7668934240362811,0.6346672858478969,0.913517723836458
high_debt_burden,full,LDA,0.09759229534510433,0.7673469387755102,0.6342307614369814,0.913517723836458
high_debt_burden,full,LDA,0.09791332263242375,0.7673469387755102,0.6340967480177623,0.913517723836458
high_debt_burden,full,LDA,0.09791332263242375,0.7678004535147392,0.6337875073788843,0.913517723836458
high_debt_burden,full,LDA,0.09823434991974318,0.7678004535147392,0.6335118920046386,0.913517723836458
high_debt_burden,full,LDA,0.09823434991974318,0.7687074829931972,0.6326823299221002,0.913517723836458
high_debt_burden,full,LDA,0.0985553772070626,0.7687074829931972,0.6308559884881326,0.913517723836458
high_debt_burden,full,LDA,0.0985553772070626,0.7691609977324263,0.6306426207297495,0.913517723836458
high_debt_burden,full,LDA,0.09951845906902086,0.7691609977324263,0.6279147000065146,0.913517723836458
high_debt_burden,full,LDA,0.09951845906902086,0.7700680272108843,0.627288285848072,0.913517723836458
high_debt_burden,full,LDA,0.0998394863563403,0.7700680272108843,0.6272675400569176,0.913517723836458
high_debt_burden,full,LDA,0.0998394863563403,0.7709750566893424,0.6269134734198464,0.913517723836458
high_debt_burden,full,LDA,0.10016051364365972,0.7709750566893424,0.626670507441882,0.913517723836458
high_debt_burden,full,LDA,0.10016051364365972,0.7732426303854876,0.6251334283261947,0.913517723836458
high_debt_burden,full,LDA,0.10048154093097914,0.7732426303854876,0.6248810316446064,0.913517723836458
high_debt_burden,full,LDA,0.10048154093097914,0.7746031746031746,0.6234204069327636,0.913517723836458
high_debt_burden,full,LDA,0.10112359550561797,0.7746031746031746,0.622969754869218,0.913517723836458
high_debt_burden,full,LDA,0.10112359550561797,0.7759637188208617,0.6223503555315312,0.913517723836458
high_debt_burden,full,LDA,0.1014446227929374,0.7759637188208617,0.6211974974011821,0.913517723836458
high_debt_burden,full,LDA,0.1014446227929374,0.7764172335600907,0.6211322273425879,0.913517723836458
high_debt_burden,full,LDA,0.10208667736757625,0.7764172335600907,0.6207213436486334,0.913517723836458
high_debt_burden,full,LDA,0.10208667736757625,0.7773242630385487,0.6197782726133582,0.913517723836458
high_debt_burden,full,LDA,0.10240770465489567,0.7773242630385487,0.6194053123704577,0.913517723836458
high_debt_burden,full,LDA,0.10240770465489567,0.7791383219954648,0.6187305157985704,0.913517723836458
high_debt_burden,full,LDA,0.10272873194221509,0.7791383219954648,0.6181531621718419,0.913517723836458
high_debt_burden,full,LDA,0.10272873194221509,0.780045351473923,0.6151972350025997,0.913517723836458
high_debt_burden,full,LDA,0.10337078651685393,0.780045351473923,0.6146796897747675,0.913517723836458
high_debt_burden,full,LDA,0.10337078651685393,0.781859410430839,0.6133666080537695,0.913517723836458
high_debt_burden,full,LDA,0.10401284109149278,0.781859410430839,0.6128459761420694,0.913517723836458
high_debt_burden,full,LDA,0.10401284109149278,0.782312925170068,0.6125997226995434,0.913517723836458
high_debt_burden,full,LDA,0.10465489566613162,0.782312925170068,0.6116627597839442,0.913517723836458
high_debt_burden,full,LDA,0.10465489566613162,0.7827664399092971,0.6116122291017217,0.913517723836458
high_debt_burden,full,LDA,0.10497592295345104,0.7827664399092971,0.6115181459292955,0.913517723836458
high_debt_burden,full,LDA,0.10497592295345104,0.7832199546485261,0.6111453455276461,0.913517723836458
high_debt_burden,full,LDA,0.10561797752808989,0.7832199546485261,0.6102341177229216,0.913517723836458
high_debt_burden,full,LDA,0.10561797752808989,0.7841269841269841,0.609884248792842,0.913517723836458
high_debt_burden,full,LDA,0.10593900481540931,0.7841269841269841,0.6090723551895445,0.913517723836458
high_debt_burden,full,LDA,0.10593900481540931,0.7854875283446712,0.6073340557852271,0.913517723836458
high_debt_burden,full,LDA,0.10658105939004815,0.7854875283446712,0.6058532612559889,0.913517723836458
high_debt_burden,full,LDA,0.10658105939004815,0.7868480725623582,0.604172552656779,0.913517723836458
high_debt_burden,full,LDA,0.10690208667736757,0.7868480725623582,0.6033007578822412,0.913517723836458
high_debt_burden,full,LDA,0.10690208667736757,0.7877551020408163,0.6029437047677522,0.913517723836458
high_debt_burden,full,LDA,0.10754414125200643,0.7877551020408163,0.6019717406212131,0.913517723836458
high_debt_burden,full,LDA,0.10754414125200643,0.7886621315192743,0.5993307353995092,0.913517723836458
high_debt_burden,full,LDA,0.10850722311396468,0.7886621315192743,0.5971037827015885,0.913517723836458
high_debt_burden,full,LDA,0.10850722311396468,0.7904761904761904,0.5937805502842566,0.913517723836458
high_debt_burden,full,LDA,0.10947030497592296,0.7904761904761904,0.5925952889315561,0.913517723836458
high_debt_burden,full,LDA,0.10947030497592296,0.7909297052154195,0.5924740458787239,0.913517723836458
high_debt_burden,full,LDA,0.11043338683788122,0.7909297052154195,0.591398202797919,0.913517723836458
high_debt_burden,full,LDA,0.11043338683788122,0.7918367346938775,0.5888990537404425,0.913517723836458
high_debt_burden,full,LDA,0.11139646869983949,0.7918367346938775,0.5870090249488364,0.913517723836458
high_debt_burden,full,LDA,0.11139646869983949,0.7977324263038549,0.5787472498401178,0.913517723836458
high_debt_burden,full,LDA,0.11203852327447833,0.7977324263038549,0.5774628343778363,0.913517723836458
high_debt_burden,full,LDA,0.11203852327447833,0.7981859410430839,0.5773377109211759,0.913517723836458
high_debt_burden,full,LDA,0.11235955056179775,0.7981859410430839,0.5769799141247977,0.913517723836458
high_debt_burden,full,LDA,0.11235955056179775,0.7986394557823129,0.5765889821435004,0.913517723836458
high_debt_burden,full,LDA,0.11268057784911717,0.7986394557823129,0.576376971492642,0.913517723836458
high_debt_burden,full,LDA,0.11268057784911717,0.800453514739229,0.5752555703030245,0.913517723836458
high_debt_burden,full,LDA,0.1130016051364366,0.800453514739229,0.5750070914896022,0.913517723836458
high_debt_burden,full,LDA,0.1130016051364366,0.8027210884353742,0.5726813762756718,0.913517723836458
high_debt_burden,full,LDA,0.11332263242375602,0.8027210884353742,0.5726169403644125,0.913517723836458
high_debt_burden,full,LDA,0.11332263242375602,0.8031746031746032,0.5724980387554119,0.913517723836458
high_debt_burden,full,LDA,0.11364365971107544,0.8031746031746032,0.5718109834876788,0.913517723836458
high_debt_burden,full,LDA,0.11364365971107544,0.8045351473922903,0.5697458339519128,0.913517723836458
high_debt_burden,full,LDA,0.11428571428571428,0.8045351473922903,0.5694756686312019,0.913517723836458
high_debt_burden,full,LDA,0.11428571428571428,0.8058956916099773,0.5683935566728879,0.913517723836458
high_debt_burden,full,LDA,0.1146067415730337,0.8058956916099773,0.5681823871222601,0.913517723836458
high_debt_burden,full,LDA,0.1146067415730337,0.8081632653061225,0.566637249310207,0.913517723836458
high_debt_burden,full,LDA,0.11492776886035314,0.8081632653061225,0.5661139255188986,0.913517723836458
high_debt_burden,full,LDA,0.11492776886035314,0.8086167800453514,0.5657163683196466,0.913517723836458
high_debt_burden,full,LDA,0.11524879614767256,0.8086167800453514,0.5657131330191836,0.913517723836458
high_debt_burden,full,LDA,0.11524879614767256,0.8090702947845805,0.5653478050944036,0.913517723836458
high_debt_burden,full,LDA,0.11556982343499198,0.8090702947845805,0.5653325354249467,0.913517723836458
high_debt_burden,full,LDA,0.11556982343499198,0.8095238095238095,0.5641046437249891,0.913517723836458
high_debt_burden,full,LDA,0.1158908507223114,0.8095238095238095,0.5635894624155866,0.913517723836458
high_debt_burden,full,LDA,0.1158908507223114,0.8099773242630386,0.5633373648831174,0.913517723836458
high_debt_burden,full,LDA,0.11621187800963081,0.8099773242630386,0.5619537808380953,0.913517723836458
high_debt_burden,full,LDA,0.11621187800963081,0.8108843537414966,0.5606601634641474,0.913517723836458
high_debt_burden,full,LDA,0.11653290529695023,0.8108843537414966,0.5588859347015931,0.913517723836458
high_debt_burden,full,LDA,0.11653290529695023,0.8113378684807256,0.5584024578178128,0.913517723836458
high_debt_burden,full,LDA,0.11717495987158909,0.8113378684807256,0.5579715114709975,0.913517723836458
high_debt_burden,full,LDA,0.11717495987158909,0.8117913832199547,0.5568735205857487,0.913517723836458
high_debt_burden,full,LDA,0.11781701444622793,0.8117913832199547,0.5554437107517612,0.913517723836458
high_debt_burden,full,LDA,0.11781701444622793,0.8126984126984127,0.5550329033364283,0.913517723836458
high_debt_burden,full,LDA,0.11813804173354735,0.8126984126984127,0.5548183049960291,0.913517723836458
high_debt_burden,full,LDA,0.11813804173354735,0.8140589569160998,0.5540522981694321,0.913517723836458
high_debt_burden,full,LDA,0.1187800963081862,0.8140589569160998,0.5531812746356477,0.913517723836458
high_debt_burden,full,LDA,0.1187800963081862,0.8145124716553288,0.5528612528800331,0.913517723836458
high_debt_burden,full,LDA,0.11910112359550562,0.8145124716553288,0.5518392280380874,0.913517723836458
high_debt_burden,full,LDA,0.11910112359550562,0.8149659863945579,0.5516280940945015,0.913517723836458
high_debt_burden,full,LDA,0.11942215088282504,0.8149659863945579,0.550985313481426,0.913517723836458
high_debt_burden,full,LDA,0.11942215088282504,0.8154195011337868,0.5508396060341514,0.913517723836458
high_debt_burden,full,LDA,0.12038523274478331,0.8154195011337868,0.549735218141547,0.913517723836458
high_debt_burden,full,LDA,0.12038523274478331,0.8158730158730159,0.5493894286795613,0.913517723836458
high_debt_burden,full,LDA,0.12102728731942215,0.8158730158730159,0.5490407062679931,0.913517723836458
high_debt_burden,full,LDA,0.12102728731942215,0.8163265306122449,0.5489215213267956,0.913517723836458
high_debt_burden,full,LDA,0.12134831460674157,0.8163265306122449,0.5488836069665342,0.913517723836458
high_debt_burden,full,LDA,0.12134831460674157,0.816780045351474,0.5484511911987601,0.913517723836458
high_debt_burden,full,LDA,0.12166934189406099,0.816780045351474,0.5484435738316128,0.913517723836458
high_debt_burden,full,LDA,0.12166934189406099,0.8172335600907029,0.5483389340712413,0.913517723836458
high_debt_burden,full,LDA,0.12199036918138041,0.8172335600907029,0.5480077376595102,0.913517723836458
high_debt_burden,full,LDA,0.12199036918138041,0.817687074829932,0.5475653486578278,0.913517723836458
high_debt_burden,full,LDA,0.12231139646869985,0.817687074829932,0.5475360934301423,0.913517723836458
high_debt_burden,full,LDA,0.12231139646869985,0.818140589569161,0.5455108698798627,0.913517723836458
high_debt_burden,full,LDA,0.12263242375601927,0.818140589569161,0.5453811893127688,0.913517723836458
high_debt_burden,full,LDA,0.12263242375601927,0.81859410430839,0.5453689928748308,0.913517723836458
high_debt_burden,full,LDA,0.12295345104333869,0.81859410430839,0.5453444194028821,0.913517723836458
high_debt_burden,full,LDA,0.12295345104333869,0.819047619047619,0.5447803876246555,0.913517723836458
high_debt_burden,full,LDA,0.12359550561797752,0.819047619047619,0.5440138833665964,0.913517723836458
high_debt_burden,full,LDA,0.12359550561797752,0.8199546485260771,0.5433221411694219,0.913517723836458
high_debt_burden,full,LDA,0.12423756019261638,0.8199546485260771,0.541892058514299,0.913517723836458
high_debt_burden,full,LDA,0.12423756019261638,0.8208616780045351,0.5407516244904758,0.913517723836458
high_debt_burden,full,LDA,0.1245585874799358,0.8208616780045351,0.5404091159151687,0.913517723836458
high_debt_burden,full,LDA,0.1245585874799358,0.8213151927437642,0.5402450780163269,0.913517723836458
high_debt_burden,full,LDA,0.12520064205457465,0.8213151927437642,0.5392354726454811,0.913517723836458
high_debt_burden,full,LDA,0.12520064205457465,0.8231292517006803,0.5375498040699426,0.913517723836458
high_debt_burden,full,LDA,0.12552166934189407,0.8231292517006803,0.5372472566220764,0.913517723836458
high_debt_burden,full,LDA,0.12552166934189407,0.8235827664399092,0.5370956665933997,0.913517723836458
high_debt_burden,full,LDA,0.1258426966292135,0.8235827664399092,0.5368907416986054,0.913517723836458
high_debt_burden,full,LDA,0.1258426966292135,0.8240362811791383,0.5364769605480413,0.913517723836458
high_debt_burden,full,LDA,0.1261637239165329,0.8240362811791383,0.536424653476832,0.913517723836458
high_debt_burden,full,LDA,0.1261637239165329,0.8244897959183674,0.5362774796381383,0.913517723836458
high_debt_burden,full,LDA,0.1274478330658106,0.8244897959183674,0.5346741816009545,0.913517723836458
high_debt_burden,full,LDA,0.1274478330658106,0.8249433106575964,0.5346536704764662,0.913517723836458
high_debt_burden,full,LDA,0.12776886035313,0.8249433106575964,0.5343630292127028,0.913517723836458
high_debt_burden,full,LDA,0.12776886035313,0.8253968253968254,0.5341516136132901,0.913517723836458
high_debt_burden,full,LDA,0.12808988764044943,0.8253968253968254,0.5327149883941985,0.913517723836458
high_debt_burden,full,LDA,0.12808988764044943,0.8272108843537415,0.5313993136998993,0.913517723836458
high_debt_burden,full,LDA,0.12841091492776885,0.8272108843537415,0.5308453261032148,0.913517723836458
high_debt_burden,full,LDA,0.12841091492776885,0.8285714285714286,0.5301283472097946,0.913517723836458
high_debt_burden,full,LDA,0.12937399678972714,0.8285714285714286,0.5286010827887704,0.913517723836458
high_debt_burden,full,LDA,0.12937399678972714,0.8294784580498866,0.5278542837176361,0.913517723836458
high_debt_burden,full,LDA,0.12969502407704656,0.8294784580498866,0.5273109242361027,0.913517723836458
high_debt_burden,full,LDA,0.12969502407704656,0.8299319727891157,0.5271913630872623,0.913517723836458
high_debt_burden,full,LDA,0.13001605136436598,0.8299319727891157,0.5269811199673697,0.913517723836458
high_debt_burden,full,LDA,0.13001605136436598,0.8303854875283446,0.5267072930257819,0.913517723836458
high_debt_burden,full,LDA,0.1303370786516854,0.8303854875283446,0.5257415397092183,0.913517723836458
high_debt_burden,full,LDA,0.1303370786516854,0.8308390022675737,0.524174905014542,0.913517723836458
high_debt_burden,full,LDA,0.13065810593900481,0.8308390022675737,0.524024935739488,0.913517723836458
high_debt_burden,full,LDA,0.13065810593900481,0.8312925170068027,0.5235622384717088,0.913517723836458
high_debt_burden,full,LDA,0.13097913322632423,0.8312925170068027,0.5234243520858612,0.913517723836458
high_debt_burden,full,LDA,0.13097913322632423,0.8317460317460318,0.5224343328727883,0.913517723836458
high_debt_burden,full,LDA,0.13130016051364365,0.8317460317460318,0.5202758161567055,0.913517723836458
high_debt_burden,full,LDA,0.13130016051364365,0.8331065759637188,0.5178192915220524,0.913517723836458
high_debt_burden,full,LDA,0.13162118780096307,0.8331065759637188,0.5176586450290914,0.913517723836458
high_debt_burden,full,LDA,0.13162118780096307,0.8335600907029479,0.5174838490395738,0.913517723836458
high_debt_burden,full,LDA,0.1319422150882825,0.8335600907029479,0.5163989707048855,0.913517723836458
high_debt_burden,full,LDA,0.1319422150882825,0.8340136054421768,0.5161685472522302,0.913517723836458
high_debt_burden,full,LDA,0.1322632423756019,0.8340136054421768,0.5142113964452556,0.913517723836458
high_debt_burden,full,LDA,0.1322632423756019,0.8344671201814059,0.5134122749470872,0.913517723836458
high_debt_burden,full,LDA,0.13386837881219904,0.8344671201814059,0.5088034364841708,0.913517723836458
high_debt_burden,full,LDA,0.13386837881219904,0.834920634920635,0.508358501127543,0.913517723836458
high_debt_burden,full,LDA,0.13418940609951846,0.834920634920635,0.5076918219616777,0.913517723836458
high_debt_burden,full,LDA,0.13418940609951846,0.8353741496598639,0.5070983093183619,0.913517723836458
high_debt_burden,full,LDA,0.13547351524879614,0.8353741496598639,0.5052109964789773,0.913517723836458
high_debt_burden,full,LDA,0.13547351524879614,0.836281179138322,0.5029079970970867,0.913517723836458
high_debt_burden,full,LDA,0.13579454253611556,0.836281179138322,0.5026625472715982,0.913517723836458
high_debt_burden,full,LDA,0.13579454253611556,0.8367346938775511,0.5025360384822518,0.913517723836458
high_debt_burden,full,LDA,0.13611556982343498,0.8367346938775511,0.5024083881353386,0.913517723836458
high_debt_burden,full,LDA,0.13611556982343498,0.83718820861678,0.5020945323455797,0.913517723836458
high_debt_burden,full,LDA,0.1377207062600321,0.83718820861678,0.5001679567864334,0.913517723836458
high_debt_burden,full,LDA,0.1377207062600321,0.8380952380952381,0.49816902836679317,0.913517723836458
high_debt_burden,full,LDA,0.13804173354735153,0.8380952380952381,0.497900141266264,0.913517723836458
high_debt_burden,full,LDA,0.13804173354735153,0.8390022675736961,0.4967706617866516,0.913517723836458
high_debt_burden,full,LDA,0.13836276083467094,0.8390022675736961,0.4966512891428353,0.913517723836458
high_debt_burden,full,LDA,0.13836276083467094,0.8394557823129252,0.4965808926678274,0.913517723836458
high_debt_burden,full,LDA,0.13868378812199036,0.8394557823129252,0.49638969202853733,0.913517723836458
high_debt_burden,full,LDA,0.13868378812199036,0.8408163265306122,0.49521971578076,0.913517723836458
high_debt_burden,full,LDA,0.13900481540930978,0.8408163265306122,0.49316616143003733,0.913517723836458
high_debt_burden,full,LDA,0.13900481540930978,0.8417233560090703,0.4906739115725679,0.913517723836458
high_debt_burden,full,LDA,0.1393258426966292,0.8417233560090703,0.48903725538841486,0.913517723836458
high_debt_burden,full,LDA,0.1393258426966292,0.8421768707482993,0.4885002954508239,0.913517723836458
high_debt_burden,full,LDA,0.13964686998394862,0.8421768707482993,0.48841553014498035,0.913517723836458
high_debt_burden,full,LDA,0.13964686998394862,0.8426303854875283,0.48673433454673803,0.913517723836458
high_debt_burden,full,LDA,0.1402889245585875,0.8426303854875283,0.4863527253151001,0.913517723836458
high_debt_burden,full,LDA,0.1402889245585875,0.8435374149659864,0.4861885038884859,0.913517723836458
high_debt_burden,full,LDA,0.1406099518459069,0.8435374149659864,0.4860668340277236,0.913517723836458
high_debt_burden,full,LDA,0.1406099518459069,0.8439909297052154,0.4843842779323566,0.913517723836458
high_debt_burden,full,LDA,0.14093097913322633,0.8439909297052154,0.48406372251554824,0.913517723836458
high_debt_burden,full,LDA,0.14093097913322633,0.8444444444444444,0.4837745840766019,0.913517723836458
high_debt_burden,full,LDA,0.1418940609951846,0.8444444444444444,0.48191869629261985,0.913517723836458
high_debt_burden,full,LDA,0.1418940609951846,0.8467120181405896,0.47718402609293936,0.913517723836458
high_debt_burden,full,LDA,0.142215088282504,0.8467120181405896,0.4755591501374335,0.913517723836458
high_debt_burden,full,LDA,0.142215088282504,0.8485260770975057,0.47443632625202287,0.913517723836458
high_debt_burden,full,LDA,0.14285714285714285,0.8485260770975057,0.4730097247666216,0.913517723836458
high_debt_burden,full,LDA,0.14285714285714285,0.8489795918367347,0.4725484877261426,0.913517723836458
high_debt_burden,full,LDA,0.1434991974317817,0.8489795918367347,0.46988261333551745,0.913517723836458
high_debt_burden,full,LDA,0.1434991974317817,0.8494331065759637,0.46918508950591925,0.913517723836458
high_debt_burden,full,LDA,0.14606741573033707,0.8494331065759637,0.46334116513164525,0.913517723836458
high_debt_burden,full,LDA,0.14606741573033707,0.8503401360544217,0.46084275552905235,0.913517723836458
high_debt_burden,full,LDA,0.1463884430176565,0.8503401360544217,0.4600573772465453,0.913517723836458
high_debt_burden,full,LDA,0.1463884430176565,0.8517006802721089,0.45867547158523847,0.913517723836458
high_debt_burden,full,LDA,0.14670947030497591,0.8517006802721089,0.45866132239403606,0.913517723836458
high_debt_burden,full,LDA,0.14670947030497591,0.8521541950113378,0.45854087315455294,0.913517723836458
high_debt_burden,full,LDA,0.14831460674157304,0.8521541950113378,0.4555139581694096,0.913517723836458
high_debt_burden,full,LDA,0.14831460674157304,0.8526077097505669,0.4554726798969883,0.913517723836458
high_debt_burden,full,LDA,0.1492776886035313,0.8526077097505669,0.45403481588051703,0.913517723836458
high_debt_burden,full,LDA,0.1492776886035313,0.8530612244897959,0.45402967928726395,0.913517723836458
high_debt_burden,full,LDA,0.1508828250401284,0.8530612244897959,0.45154307926992415,0.913517723836458
high_debt_burden,full,LDA,0.1508828250401284,0.8539682539682539,0.4511497630405021,0.913517723836458
high_debt_burden,full,LDA,0.15120385232744785,0.8539682539682539,0.45085693007111394,0.913517723836458
high_debt_burden,full,LDA,0.15120385232744785,0.854875283446712,0.4507699318138268,0.913517723836458
high_debt_burden,full,LDA,0.15152487961476727,0.854875283446712,0.4507568665976513,0.913517723836458
high_debt_burden,full,LDA,0.15152487961476727,0.85578231292517,0.4500799221389193,0.913517723836458
high_debt_burden,full,LDA,0.15184590690208669,0.85578231292517,0.44972695147801534,0.913517723836458
high_debt_burden,full,LDA,0.15184590690208669,0.8562358276643991,0.44965304251311944,0.913517723836458
high_debt_burden,full,LDA,0.1537720706260032,0.8562358276643991,0.44692107446328544,0.913517723836458
high_debt_burden,full,LDA,0.1537720706260032,0.8566893424036282,0.44637900716580065,0.913517723836458
high_debt_burden,full,LDA,0.15473515248796146,0.8566893424036282,0.4454271732502872,0.913517723836458
high_debt_burden,full,LDA,0.15473515248796146,0.8571428571428571,0.44420013815695464,0.913517723836458
high_debt_burden,full,LDA,0.1550561797752809,0.8571428571428571,0.4425446621254095,0.913517723836458
high_debt_burden,full,LDA,0.1550561797752809,0.8575963718820862,0.44247864221382643,0.913517723836458
high_debt_burden,full,LDA,0.15601926163723917,0.8575963718820862,0.44106978855785695,0.913517723836458
high_debt_burden,full,LDA,0.15601926163723917,0.8580498866213152,0.44089758359994524,0.913517723836458
high_debt_burden,full,LDA,0.15762439807383627,0.8580498866213152,0.43716330673837994,0.913517723836458
high_debt_burden,full,LDA,0.15762439807383627,0.8594104308390023,0.43416238533709695,0.913517723836458
high_debt_burden,full,LDA,0.15987158908507224,0.8594104308390023,0.4296931937048727,0.913517723836458
high_debt_burden,full,LDA,0.15987158908507224,0.8598639455782313,0.4296893370540555,0.913517723836458
high_debt_burden,full,LDA,0.16051364365971107,0.8598639455782313,0.4275119640616011,0.913517723836458
high_debt_burden,full,LDA,0.16051364365971107,0.8607709750566893,0.42653735136426935,0.913517723836458
high_debt_burden,full,LDA,0.16147672552166933,0.8607709750566893,0.4259603061169311,0.913517723836458
high_debt_burden,full,LDA,0.16147672552166933,0.8616780045351474,0.42531014996990885,0.913517723836458
high_debt_burden,full,LDA,0.16308186195826646,0.8616780045351474,0.423779521112547,0.913517723836458
high_debt_burden,full,LDA,0.16308186195826646,0.8625850340136054,0.42221251692592987,0.913517723836458
high_debt_burden,full,LDA,0.16340288924558588,0.8625850340136054,0.42168751425087136,0.913517723836458
high_debt_burden,full,LDA,0.16340288924558588,0.8639455782312925,0.42002548865004846,0.913517723836458
high_debt_burden,full,LDA,0.1637239165329053,0.8639455782312925,0.41974330551162586,0.913517723836458
high_debt_burden,full,LDA,0.1637239165329053,0.8653061224489796,0.418772992785013,0.913517723836458
high_debt_burden,full,LDA,0.16500802568218298,0.8653061224489796,0.41571727759464827,0.913517723836458
high_debt_burden,full,LDA,0.16500802568218298,0.8657596371882086,0.4155664402477885,0.913517723836458
high_debt_burden,full,LDA,0.1662921348314607,0.8657596371882086,0.41361504515229824,0.913517723836458
high_debt_burden,full,LDA,0.1662921348314607,0.8689342403628117,0.41093472368454015,0.913517723836458
high_debt_burden,full,LDA,0.16789727126805779,0.8689342403628117,0.4102331128266462,0.913517723836458
high_debt_burden,full,LDA,0.16789727126805779,0.8693877551020408,0.4102050813526434,0.913517723836458
high_debt_burden,full,LDA,0.16853932584269662,0.8693877551020408,0.40897449259276303,0.913517723836458
high_debt_burden,full,LDA,0.16853932584269662,0.8702947845804989,0.4087805073081669,0.913517723836458
high_debt_burden,full,LDA,0.17046548956661317,0.8702947845804989,0.4070241830686754,0.913517723836458
high_debt_burden,full,LDA,0.17046548956661317,0.8707482993197279,0.40435888483827576,0.913517723836458
high_debt_burden,full,LDA,0.17142857142857143,0.8707482993197279,0.40369107589826136,0.913517723836458
high_debt_burden,full,LDA,0.17142857142857143,0.8712018140589569,0.4035101400623701,0.913517723836458
high_debt_burden,full,LDA,0.17431781701444624,0.8712018140589569,0.4004778124924592,0.913517723836458
high_debt_burden,full,LDA,0.17431781701444624,0.872562358276644,0.39709163544805887,0.913517723836458
high_debt_burden,full,LDA,0.17592295345104333,0.872562358276644,0.39573164637734154,0.913517723836458
high_debt_burden,full,LDA,0.17592295345104333,0.873015873015873,0.39484220717045565,0.913517723836458
high_debt_burden,full,LDA,0.17624398073836275,0.873015873015873,0.394611808234148,0.913517723836458
high_debt_burden,full,LDA,0.17624398073836275,0.8734693877551021,0.3944351469174371,0.913517723836458
high_debt_burden,full,LDA,0.177207062600321,0.8734693877551021,0.392498479943615,0.913517723836458
high_debt_burden,full,LDA,0.177207062600321,0.873922902494331,0.3920955221191509,0.913517723836458
high_debt_burden,full,LDA,0.17784911717495988,0.873922902494331,0.3907552899871111,0.913517723836458
high_debt_burden,full,LDA,0.17784911717495988,0.8743764172335601,0.38907876937812164,0.913517723836458
high_debt_burden,full,LDA,0.1781701444622793,0.8743764172335601,0.388488255571026,0.913517723836458
high_debt_burden,full,LDA,0.1781701444622793,0.8748299319727891,0.3882510102987293,0.913517723836458
high_debt_burden,full,LDA,0.17881219903691814,0.8748299319727891,0.3866792165546285,0.913517723836458
high_debt_burden,full,LDA,0.17881219903691814,0.8752834467120182,0.38667588536105224,0.913517723836458
high_debt_burden,full,LDA,0.18041733547351524,0.8752834467120182,0.3851555908821344,0.913517723836458
high_debt_burden,full,LDA,0.18041733547351524,0.8761904761904762,0.3842155719595688,0.913517723836458
high_debt_burden,full,LDA,0.1810593900481541,0.8761904761904762,0.38360282902020454,0.913517723836458
high_debt_burden,full,LDA,0.1810593900481541,0.8766439909297052,0.38315499096144134,0.913517723836458
high_debt_burden,full,LDA,0.18459069020866772,0.8766439909297052,0.3765943201920495,0.913517723836458
high_debt_burden,full,LDA,0.18459069020866772,0.8770975056689342,0.3761818041403536,0.913517723836458
high_debt_burden,full,LDA,0.18491171749598717,0.8770975056689342,0.3760393398055127,0.913517723836458
high_debt_burden,full,LDA,0.18491171749598717,0.8775510204081632,0.3757258318505962,0.913517723836458
high_debt_burden,full,LDA,0.18747993579454253,0.8775510204081632,0.37032044231377426,0.913517723836458
high_debt_burden,full,LDA,0.18747993579454253,0.8780045351473923,0.3702282781080344,0.913517723836458
high_debt_burden,full,LDA,0.18780096308186195,0.8780045351473923,0.37019161478832635,0.913517723836458
high_debt_burden,full,LDA,0.18780096308186195,0.8784580498866214,0.36966668250641055,0.913517723836458
high_debt_burden,full,LDA,0.18844301765650082,0.8784580498866214,0.3691732866986897,0.913517723836458
high_debt_burden,full,LDA,0.18844301765650082,0.8793650793650793,0.3670512321024676,0.913517723836458
high_debt_burden,full,LDA,0.18876404494382024,0.8793650793650793,0.3662668596071129,0.913517723836458
high_debt_burden,full,LDA,0.18876404494382024,0.8798185941043084,0.3662510455061011,0.913517723836458
high_debt_burden,full,LDA,0.18940609951845908,0.8798185941043084,0.36483707737809085,0.913517723836458
high_debt_burden,full,LDA,0.18940609951845908,0.8802721088435375,0.3646950748446741,0.913517723836458
high_debt_burden,full,LDA,0.1897271268057785,0.8802721088435375,0.3642303703637603,0.913517723836458
high_debt_burden,full,LDA,0.1897271268057785,0.8807256235827664,0.36242836674657714,0.913517723836458
high_debt_burden,full,LDA,0.19069020866773675,0.8807256235827664,0.3606775028724155,0.913517723836458
high_debt_burden,full,LDA,0.19069020866773675,0.8811791383219955,0.3605292042010479,0.913517723836458
high_debt_burden,full,LDA,0.19165329052969501,0.8811791383219955,0.35940846257321624,0.913517723836458
high_debt_burden,full,LDA,0.19165329052969501,0.8825396825396825,0.35875676191975725,0.913517723836458
high_debt_burden,full,LDA,0.19229534510433388,0.8825396825396825,0.3577998357100068,0.913517723836458
high_debt_burden,full,LDA,0.19229534510433388,0.8839002267573696,0.3562134713307136,0.913517723836458
high_debt_burden,full,LDA,0.19325842696629214,0.8839002267573696,0.3532444290729218,0.913517723836458
high_debt_burden,full,LDA,0.19325842696629214,0.8843537414965986,0.35322466638330347,0.913517723836458
high_debt_burden,full,LDA,0.19518459069020866,0.8843537414965986,0.34856485638260615,0.913517723836458
high_debt_burden,full,LDA,0.19518459069020866,0.8857142857142857,0.34818688493660865,0.913517723836458
high_debt_burden,full,LDA,0.19614767255216695,0.8857142857142857,0.3468452532462532,0.913517723836458
high_debt_burden,full,LDA,0.19614767255216695,0.8861678004535147,0.3446178501459812,0.913517723836458
high_debt_burden,full,LDA,0.19743178170144463,0.8861678004535147,0.34252424705101786,0.913517723836458
high_debt_burden,full,LDA,0.19743178170144463,0.8866213151927438,0.3424365565165497,0.913517723836458
high_debt_burden,full,LDA,0.19839486356340288,0.8866213151927438,0.34035104631473556,0.913517723836458
high_debt_burden,full,LDA,0.19839486356340288,0.8879818594104308,0.3372366474227258,0.913517723836458
high_debt_burden,full,LDA,0.19935794542536114,0.8879818594104308,0.3337440932137543,0.913517723836458
high_debt_burden,full,LDA,0.19935794542536114,0.8893424036281179,0.331577659884706,0.913517723836458
high_debt_burden,full,LDA,0.1996789727126806,0.8893424036281179,0.33130669326030954,0.913517723836458
high_debt_burden,full,LDA,0.1996789727126806,0.889795918367347,0.3312285772113702,0.913517723836458
high_debt_burden,full,LDA,0.20064205457463885,0.889795918367347,0.3288665784836969,0.913517723836458
high_debt_burden,full,LDA,0.20064205457463885,0.890702947845805,0.32871155854784306,0.913517723836458
high_debt_burden,full,LDA,0.20096308186195827,0.890702947845805,0.32867645789594363,0.913517723836458
high_debt_burden,full,LDA,0.20096308186195827,0.891156462585034,0.3282111483802601,0.913517723836458
high_debt_burden,full,LDA,0.20642054574638843,0.891156462585034,0.3232634165525004,0.913517723836458
high_debt_burden,full,LDA,0.20642054574638843,0.8916099773242631,0.3229778257108754,0.913517723836458
high_debt_burden,full,LDA,0.20770465489566614,0.8916099773242631,0.3213736122044672,0.913517723836458
high_debt_burden,full,LDA,0.20770465489566614,0.8929705215419501,0.3196720539433899,0.913517723836458
high_debt_burden,full,LDA,0.21187800963081863,0.8929705215419501,0.3132889720239745,0.913517723836458
high_debt_burden,full,LDA,0.21187800963081863,0.8934240362811792,0.31193993052985575,0.913517723836458
high_debt_burden,full,LDA,0.21219903691813805,0.8934240362811792,0.30948092197890664,0.913517723836458
high_debt_burden,full,LDA,0.21219903691813805,0.8938775510204081,0.30920535522433357,0.913517723836458
high_debt_burden,full,LDA,0.21284109149277688,0.8938775510204081,0.3078399219343636,0.913517723836458
high_debt_burden,full,LDA,0.21284109149277688,0.8947845804988662,0.30727297536972226,0.913517723836458
high_debt_burden,full,LDA,0.2131621187800963,0.8947845804988662,0.30660111757070335,0.913517723836458
high_debt_burden,full,LDA,0.2131621187800963,0.8952380952380953,0.3062438120019632,0.913517723836458
high_debt_burden,full,LDA,0.21444622792937398,0.8952380952380953,0.30569103911988754,0.913517723836458
high_debt_burden,full,LDA,0.21444622792937398,0.8956916099773242,0.30488462392038695,0.913517723836458
high_debt_burden,full,LDA,0.21476725521669343,0.8956916099773242,0.30427483970474223,0.913517723836458
high_debt_burden,full,LDA,0.21476725521669343,0.8961451247165533,0.3030072352555997,0.913517723836458
high_debt_burden,full,LDA,0.21701444622792937,0.8961451247165533,0.30112823873378425,0.913517723836458
high_debt_burden,full,LDA,0.21701444622792937,0.8965986394557823,0.3006602135965744,0.913517723836458
high_debt_burden,full,LDA,0.21926163723916534,0.8965986394557823,0.2969866636561826,0.913517723836458
high_debt_burden,full,LDA,0.21926163723916534,0.8970521541950114,0.29645867282282284,0.913517723836458
high_debt_burden,full,LDA,0.21958266452648476,0.8970521541950114,0.29608492080378224,0.913517723836458
high_debt_burden,full,LDA,0.21958266452648476,0.8975056689342403,0.2960720437882211,0.913517723836458
high_debt_burden,full,LDA,0.22054574638844301,0.8975056689342403,0.29516458495286996,0.913517723836458
high_debt_burden,full,LDA,0.22054574638844301,0.8979591836734694,0.2942981547044293,0.913517723836458
high_debt_burden,full,LDA,0.2247191011235955,0.8979591836734694,0.28846252151618434,0.913517723836458
high_debt_burden,full,LDA,0.2247191011235955,0.8984126984126984,0.28838663823924787,0.913517723836458
high_debt_burden,full,LDA,0.22504012841091492,0.8984126984126984,0.2882257358126043,0.913517723836458
high_debt_burden,full,LDA,0.22504012841091492,0.8988662131519274,0.28711423344987486,0.913517723836458
high_debt_burden,full,LDA,0.22536115569823434,0.8988662131519274,0.28653994750504835,0.913517723836458
high_debt_burden,full,LDA,0.22536115569823434,0.8993197278911564,0.28622123854074455,0.913517723836458
high_debt_burden,full,LDA,0.22792937399678972,0.8993197278911564,0.28225073708022397,0.913517723836458
high_debt_burden,full,LDA,0.22792937399678972,0.8997732426303855,0.2818013911243485,0.913517723836458
high_debt_burden,full,LDA,0.22825040128410914,0.8997732426303855,0.2817582403710326,0.913517723836458
high_debt_burden,full,LDA,0.22825040128410914,0.9006802721088435,0.2805339685824882,0.913517723836458
high_debt_burden,full,LDA,0.22985553772070627,0.9006802721088435,0.2795546690610127,0.913517723836458
high_debt_burden,full,LDA,0.22985553772070627,0.9020408163265307,0.27812901783944993,0.913517723836458
high_debt_burden,full,LDA,0.2301765650080257,0.9020408163265307,0.27783356057915615,0.913517723836458
high_debt_burden,full,LDA,0.2301765650080257,0.9024943310657596,0.2763484866067554,0.913517723836458
high_debt_burden,full,LDA,0.23081861958266453,0.9024943310657596,0.27542550433233953,0.913517723836458
high_debt_burden,full,LDA,0.23081861958266453,0.9029478458049887,0.2746512170667816,0.913517723836458
high_debt_burden,full,LDA,0.23146067415730337,0.9029478458049887,0.27331730440649143,0.913517723836458
high_debt_burden,full,LDA,0.23146067415730337,0.9034013605442177,0.27284780180671275,0.913517723836458
high_debt_burden,full,LDA,0.23242375601926163,0.9034013605442177,0.27158380199915294,0.913517723836458
high_debt_burden,full,LDA,0.23242375601926163,0.9038548752834467,0.2712579941096433,0.913517723836458
high_debt_burden,full,LDA,0.23338683788121992,0.9038548752834467,0.2706151660355175,0.913517723836458
high_debt_burden,full,LDA,0.23338683788121992,0.9043083900226757,0.27024697208394116,0.913517723836458
high_debt_burden,full,LDA,0.23434991974317818,0.9043083900226757,0.26940512518640236,0.913517723836458
high_debt_burden,full,LDA,0.23434991974317818,0.9052154195011338,0.26838671176908285,0.913517723836458
high_debt_burden,full,LDA,0.23723916532905298,0.9052154195011338,0.26479949308673206,0.913517723836458
high_debt_burden,full,LDA,0.23723916532905298,0.9061224489795918,0.26449784738933185,0.913517723836458
high_debt_burden,full,LDA,0.23852327447833066,0.9061224489795918,0.2634490169717093,0.913517723836458
high_debt_burden,full,LDA,0.23852327447833066,0.9065759637188209,0.26273379067596575,0.913517723836458
high_debt_burden,full,LDA,0.2391653290529695,0.9065759637188209,0.26189237690500067,0.913517723836458
high_debt_burden,full,LDA,0.2391653290529695,0.9070294784580499,0.2617178221913263,0.913517723836458
high_debt_burden,full,LDA,0.24044943820224718,0.9070294784580499,0.25971175382900574,0.913517723836458
high_debt_burden,full,LDA,0.24044943820224718,0.9074829931972789,0.2591752514812407,0.913517723836458
high_debt_burden,full,LDA,0.24109149277688605,0.9074829931972789,0.2588424486759437,0.913517723836458
high_debt_burden,full,LDA,0.24109149277688605,0.9079365079365079,0.258629594312915,0.913517723836458
high_debt_burden,full,LDA,0.24141252006420547,0.9079365079365079,0.25814766370329995,0.913517723836458
high_debt_burden,full,LDA,0.24141252006420547,0.908390022675737,0.25800988609989567,0.913517723836458
high_debt_burden,full,LDA,0.24558587479935795,0.908390022675737,0.2541295663621184,0.913517723836458
high_debt_burden,full,LDA,0.24558587479935795,0.908843537414966,0.2539832341436025,0.913517723836458
high_debt_burden,full,LDA,0.24590690208667737,0.908843537414966,0.2533787440118668,0.913517723836458
high_debt_burden,full,LDA,0.24590690208667737,0.909297052154195,0.25287626514736783,0.913517723836458
high_debt_burden,full,LDA,0.2465489566613162,0.909297052154195,0.251731467436414,0.913517723836458
high_debt_burden,full,LDA,0.2465489566613162,0.909750566893424,0.2517288564003347,0.913517723836458
high_debt_burden,full,LDA,0.24815409309791334,0.909750566893424,0.24819769923442284,0.913517723836458
high_debt_burden,full,LDA,0.24815409309791334,0.910657596371882,0.24668149473555512,0.913517723836458
high_debt_burden,full,LDA,0.25104333868378814,0.910657596371882,0.2419604531161214,0.913517723836458
high_debt_burden,full,LDA,0.25104333868378814,0.9111111111111111,0.24182663132290003,0.913517723836458
high_debt_burden,full,LDA,0.257784911717496,0.9111111111111111,0.23369874549097322,0.913517723836458
high_debt_burden,full,LDA,0.257784911717496,0.9115646258503401,0.23331130483366483,0.913517723836458
high_debt_burden,full,LDA,0.25874799357945427,0.9115646258503401,0.23280484037278026,0.913517723836458
high_debt_burden,full,LDA,0.25874799357945427,0.9124716553287981,0.23158086487773097,0.913517723836458
high_debt_burden,full,LDA,0.26035313001605137,0.9124716553287981,0.23062400079999676,0.913517723836458
high_debt_burden,full,LDA,0.26035313001605137,0.9133786848072563,0.22959603982875923,0.913517723836458
high_debt_burden,full,LDA,0.26163723916532905,0.9133786848072563,0.22730630594277085,0.913517723836458
high_debt_burden,full,LDA,0.26163723916532905,0.9138321995464853,0.22716324583167866,0.913517723836458
high_debt_burden,full,LDA,0.2626003210272873,0.9138321995464853,0.22602956264550972,0.913517723836458
high_debt_burden,full,LDA,0.2626003210272873,0.9147392290249433,0.22508693778479233,0.913517723836458
high_debt_burden,full,LDA,0.26292134831460673,0.9147392290249433,0.2243443968004046,0.913517723836458
high_debt_burden,full,LDA,0.26292134831460673,0.9151927437641724,0.22433471533945024,0.913517723836458
high_debt_burden,full,LDA,0.2642054574638844,0.9151927437641724,0.2237186311397731,0.913517723836458
high_debt_burden,full,LDA,0.2642054574638844,0.9156462585034013,0.22368462028337285,0.913517723836458
high_debt_burden,full,LDA,0.2645264847512038,0.9156462585034013,0.22291087483920569,0.913517723836458
high_debt_burden,full,LDA,0.2645264847512038,0.9160997732426304,0.22281531280463598,0.913517723836458
high_debt_burden,full,LDA,0.26581059390048156,0.9160997732426304,0.22200056773341476,0.913517723836458
high_debt_burden,full,LDA,0.26581059390048156,0.9165532879818594,0.22167159959275762,0.913517723836458
high_debt_burden,full,LDA,0.2667736757624398,0.9165532879818594,0.22047562894857056,0.913517723836458
high_debt_burden,full,LDA,0.2667736757624398,0.9174603174603174,0.21993846426410824,0.913517723836458
high_debt_burden,full,LDA,0.26902086677367576,0.9174603174603174,0.2145025550157437,0.913517723836458
high_debt_burden,full,LDA,0.26902086677367576,0.9179138321995465,0.21433922852243095,0.913517723836458
high_debt_burden,full,LDA,0.2709470304975923,0.9179138321995465,0.21273517042374612,0.913517723836458
high_debt_burden,full,LDA,0.2709470304975923,0.9183673469387755,0.21213770517485522,0.913517723836458
high_debt_burden,full,LDA,0.27287319422150885,0.9183673469387755,0.21014230082352053,0.913517723836458
high_debt_burden,full,LDA,0.27287319422150885,0.9197278911564626,0.20950612450286712,0.913517723836458
high_debt_burden,full,LDA,0.2735152487961477,0.9197278911564626,0.2094341745091858,0.913517723836458
high_debt_burden,full,LDA,0.2735152487961477,0.9201814058956916,0.20942572646369056,0.913517723836458
high_debt_burden,full,LDA,0.2738362760834671,0.9201814058956916,0.20929322415245002,0.913517723836458
high_debt_burden,full,LDA,0.2738362760834671,0.9206349206349206,0.20907600310612712,0.913517723836458
high_debt_burden,full,LDA,0.27447833065810595,0.9206349206349206,0.20871258350436384,0.913517723836458
high_debt_burden,full,LDA,0.27447833065810595,0.9215419501133787,0.20787303193046563,0.913517723836458
high_debt_burden,full,LDA,0.2754414125200642,0.9215419501133787,0.2075333905987797,0.913517723836458
high_debt_burden,full,LDA,0.2754414125200642,0.9219954648526077,0.20747462329472205,0.913517723836458
high_debt_burden,full,LDA,0.27576243980738363,0.9219954648526077,0.20747227118133432,0.913517723836458
high_debt_burden,full,LDA,0.27576243980738363,0.9224489795918367,0.20699047889403688,0.913517723836458
high_debt_burden,full,LDA,0.27768860353130015,0.9224489795918367,0.2059337659556385,0.913517723836458
high_debt_burden,full,LDA,0.27768860353130015,0.9229024943310657,0.20587792749199857,0.913517723836458
high_debt_burden,full,LDA,0.27897271268057783,0.9229024943310657,0.20397174536811769,0.913517723836458
high_debt_burden,full,LDA,0.27897271268057783,0.9233560090702948,0.2034132354705938,0.913517723836458
high_debt_burden,full,LDA,0.27993579454253614,0.9233560090702948,0.20241658703134,0.913517723836458
high_debt_burden,full,LDA,0.27993579454253614,0.9238095238095239,0.20103322081890743,0.913517723836458
high_debt_burden,full,LDA,0.28025682182985556,0.9238095238095239,0.20097419979299416,0.913517723836458
high_debt_burden,full,LDA,0.28025682182985556,0.9242630385487528,0.20074356171771104,0.913517723836458
high_debt_burden,full,LDA,0.28346709470304976,0.9242630385487528,0.1982194256621428,0.913517723836458
high_debt_burden,full,LDA,0.28346709470304976,0.9251700680272109,0.19755864435573361,0.913517723836458
high_debt_burden,full,LDA,0.2879614767255217,0.9251700680272109,0.19358310050577282,0.913517723836458
high_debt_burden,full,LDA,0.2879614767255217,0.9256235827664399,0.19348221975131646,0.913517723836458
high_debt_burden,full,LDA,0.2914927768860353,0.9256235827664399,0.18993721691540813,0.913517723836458
high_debt_burden,full,LDA,0.2914927768860353,0.9260770975056689,0.1898112353260912,0.913517723836458
high_debt_burden,full,LDA,0.29213483146067415,0.9260770975056689,0.18946789275073989,0.913517723836458
high_debt_burden,full,LDA,0.29213483146067415,0.926530612244898,0.1893782405784714,0.913517723836458
high_debt_burden,full,LDA,0.292776886035313,0.926530612244898,0.18903694601884957,0.913517723836458
high_debt_burden,full,LDA,0.292776886035313,0.927891156462585,0.18848816649358138,0.913517723836458
high_debt_burden,full,LDA,0.29373996789727125,0.927891156462585,0.18794262067383063,0.913517723836458
high_debt_burden,full,LDA,0.29373996789727125,0.9287981859410431,0.18655608473075258,0.913517723836458
high_debt_burden,full,LDA,0.30304975922953453,0.9287981859410431,0.17565505370410636,0.913517723836458
high_debt_burden,full,LDA,0.30304975922953453,0.9292517006802721,0.1756145960404421,0.913517723836458
high_debt_burden,full,LDA,0.30337078651685395,0.9292517006802721,0.17547351327154365,0.913517723836458
high_debt_burden,full,LDA,0.30337078651685395,0.9297052154195011,0.17520991832489238,0.913517723836458
high_debt_burden,full,LDA,0.30529695024077047,0.9297052154195011,0.17441316750601052,0.913517723836458
high_debt_burden,full,LDA,0.30529695024077047,0.9301587301587302,0.17386229548268062,0.913517723836458
high_debt_burden,full,LDA,0.30818619582664525,0.9301587301587302,0.1722217823043314,0.913517723836458
high_debt_burden,full,LDA,0.30818619582664525,0.9306122448979591,0.17221982304283903,0.913517723836458
high_debt_burden,full,LDA,0.3097913322632424,0.9306122448979591,0.1706999188262165,0.913517723836458
high_debt_burden,full,LDA,0.3097913322632424,0.9315192743764172,0.1705096028794054,0.913517723836458
high_debt_burden,full,LDA,0.313322632423756,0.9315192743764172,0.16704952534730574,0.913517723836458
high_debt_burden,full,LDA,0.313322632423756,0.9319727891156463,0.1669509661576985,0.913517723836458
high_debt_burden,full,LDA,0.3158908507223114,0.9319727891156463,0.16502351743693347,0.913517723836458
high_debt_burden,full,LDA,0.3158908507223114,0.9324263038548752,0.1642294278595878,0.913517723836458
high_debt_burden,full,LDA,0.3187800963081862,0.9324263038548752,0.16189451169982155,0.913517723836458
high_debt_burden,full,LDA,0.3187800963081862,0.9328798185941043,0.1617340448333339,0.913517723836458
high_debt_burden,full,LDA,0.31974317817014447,0.9328798185941043,0.16124138138954786,0.913517723836458
high_debt_burden,full,LDA,0.31974317817014447,0.9333333333333333,0.16076415182444725,0.913517723836458
high_debt_burden,full,LDA,0.32070626003210273,0.9333333333333333,0.1603867634156537,0.913517723836458
high_debt_burden,full,LDA,0.32070626003210273,0.9342403628117913,0.16026854083983755,0.913517723836458
high_debt_burden,full,LDA,0.3232744783306581,0.9342403628117913,0.1584622928142462,0.913517723836458
high_debt_burden,full,LDA,0.3232744783306581,0.9346938775510204,0.15728935167385313,0.913517723836458
high_debt_burden,full,LDA,0.3235955056179775,0.9346938775510204,0.15727056808831086,0.913517723836458
high_debt_burden,full,LDA,0.3235955056179775,0.9351473922902495,0.1572481353322995,0.913517723836458
high_debt_burden,full,LDA,0.32455858747993577,0.9351473922902495,0.15672218820820022,0.913517723836458
high_debt_burden,full,LDA,0.32455858747993577,0.9356009070294785,0.15662222420481475,0.913517723836458
high_debt_burden,full,LDA,0.32680577849117176,0.9356009070294785,0.15508934351497797,0.913517723836458
high_debt_burden,full,LDA,0.32680577849117176,0.9365079365079365,0.1550345411169471,0.913517723836458
high_debt_burden,full,LDA,0.3271268057784912,0.9365079365079365,0.15406514112138694,0.913517723836458
high_debt_burden,full,LDA,0.3271268057784912,0.9369614512471656,0.15371210123464266,0.913517723836458
high_debt_burden,full,LDA,0.3303370786516854,0.9369614512471656,0.15203246203509127,0.913517723836458
high_debt_burden,full,LDA,0.3303370786516854,0.9374149659863945,0.1516428760820011,0.913517723836458
high_debt_burden,full,LDA,0.33162118780096306,0.9374149659863945,0.15056830765143434,0.913517723836458
high_debt_burden,full,LDA,0.33162118780096306,0.9378684807256236,0.150484366632032,0.913517723836458
high_debt_burden,full,LDA,0.3319422150882825,0.9378684807256236,0.150482642398779,0.913517723836458
high_debt_burden,full,LDA,0.3319422150882825,0.9383219954648526,0.1504388979211892,0.913517723836458
high_debt_burden,full,LDA,0.33675762439807383,0.9383219954648526,0.14457064706856915,0.913517723836458
high_debt_burden,full,LDA,0.33675762439807383,0.9387755102040817,0.14424575026606473,0.913517723836458
high_debt_burden,full,LDA,0.33868378812199035,0.9387755102040817,0.1424066710334355,0.913517723836458
high_debt_burden,full,LDA,0.33868378812199035,0.9392290249433106,0.1422474386485754,0.913517723836458
high_debt_burden,full,LDA,0.33964686998394866,0.9392290249433106,0.14205746482436651,0.913517723836458
high_debt_burden,full,LDA,0.33964686998394866,0.9396825396825397,0.14160242697346864,0.913517723836458
high_debt_burden,full,LDA,0.34093097913322634,0.9396825396825397,0.1402342890606301,0.913517723836458
high_debt_burden,full,LDA,0.34093097913322634,0.9405895691609978,0.13998747481250506,0.913517723836458
high_debt_burden,full,LDA,0.3415730337078652,0.9405895691609978,0.13935786513906717,0.913517723836458
high_debt_burden,full,LDA,0.3415730337078652,0.9410430839002267,0.13932612278895357,0.913517723836458
high_debt_burden,full,LDA,0.342215088282504,0.9410430839002267,0.13800628469995382,0.913517723836458
high_debt_burden,full,LDA,0.342215088282504,0.9414965986394558,0.13791300182304464,0.913517723836458
high_debt_burden,full,LDA,0.3438202247191011,0.9414965986394558,0.13692116395652446,0.913517723836458
high_debt_burden,full,LDA,0.3438202247191011,0.9419501133786848,0.1367987627233328,0.913517723836458
high_debt_burden,full,LDA,0.34446227929373996,0.9419501133786848,0.13671596584985482,0.913517723836458
high_debt_burden,full,LDA,0.34446227929373996,0.9428571428571428,0.1364529944028055,0.913517723836458
high_debt_burden,full,LDA,0.3489566613162119,0.9428571428571428,0.13410565912280653,0.913517723836458
high_debt_burden,full,LDA,0.3489566613162119,0.943764172335601,0.13396871598028193,0.913517723836458
high_debt_burden,full,LDA,0.3492776886035313,0.943764172335601,0.1337342405308604,0.913517723836458
high_debt_burden,full,LDA,0.3492776886035313,0.9442176870748299,0.13358054340691772,0.913517723836458
high_debt_burden,full,LDA,0.35280898876404493,0.9442176870748299,0.12997552481243552,0.913517723836458
high_debt_burden,full,LDA,0.35280898876404493,0.944671201814059,0.129664266008044,0.913517723836458
high_debt_burden,full,LDA,0.35345104333868377,0.944671201814059,0.12879034656379085,0.913517723836458
high_debt_burden,full,LDA,0.35345104333868377,0.945124716553288,0.1287857231854537,0.913517723836458
high_debt_burden,full,LDA,0.3540930979133226,0.945124716553288,0.1285752453534279,0.913517723836458
high_debt_burden,full,LDA,0.3540930979133226,0.9455782312925171,0.12849552435693246,0.913517723836458
high_debt_burden,full,LDA,0.35698234349919744,0.9455782312925171,0.1276608862503211,0.913517723836458
high_debt_burden,full,LDA,0.35698234349919744,0.946031746031746,0.12762043033810147,0.913517723836458
high_debt_burden,full,LDA,0.35730337078651686,0.946031746031746,0.12706153296325415,0.913517723836458
high_debt_burden,full,LDA,0.35730337078651686,0.9464852607709751,0.1269266115731705,0.913517723836458
high_debt_burden,full,LDA,0.3579454253611557,0.9464852607709751,0.126065849805547,0.913517723836458
high_debt_burden,full,LDA,0.3579454253611557,0.9469387755102041,0.126049739961261,0.913517723836458
high_debt_burden,full,LDA,0.3611556982343499,0.9469387755102041,0.12406029404887982,0.913517723836458
high_debt_burden,full,LDA,0.3611556982343499,0.9473922902494331,0.12398903409444385,0.913517723836458
high_debt_burden,full,LDA,0.368860353130016,0.9473922902494331,0.11906862059495536,0.913517723836458
high_debt_burden,full,LDA,0.368860353130016,0.9478458049886621,0.11906779151055255,0.913517723836458
high_debt_burden,full,LDA,0.37142857142857144,0.9478458049886621,0.11747834985955688,0.913517723836458
high_debt_burden,full,LDA,0.37142857142857144,0.9482993197278912,0.11723883905270989,0.913517723836458
high_debt_burden,full,LDA,0.37913322632423757,0.9482993197278912,0.1110353364576185,0.913517723836458
high_debt_burden,full,LDA,0.37913322632423757,0.9487528344671202,0.11068033149857155,0.913517723836458
high_debt_burden,full,LDA,0.3797752808988764,0.9487528344671202,0.11037878825260908,0.913517723836458
high_debt_burden,full,LDA,0.3797752808988764,0.9492063492063492,0.11011258246757265,0.913517723836458
high_debt_burden,full,LDA,0.3813804173354735,0.9492063492063492,0.10935082514270379,0.913517723836458
high_debt_burden,full,LDA,0.3813804173354735,0.9501133786848073,0.10917407261755574,0.913517723836458
high_debt_burden,full,LDA,0.38170144462279293,0.9501133786848073,0.10914557486324505,0.913517723836458
high_debt_burden,full,LDA,0.38170144462279293,0.9505668934240363,0.10899386024361857,0.913517723836458
high_debt_burden,full,LDA,0.38330658105939003,0.9505668934240363,0.10736592269745675,0.913517723836458
high_debt_burden,full,LDA,0.38330658105939003,0.9510204081632653,0.10724153394301994,0.913517723836458
high_debt_burden,full,LDA,0.38587479935794544,0.9510204081632653,0.10597994044550879,0.913517723836458
high_debt_burden,full,LDA,0.38587479935794544,0.9514739229024943,0.10573552629591101,0.913517723836458
high_debt_burden,full,LDA,0.38780096308186196,0.9514739229024943,0.10448123553227952,0.913517723836458
high_debt_burden,full,LDA,0.38780096308186196,0.9519274376417234,0.10408474763631737,0.913517723836458
high_debt_burden,full,LDA,0.38940609951845906,0.9519274376417234,0.10345587052883294,0.913517723836458
high_debt_burden,full,LDA,0.38940609951845906,0.9523809523809523,0.10326317220576531,0.913517723836458
high_debt_burden,full,LDA,0.391653290529695,0.9523809523809523,0.10201540902868757,0.913517723836458
high_debt_burden,full,LDA,0.391653290529695,0.9528344671201814,0.1017800807982618,0.913517723836458
high_debt_burden,full,LDA,0.3971107544141252,0.9528344671201814,0.09924922086305481,0.913517723836458
high_debt_burden,full,LDA,0.3971107544141252,0.9532879818594104,0.09890176795591386,0.913517723836458
high_debt_burden,full,LDA,0.3993579454253612,0.9532879818594104,0.098171581244269,0.913517723836458
high_debt_burden,full,LDA,0.3993579454253612,0.9537414965986395,0.09815752483660031,0.913517723836458
high_debt_burden,full,LDA,0.4016051364365971,0.9537414965986395,0.09705168309396574,0.913517723836458
high_debt_burden,full,LDA,0.4016051364365971,0.9541950113378684,0.09700190776994473,0.913517723836458
high_debt_burden,full,LDA,0.4044943820224719,0.9541950113378684,0.09596437209724884,0.913517723836458
high_debt_burden,full,LDA,0.4044943820224719,0.9546485260770975,0.09593748233649409,0.913517723836458
high_debt_burden,full,LDA,0.4048154093097913,0.9546485260770975,0.09572994106623539,0.913517723836458
high_debt_burden,full,LDA,0.4048154093097913,0.9551020408163265,0.09540363529167045,0.913517723836458
high_debt_burden,full,LDA,0.4057784911717496,0.9551020408163265,0.09464131797474755,0.913517723836458
high_debt_burden,full,LDA,0.4057784911717496,0.9560090702947845,0.09431793792791558,0.913517723836458
high_debt_burden,full,LDA,0.4086677367576244,0.9560090702947845,0.09276859449207053,0.913517723836458
high_debt_burden,full,LDA,0.4086677367576244,0.9564625850340136,0.0923825458146477,0.913517723836458
high_debt_burden,full,LDA,0.40930979133226325,0.9564625850340136,0.09193512241430324,0.913517723836458
high_debt_burden,full,LDA,0.40930979133226325,0.9569160997732427,0.09153355903308695,0.913517723836458
high_debt_burden,full,LDA,0.4131621187800963,0.9569160997732427,0.08945839239620243,0.913517723836458
high_debt_burden,full,LDA,0.4131621187800963,0.9573696145124716,0.08917608689395107,0.913517723836458
high_debt_burden,full,LDA,0.41476725521669344,0.9573696145124716,0.08829871162803217,0.913517723836458
high_debt_burden,full,LDA,0.41476725521669344,0.9578231292517007,0.08819486612151468,0.913517723836458
high_debt_burden,full,LDA,0.41669341894060996,0.9578231292517007,0.08755825485834959,0.913517723836458
high_debt_burden,full,LDA,0.41669341894060996,0.9582766439909297,0.08754453562008963,0.913517723836458
high_debt_burden,full,LDA,0.41797752808988764,0.9582766439909297,0.0865507318031256,0.913517723836458
high_debt_burden,full,LDA,0.41797752808988764,0.9587301587301588,0.08637993365080075,0.913517723836458
high_debt_burden,full,LDA,0.4186195826645265,0.9587301587301588,0.08616476835538593,0.913517723836458
high_debt_burden,full,LDA,0.4186195826645265,0.9591836734693877,0.0861501380807284,0.913517723836458
high_debt_burden,full,LDA,0.42247191011235957,0.9591836734693877,0.08490338713792223,0.913517723836458
high_debt_burden,full,LDA,0.42247191011235957,0.9596371882086168,0.08446202744207425,0.913517723836458
high_debt_burden,full,LDA,0.422792937399679,0.9596371882086168,0.08443866444470663,0.913517723836458
high_debt_burden,full,LDA,0.422792937399679,0.9600907029478458,0.08406172860946226,0.913517723836458
high_debt_burden,full,LDA,0.42536115569823435,0.9600907029478458,0.0827719753302524,0.913517723836458
high_debt_burden,full,LDA,0.42536115569823435,0.9605442176870749,0.08274301618187375,0.913517723836458
high_debt_burden,full,LDA,0.4279293739967897,0.9605442176870749,0.08070166053403201,0.913517723836458
high_debt_burden,full,LDA,0.4279293739967897,0.9609977324263038,0.08024052718872539,0.913517723836458
high_debt_burden,full,LDA,0.43081861958266454,0.9609977324263038,0.07814591521825995,0.913517723836458
high_debt_burden,full,LDA,0.43081861958266454,0.9614512471655329,0.0777087638890153,0.913517723836458
high_debt_burden,full,LDA,0.4314606741573034,0.9614512471655329,0.07746360892770644,0.913517723836458
high_debt_burden,full,LDA,0.4314606741573034,0.9619047619047619,0.07732827681671094,0.913517723836458
high_debt_burden,full,LDA,0.4337078651685393,0.9619047619047619,0.07620503176625604,0.913517723836458
high_debt_burden,full,LDA,0.4337078651685393,0.9628117913832199,0.07591534488923142,0.913517723836458
high_debt_burden,full,LDA,0.43595505617977526,0.9628117913832199,0.07542147370664198,0.913517723836458
high_debt_burden,full,LDA,0.43595505617977526,0.963265306122449,0.07521039355023182,0.913517723836458
high_debt_burden,full,LDA,0.43788121990369183,0.963265306122449,0.07458377581699062,0.913517723836458
high_debt_burden,full,LDA,0.43788121990369183,0.963718820861678,0.07452768764880283,0.913517723836458
high_debt_burden,full,LDA,0.4510433386837881,0.963718820861678,0.06944741238087436,0.913517723836458
high_debt_burden,full,LDA,0.4510433386837881,0.964172335600907,0.06941120005431378,0.913517723836458
high_debt_burden,full,LDA,0.45264847512038525,0.964172335600907,0.06886783212652295,0.913517723836458
high_debt_burden,full,LDA,0.45264847512038525,0.964625850340136,0.06870572359629118,0.913517723836458
high_debt_burden,full,LDA,0.45553772070626003,0.964625850340136,0.06802974789835509,0.913517723836458
high_debt_burden,full,LDA,0.45553772070626003,0.9650793650793651,0.06793886663012388,0.913517723836458
high_debt_burden,full,LDA,0.4603531300160514,0.9650793650793651,0.06560891434101535,0.913517723836458
high_debt_burden,full,LDA,0.4603531300160514,0.9655328798185941,0.0654647437230967,0.913517723836458
high_debt_burden,full,LDA,0.4642054574638844,0.9655328798185941,0.06419389540541617,0.913517723836458
high_debt_burden,full,LDA,0.4642054574638844,0.9664399092970521,0.06407868261430036,0.913517723836458
high_debt_burden,full,LDA,0.4654895666131621,0.9664399092970521,0.06364372206490919,0.913517723836458
high_debt_burden,full,LDA,0.4654895666131621,0.9668934240362812,0.06347470983732528,0.913517723836458
high_debt_burden,full,LDA,0.4680577849117175,0.9668934240362812,0.06266360663027172,0.913517723836458
high_debt_burden,full,LDA,0.4680577849117175,0.9673469387755103,0.06265657484141986,0.913517723836458
high_debt_burden,full,LDA,0.4696629213483146,0.9673469387755103,0.062194904376380526,0.913517723836458
high_debt_burden,full,LDA,0.4696629213483146,0.9678004535147392,0.062113718352760826,0.913517723836458
high_debt_burden,full,LDA,0.46998394863563403,0.9678004535147392,0.062068188100054614,0.913517723836458
high_debt_burden,full,LDA,0.46998394863563403,0.9682539682539683,0.06200424702271326,0.913517723836458
high_debt_burden,full,LDA,0.48154093097913325,0.9682539682539683,0.05768617198495059,0.913517723836458
high_debt_burden,full,LDA,0.48154093097913325,0.9687074829931973,0.05757249831759757,0.913517723836458
high_debt_burden,full,LDA,0.4837881219903692,0.9687074829931973,0.05702695259983804,0.913517723836458
high_debt_burden,full,LDA,0.4837881219903692,0.9691609977324263,0.05676759237974842,0.913517723836458
high_debt_burden,full,LDA,0.4898876404494382,0.9691609977324263,0.054210675428443836,0.913517723836458
high_debt_burden,full,LDA,0.4898876404494382,0.9696145124716553,0.05414438439370617,0.913517723836458
high_debt_burden,full,LDA,0.501123595505618,0.9696145124716553,0.05164035878788306,0.913517723836458
high_debt_burden,full,LDA,0.501123595505618,0.9705215419501134,0.051493105875673885,0.913517723836458
high_debt_burden,full,LDA,0.5036918138041734,0.9705215419501134,0.0508618367152235,0.913517723836458
high_debt_burden,full,LDA,0.5036918138041734,0.9709750566893424,0.05073516673499152,0.913517723836458
high_debt_burden,full,LDA,0.5113964686998395,0.9709750566893424,0.048984047216491654,0.913517723836458
high_debt_burden,full,LDA,0.5113964686998395,0.9714285714285714,0.04897294314759033,0.913517723836458
high_debt_burden,full,LDA,0.5203852327447833,0.9714285714285714,0.04690565749821188,0.913517723836458
high_debt_burden,full,LDA,0.5203852327447833,0.9718820861678005,0.046781735763412144,0.913517723836458
high_debt_burden,full,LDA,0.5210272873194222,0.9718820861678005,0.0467182643402542,0.913517723836458
high_debt_burden,full,LDA,0.5210272873194222,0.9723356009070295,0.046564752796116195,0.913517723836458
high_debt_burden,full,LDA,0.5223113964686998,0.9723356009070295,0.04649668765469189,0.913517723836458
high_debt_burden,full,LDA,0.5223113964686998,0.9727891156462585,0.04635116956723454,0.913517723836458
high_debt_burden,full,LDA,0.525521669341894,0.9727891156462585,0.04600520201613453,0.913517723836458
high_debt_burden,full,LDA,0.525521669341894,0.9732426303854875,0.045965346731328155,0.913517723836458
high_debt_burden,full,LDA,0.5274478330658106,0.9732426303854875,0.045835052893432725,0.913517723836458
high_debt_burden,full,LDA,0.5274478330658106,0.9736961451247166,0.04583192519639748,0.913517723836458
high_debt_burden,full,LDA,0.532263242375602,0.9736961451247166,0.04444713196825014,0.913517723836458
high_debt_burden,full,LDA,0.532263242375602,0.9741496598639455,0.04443029195253291,0.913517723836458
high_debt_burden,full,LDA,0.5325842696629214,0.9741496598639455,0.044363558692555934,0.913517723836458
high_debt_burden,full,LDA,0.5325842696629214,0.9746031746031746,0.0440714649255974,0.913517723836458
high_debt_burden,full,LDA,0.5428571428571428,0.9746031746031746,0.04185788397352683,0.913517723836458
high_debt_burden,full,LDA,0.5428571428571428,0.9750566893424036,0.04181344797369298,0.913517723836458
high_debt_burden,full,LDA,0.5521669341894061,0.9750566893424036,0.04015657077561883,0.913517723836458
high_debt_burden,full,LDA,0.5521669341894061,0.9755102040816327,0.040007541988817175,0.913517723836458
high_debt_burden,full,LDA,0.5685393258426966,0.9755102040816327,0.03670596764564519,0.913517723836458
high_debt_burden,full,LDA,0.5685393258426966,0.9759637188208616,0.036682080118551896,0.913517723836458
high_debt_burden,full,LDA,0.5695024077046549,0.9759637188208616,0.036617651108128244,0.913517723836458
high_debt_burden,full,LDA,0.5695024077046549,0.9764172335600907,0.036579751796354525,0.913517723836458
high_debt_burden,full,LDA,0.5733547351524879,0.9764172335600907,0.036122361395422325,0.913517723836458
high_debt_burden,full,LDA,0.5733547351524879,0.9768707482993197,0.036078772753695976,0.913517723836458
high_debt_burden,full,LDA,0.5752808988764045,0.9768707482993197,0.03574191741574658,0.913517723836458
high_debt_burden,full,LDA,0.5752808988764045,0.9773242630385488,0.035736655980959695,0.913517723836458
high_debt_burden,full,LDA,0.585553772070626,0.9773242630385488,0.03428753930540846,0.913517723836458
high_debt_burden,full,LDA,0.585553772070626,0.9777777777777777,0.03425713408363696,0.913517723836458
high_debt_burden,full,LDA,0.5958266452648475,0.9777777777777777,0.031868854095699756,0.913517723836458
high_debt_burden,full,LDA,0.5958266452648475,0.9782312925170068,0.03178640492386399,0.913517723836458
high_debt_burden,full,LDA,0.5987158908507223,0.9782312925170068,0.03152058536932585,0.913517723836458
high_debt_burden,full,LDA,0.5987158908507223,0.9786848072562359,0.0314835482755866,0.913517723836458
high_debt_burden,full,LDA,0.603852327447833,0.9786848072562359,0.031128955168993364,0.913517723836458
high_debt_burden,full,LDA,0.603852327447833,0.9791383219954648,0.031108026042453073,0.913517723836458
high_debt_burden,full,LDA,0.6086677367576244,0.9791383219954648,0.030324855151624017,0.913517723836458
high_debt_burden,full,LDA,0.6086677367576244,0.9795918367346939,0.030293389580021184,0.913517723836458
high_debt_burden,full,LDA,0.6105939004815409,0.9795918367346939,0.029905749466681234,0.913517723836458
high_debt_burden,full,LDA,0.6105939004815409,0.9800453514739229,0.02975880019513332,0.913517723836458
high_debt_burden,full,LDA,0.6115569823434992,0.9800453514739229,0.02970551198092646,0.913517723836458
high_debt_burden,full,LDA,0.6115569823434992,0.980498866213152,0.0296807631494241,0.913517723836458
high_debt_burden,full,LDA,0.6195826645264848,0.980498866213152,0.028644330682204764,0.913517723836458
high_debt_burden,full,LDA,0.6195826645264848,0.9809523809523809,0.028500718198951367,0.913517723836458
high_debt_burden,full,LDA,0.6247191011235955,0.9809523809523809,0.027848518744940338,0.913517723836458
high_debt_burden,full,LDA,0.6247191011235955,0.98140589569161,0.027830398867656054,0.913517723836458
high_debt_burden,full,LDA,0.6333868378812199,0.98140589569161,0.026235210557010547,0.913517723836458
high_debt_burden,full,LDA,0.6333868378812199,0.981859410430839,0.026139451407539527,0.913517723836458
high_debt_burden,full,LDA,0.6369181380417336,0.981859410430839,0.02577355307525197,0.913517723836458
high_debt_burden,full,LDA,0.6369181380417336,0.9823129251700681,0.025735618213451276,0.913517723836458
high_debt_burden,full,LDA,0.6407704654895666,0.9823129251700681,0.025424969797056142,0.913517723836458
high_debt_burden,full,LDA,0.6407704654895666,0.982766439909297,0.02533577414804353,0.913517723836458
high_debt_burden,full,LDA,0.6439807383627608,0.982766439909297,0.025069431003160364,0.913517723836458
high_debt_burden,full,LDA,0.6439807383627608,0.9836734693877551,0.025057877762600697,0.913517723836458
high_debt_burden,full,LDA,0.6443017656500802,0.9836734693877551,0.02503875834489948,0.913517723836458
high_debt_burden,full,LDA,0.6443017656500802,0.9841269841269841,0.025022397044113066,0.913517723836458
high_debt_burden,full,LDA,0.647191011235955,0.9841269841269841,0.02472429352329913,0.913517723836458
high_debt_burden,full,LDA,0.647191011235955,0.9845804988662131,0.024639667390699345,0.913517723836458
high_debt_burden,full,LDA,0.6642054574638845,0.9845804988662131,0.022726387323678914,0.913517723836458
high_debt_burden,full,LDA,0.6642054574638845,0.9850340136054422,0.022697062319740845,0.913517723836458
high_debt_burden,full,LDA,0.6686998394863564,0.9850340136054422,0.02227180354499968,0.913517723836458
high_debt_burden,full,LDA,0.6686998394863564,0.9854875283446712,0.02226199059470035,0.913517723836458
high_debt_burden,full,LDA,0.6709470304975923,0.9854875283446712,0.022027788348476837,0.913517723836458
high_debt_burden,full,LDA,0.6709470304975923,0.9859410430839002,0.022019076461481296,0.913517723836458
high_debt_burden,full,LDA,0.6792937399678973,0.9859410430839002,0.02114006412782081,0.913517723836458
high_debt_burden,full,LDA,0.6792937399678973,0.9863945578231292,0.021114655547850338,0.913517723836458
high_debt_burden,full,LDA,0.684430176565008,0.9863945578231292,0.020668473858962658,0.913517723836458
high_debt_burden,full,LDA,0.684430176565008,0.9868480725623583,0.02063875464677381,0.913517723836458
high_debt_burden,full,LDA,0.7101123595505618,0.9868480725623583,0.018494723349623998,0.913517723836458
high_debt_burden,full,LDA,0.7101123595505618,0.9873015873015873,0.018482493809602096,0.913517723836458
high_debt_burden,full,LDA,0.7107544141252007,0.9873015873015873,0.018468906100806325,0.913517723836458
high_debt_burden,full,LDA,0.7107544141252007,0.9877551020408163,0.018464986505542867,0.913517723836458
high_debt_burden,full,LDA,0.7184590690208668,0.9877551020408163,0.01777391974552864,0.913517723836458
high_debt_burden,full,LDA,0.7184590690208668,0.9882086167800453,0.01775929858530499,0.913517723836458
high_debt_burden,full,LDA,0.7271268057784912,0.9882086167800453,0.01672777757456678,0.913517723836458
high_debt_burden,full,LDA,0.7271268057784912,0.9886621315192744,0.016682339287830434,0.913517723836458
high_debt_burden,full,LDA,0.7351524879614767,0.9886621315192744,0.01601994982220976,0.913517723836458
high_debt_burden,full,LDA,0.7351524879614767,0.9891156462585035,0.015960303991293605,0.913517723836458
high_debt_burden,full,LDA,0.7399678972712681,0.9891156462585035,0.015541361752790065,0.913517723836458
high_debt_burden,full,LDA,0.7399678972712681,0.9895691609977324,0.015525430076589354,0.913517723836458
high_debt_burden,full,LDA,0.7598715890850722,0.9895691609977324,0.014207025262076164,0.913517723836458
high_debt_burden,full,LDA,0.7598715890850722,0.9900226757369615,0.014189450962154284,0.913517723836458
high_debt_burden,full,LDA,0.7608346709470305,0.9900226757369615,0.014168208242755649,0.913517723836458
high_debt_burden,full,LDA,0.7608346709470305,0.9904761904761905,0.01413870703154386,0.913517723836458
high_debt_burden,full,LDA,0.7637239165329053,0.9904761904761905,0.013633144194890463,0.913517723836458
high_debt_burden,full,LDA,0.7637239165329053,0.9909297052154195,0.013616877862117328,0.913517723836458
high_debt_burden,full,LDA,0.7720706260032103,0.9909297052154195,0.013052462020246755,0.913517723836458
high_debt_burden,full,LDA,0.7720706260032103,0.9913832199546485,0.013036060538102702,0.913517723836458
high_debt_burden,full,LDA,0.7961476725521669,0.9913832199546485,0.011318620463329116,0.913517723836458
high_debt_burden,full,LDA,0.7961476725521669,0.9918367346938776,0.011315308199110875,0.913517723836458
high_debt_burden,full,LDA,0.8096308186195826,0.9918367346938776,0.010428810837589947,0.913517723836458
high_debt_burden,full,LDA,0.8096308186195826,0.9922902494331066,0.010413282283536716,0.913517723836458
high_debt_burden,full,LDA,0.8150882825040129,0.9922902494331066,0.010150492602668898,0.913517723836458
high_debt_burden,full,LDA,0.8150882825040129,0.9927437641723356,0.010100048264103448,0.913517723836458
high_debt_burden,full,LDA,0.8324237560192617,0.9927437641723356,0.009165438810673578,0.913517723836458
high_debt_burden,full,LDA,0.8324237560192617,0.9931972789115646,0.00914037506056166,0.913517723836458
high_debt_burden,full,LDA,0.8337078651685393,0.9931972789115646,0.009080373414555934,0.913517723836458
high_debt_burden,full,LDA,0.8337078651685393,0.9936507936507937,0.00907966295285564,0.913517723836458
high_debt_burden,full,LDA,0.8388443017656501,0.9936507936507937,0.008875071224837047,0.913517723836458
high_debt_burden,full,LDA,0.8388443017656501,0.9941043083900227,0.008839668465756732,0.913517723836458
high_debt_burden,full,LDA,0.8394863563402889,0.9941043083900227,0.008817184946808047,0.913517723836458
high_debt_burden,full,LDA,0.8394863563402889,0.9945578231292517,0.008816892855908334,0.913517723836458
high_debt_burden,full,LDA,0.845585874799358,0.9945578231292517,0.008553844919485907,0.913517723836458
high_debt_burden,full,LDA,0.845585874799358,0.9950113378684807,0.00855302447834259,0.913517723836458
high_debt_burden,full,LDA,0.8523274478330658,0.9950113378684807,0.008214403870516385,0.913517723836458
high_debt_burden,full,LDA,0.8523274478330658,0.9954648526077098,0.008204801132264511,0.913517723836458
high_debt_burden,full,LDA,0.8526484751203852,0.9954648526077098,0.008193712256997162,0.913517723836458
high_debt_burden,full,LDA,0.8526484751203852,0.9959183673469387,0.008138663134987246,0.913517723836458
high_debt_burden,full,LDA,0.878330658105939,0.9959183673469387,0.0069633017321135,0.913517723836458
high_debt_burden,full,LDA,0.878330658105939,0.9963718820861678,0.006944182996690666,0.913517723836458
high_debt_burden,full,LDA,0.8908507223113965,0.9963718820861678,0.00636414815280858,0.913517723836458
high_debt_burden,full,LDA,0.8908507223113965,0.9968253968253968,0.006363367676174701,0.913517723836458
high_debt_burden,full,LDA,0.8966292134831461,0.9968253968253968,0.006075629424671839,0.913517723836458
high_debt_burden,full,LDA,0.8966292134831461,0.9972789115646259,0.006075455084006156,0.913517723836458
high_debt_burden,full,LDA,0.9152487961476725,0.9972789115646259,0.005356964398182394,0.913517723836458
high_debt_burden,full,LDA,0.9152487961476725,0.9977324263038548,0.005338708560848428,0.913517723836458
high_debt_burden,full,LDA,0.9264847512038523,0.9977324263038548,0.004908073025022189,0.913517723836458
high_debt_burden,full,LDA,0.9264847512038523,0.9981859410430839,0.004898083991632537,0.913517723836458
high_debt_burden,full,LDA,0.9280898876404494,0.9981859410430839,0.004833570840215098,0.913517723836458
high_debt_burden,full,LDA,0.9280898876404494,0.998639455782313,0.004824124177706536,0.913517723836458
high_debt_burden,full,LDA,0.938362760834671,0.998639455782313,0.004278158008561395,0.913517723836458
high_debt_burden,full,LDA,0.938362760834671,0.999092970521542,0.004260285427061678,0.913517723836458
high_debt_burden,full,LDA,0.9512038523274479,0.999092970521542,0.0037822992891066603,0.913517723836458
high_debt_burden,full,LDA,0.9512038523274479,0.999546485260771,0.003763305006372286,0.913517723836458
high_debt_burden,full,LDA,0.9752808988764045,0.999546485260771,0.0024824908721920395,0.913517723836458
high_debt_burden,full,LDA,0.9752808988764045,1.0,0.002450353475992133,0.913517723836458
high_debt_burden,full,LDA,1.0,1.0,3.593962883303471e-05,0.913517723836458
high_debt_burden,full,KNN,0.0,0.0,inf,0.8831929475910214
high_debt_burden,full,KNN,0.0012841091492776886,0.02585034013605442,1.0,0.8831929475910214
high_debt_burden,full,KNN,0.0038523274478330658,0.09750566893424037,0.9333333333333333,0.8831929475910214
high_debt_burden,full,KNN,0.009309791332263243,0.1909297052154195,0.8666666666666667,0.8831929475910214
high_debt_burden,full,KNN,0.027929373996789728,0.3251700680272109,0.8,0.8831929475910214
high_debt_burden,full,KNN,0.05264847512038523,0.4603174603174603,0.7333333333333333,0.8831929475910214
high_debt_burden,full,KNN,0.08731942215088283,0.6049886621315193,0.6666666666666666,0.8831929475910214
high_debt_burden,full,KNN,0.1303370786516854,0.7129251700680272,0.6,0.8831929475910214
high_debt_burden,full,KNN,0.1736757624398074,0.8022675736961451,0.5333333333333333,0.8831929475910214
high_debt_burden,full,KNN,0.2260032102728732,0.854421768707483,0.4666666666666667,0.8831929475910214
high_debt_burden,full,KNN,0.2857142857142857,0.8997732426303855,0.4,0.8831929475910214
high_debt_burden,full,KNN,0.36597110754414125,0.9310657596371882,0.3333333333333333,0.8831929475910214
high_debt_burden,full,KNN,0.4658105939004815,0.9555555555555556,0.26666666666666666,0.8831929475910214
high_debt_burden,full,KNN,0.5836276083467095,0.9727891156462585,0.2,0.8831929475910214
high_debt_burden,full,KNN,0.7332263242375602,0.9836734693877551,0.13333333333333333,0.8831929475910214
high_debt_burden,full,KNN,0.8902086677367577,0.9945578231292517,0.06666666666666667,0.8831929475910214
high_debt_burden,full,KNN,1.0,1.0,0.0,0.8831929475910214
high_debt_burden,full,SVM (RBF),0.0,0.0,inf,0.9155412876761192
high_debt_burden,full,SVM (RBF),0.0,0.00045351473922902497,0.9999993225572686,0.9155412876761192
high_debt_burden,full,SVM (RBF),0.0,0.029931972789115645,0.9967492438305476,0.9155412876761192
high_debt_burden,full,SVM (RBF),0.00032102728731942215,0.029931972789115645,0.9967013431896236,0.9155412876761192
high_debt_burden,full,SVM (RBF),0.00032102728731942215,0.061224489795918366,0.9913934606060738,0.9155412876761192
high_debt_burden,full,SVM (RBF),0.0006420545746388443,0.061224489795918366,0.9913723166718965,0.9155412876761192
high_debt_burden,full,SVM (RBF),0.0006420545746388443,0.10340136054421768,0.9801047886423975,0.9155412876761192
high_debt_burden,full,SVM (RBF),0.0009630818619582664,0.10340136054421768,0.979687239935279,0.9155412876761192
high_debt_burden,full,SVM (RBF),0.0009630818619582664,0.1165532879818594,0.9765885981029375,0.9155412876761192
high_debt_burden,full,SVM (RBF),0.0012841091492776886,0.1165532879818594,0.976486987474109,0.9155412876761192
high_debt_burden,full,SVM (RBF),0.0012841091492776886,0.11746031746031746,0.9762527639316746,0.9155412876761192
high_debt_burden,full,SVM (RBF),0.0016051364365971107,0.11746031746031746,0.9761125647769923,0.9155412876761192
high_debt_burden,full,SVM (RBF),0.0016051364365971107,0.11836734693877551,0.9755947029160262,0.9155412876761192
high_debt_burden,full,SVM (RBF),0.0019261637239165329,0.11836734693877551,0.9754864321902947,0.9155412876761192
high_debt_burden,full,SVM (RBF),0.0019261637239165329,0.1346938775510204,0.9708412725956332,0.9155412876761192
high_debt_burden,full,SVM (RBF),0.0022471910112359553,0.1346938775510204,0.970301074250345,0.9155412876761192
high_debt_burden,full,SVM (RBF),0.0022471910112359553,0.1365079365079365,0.9697318557095139,0.9155412876761192
high_debt_burden,full,SVM (RBF),0.002568218298555377,0.1365079365079365,0.9696363412956168,0.9155412876761192
high_debt_burden,full,SVM (RBF),0.002568218298555377,0.14058956916099774,0.9677069032618708,0.9155412876761192
high_debt_burden,full,SVM (RBF),0.0028892455858747996,0.14058956916099774,0.9673191467582103,0.9155412876761192
high_debt_burden,full,SVM (RBF),0.0028892455858747996,0.14603174603174604,0.9656574162074762,0.9155412876761192
high_debt_burden,full,SVM (RBF),0.0032102728731942215,0.14603174603174604,0.9655272146019294,0.9155412876761192
high_debt_burden,full,SVM (RBF),0.0032102728731942215,0.16326530612244897,0.9574604170181199,0.9155412876761192
high_debt_burden,full,SVM (RBF),0.003531300160513644,0.16326530612244897,0.957330843273995,0.9155412876761192
high_debt_burden,full,SVM (RBF),0.003531300160513644,0.1727891156462585,0.9520455047903432,0.9155412876761192
high_debt_burden,full,SVM (RBF),0.0038523274478330658,0.1727891156462585,0.9516849623041894,0.9155412876761192
high_debt_burden,full,SVM (RBF),0.0038523274478330658,0.17868480725623584,0.9488050985685633,0.9155412876761192
high_debt_burden,full,SVM (RBF),0.004173354735152488,0.17868480725623584,0.948507192748022,0.9155412876761192
high_debt_burden,full,SVM (RBF),0.004173354735152488,0.18140589569160998,0.9473406143111681,0.9155412876761192
high_debt_burden,full,SVM (RBF),0.0044943820224719105,0.18140589569160998,0.9469697818057059,0.9155412876761192
high_debt_burden,full,SVM (RBF),0.0044943820224719105,0.18412698412698414,0.9455432638344292,0.9155412876761192
high_debt_burden,full,SVM (RBF),0.004815409309791332,0.18412698412698414,0.9453668307914339,0.9155412876761192
high_debt_burden,full,SVM (RBF),0.004815409309791332,0.18503401360544217,0.9450541999855376,0.9155412876761192
high_debt_burden,full,SVM (RBF),0.005136436597110754,0.18503401360544217,0.9448829754518177,0.9155412876761192
high_debt_burden,full,SVM (RBF),0.005136436597110754,0.1945578231292517,0.941877924842474,0.9155412876761192
high_debt_burden,full,SVM (RBF),0.005457463884430177,0.1945578231292517,0.9416448831486063,0.9155412876761192
high_debt_burden,full,SVM (RBF),0.005457463884430177,0.19501133786848074,0.9416041814262494,0.9155412876761192
high_debt_burden,full,SVM (RBF),0.005778491171749599,0.19501133786848074,0.9413352971292348,0.9155412876761192
high_debt_burden,full,SVM (RBF),0.005778491171749599,0.19591836734693877,0.9404859526266212,0.9155412876761192
high_debt_burden,full,SVM (RBF),0.006099518459069021,0.19591836734693877,0.9403724193551578,0.9155412876761192
high_debt_burden,full,SVM (RBF),0.006099518459069021,0.19773242630385487,0.9399730051151074,0.9155412876761192
high_debt_burden,full,SVM (RBF),0.006741573033707865,0.19773242630385487,0.939596916048926,0.9155412876761192
high_debt_burden,full,SVM (RBF),0.006741573033707865,0.20680272108843537,0.9352431779593207,0.9155412876761192
high_debt_burden,full,SVM (RBF),0.007062600321027288,0.20680272108843537,0.9352320898408221,0.9155412876761192
high_debt_burden,full,SVM (RBF),0.007062600321027288,0.22857142857142856,0.9250707421549509,0.9155412876761192
high_debt_burden,full,SVM (RBF),0.007383627608346709,0.22857142857142856,0.9250199797714606,0.9155412876761192
high_debt_burden,full,SVM (RBF),0.007383627608346709,0.22993197278911565,0.9247985592416835,0.9155412876761192
high_debt_burden,full,SVM (RBF),0.0077046548956661316,0.22993197278911565,0.9247967631165879,0.9155412876761192
high_debt_burden,full,SVM (RBF),0.0077046548956661316,0.23265306122448978,0.9241712575182636,0.9155412876761192
high_debt_burden,full,SVM (RBF),0.008025682182985553,0.23265306122448978,0.9239367306808122,0.9155412876761192
high_debt_burden,full,SVM (RBF),0.008025682182985553,0.23492063492063492,0.9233816513889682,0.9155412876761192
high_debt_burden,full,SVM (RBF),0.008346709470304976,0.23492063492063492,0.9233324601615892,0.9155412876761192
high_debt_burden,full,SVM (RBF),0.008346709470304976,0.24489795918367346,0.9189925061405615,0.9155412876761192
high_debt_burden,full,SVM (RBF),0.008667736757624398,0.24489795918367346,0.9189804398623586,0.9155412876761192
high_debt_burden,full,SVM (RBF),0.008667736757624398,0.2453514739229025,0.9187476333346724,0.9155412876761192
high_debt_burden,full,SVM (RBF),0.008988764044943821,0.2453514739229025,0.9186471703946173,0.9155412876761192
high_debt_burden,full,SVM (RBF),0.008988764044943821,0.24580498866213152,0.9184249217400866,0.9155412876761192
high_debt_burden,full,SVM (RBF),0.009309791332263243,0.24580498866213152,0.918102660799062,0.9155412876761192
high_debt_burden,full,SVM (RBF),0.009309791332263243,0.24807256235827665,0.9172991692281229,0.9155412876761192
high_debt_burden,full,SVM (RBF),0.009630818619582664,0.24807256235827665,0.9169863325401396,0.9155412876761192
high_debt_burden,full,SVM (RBF),0.009630818619582664,0.24988662131519274,0.9165402256819991,0.9155412876761192
high_debt_burden,full,SVM (RBF),0.009951845906902087,0.24988662131519274,0.916407813836187,0.9155412876761192
high_debt_burden,full,SVM (RBF),0.009951845906902087,0.2503401360544218,0.9162208514223114,0.9155412876761192
high_debt_burden,full,SVM (RBF),0.01059390048154093,0.2503401360544218,0.9161964458360512,0.9155412876761192
high_debt_burden,full,SVM (RBF),0.01059390048154093,0.2566893424036281,0.9143014685409419,0.9155412876761192
high_debt_burden,full,SVM (RBF),0.010914927768860353,0.2566893424036281,0.914195770295754,0.9155412876761192
high_debt_burden,full,SVM (RBF),0.010914927768860353,0.2612244897959184,0.9129352857200361,0.9155412876761192
high_debt_burden,full,SVM (RBF),0.011235955056179775,0.2612244897959184,0.9126986642328588,0.9155412876761192
high_debt_burden,full,SVM (RBF),0.011235955056179775,0.2707482993197279,0.9097814073273576,0.9155412876761192
high_debt_burden,full,SVM (RBF),0.011556982343499198,0.2707482993197279,0.909677971942506,0.9155412876761192
high_debt_burden,full,SVM (RBF),0.011556982343499198,0.27165532879818594,0.9093989251028649,0.9155412876761192
high_debt_burden,full,SVM (RBF),0.012199036918138041,0.27165532879818594,0.9093788318984863,0.9155412876761192
high_debt_burden,full,SVM (RBF),0.012199036918138041,0.27528344671201815,0.9082048066876164,0.9155412876761192
high_debt_burden,full,SVM (RBF),0.012520064205457464,0.27528344671201815,0.9081752845189075,0.9155412876761192
high_debt_burden,full,SVM (RBF),0.012520064205457464,0.28435374149659864,0.9056419087659728,0.9155412876761192
high_debt_burden,full,SVM (RBF),0.012841091492776886,0.28435374149659864,0.905627577919966,0.9155412876761192
high_debt_burden,full,SVM (RBF),0.012841091492776886,0.2870748299319728,0.9051332941828188,0.9155412876761192
high_debt_burden,full,SVM (RBF),0.013162118780096307,0.2870748299319728,0.9050772942432872,0.9155412876761192
high_debt_burden,full,SVM (RBF),0.013162118780096307,0.2979591836734694,0.9015294650118337,0.9155412876761192
high_debt_burden,full,SVM (RBF),0.01348314606741573,0.2979591836734694,0.9014208025923285,0.9155412876761192
high_debt_burden,full,SVM (RBF),0.01348314606741573,0.29977324263038546,0.9009414188464988,0.9155412876761192
high_debt_burden,full,SVM (RBF),0.013804173354735152,0.29977324263038546,0.9007495311610217,0.9155412876761192
high_debt_burden,full,SVM (RBF),0.013804173354735152,0.3002267573696145,0.9006764208793558,0.9155412876761192
high_debt_burden,full,SVM (RBF),0.014767255216693418,0.3002267573696145,0.9002834316018289,0.9155412876761192
high_debt_burden,full,SVM (RBF),0.014767255216693418,0.3034013605442177,0.8995868935799686,0.9155412876761192
high_debt_burden,full,SVM (RBF),0.015088282504012842,0.3034013605442177,0.8995494459515436,0.9155412876761192
high_debt_burden,full,SVM (RBF),0.015088282504012842,0.30657596371882084,0.8985787523047668,0.9155412876761192
high_debt_burden,full,SVM (RBF),0.015409309791332263,0.30657596371882084,0.8985726770635349,0.9155412876761192
high_debt_burden,full,SVM (RBF),0.015409309791332263,0.31247165532879817,0.8952401058935103,0.9155412876761192
high_debt_burden,full,SVM (RBF),0.015730337078651686,0.31247165532879817,0.8951019483312652,0.9155412876761192
high_debt_burden,full,SVM (RBF),0.015730337078651686,0.31519274376417233,0.8942461974205441,0.9155412876761192
high_debt_burden,full,SVM (RBF),0.016051364365971106,0.31519274376417233,0.8939564991939385,0.9155412876761192
high_debt_burden,full,SVM (RBF),0.016051364365971106,0.3179138321995465,0.8936688579231987,0.9155412876761192
high_debt_burden,full,SVM (RBF),0.01637239165329053,0.3179138321995465,0.8936244223418136,0.9155412876761192
high_debt_burden,full,SVM (RBF),0.01637239165329053,0.32108843537414966,0.8923600135679688,0.9155412876761192
high_debt_burden,full,SVM (RBF),0.017014446227929372,0.32108843537414966,0.8921923435914371,0.9155412876761192
high_debt_burden,full,SVM (RBF),0.017014446227929372,0.32154195011337866,0.8921587889371478,0.9155412876761192
high_debt_burden,full,SVM (RBF),0.017335473515248796,0.32154195011337866,0.891935391450834,0.9155412876761192
high_debt_burden,full,SVM (RBF),0.017335473515248796,0.3242630385487528,0.891055689018512,0.9155412876761192
high_debt_burden,full,SVM (RBF),0.017977528089887642,0.3242630385487528,0.8910030070619331,0.9155412876761192
high_debt_burden,full,SVM (RBF),0.017977528089887642,0.32789115646258504,0.8894718393698824,0.9155412876761192
high_debt_burden,full,SVM (RBF),0.018298555377207062,0.32789115646258504,0.8893755328209544,0.9155412876761192
high_debt_burden,full,SVM (RBF),0.018298555377207062,0.3328798185941043,0.8881336135421148,0.9155412876761192
high_debt_burden,full,SVM (RBF),0.018619582664526485,0.3328798185941043,0.8880338560662048,0.9155412876761192
high_debt_burden,full,SVM (RBF),0.018619582664526485,0.33696145124716553,0.8864663968405831,0.9155412876761192
high_debt_burden,full,SVM (RBF),0.018940609951845908,0.33696145124716553,0.8864106424505451,0.9155412876761192
high_debt_burden,full,SVM (RBF),0.018940609951845908,0.3401360544217687,0.8859644631420887,0.9155412876761192
high_debt_burden,full,SVM (RBF),0.019261637239165328,0.3401360544217687,0.8857671292417199,0.9155412876761192
high_debt_burden,full,SVM (RBF),0.019261637239165328,0.34784580498866213,0.8825526753215761,0.9155412876761192
high_debt_burden,full,SVM (RBF),0.01958266452648475,0.34784580498866213,0.8825172089104111,0.9155412876761192
high_debt_burden,full,SVM (RBF),0.01958266452648475,0.3492063492063492,0.8820841904286351,0.9155412876761192
high_debt_burden,full,SVM (RBF),0.019903691813804174,0.3492063492063492,0.8819800010285487,0.9155412876761192
high_debt_burden,full,SVM (RBF),0.019903691813804174,0.3600907029478458,0.8782526687036971,0.9155412876761192
high_debt_burden,full,SVM (RBF),0.020545746388443017,0.3600907029478458,0.8781989310170427,0.9155412876761192
high_debt_burden,full,SVM (RBF),0.020545746388443017,0.3691609977324263,0.8762024186537288,0.9155412876761192
high_debt_burden,full,SVM (RBF),0.02086677367576244,0.3691609977324263,0.876130816217149,0.9155412876761192
high_debt_burden,full,SVM (RBF),0.02086677367576244,0.37551020408163266,0.8730515176419716,0.9155412876761192
high_debt_burden,full,SVM (RBF),0.021508828250401284,0.37551020408163266,0.8728761744510982,0.9155412876761192
high_debt_burden,full,SVM (RBF),0.021508828250401284,0.3786848072562358,0.8718592016895531,0.9155412876761192
high_debt_burden,full,SVM (RBF),0.021829855537720707,0.3786848072562358,0.8718275587012992,0.9155412876761192
high_debt_burden,full,SVM (RBF),0.021829855537720707,0.3791383219954649,0.8717928271533847,0.9155412876761192
high_debt_burden,full,SVM (RBF),0.022150882825040127,0.3791383219954649,0.8717535431012363,0.9155412876761192
high_debt_burden,full,SVM (RBF),0.022150882825040127,0.38140589569161,0.8709412006761468,0.9155412876761192
high_debt_burden,full,SVM (RBF),0.02247191011235955,0.38140589569161,0.870793130301076,0.9155412876761192
high_debt_burden,full,SVM (RBF),0.02247191011235955,0.381859410430839,0.8704731078642292,0.9155412876761192
high_debt_burden,full,SVM (RBF),0.023113964686998396,0.381859410430839,0.8700234435334244,0.9155412876761192
high_debt_burden,full,SVM (RBF),0.023113964686998396,0.3832199546485261,0.8697110258771259,0.9155412876761192
high_debt_burden,full,SVM (RBF),0.023434991974317816,0.3832199546485261,0.8696940610353576,0.9155412876761192
high_debt_burden,full,SVM (RBF),0.023434991974317816,0.38412698412698415,0.8694766362071055,0.9155412876761192
high_debt_burden,full,SVM (RBF),0.02375601926163724,0.38412698412698415,0.8693252173353136,0.9155412876761192
high_debt_burden,full,SVM (RBF),0.02375601926163724,0.3877551020408163,0.8684917581826836,0.9155412876761192
high_debt_burden,full,SVM (RBF),0.024077046548956663,0.3877551020408163,0.8684236354615601,0.9155412876761192
high_debt_burden,full,SVM (RBF),0.024077046548956663,0.3945578231292517,0.8663705643331227,0.9155412876761192
high_debt_burden,full,SVM (RBF),0.024398073836276082,0.3945578231292517,0.8663613655918456,0.9155412876761192
high_debt_burden,full,SVM (RBF),0.024398073836276082,0.39501133786848075,0.8663472049249549,0.9155412876761192
high_debt_burden,full,SVM (RBF),0.02504012841091493,0.39501133786848075,0.8662593223513341,0.9155412876761192
high_debt_burden,full,SVM (RBF),0.02504012841091493,0.39546485260770975,0.8661758075332759,0.9155412876761192
high_debt_burden,full,SVM (RBF),0.02536115569823435,0.39546485260770975,0.8661712942271622,0.9155412876761192
high_debt_burden,full,SVM (RBF),0.02536115569823435,0.39954648526077097,0.8654980947589953,0.9155412876761192
high_debt_burden,full,SVM (RBF),0.025682182985553772,0.39954648526077097,0.865357749723793,0.9155412876761192
high_debt_burden,full,SVM (RBF),0.025682182985553772,0.400453514739229,0.8652776458268275,0.9155412876761192
high_debt_burden,full,SVM (RBF),0.026324237560192615,0.400453514739229,0.8647594492008264,0.9155412876761192
high_debt_burden,full,SVM (RBF),0.026324237560192615,0.4018140589569161,0.8642744300376523,0.9155412876761192
high_debt_burden,full,SVM (RBF),0.026645264847512038,0.4018140589569161,0.8642706482338924,0.9155412876761192
high_debt_burden,full,SVM (RBF),0.026645264847512038,0.4031746031746032,0.8637380106962729,0.9155412876761192
high_debt_burden,full,SVM (RBF),0.02696629213483146,0.4031746031746032,0.8637178429990036,0.9155412876761192
high_debt_burden,full,SVM (RBF),0.02696629213483146,0.4036281179138322,0.8636529785978035,0.9155412876761192
high_debt_burden,full,SVM (RBF),0.027287319422150885,0.4036281179138322,0.8636356780847915,0.9155412876761192
high_debt_burden,full,SVM (RBF),0.027287319422150885,0.40861678004535146,0.8622323218231784,0.9155412876761192
high_debt_burden,full,SVM (RBF),0.027608346709470304,0.40861678004535146,0.8621920746822138,0.9155412876761192
high_debt_burden,full,SVM (RBF),0.027608346709470304,0.4122448979591837,0.8604689214915998,0.9155412876761192
high_debt_burden,full,SVM (RBF),0.027929373996789728,0.4122448979591837,0.8604553616201386,0.9155412876761192
high_debt_burden,full,SVM (RBF),0.027929373996789728,0.4126984126984127,0.8603264263636348,0.9155412876761192
high_debt_burden,full,SVM (RBF),0.02857142857142857,0.4126984126984127,0.8601118524857838,0.9155412876761192
high_debt_burden,full,SVM (RBF),0.02857142857142857,0.41360544217687073,0.8597591454210607,0.9155412876761192
high_debt_burden,full,SVM (RBF),0.028892455858747994,0.41360544217687073,0.859564759518055,0.9155412876761192
high_debt_burden,full,SVM (RBF),0.028892455858747994,0.42811791383219955,0.8526487639764165,0.9155412876761192
high_debt_burden,full,SVM (RBF),0.029213483146067417,0.42811791383219955,0.8525274063184839,0.9155412876761192
high_debt_burden,full,SVM (RBF),0.029213483146067417,0.43492063492063493,0.850052362270393,0.9155412876761192
high_debt_burden,full,SVM (RBF),0.029534510433386837,0.43492063492063493,0.8499417930089463,0.9155412876761192
high_debt_burden,full,SVM (RBF),0.029534510433386837,0.43945578231292515,0.8481606627382667,0.9155412876761192
high_debt_burden,full,SVM (RBF),0.02985553772070626,0.43945578231292515,0.8481326763223174,0.9155412876761192
high_debt_burden,full,SVM (RBF),0.02985553772070626,0.4399092970521542,0.847960480168722,0.9155412876761192
high_debt_burden,full,SVM (RBF),0.030176565008025683,0.4399092970521542,0.8478597598372147,0.9155412876761192
high_debt_burden,full,SVM (RBF),0.030176565008025683,0.4489795918367347,0.8450044615219051,0.9155412876761192
high_debt_burden,full,SVM (RBF),0.030497592295345103,0.4489795918367347,0.8449048055785395,0.9155412876761192
high_debt_burden,full,SVM (RBF),0.030497592295345103,0.454875283446712,0.8423538093403058,0.9155412876761192
high_debt_burden,full,SVM (RBF),0.030818619582664526,0.454875283446712,0.8422387936520659,0.9155412876761192
high_debt_burden,full,SVM (RBF),0.030818619582664526,0.4557823129251701,0.841310805763995,0.9155412876761192
high_debt_burden,full,SVM (RBF),0.03113964686998395,0.4557823129251701,0.8412274673588801,0.9155412876761192
high_debt_burden,full,SVM (RBF),0.03113964686998395,0.46802721088435373,0.8361125526071677,0.9155412876761192
high_debt_burden,full,SVM (RBF),0.03146067415730337,0.46802721088435373,0.8360909444935529,0.9155412876761192
high_debt_burden,full,SVM (RBF),0.03146067415730337,0.4684807256235828,0.8358293377855164,0.9155412876761192
high_debt_burden,full,SVM (RBF),0.03178170144462279,0.4684807256235828,0.8357528788545379,0.9155412876761192
high_debt_burden,full,SVM (RBF),0.03178170144462279,0.4702947845804989,0.8349391553860199,0.9155412876761192
high_debt_burden,full,SVM (RBF),0.03210272873194221,0.4702947845804989,0.8347062779248283,0.9155412876761192
high_debt_burden,full,SVM (RBF),0.03210272873194221,0.47165532879818595,0.8342832578147636,0.9155412876761192
high_debt_burden,full,SVM (RBF),0.03242375601926164,0.47165532879818595,0.8340329185482295,0.9155412876761192
high_debt_burden,full,SVM (RBF),0.03242375601926164,0.472562358276644,0.8340078178517086,0.9155412876761192
high_debt_burden,full,SVM (RBF),0.03274478330658106,0.472562358276644,0.8339984377611455,0.9155412876761192
high_debt_burden,full,SVM (RBF),0.03274478330658106,0.47346938775510206,0.8336455440974816,0.9155412876761192
high_debt_burden,full,SVM (RBF),0.033386837881219905,0.47346938775510206,0.8336092838090642,0.9155412876761192
high_debt_burden,full,SVM (RBF),0.033386837881219905,0.47573696145124716,0.8324371210839597,0.9155412876761192
high_debt_burden,full,SVM (RBF),0.033707865168539325,0.47573696145124716,0.8322909780131995,0.9155412876761192
high_debt_burden,full,SVM (RBF),0.033707865168539325,0.4775510204081633,0.8315172364914137,0.9155412876761192
high_debt_burden,full,SVM (RBF),0.03434991974317817,0.4775510204081633,0.8313277926382621,0.9155412876761192
high_debt_burden,full,SVM (RBF),0.03434991974317817,0.47891156462585033,0.8301334627518973,0.9155412876761192
high_debt_burden,full,SVM (RBF),0.03563402889245586,0.47891156462585033,0.8298189066217813,0.9155412876761192
high_debt_burden,full,SVM (RBF),0.03563402889245586,0.4798185941043084,0.8292713681878151,0.9155412876761192
high_debt_burden,full,SVM (RBF),0.035955056179775284,0.4798185941043084,0.8290890533745865,0.9155412876761192
high_debt_burden,full,SVM (RBF),0.035955056179775284,0.4879818594104308,0.8252357217229594,0.9155412876761192
high_debt_burden,full,SVM (RBF),0.036276083467094704,0.4879818594104308,0.8250830606022412,0.9155412876761192
high_debt_burden,full,SVM (RBF),0.036276083467094704,0.4897959183673469,0.8247215820385471,0.9155412876761192
high_debt_burden,full,SVM (RBF),0.036597110754414124,0.4897959183673469,0.8245756835872311,0.9155412876761192
high_debt_burden,full,SVM (RBF),0.036597110754414124,0.49206349206349204,0.8241907742584711,0.9155412876761192
high_debt_burden,full,SVM (RBF),0.03691813804173355,0.49206349206349204,0.8239933941100691,0.9155412876761192
high_debt_burden,full,SVM (RBF),0.03691813804173355,0.49387755102040815,0.8221629925034066,0.9155412876761192
high_debt_burden,full,SVM (RBF),0.03723916532905297,0.49387755102040815,0.8218774352458148,0.9155412876761192
high_debt_burden,full,SVM (RBF),0.03723916532905297,0.4947845804988662,0.8216011355374286,0.9155412876761192
high_debt_burden,full,SVM (RBF),0.037881219903691817,0.4947845804988662,0.8212243961460648,0.9155412876761192
high_debt_burden,full,SVM (RBF),0.037881219903691817,0.49523809523809526,0.82104342994986,0.9155412876761192
high_debt_burden,full,SVM (RBF),0.038202247191011236,0.49523809523809526,0.821017472941484,0.9155412876761192
high_debt_burden,full,SVM (RBF),0.038202247191011236,0.4984126984126984,0.8199109689028997,0.9155412876761192
high_debt_burden,full,SVM (RBF),0.038523274478330656,0.4984126984126984,0.8195545222651515,0.9155412876761192
high_debt_burden,full,SVM (RBF),0.038523274478330656,0.5002267573696145,0.8184279113050734,0.9155412876761192
high_debt_burden,full,SVM (RBF),0.0391653290529695,0.5002267573696145,0.8180505502377055,0.9155412876761192
high_debt_burden,full,SVM (RBF),0.0391653290529695,0.5015873015873016,0.8178789239640832,0.9155412876761192
high_debt_burden,full,SVM (RBF),0.03948635634028892,0.5015873015873016,0.817748215616578,0.9155412876761192
high_debt_burden,full,SVM (RBF),0.03948635634028892,0.5029478458049886,0.8170838045788053,0.9155412876761192
high_debt_burden,full,SVM (RBF),0.03980738362760835,0.5029478458049886,0.8167949141971631,0.9155412876761192
high_debt_burden,full,SVM (RBF),0.03980738362760835,0.5183673469387755,0.81106687298771,0.9155412876761192
high_debt_burden,full,SVM (RBF),0.04012841091492777,0.5183673469387755,0.8108425421794871,0.9155412876761192
high_debt_burden,full,SVM (RBF),0.04012841091492777,0.5206349206349207,0.8099687268466077,0.9155412876761192
high_debt_burden,full,SVM (RBF),0.04044943820224719,0.5206349206349207,0.8098360438155543,0.9155412876761192
high_debt_burden,full,SVM (RBF),0.04044943820224719,0.5224489795918368,0.8075633870639619,0.9155412876761192
high_debt_burden,full,SVM (RBF),0.041091492776886035,0.5224489795918368,0.8073867476257213,0.9155412876761192
high_debt_burden,full,SVM (RBF),0.041091492776886035,0.52562358276644,0.8055667453347923,0.9155412876761192
high_debt_burden,full,SVM (RBF),0.041412520064205455,0.52562358276644,0.805533561836909,0.9155412876761192
high_debt_burden,full,SVM (RBF),0.041412520064205455,0.528344671201814,0.8043578198699268,0.9155412876761192
high_debt_burden,full,SVM (RBF),0.04173354735152488,0.528344671201814,0.804194948809978,0.9155412876761192
high_debt_burden,full,SVM (RBF),0.04173354735152488,0.5315192743764172,0.8019755046263587,0.9155412876761192
high_debt_burden,full,SVM (RBF),0.0420545746388443,0.5315192743764172,0.8019482363046307,0.9155412876761192
high_debt_burden,full,SVM (RBF),0.0420545746388443,0.5319727891156463,0.8017406799034498,0.9155412876761192
high_debt_burden,full,SVM (RBF),0.04237560192616372,0.5319727891156463,0.8015984904179515,0.9155412876761192
high_debt_burden,full,SVM (RBF),0.04237560192616372,0.5333333333333333,0.8012380482017412,0.9155412876761192
high_debt_burden,full,SVM (RBF),0.04269662921348315,0.5333333333333333,0.8009812654808882,0.9155412876761192
high_debt_burden,full,SVM (RBF),0.04269662921348315,0.5351473922902494,0.8004904041193369,0.9155412876761192
high_debt_burden,full,SVM (RBF),0.04333868378812199,0.5351473922902494,0.8004404825272078,0.9155412876761192
high_debt_burden,full,SVM (RBF),0.04333868378812199,0.5356009070294785,0.800396650774435,0.9155412876761192
high_debt_burden,full,SVM (RBF),0.043980738362760834,0.5356009070294785,0.8002003068064033,0.9155412876761192
high_debt_burden,full,SVM (RBF),0.043980738362760834,0.5365079365079365,0.7998453710449035,0.9155412876761192
high_debt_burden,full,SVM (RBF),0.04462279293739968,0.5365079365079365,0.7995736140178961,0.9155412876761192
high_debt_burden,full,SVM (RBF),0.04462279293739968,0.5374149659863946,0.7989285279177959,0.9155412876761192
high_debt_burden,full,SVM (RBF),0.0449438202247191,0.5374149659863946,0.7987367512513089,0.9155412876761192
high_debt_burden,full,SVM (RBF),0.0449438202247191,0.5392290249433107,0.7970618008772569,0.9155412876761192
high_debt_burden,full,SVM (RBF),0.04526484751203853,0.5392290249433107,0.796980488108297,0.9155412876761192
high_debt_burden,full,SVM (RBF),0.04526484751203853,0.5401360544217687,0.7969205515400913,0.9155412876761192
high_debt_burden,full,SVM (RBF),0.045585874799357946,0.5401360544217687,0.796452050218369,0.9155412876761192
high_debt_burden,full,SVM (RBF),0.045585874799357946,0.5410430839002267,0.7962775665096274,0.9155412876761192
high_debt_burden,full,SVM (RBF),0.045906902086677366,0.5410430839002267,0.7961471633592656,0.9155412876761192
high_debt_burden,full,SVM (RBF),0.045906902086677366,0.545578231292517,0.7941726809853462,0.9155412876761192
high_debt_burden,full,SVM (RBF),0.04622792937399679,0.545578231292517,0.7941437422412683,0.9155412876761192
high_debt_burden,full,SVM (RBF),0.04622792937399679,0.5478458049886621,0.793167498954419,0.9155412876761192
high_debt_burden,full,SVM (RBF),0.04654895666131621,0.5478458049886621,0.7931054767214412,0.9155412876761192
high_debt_burden,full,SVM (RBF),0.04654895666131621,0.5496598639455782,0.7928247470281535,0.9155412876761192
high_debt_burden,full,SVM (RBF),0.04686998394863563,0.5496598639455782,0.7927876563241246,0.9155412876761192
high_debt_burden,full,SVM (RBF),0.04686998394863563,0.5510204081632653,0.7925964053315324,0.9155412876761192
high_debt_burden,full,SVM (RBF),0.04719101123595506,0.5510204081632653,0.7924736338352351,0.9155412876761192
high_debt_burden,full,SVM (RBF),0.04719101123595506,0.5541950113378685,0.7915532232736534,0.9155412876761192
high_debt_burden,full,SVM (RBF),0.0478330658105939,0.5541950113378685,0.791353892010016,0.9155412876761192
high_debt_burden,full,SVM (RBF),0.0478330658105939,0.5551020408163265,0.7912801269884779,0.9155412876761192
high_debt_burden,full,SVM (RBF),0.048154093097913325,0.5551020408163265,0.7910587114847636,0.9155412876761192
high_debt_burden,full,SVM (RBF),0.048154093097913325,0.5555555555555556,0.7907121796883316,0.9155412876761192
high_debt_burden,full,SVM (RBF),0.048475120385232745,0.5555555555555556,0.790399775559109,0.9155412876761192
high_debt_burden,full,SVM (RBF),0.048475120385232745,0.5573696145124717,0.7898775839237965,0.9155412876761192
high_debt_burden,full,SVM (RBF),0.048796147672552165,0.5573696145124717,0.7897624947366437,0.9155412876761192
high_debt_burden,full,SVM (RBF),0.048796147672552165,0.5691609977324263,0.7848007183825393,0.9155412876761192
high_debt_burden,full,SVM (RBF),0.04911717495987159,0.5691609977324263,0.7844964045346999,0.9155412876761192
high_debt_burden,full,SVM (RBF),0.04911717495987159,0.5696145124716553,0.7844002654026995,0.9155412876761192
high_debt_burden,full,SVM (RBF),0.05008025682182986,0.5696145124716553,0.7840065270684531,0.9155412876761192
high_debt_burden,full,SVM (RBF),0.05008025682182986,0.5727891156462585,0.7817366406400016,0.9155412876761192
high_debt_burden,full,SVM (RBF),0.05040128410914928,0.5727891156462585,0.7815876928768605,0.9155412876761192
high_debt_burden,full,SVM (RBF),0.05040128410914928,0.5768707482993197,0.7790519448238736,0.9155412876761192
high_debt_burden,full,SVM (RBF),0.0507223113964687,0.5768707482993197,0.7790068355668017,0.9155412876761192
high_debt_burden,full,SVM (RBF),0.0507223113964687,0.5795918367346938,0.7777331529046166,0.9155412876761192
high_debt_burden,full,SVM (RBF),0.051043338683788124,0.5795918367346938,0.7776577084673688,0.9155412876761192
high_debt_burden,full,SVM (RBF),0.051043338683788124,0.583219954648526,0.7761892317263791,0.9155412876761192
high_debt_burden,full,SVM (RBF),0.051364365971107544,0.583219954648526,0.776080459385611,0.9155412876761192
high_debt_burden,full,SVM (RBF),0.051364365971107544,0.5841269841269842,0.7756152282478439,0.9155412876761192
high_debt_burden,full,SVM (RBF),0.051685393258426963,0.5841269841269842,0.7755091570907054,0.9155412876761192
high_debt_burden,full,SVM (RBF),0.051685393258426963,0.5845804988662131,0.7753565542301946,0.9155412876761192
high_debt_burden,full,SVM (RBF),0.05200642054574639,0.5845804988662131,0.7750687587720186,0.9155412876761192
high_debt_burden,full,SVM (RBF),0.05200642054574639,0.5854875283446712,0.7748407442233313,0.9155412876761192
high_debt_burden,full,SVM (RBF),0.052969502407704656,0.5854875283446712,0.7742739437385139,0.9155412876761192
high_debt_burden,full,SVM (RBF),0.052969502407704656,0.5886621315192744,0.7732282691542164,0.9155412876761192
high_debt_burden,full,SVM (RBF),0.053290529695024076,0.5886621315192744,0.772483454088712,0.9155412876761192
high_debt_burden,full,SVM (RBF),0.053290529695024076,0.5895691609977324,0.7722550672985454,0.9155412876761192
high_debt_burden,full,SVM (RBF),0.053611556982343496,0.5895691609977324,0.7718745440938776,0.9155412876761192
high_debt_burden,full,SVM (RBF),0.053611556982343496,0.5900226757369614,0.7716111365021293,0.9155412876761192
high_debt_burden,full,SVM (RBF),0.05393258426966292,0.5900226757369614,0.7713718348680442,0.9155412876761192
high_debt_burden,full,SVM (RBF),0.05393258426966292,0.5922902494331066,0.7706145873655579,0.9155412876761192
high_debt_burden,full,SVM (RBF),0.05425361155698234,0.5922902494331066,0.7704660160779191,0.9155412876761192
high_debt_burden,full,SVM (RBF),0.05425361155698234,0.5927437641723357,0.7703620486866065,0.9155412876761192
high_debt_burden,full,SVM (RBF),0.05521669341894061,0.5927437641723357,0.7697824047007031,0.9155412876761192
high_debt_burden,full,SVM (RBF),0.05521669341894061,0.5945578231292517,0.7688727862509345,0.9155412876761192
high_debt_burden,full,SVM (RBF),0.055537720706260035,0.5945578231292517,0.7685824743127516,0.9155412876761192
high_debt_burden,full,SVM (RBF),0.055537720706260035,0.5954648526077098,0.7683416677336021,0.9155412876761192
high_debt_burden,full,SVM (RBF),0.055858747993579455,0.5954648526077098,0.7682804669855446,0.9155412876761192
high_debt_burden,full,SVM (RBF),0.055858747993579455,0.5963718820861678,0.7674664316351907,0.9155412876761192
high_debt_burden,full,SVM (RBF),0.056179775280898875,0.5963718820861678,0.7673846024418474,0.9155412876761192
high_debt_burden,full,SVM (RBF),0.056179775280898875,0.601360544217687,0.7639921146689311,0.9155412876761192
high_debt_burden,full,SVM (RBF),0.0565008025682183,0.601360544217687,0.7638127304427179,0.9155412876761192
high_debt_burden,full,SVM (RBF),0.0565008025682183,0.6036281179138322,0.7630295612883279,0.9155412876761192
high_debt_burden,full,SVM (RBF),0.05682182985553772,0.6036281179138322,0.7629540535607896,0.9155412876761192
high_debt_burden,full,SVM (RBF),0.05682182985553772,0.6045351473922902,0.7617208799371739,0.9155412876761192
high_debt_burden,full,SVM (RBF),0.05810593900481541,0.6045351473922902,0.7609342473648972,0.9155412876761192
high_debt_burden,full,SVM (RBF),0.05810593900481541,0.6072562358276644,0.7595820533622467,0.9155412876761192
high_debt_burden,full,SVM (RBF),0.058426966292134834,0.6072562358276644,0.7591553306330932,0.9155412876761192
high_debt_burden,full,SVM (RBF),0.058426966292134834,0.6099773242630385,0.758717448817472,0.9155412876761192
high_debt_burden,full,SVM (RBF),0.059069020866773674,0.6099773242630385,0.7577108996122269,0.9155412876761192
high_debt_burden,full,SVM (RBF),0.059069020866773674,0.6117913832199546,0.7571036723088218,0.9155412876761192
high_debt_burden,full,SVM (RBF),0.0593900481540931,0.6117913832199546,0.7570476530091839,0.9155412876761192
high_debt_burden,full,SVM (RBF),0.0593900481540931,0.6145124716553289,0.7559244003787056,0.9155412876761192
high_debt_burden,full,SVM (RBF),0.05971107544141252,0.6145124716553289,0.7559139896548341,0.9155412876761192
high_debt_burden,full,SVM (RBF),0.05971107544141252,0.6163265306122448,0.7541309161621019,0.9155412876761192
high_debt_burden,full,SVM (RBF),0.06003210272873194,0.6163265306122448,0.7530963384816399,0.9155412876761192
high_debt_burden,full,SVM (RBF),0.06003210272873194,0.618140589569161,0.7524608286193218,0.9155412876761192
high_debt_burden,full,SVM (RBF),0.060674157303370786,0.618140589569161,0.7523383366666238,0.9155412876761192
high_debt_burden,full,SVM (RBF),0.060674157303370786,0.6195011337868481,0.7519876424748267,0.9155412876761192
high_debt_burden,full,SVM (RBF),0.060995184590690206,0.6195011337868481,0.751753928662938,0.9155412876761192
high_debt_burden,full,SVM (RBF),0.060995184590690206,0.6199546485260771,0.7514666340479316,0.9155412876761192
high_debt_burden,full,SVM (RBF),0.06131621187800963,0.6199546485260771,0.7511736417084265,0.9155412876761192
high_debt_burden,full,SVM (RBF),0.06131621187800963,0.6204081632653061,0.7511103055348426,0.9155412876761192
high_debt_burden,full,SVM (RBF),0.06195826645264847,0.6204081632653061,0.750883378843547,0.9155412876761192
high_debt_burden,full,SVM (RBF),0.06195826645264847,0.6213151927437641,0.7502034391680908,0.9155412876761192
high_debt_burden,full,SVM (RBF),0.0622792937399679,0.6213151927437641,0.7499070615624296,0.9155412876761192
high_debt_burden,full,SVM (RBF),0.0622792937399679,0.6222222222222222,0.7495689578331244,0.9155412876761192
high_debt_burden,full,SVM (RBF),0.06260032102728733,0.6222222222222222,0.7492396161576518,0.9155412876761192
high_debt_burden,full,SVM (RBF),0.06260032102728733,0.6276643990929706,0.7442534924170359,0.9155412876761192
high_debt_burden,full,SVM (RBF),0.06292134831460675,0.6276643990929706,0.7440893517610403,0.9155412876761192
high_debt_burden,full,SVM (RBF),0.06292134831460675,0.6335600907029478,0.7400236091319493,0.9155412876761192
high_debt_burden,full,SVM (RBF),0.06324237560192617,0.6335600907029478,0.7399062006009777,0.9155412876761192
high_debt_burden,full,SVM (RBF),0.06324237560192617,0.636281179138322,0.7392124543528257,0.9155412876761192
high_debt_burden,full,SVM (RBF),0.06356340288924558,0.636281179138322,0.7391724327530611,0.9155412876761192
high_debt_burden,full,SVM (RBF),0.06356340288924558,0.63718820861678,0.7385998096329359,0.9155412876761192
high_debt_burden,full,SVM (RBF),0.063884430176565,0.63718820861678,0.7383809320823169,0.9155412876761192
high_debt_burden,full,SVM (RBF),0.063884430176565,0.6403628117913832,0.7361594382266508,0.9155412876761192
high_debt_burden,full,SVM (RBF),0.06420545746388442,0.6403628117913832,0.7361316821666022,0.9155412876761192
high_debt_burden,full,SVM (RBF),0.06420545746388442,0.6408163265306123,0.7352730517709521,0.9155412876761192
high_debt_burden,full,SVM (RBF),0.06452648475120386,0.6408163265306123,0.7349663148273471,0.9155412876761192
high_debt_burden,full,SVM (RBF),0.06452648475120386,0.6412698412698413,0.7346466306881405,0.9155412876761192
high_debt_burden,full,SVM (RBF),0.06484751203852328,0.6412698412698413,0.7342930046059514,0.9155412876761192
high_debt_burden,full,SVM (RBF),0.06484751203852328,0.6417233560090703,0.7341181424469218,0.9155412876761192
high_debt_burden,full,SVM (RBF),0.06548956661316212,0.6417233560090703,0.7335575248583793,0.9155412876761192
high_debt_burden,full,SVM (RBF),0.06548956661316212,0.6453514739229025,0.7311756671379743,0.9155412876761192
high_debt_burden,full,SVM (RBF),0.06581059390048154,0.6453514739229025,0.7310620147475789,0.9155412876761192
high_debt_burden,full,SVM (RBF),0.06581059390048154,0.6485260770975056,0.7296178306165563,0.9155412876761192
high_debt_burden,full,SVM (RBF),0.06613162118780096,0.6485260770975056,0.7295742366887614,0.9155412876761192
high_debt_burden,full,SVM (RBF),0.06613162118780096,0.6562358276643991,0.725331127015911,0.9155412876761192
high_debt_burden,full,SVM (RBF),0.06645264847512039,0.6562358276643991,0.7251683461463235,0.9155412876761192
high_debt_burden,full,SVM (RBF),0.06645264847512039,0.6571428571428571,0.7245681107754427,0.9155412876761192
high_debt_burden,full,SVM (RBF),0.06677367576243981,0.6571428571428571,0.7245506014565198,0.9155412876761192
high_debt_burden,full,SVM (RBF),0.06677367576243981,0.6580498866213151,0.7238352749806519,0.9155412876761192
high_debt_burden,full,SVM (RBF),0.06709470304975923,0.6580498866213151,0.7232171129696259,0.9155412876761192
high_debt_burden,full,SVM (RBF),0.06709470304975923,0.6598639455782312,0.7220459456098434,0.9155412876761192
high_debt_burden,full,SVM (RBF),0.06741573033707865,0.6598639455782312,0.721712062756224,0.9155412876761192
high_debt_burden,full,SVM (RBF),0.06741573033707865,0.6603174603174603,0.7216963570400422,0.9155412876761192
high_debt_burden,full,SVM (RBF),0.06773675762439807,0.6603174603174603,0.7216871769606669,0.9155412876761192
high_debt_burden,full,SVM (RBF),0.06773675762439807,0.6607709750566894,0.721352114800428,0.9155412876761192
high_debt_burden,full,SVM (RBF),0.06805778491171749,0.6607709750566894,0.7209966767750366,0.9155412876761192
high_debt_burden,full,SVM (RBF),0.06805778491171749,0.6634920634920635,0.7186909303073005,0.9155412876761192
high_debt_burden,full,SVM (RBF),0.06837881219903692,0.6634920634920635,0.7183411128178117,0.9155412876761192
high_debt_burden,full,SVM (RBF),0.06837881219903692,0.6639455782312925,0.7178071167743544,0.9155412876761192
high_debt_burden,full,SVM (RBF),0.06869983948635634,0.6639455782312925,0.7174236845665033,0.9155412876761192
high_debt_burden,full,SVM (RBF),0.06869983948635634,0.6643990929705216,0.7173983617844609,0.9155412876761192
high_debt_burden,full,SVM (RBF),0.06902086677367576,0.6643990929705216,0.7172053835376034,0.9155412876761192
high_debt_burden,full,SVM (RBF),0.06902086677367576,0.6648526077097505,0.7171917627652709,0.9155412876761192
high_debt_burden,full,SVM (RBF),0.06934189406099518,0.6648526077097505,0.7170572280827779,0.9155412876761192
high_debt_burden,full,SVM (RBF),0.06934189406099518,0.6675736961451247,0.7143598826854157,0.9155412876761192
high_debt_burden,full,SVM (RBF),0.0696629213483146,0.6675736961451247,0.7134855562592608,0.9155412876761192
high_debt_burden,full,SVM (RBF),0.0696629213483146,0.672108843537415,0.7104209966976014,0.9155412876761192
high_debt_burden,full,SVM (RBF),0.06998394863563404,0.672108843537415,0.7101246840905602,0.9155412876761192
high_debt_burden,full,SVM (RBF),0.06998394863563404,0.6730158730158731,0.7095603144557807,0.9155412876761192
high_debt_burden,full,SVM (RBF),0.07030497592295346,0.6730158730158731,0.7091910582077524,0.9155412876761192
high_debt_burden,full,SVM (RBF),0.07030497592295346,0.6748299319727891,0.7085436146877135,0.9155412876761192
high_debt_burden,full,SVM (RBF),0.07062600321027288,0.6748299319727891,0.7081926886720259,0.9155412876761192
high_debt_burden,full,SVM (RBF),0.07062600321027288,0.6766439909297052,0.7075070273321868,0.9155412876761192
high_debt_burden,full,SVM (RBF),0.0709470304975923,0.6766439909297052,0.7074975281561845,0.9155412876761192
high_debt_burden,full,SVM (RBF),0.0709470304975923,0.6775510204081633,0.7069743589640861,0.9155412876761192
high_debt_burden,full,SVM (RBF),0.07126805778491171,0.6775510204081633,0.7069472541556457,0.9155412876761192
high_debt_burden,full,SVM (RBF),0.07126805778491171,0.6789115646258503,0.705526700738537,0.9155412876761192
high_debt_burden,full,SVM (RBF),0.07158908507223113,0.6789115646258503,0.7055154059295204,0.9155412876761192
high_debt_burden,full,SVM (RBF),0.07158908507223113,0.6807256235827664,0.704635762621713,0.9155412876761192
high_debt_burden,full,SVM (RBF),0.07223113964686999,0.6807256235827664,0.7044066462223387,0.9155412876761192
high_debt_burden,full,SVM (RBF),0.07223113964686999,0.6834467120181406,0.702529603177822,0.9155412876761192
high_debt_burden,full,SVM (RBF),0.07287319422150883,0.6834467120181406,0.7021851728677112,0.9155412876761192
high_debt_burden,full,SVM (RBF),0.07287319422150883,0.6875283446712018,0.6991362746929682,0.9155412876761192
high_debt_burden,full,SVM (RBF),0.07319422150882825,0.6875283446712018,0.6986463811778991,0.9155412876761192
high_debt_burden,full,SVM (RBF),0.07319422150882825,0.6888888888888889,0.6983524503586956,0.9155412876761192
high_debt_burden,full,SVM (RBF),0.07415730337078652,0.6888888888888889,0.6971540599924608,0.9155412876761192
high_debt_burden,full,SVM (RBF),0.07415730337078652,0.689795918367347,0.6965721761254772,0.9155412876761192
high_debt_burden,full,SVM (RBF),0.07447833065810594,0.689795918367347,0.6960467662750554,0.9155412876761192
high_debt_burden,full,SVM (RBF),0.07447833065810594,0.691156462585034,0.6954206382371825,0.9155412876761192
high_debt_burden,full,SVM (RBF),0.07479935794542536,0.691156462585034,0.6952812279610406,0.9155412876761192
high_debt_burden,full,SVM (RBF),0.07479935794542536,0.691609977324263,0.6950996621215418,0.9155412876761192
high_debt_burden,full,SVM (RBF),0.07512038523274478,0.691609977324263,0.6950500464148122,0.9155412876761192
high_debt_burden,full,SVM (RBF),0.07512038523274478,0.692063492063492,0.6948575400461744,0.9155412876761192
high_debt_burden,full,SVM (RBF),0.0754414125200642,0.692063492063492,0.6946589160354251,0.9155412876761192
high_debt_burden,full,SVM (RBF),0.0754414125200642,0.6929705215419502,0.6943722934705373,0.9155412876761192
high_debt_burden,full,SVM (RBF),0.07608346709470305,0.6929705215419502,0.6927558862662384,0.9155412876761192
high_debt_burden,full,SVM (RBF),0.07608346709470305,0.6947845804988663,0.6916814449135129,0.9155412876761192
high_debt_burden,full,SVM (RBF),0.07640449438202247,0.6947845804988663,0.6914285241594785,0.9155412876761192
high_debt_burden,full,SVM (RBF),0.07640449438202247,0.6956916099773243,0.6914084384537277,0.9155412876761192
high_debt_burden,full,SVM (RBF),0.07704654895666131,0.6956916099773243,0.6911304254986841,0.9155412876761192
high_debt_burden,full,SVM (RBF),0.07704654895666131,0.6975056689342404,0.6896981035195989,0.9155412876761192
high_debt_burden,full,SVM (RBF),0.07736757624398073,0.6975056689342404,0.689683163665122,0.9155412876761192
high_debt_burden,full,SVM (RBF),0.07736757624398073,0.6979591836734694,0.6890028728551942,0.9155412876761192
high_debt_burden,full,SVM (RBF),0.07768860353130017,0.6979591836734694,0.688711183987579,0.9155412876761192
high_debt_burden,full,SVM (RBF),0.07768860353130017,0.7002267573696145,0.6875303338134717,0.9155412876761192
high_debt_burden,full,SVM (RBF),0.07865168539325842,0.7002267573696145,0.6874511770272467,0.9155412876761192
high_debt_burden,full,SVM (RBF),0.07865168539325842,0.7006802721088435,0.6869295444880419,0.9155412876761192
high_debt_burden,full,SVM (RBF),0.07897271268057784,0.7006802721088435,0.6866096813700775,0.9155412876761192
high_debt_burden,full,SVM (RBF),0.07897271268057784,0.7052154195011338,0.684270189006237,0.9155412876761192
high_debt_burden,full,SVM (RBF),0.07929373996789728,0.7052154195011338,0.6842218104897,0.9155412876761192
high_debt_burden,full,SVM (RBF),0.07929373996789728,0.7111111111111111,0.6791364805513613,0.9155412876761192
high_debt_burden,full,SVM (RBF),0.0796147672552167,0.7111111111111111,0.6787648475674315,0.9155412876761192
high_debt_burden,full,SVM (RBF),0.0796147672552167,0.7115646258503401,0.6786301813573429,0.9155412876761192
high_debt_burden,full,SVM (RBF),0.07993579454253612,0.7115646258503401,0.6782656829886409,0.9155412876761192
high_debt_burden,full,SVM (RBF),0.07993579454253612,0.7124716553287982,0.6768484579277889,0.9155412876761192
high_debt_burden,full,SVM (RBF),0.08025682182985554,0.7124716553287982,0.6760445258508683,0.9155412876761192
high_debt_burden,full,SVM (RBF),0.08025682182985554,0.7156462585034014,0.6740987916762087,0.9155412876761192
high_debt_burden,full,SVM (RBF),0.08057784911717496,0.7156462585034014,0.6733355730024752,0.9155412876761192
high_debt_burden,full,SVM (RBF),0.08057784911717496,0.7206349206349206,0.6703241609015187,0.9155412876761192
high_debt_burden,full,SVM (RBF),0.08089887640449438,0.7206349206349206,0.6699675154162165,0.9155412876761192
high_debt_burden,full,SVM (RBF),0.08089887640449438,0.7219954648526077,0.6693942709525286,0.9155412876761192
high_debt_burden,full,SVM (RBF),0.08121990369181381,0.7219954648526077,0.6692444810296683,0.9155412876761192
high_debt_burden,full,SVM (RBF),0.08121990369181381,0.7224489795918367,0.668880752456938,0.9155412876761192
high_debt_burden,full,SVM (RBF),0.08154093097913323,0.7224489795918367,0.6685613522362435,0.9155412876761192
high_debt_burden,full,SVM (RBF),0.08154093097913323,0.7229024943310658,0.6675412628002405,0.9155412876761192
high_debt_burden,full,SVM (RBF),0.08186195826645265,0.7229024943310658,0.6674451835681601,0.9155412876761192
high_debt_burden,full,SVM (RBF),0.08186195826645265,0.7247165532879819,0.6669166616974305,0.9155412876761192
high_debt_burden,full,SVM (RBF),0.08218298555377207,0.7247165532879819,0.6662150238821726,0.9155412876761192
high_debt_burden,full,SVM (RBF),0.08218298555377207,0.7292517006802721,0.6616712846513569,0.9155412876761192
high_debt_burden,full,SVM (RBF),0.08250401284109149,0.7292517006802721,0.6610893271294866,0.9155412876761192
high_debt_burden,full,SVM (RBF),0.08250401284109149,0.7310657596371882,0.6586123070020424,0.9155412876761192
high_debt_burden,full,SVM (RBF),0.08282504012841091,0.7310657596371882,0.6581775139182884,0.9155412876761192
high_debt_burden,full,SVM (RBF),0.08282504012841091,0.7315192743764173,0.6577425576006344,0.9155412876761192
high_debt_burden,full,SVM (RBF),0.08314606741573034,0.7315192743764173,0.6571654269124749,0.9155412876761192
high_debt_burden,full,SVM (RBF),0.08314606741573034,0.7328798185941043,0.6547451582433184,0.9155412876761192
high_debt_burden,full,SVM (RBF),0.08346709470304976,0.7328798185941043,0.6547450841613595,0.9155412876761192
high_debt_burden,full,SVM (RBF),0.08346709470304976,0.7333333333333333,0.6543840587736243,0.9155412876761192
high_debt_burden,full,SVM (RBF),0.08378812199036918,0.7333333333333333,0.6543336480839583,0.9155412876761192
high_debt_burden,full,SVM (RBF),0.08378812199036918,0.7346938775510204,0.6534763043320706,0.9155412876761192
high_debt_burden,full,SVM (RBF),0.0841091492776886,0.7346938775510204,0.6526047208636859,0.9155412876761192
high_debt_burden,full,SVM (RBF),0.0841091492776886,0.7369614512471655,0.6500432160527166,0.9155412876761192
high_debt_burden,full,SVM (RBF),0.08443017656500802,0.7369614512471655,0.6497327633876654,0.9155412876761192
high_debt_burden,full,SVM (RBF),0.08443017656500802,0.7387755102040816,0.649036913148971,0.9155412876761192
high_debt_burden,full,SVM (RBF),0.08507223113964688,0.7387755102040816,0.6484941591584524,0.9155412876761192
high_debt_burden,full,SVM (RBF),0.08507223113964688,0.7392290249433107,0.6479355588052091,0.9155412876761192
high_debt_burden,full,SVM (RBF),0.08603531300160513,0.7392290249433107,0.6477815000203001,0.9155412876761192
high_debt_burden,full,SVM (RBF),0.08603531300160513,0.7405895691609977,0.6474772438509022,0.9155412876761192
high_debt_burden,full,SVM (RBF),0.08635634028892455,0.7405895691609977,0.6471992764094545,0.9155412876761192
high_debt_burden,full,SVM (RBF),0.08635634028892455,0.7419501133786848,0.6466024756235044,0.9155412876761192
high_debt_burden,full,SVM (RBF),0.08667736757624397,0.7419501133786848,0.6465194580454728,0.9155412876761192
high_debt_burden,full,SVM (RBF),0.08667736757624397,0.7424036281179138,0.6457771131157765,0.9155412876761192
high_debt_burden,full,SVM (RBF),0.08699839486356341,0.7424036281179138,0.6456542620474125,0.9155412876761192
high_debt_burden,full,SVM (RBF),0.08699839486356341,0.7442176870748299,0.6447681952059924,0.9155412876761192
high_debt_burden,full,SVM (RBF),0.08731942215088283,0.7442176870748299,0.6446526776657854,0.9155412876761192
high_debt_burden,full,SVM (RBF),0.08731942215088283,0.744671201814059,0.6444081664186754,0.9155412876761192
high_debt_burden,full,SVM (RBF),0.08764044943820225,0.744671201814059,0.6442779362754941,0.9155412876761192
high_debt_burden,full,SVM (RBF),0.08764044943820225,0.7451247165532879,0.6440391948646188,0.9155412876761192
high_debt_burden,full,SVM (RBF),0.08828250401284109,0.7451247165532879,0.6431585556653268,0.9155412876761192
high_debt_burden,full,SVM (RBF),0.08828250401284109,0.745578231292517,0.6424916439511289,0.9155412876761192
high_debt_burden,full,SVM (RBF),0.0886035313001605,0.745578231292517,0.6418041959204394,0.9155412876761192
high_debt_burden,full,SVM (RBF),0.0886035313001605,0.7473922902494331,0.6408830011483965,0.9155412876761192
high_debt_burden,full,SVM (RBF),0.08924558587479936,0.7473922902494331,0.6388515204506988,0.9155412876761192
high_debt_burden,full,SVM (RBF),0.08924558587479936,0.7492063492063492,0.6367299935505658,0.9155412876761192
high_debt_burden,full,SVM (RBF),0.09052969502407705,0.7492063492063492,0.6340878556669116,0.9155412876761192
high_debt_burden,full,SVM (RBF),0.09052969502407705,0.7501133786848072,0.6318775333317904,0.9155412876761192
high_debt_burden,full,SVM (RBF),0.09085072231139647,0.7501133786848072,0.6308124462182954,0.9155412876761192
high_debt_burden,full,SVM (RBF),0.09085072231139647,0.7528344671201814,0.6274664616233369,0.9155412876761192
high_debt_burden,full,SVM (RBF),0.09213483146067415,0.7528344671201814,0.6261456773058245,0.9155412876761192
high_debt_burden,full,SVM (RBF),0.09213483146067415,0.7532879818594105,0.626063853296629,0.9155412876761192
high_debt_burden,full,SVM (RBF),0.092776886035313,0.7532879818594105,0.6254960462916918,0.9155412876761192
high_debt_burden,full,SVM (RBF),0.092776886035313,0.7541950113378685,0.6247087140921802,0.9155412876761192
high_debt_burden,full,SVM (RBF),0.09309791332263243,0.7541950113378685,0.6239419032184021,0.9155412876761192
high_debt_burden,full,SVM (RBF),0.09309791332263243,0.7573696145124716,0.6206161644361051,0.9155412876761192
high_debt_burden,full,SVM (RBF),0.09341894060995184,0.7573696145124716,0.6198708533983401,0.9155412876761192
high_debt_burden,full,SVM (RBF),0.09341894060995184,0.7578231292517007,0.6195661844021205,0.9155412876761192
high_debt_burden,full,SVM (RBF),0.09373996789727126,0.7578231292517007,0.6188450741498986,0.9155412876761192
high_debt_burden,full,SVM (RBF),0.09373996789727126,0.7596371882086168,0.6154597491723184,0.9155412876761192
high_debt_burden,full,SVM (RBF),0.09438202247191012,0.7596371882086168,0.6144635727061242,0.9155412876761192
high_debt_burden,full,SVM (RBF),0.09438202247191012,0.7609977324263039,0.6136101829305036,0.9155412876761192
high_debt_burden,full,SVM (RBF),0.09470304975922954,0.7609977324263039,0.6135484419446897,0.9155412876761192
high_debt_burden,full,SVM (RBF),0.09470304975922954,0.764172335600907,0.6098587740423083,0.9155412876761192
high_debt_burden,full,SVM (RBF),0.09502407704654896,0.764172335600907,0.6096902891303145,0.9155412876761192
high_debt_burden,full,SVM (RBF),0.09502407704654896,0.7682539682539683,0.6059360296800099,0.9155412876761192
high_debt_burden,full,SVM (RBF),0.09534510433386838,0.7682539682539683,0.6051299568917655,0.9155412876761192
high_debt_burden,full,SVM (RBF),0.09534510433386838,0.7687074829931972,0.6048823433989604,0.9155412876761192
high_debt_burden,full,SVM (RBF),0.0956661316211878,0.7687074829931972,0.6048533844071305,0.9155412876761192
high_debt_burden,full,SVM (RBF),0.0956661316211878,0.7696145124716554,0.6020294904077497,0.9155412876761192
high_debt_burden,full,SVM (RBF),0.09630818619582665,0.7696145124716554,0.6008351895304985,0.9155412876761192
high_debt_burden,full,SVM (RBF),0.09630818619582665,0.7700680272108843,0.6007055801962832,0.9155412876761192
high_debt_burden,full,SVM (RBF),0.09662921348314607,0.7700680272108843,0.6004775983900451,0.9155412876761192
high_debt_burden,full,SVM (RBF),0.09662921348314607,0.7732426303854876,0.5984066264561215,0.9155412876761192
high_debt_burden,full,SVM (RBF),0.09695024077046549,0.7732426303854876,0.5976347673772135,0.9155412876761192
high_debt_burden,full,SVM (RBF),0.09695024077046549,0.7736961451247165,0.5971642464055923,0.9155412876761192
high_debt_burden,full,SVM (RBF),0.09727126805778491,0.7736961451247165,0.5969096553452853,0.9155412876761192
high_debt_burden,full,SVM (RBF),0.09727126805778491,0.7741496598639456,0.5954343355142907,0.9155412876761192
high_debt_burden,full,SVM (RBF),0.0985553772070626,0.7741496598639456,0.5933499404425583,0.9155412876761192
high_debt_burden,full,SVM (RBF),0.0985553772070626,0.7746031746031746,0.5933254330496766,0.9155412876761192
high_debt_burden,full,SVM (RBF),0.09887640449438202,0.7746031746031746,0.5932254330011747,0.9155412876761192
high_debt_burden,full,SVM (RBF),0.09887640449438202,0.7759637188208617,0.5918369057623103,0.9155412876761192
high_debt_burden,full,SVM (RBF),0.09919743178170144,0.7759637188208617,0.591784172512713,0.9155412876761192
high_debt_burden,full,SVM (RBF),0.09919743178170144,0.7773242630385487,0.590846204623357,0.9155412876761192
high_debt_burden,full,SVM (RBF),0.09951845906902086,0.7773242630385487,0.5901308985466643,0.9155412876761192
high_debt_burden,full,SVM (RBF),0.09951845906902086,0.7786848072562358,0.5888683022119713,0.9155412876761192
high_debt_burden,full,SVM (RBF),0.10112359550561797,0.7786848072562358,0.5860645017062467,0.9155412876761192
high_debt_burden,full,SVM (RBF),0.10112359550561797,0.7791383219954648,0.5851752976897175,0.9155412876761192
high_debt_burden,full,SVM (RBF),0.10176565008025683,0.7791383219954648,0.5848465019745889,0.9155412876761192
high_debt_burden,full,SVM (RBF),0.10176565008025683,0.780045351473923,0.5840780966885685,0.9155412876761192
high_debt_burden,full,SVM (RBF),0.10240770465489567,0.780045351473923,0.5837265339639968,0.9155412876761192
high_debt_burden,full,SVM (RBF),0.10240770465489567,0.7804988662131519,0.5834903632777813,0.9155412876761192
high_debt_burden,full,SVM (RBF),0.10272873194221509,0.7804988662131519,0.5833720711526226,0.9155412876761192
high_debt_burden,full,SVM (RBF),0.10272873194221509,0.7832199546485261,0.5818088520414589,0.9155412876761192
high_debt_burden,full,SVM (RBF),0.10304975922953451,0.7832199546485261,0.5815322313075141,0.9155412876761192
high_debt_burden,full,SVM (RBF),0.10304975922953451,0.7841269841269841,0.5809936322548951,0.9155412876761192
high_debt_burden,full,SVM (RBF),0.10337078651685393,0.7841269841269841,0.5804766890345854,0.9155412876761192
high_debt_burden,full,SVM (RBF),0.10337078651685393,0.7850340136054422,0.5803417634986894,0.9155412876761192
high_debt_burden,full,SVM (RBF),0.10369181380417336,0.7850340136054422,0.5801105125428414,0.9155412876761192
high_debt_burden,full,SVM (RBF),0.10369181380417336,0.7868480725623582,0.578701447234202,0.9155412876761192
high_debt_burden,full,SVM (RBF),0.1043338683788122,0.7868480725623582,0.5777226182959033,0.9155412876761192
high_debt_burden,full,SVM (RBF),0.1043338683788122,0.7877551020408163,0.5774544069467515,0.9155412876761192
high_debt_burden,full,SVM (RBF),0.10465489566613162,0.7877551020408163,0.5769610823841709,0.9155412876761192
high_debt_burden,full,SVM (RBF),0.10465489566613162,0.7886621315192743,0.5766164729802407,0.9155412876761192
high_debt_burden,full,SVM (RBF),0.10497592295345104,0.7886621315192743,0.5751126208989898,0.9155412876761192
high_debt_burden,full,SVM (RBF),0.10497592295345104,0.7922902494331066,0.572841176342725,0.9155412876761192
high_debt_burden,full,SVM (RBF),0.10529695024077046,0.7922902494331066,0.572129674688562,0.9155412876761192
high_debt_burden,full,SVM (RBF),0.10529695024077046,0.7931972789115647,0.5712813008898641,0.9155412876761192
high_debt_burden,full,SVM (RBF),0.10561797752808989,0.7931972789115647,0.570895981720688,0.9155412876761192
high_debt_burden,full,SVM (RBF),0.10561797752808989,0.7936507936507936,0.570597651206086,0.9155412876761192
high_debt_burden,full,SVM (RBF),0.10593900481540931,0.7936507936507936,0.5704475633269693,0.9155412876761192
high_debt_burden,full,SVM (RBF),0.10593900481540931,0.7941043083900227,0.5696163352425567,0.9155412876761192
high_debt_burden,full,SVM (RBF),0.10690208667736757,0.7941043083900227,0.568561490601003,0.9155412876761192
high_debt_burden,full,SVM (RBF),0.10690208667736757,0.7945578231292517,0.5677759924840249,0.9155412876761192
high_debt_burden,full,SVM (RBF),0.10722311396468699,0.7945578231292517,0.5677583636881697,0.9155412876761192
high_debt_burden,full,SVM (RBF),0.10722311396468699,0.7972789115646258,0.5643957108274227,0.9155412876761192
high_debt_burden,full,SVM (RBF),0.10754414125200643,0.7972789115646258,0.5641900374857739,0.9155412876761192
high_debt_burden,full,SVM (RBF),0.10754414125200643,0.7981859410430839,0.563605510724292,0.9155412876761192
high_debt_burden,full,SVM (RBF),0.10818619582664527,0.7981859410430839,0.5632992757999513,0.9155412876761192
high_debt_burden,full,SVM (RBF),0.10818619582664527,0.7986394557823129,0.5632879105284219,0.9155412876761192
high_debt_burden,full,SVM (RBF),0.10850722311396468,0.7986394557823129,0.56289937913911,0.9155412876761192
high_debt_burden,full,SVM (RBF),0.10850722311396468,0.800453514739229,0.5617574974152382,0.9155412876761192
high_debt_burden,full,SVM (RBF),0.1088282504012841,0.800453514739229,0.5613640401489367,0.9155412876761192
high_debt_burden,full,SVM (RBF),0.1088282504012841,0.8013605442176871,0.5610686766682951,0.9155412876761192
high_debt_burden,full,SVM (RBF),0.10914927768860354,0.8013605442176871,0.5609578578372483,0.9155412876761192
high_debt_burden,full,SVM (RBF),0.10914927768860354,0.8022675736961451,0.5605897825461417,0.9155412876761192
high_debt_burden,full,SVM (RBF),0.10979133226324238,0.8022675736961451,0.5598621172221684,0.9155412876761192
high_debt_burden,full,SVM (RBF),0.10979133226324238,0.8027210884353742,0.5595245874333149,0.9155412876761192
high_debt_burden,full,SVM (RBF),0.1101123595505618,0.8027210884353742,0.5590119063425282,0.9155412876761192
high_debt_burden,full,SVM (RBF),0.1101123595505618,0.8031746031746032,0.5585270477444065,0.9155412876761192
high_debt_burden,full,SVM (RBF),0.11043338683788122,0.8031746031746032,0.5577795721041724,0.9155412876761192
high_debt_burden,full,SVM (RBF),0.11043338683788122,0.8036281179138322,0.5573976132761771,0.9155412876761192
high_debt_burden,full,SVM (RBF),0.11075441412520064,0.8036281179138322,0.5573277525202545,0.9155412876761192
high_debt_burden,full,SVM (RBF),0.11075441412520064,0.8045351473922903,0.5571344019099741,0.9155412876761192
high_debt_burden,full,SVM (RBF),0.11107544141252007,0.8045351473922903,0.5569207069355228,0.9155412876761192
high_debt_burden,full,SVM (RBF),0.11107544141252007,0.8049886621315193,0.5566353996875743,0.9155412876761192
high_debt_burden,full,SVM (RBF),0.11268057784911717,0.8049886621315193,0.5518007343910326,0.9155412876761192
high_debt_burden,full,SVM (RBF),0.11268057784911717,0.8068027210884354,0.5497139220949582,0.9155412876761192
high_debt_burden,full,SVM (RBF),0.11428571428571428,0.8068027210884354,0.5470137300573242,0.9155412876761192
high_debt_burden,full,SVM (RBF),0.11428571428571428,0.8072562358276644,0.5452100781717761,0.9155412876761192
high_debt_burden,full,SVM (RBF),0.1146067415730337,0.8072562358276644,0.5448568201927136,0.9155412876761192
high_debt_burden,full,SVM (RBF),0.1146067415730337,0.8077097505668934,0.5444366395917798,0.9155412876761192
high_debt_burden,full,SVM (RBF),0.11492776886035314,0.8077097505668934,0.5437020477706472,0.9155412876761192
high_debt_burden,full,SVM (RBF),0.11492776886035314,0.8086167800453514,0.543148651466765,0.9155412876761192
high_debt_burden,full,SVM (RBF),0.11524879614767256,0.8086167800453514,0.5421835847697063,0.9155412876761192
high_debt_burden,full,SVM (RBF),0.11524879614767256,0.8113378684807256,0.5396600909045625,0.9155412876761192
high_debt_burden,full,SVM (RBF),0.11556982343499198,0.8113378684807256,0.5393490634918372,0.9155412876761192
high_debt_burden,full,SVM (RBF),0.11556982343499198,0.8122448979591836,0.538596407855149,0.9155412876761192
high_debt_burden,full,SVM (RBF),0.1158908507223114,0.8122448979591836,0.5385408353313138,0.9155412876761192
high_debt_burden,full,SVM (RBF),0.1158908507223114,0.8136054421768707,0.5377138284250773,0.9155412876761192
high_debt_burden,full,SVM (RBF),0.11717495987158909,0.8136054421768707,0.5365351686511035,0.9155412876761192
high_debt_burden,full,SVM (RBF),0.11717495987158909,0.8145124716553288,0.5363698605208099,0.9155412876761192
high_debt_burden,full,SVM (RBF),0.11749598715890851,0.8145124716553288,0.5360306627808982,0.9155412876761192
high_debt_burden,full,SVM (RBF),0.11749598715890851,0.8149659863945579,0.5357459397173019,0.9155412876761192
high_debt_burden,full,SVM (RBF),0.11781701444622793,0.8149659863945579,0.535291639484811,0.9155412876761192
high_debt_burden,full,SVM (RBF),0.11781701444622793,0.8163265306122449,0.5337954145460831,0.9155412876761192
high_debt_burden,full,SVM (RBF),0.11813804173354735,0.8163265306122449,0.5333816792452898,0.9155412876761192
high_debt_burden,full,SVM (RBF),0.11813804173354735,0.81859410430839,0.5285818131472552,0.9155412876761192
high_debt_burden,full,SVM (RBF),0.11845906902086677,0.81859410430839,0.5268658131897296,0.9155412876761192
high_debt_burden,full,SVM (RBF),0.11845906902086677,0.8213151927437642,0.5231709454944753,0.9155412876761192
high_debt_burden,full,SVM (RBF),0.1187800963081862,0.8213151927437642,0.5231153944879186,0.9155412876761192
high_debt_burden,full,SVM (RBF),0.1187800963081862,0.8217687074829932,0.5226673623744601,0.9155412876761192
high_debt_burden,full,SVM (RBF),0.11910112359550562,0.8217687074829932,0.5225633638988721,0.9155412876761192
high_debt_burden,full,SVM (RBF),0.11910112359550562,0.8253968253968254,0.518240111287661,0.9155412876761192
high_debt_burden,full,SVM (RBF),0.11974317817014446,0.8253968253968254,0.5178620242665163,0.9155412876761192
high_debt_burden,full,SVM (RBF),0.11974317817014446,0.8267573696145125,0.515179998458813,0.9155412876761192
high_debt_burden,full,SVM (RBF),0.12070626003210273,0.8267573696145125,0.5127690191683766,0.9155412876761192
high_debt_burden,full,SVM (RBF),0.12070626003210273,0.8272108843537415,0.5121152675492544,0.9155412876761192
high_debt_burden,full,SVM (RBF),0.12134831460674157,0.8272108843537415,0.5111771003059437,0.9155412876761192
high_debt_burden,full,SVM (RBF),0.12134831460674157,0.8290249433106576,0.509705041843064,0.9155412876761192
high_debt_burden,full,SVM (RBF),0.12231139646869985,0.8290249433106576,0.5076073685613837,0.9155412876761192
high_debt_burden,full,SVM (RBF),0.12231139646869985,0.8299319727891157,0.5070154177436624,0.9155412876761192
high_debt_burden,full,SVM (RBF),0.12359550561797752,0.8299319727891157,0.505104262230632,0.9155412876761192
high_debt_burden,full,SVM (RBF),0.1261637239165329,0.8344671201814059,0.5,0.9155412876761192
high_debt_burden,full,SVM (RBF),0.1261637239165329,0.8353741496598639,0.49411141751027804,0.9155412876761192
high_debt_burden,full,SVM (RBF),0.12680577849117175,0.8353741496598639,0.4928979396251103,0.9155412876761192
high_debt_burden,full,SVM (RBF),0.12680577849117175,0.83718820861678,0.4885833896957507,0.9155412876761192
high_debt_burden,full,SVM (RBF),0.1274478330658106,0.83718820861678,0.4865894288201305,0.9155412876761192
high_debt_burden,full,SVM (RBF),0.1274478330658106,0.8390022675736961,0.48394878767485433,0.9155412876761192
high_debt_burden,full,SVM (RBF),0.12776886035313,0.8390022675736961,0.4838200178291837,0.9155412876761192
high_debt_burden,full,SVM (RBF),0.12776886035313,0.8394557823129252,0.4832110444884566,0.9155412876761192
high_debt_burden,full,SVM (RBF),0.12808988764044943,0.8394557823129252,0.4831105738282065,0.9155412876761192
high_debt_burden,full,SVM (RBF),0.12808988764044943,0.8408163265306122,0.4817379916604063,0.9155412876761192
high_debt_burden,full,SVM (RBF),0.12937399678972714,0.8408163265306122,0.4790341382021705,0.9155412876761192
high_debt_burden,full,SVM (RBF),0.12937399678972714,0.8426303854875283,0.4774474628992031,0.9155412876761192
high_debt_burden,full,SVM (RBF),0.12969502407704656,0.8426303854875283,0.47650612926814173,0.9155412876761192
high_debt_burden,full,SVM (RBF),0.12969502407704656,0.8435374149659864,0.47610660824508644,0.9155412876761192
high_debt_burden,full,SVM (RBF),0.13001605136436598,0.8435374149659864,0.4752106160527482,0.9155412876761192
high_debt_burden,full,SVM (RBF),0.13001605136436598,0.8444444444444444,0.47398498396811495,0.9155412876761192
high_debt_burden,full,SVM (RBF),0.1303370786516854,0.8444444444444444,0.4736539067676955,0.9155412876761192
high_debt_burden,full,SVM (RBF),0.1303370786516854,0.8448979591836735,0.472982578694243,0.9155412876761192
high_debt_burden,full,SVM (RBF),0.13065810593900481,0.8448979591836735,0.4728384858799413,0.9155412876761192
high_debt_burden,full,SVM (RBF),0.13065810593900481,0.8453514739229024,0.472833846334817,0.9155412876761192
high_debt_burden,full,SVM (RBF),0.13130016051364365,0.8453514739229024,0.4721966411439348,0.9155412876761192
high_debt_burden,full,SVM (RBF),0.13130016051364365,0.8476190476190476,0.47034121257273587,0.9155412876761192
high_debt_burden,full,SVM (RBF),0.1322632423756019,0.8476190476190476,0.46746406103035554,0.9155412876761192
high_debt_burden,full,SVM (RBF),0.1322632423756019,0.8485260770975057,0.4672149897253261,0.9155412876761192
high_debt_burden,full,SVM (RBF),0.13354735152487962,0.8485260770975057,0.465941689948456,0.9155412876761192
high_debt_burden,full,SVM (RBF),0.13354735152487962,0.8489795918367347,0.4641049620503461,0.9155412876761192
high_debt_burden,full,SVM (RBF),0.13386837881219904,0.8489795918367347,0.46303198373269183,0.9155412876761192
high_debt_burden,full,SVM (RBF),0.13386837881219904,0.8507936507936508,0.4618441113438777,0.9155412876761192
high_debt_burden,full,SVM (RBF),0.1348314606741573,0.8507936507936508,0.4605406912888035,0.9155412876761192
high_debt_burden,full,SVM (RBF),0.1348314606741573,0.8512471655328798,0.4601507891564396,0.9155412876761192
high_debt_burden,full,SVM (RBF),0.13611556982343498,0.8512471655328798,0.45725115821739365,0.9155412876761192
high_debt_burden,full,SVM (RBF),0.13611556982343498,0.8521541950113378,0.45542775816688624,0.9155412876761192
high_debt_burden,full,SVM (RBF),0.13643659711075443,0.8521541950113378,0.45513335036539226,0.9155412876761192
high_debt_burden,full,SVM (RBF),0.13643659711075443,0.8526077097505669,0.45360385592134145,0.9155412876761192
high_debt_burden,full,SVM (RBF),0.13675762439807385,0.8526077097505669,0.45285768146867517,0.9155412876761192
high_debt_burden,full,SVM (RBF),0.13675762439807385,0.8530612244897959,0.4527237096267072,0.9155412876761192
high_debt_burden,full,SVM (RBF),0.13707865168539327,0.8530612244897959,0.45249152946152477,0.9155412876761192
high_debt_burden,full,SVM (RBF),0.13707865168539327,0.853514739229025,0.4511441942665399,0.9155412876761192
high_debt_burden,full,SVM (RBF),0.13739967897271269,0.853514739229025,0.4499549887723769,0.9155412876761192
high_debt_burden,full,SVM (RBF),0.13739967897271269,0.8539682539682539,0.449638284361104,0.9155412876761192
high_debt_burden,full,SVM (RBF),0.13804173354735153,0.8539682539682539,0.44843216914140105,0.9155412876761192
high_debt_burden,full,SVM (RBF),0.13804173354735153,0.854875283446712,0.447784831754964,0.9155412876761192
high_debt_burden,full,SVM (RBF),0.13868378812199036,0.854875283446712,0.44705296096718367,0.9155412876761192
high_debt_burden,full,SVM (RBF),0.13868378812199036,0.8553287981859411,0.44652675558040605,0.9155412876761192
high_debt_burden,full,SVM (RBF),0.13900481540930978,0.8553287981859411,0.4464256163212994,0.9155412876761192
high_debt_burden,full,SVM (RBF),0.13900481540930978,0.85578231292517,0.44533494529687234,0.9155412876761192
high_debt_burden,full,SVM (RBF),0.13964686998394862,0.85578231292517,0.4440494011499662,0.9155412876761192
high_debt_burden,full,SVM (RBF),0.13964686998394862,0.8562358276643991,0.44399914653624983,0.9155412876761192
high_debt_burden,full,SVM (RBF),0.13996789727126807,0.8562358276643991,0.44364863224319745,0.9155412876761192
high_debt_burden,full,SVM (RBF),0.13996789727126807,0.8566893424036282,0.4426122464822241,0.9155412876761192
high_debt_burden,full,SVM (RBF),0.1406099518459069,0.8566893424036282,0.4421300773575784,0.9155412876761192
high_debt_burden,full,SVM (RBF),0.1406099518459069,0.8575963718820862,0.4407183492428418,0.9155412876761192
high_debt_burden,full,SVM (RBF),0.14093097913322633,0.8575963718820862,0.4400572547241831,0.9155412876761192
high_debt_burden,full,SVM (RBF),0.14093097913322633,0.8589569160997732,0.4391881728223184,0.9155412876761192
high_debt_burden,full,SVM (RBF),0.14125200642054575,0.8589569160997732,0.43756572467098853,0.9155412876761192
high_debt_burden,full,SVM (RBF),0.14125200642054575,0.8598639455782313,0.4359672147504178,0.9155412876761192
high_debt_burden,full,SVM (RBF),0.14157303370786517,0.8598639455782313,0.43570272800445164,0.9155412876761192
high_debt_burden,full,SVM (RBF),0.14157303370786517,0.8603174603174604,0.43565689910889205,0.9155412876761192
high_debt_burden,full,SVM (RBF),0.142215088282504,0.8603174603174604,0.4341860957493469,0.9155412876761192
high_debt_burden,full,SVM (RBF),0.142215088282504,0.8612244897959184,0.4333816146018024,0.9155412876761192
high_debt_burden,full,SVM (RBF),0.14285714285714285,0.8612244897959184,0.4318310740242193,0.9155412876761192
high_debt_burden,full,SVM (RBF),0.14285714285714285,0.8625850340136054,0.4288081630042699,0.9155412876761192
high_debt_burden,full,SVM (RBF),0.14317817014446227,0.8625850340136054,0.4269914834553217,0.9155412876761192
high_debt_burden,full,SVM (RBF),0.14317817014446227,0.8630385487528345,0.4268530814228306,0.9155412876761192
high_debt_burden,full,SVM (RBF),0.14382022471910114,0.8630385487528345,0.4265122460910707,0.9155412876761192
high_debt_burden,full,SVM (RBF),0.14382022471910114,0.8634920634920635,0.4256807328091859,0.9155412876761192
high_debt_burden,full,SVM (RBF),0.14414125200642056,0.8634920634920635,0.425107124749327,0.9155412876761192
high_debt_burden,full,SVM (RBF),0.14414125200642056,0.8639455782312925,0.42428212462526316,0.9155412876761192
high_debt_burden,full,SVM (RBF),0.14510433386837882,0.8639455782312925,0.42396121563624595,0.9155412876761192
high_debt_burden,full,SVM (RBF),0.14510433386837882,0.8643990929705215,0.4222223476831641,0.9155412876761192
high_debt_burden,full,SVM (RBF),0.14542536115569824,0.8643990929705215,0.4220943982631147,0.9155412876761192
high_debt_burden,full,SVM (RBF),0.14542536115569824,0.8648526077097506,0.42135429981755695,0.9155412876761192
high_debt_burden,full,SVM (RBF),0.14574638844301765,0.8648526077097506,0.4198173242105742,0.9155412876761192
high_debt_burden,full,SVM (RBF),0.14574638844301765,0.8653061224489796,0.41975679189387544,0.9155412876761192
high_debt_burden,full,SVM (RBF),0.14606741573033707,0.8653061224489796,0.4195817943604916,0.9155412876761192
high_debt_burden,full,SVM (RBF),0.14606741573033707,0.8662131519274376,0.4189309891419733,0.9155412876761192
high_debt_burden,full,SVM (RBF),0.14670947030497591,0.8662131519274376,0.418586184525486,0.9155412876761192
high_debt_burden,full,SVM (RBF),0.14670947030497591,0.8666666666666667,0.41847143877255666,0.9155412876761192
high_debt_burden,full,SVM (RBF),0.14735152487961475,0.8666666666666667,0.41787874970434696,0.9155412876761192
high_debt_burden,full,SVM (RBF),0.14735152487961475,0.8671201814058956,0.4171438881044033,0.9155412876761192
high_debt_burden,full,SVM (RBF),0.14799357945425362,0.8671201814058956,0.4166172911961391,0.9155412876761192
high_debt_burden,full,SVM (RBF),0.14799357945425362,0.8675736961451247,0.4159082187527805,0.9155412876761192
high_debt_burden,full,SVM (RBF),0.14831460674157304,0.8675736961451247,0.41587635597948114,0.9155412876761192
high_debt_burden,full,SVM (RBF),0.14831460674157304,0.8680272108843538,0.4155711731065815,0.9155412876761192
high_debt_burden,full,SVM (RBF),0.14991974317817014,0.8680272108843538,0.41322103104395447,0.9155412876761192
high_debt_burden,full,SVM (RBF),0.14991974317817014,0.8689342403628117,0.4119746658405824,0.9155412876761192
high_debt_burden,full,SVM (RBF),0.1508828250401284,0.8689342403628117,0.4100215915338524,0.9155412876761192
high_debt_burden,full,SVM (RBF),0.1508828250401284,0.8693877551020408,0.40991689313964746,0.9155412876761192
high_debt_burden,full,SVM (RBF),0.15120385232744785,0.8693877551020408,0.409635200429162,0.9155412876761192
high_debt_burden,full,SVM (RBF),0.15120385232744785,0.8698412698412699,0.40915834735592016,0.9155412876761192
high_debt_burden,full,SVM (RBF),0.15184590690208669,0.8698412698412699,0.4082548840849371,0.9155412876761192
high_debt_burden,full,SVM (RBF),0.15184590690208669,0.8702947845804989,0.4081934414412204,0.9155412876761192
high_debt_burden,full,SVM (RBF),0.1521669341894061,0.8702947845804989,0.40790001858135033,0.9155412876761192
high_debt_burden,full,SVM (RBF),0.1521669341894061,0.8707482993197279,0.40716084550703757,0.9155412876761192
high_debt_burden,full,SVM (RBF),0.15280898876404495,0.8707482993197279,0.4069891525583864,0.9155412876761192
high_debt_burden,full,SVM (RBF),0.15280898876404495,0.871655328798186,0.40452739579193914,0.9155412876761192
high_debt_burden,full,SVM (RBF),0.15313001605136436,0.871655328798186,0.4020572935903645,0.9155412876761192
high_debt_burden,full,SVM (RBF),0.15313001605136436,0.872562358276644,0.4012987143238289,0.9155412876761192
high_debt_burden,full,SVM (RBF),0.15441412520064204,0.872562358276644,0.3982771039033888,0.9155412876761192
high_debt_burden,full,SVM (RBF),0.15441412520064204,0.873015873015873,0.39812439737494476,0.9155412876761192
high_debt_burden,full,SVM (RBF),0.15537720706260033,0.873015873015873,0.39624704144213213,0.9155412876761192
high_debt_burden,full,SVM (RBF),0.15537720706260033,0.8734693877551021,0.39606333907499386,0.9155412876761192
high_debt_burden,full,SVM (RBF),0.15569823434991975,0.8734693877551021,0.39597657488128546,0.9155412876761192
high_debt_burden,full,SVM (RBF),0.15569823434991975,0.873922902494331,0.3959170828003227,0.9155412876761192
high_debt_burden,full,SVM (RBF),0.1563402889245586,0.873922902494331,0.3957997528473776,0.9155412876761192
high_debt_burden,full,SVM (RBF),0.1563402889245586,0.8757369614512471,0.39371391254771404,0.9155412876761192
high_debt_burden,full,SVM (RBF),0.15698234349919743,0.8757369614512471,0.39052716825012596,0.9155412876761192
high_debt_burden,full,SVM (RBF),0.15698234349919743,0.8761904761904762,0.3905012019923529,0.9155412876761192
high_debt_burden,full,SVM (RBF),0.15730337078651685,0.8761904761904762,0.38942084142364186,0.9155412876761192
high_debt_burden,full,SVM (RBF),0.15730337078651685,0.8770975056689342,0.38906240677169973,0.9155412876761192
high_debt_burden,full,SVM (RBF),0.15858747993579456,0.8770975056689342,0.38762292244578894,0.9155412876761192
high_debt_burden,full,SVM (RBF),0.15858747993579456,0.8775510204081632,0.3875733564171138,0.9155412876761192
high_debt_burden,full,SVM (RBF),0.16051364365971107,0.8775510204081632,0.3839951508403693,0.9155412876761192
high_debt_burden,full,SVM (RBF),0.16051364365971107,0.8780045351473923,0.3839203780344903,0.9155412876761192
high_debt_burden,full,SVM (RBF),0.16115569823434991,0.8780045351473923,0.38339859159967665,0.9155412876761192
high_debt_burden,full,SVM (RBF),0.16115569823434991,0.8784580498866214,0.3822105861961658,0.9155412876761192
high_debt_burden,full,SVM (RBF),0.16147672552166933,0.8784580498866214,0.3821064147658869,0.9155412876761192
high_debt_burden,full,SVM (RBF),0.16147672552166933,0.8789115646258503,0.38197933557269736,0.9155412876761192
high_debt_burden,full,SVM (RBF),0.16243980738362762,0.8789115646258503,0.3809349017522845,0.9155412876761192
high_debt_burden,full,SVM (RBF),0.16243980738362762,0.8793650793650793,0.3809325942866497,0.9155412876761192
high_debt_burden,full,SVM (RBF),0.16276083467094704,0.8793650793650793,0.38067653065502766,0.9155412876761192
high_debt_burden,full,SVM (RBF),0.16276083467094704,0.8798185941043084,0.38011913278018705,0.9155412876761192
high_debt_burden,full,SVM (RBF),0.1637239165329053,0.8798185941043084,0.3798092358696906,0.9155412876761192
high_debt_burden,full,SVM (RBF),0.1637239165329053,0.8802721088435375,0.37938989357670877,0.9155412876761192
high_debt_burden,full,SVM (RBF),0.16468699839486356,0.8802721088435375,0.3788757831581892,0.9155412876761192
high_debt_burden,full,SVM (RBF),0.16468699839486356,0.8807256235827664,0.3779118457340391,0.9155412876761192
high_debt_burden,full,SVM (RBF),0.16565008025682182,0.8807256235827664,0.3766458362498814,0.9155412876761192
high_debt_burden,full,SVM (RBF),0.16565008025682182,0.8811791383219955,0.3757173177374707,0.9155412876761192
high_debt_burden,full,SVM (RBF),0.16597110754414124,0.8811791383219955,0.3751376282165964,0.9155412876761192
high_debt_burden,full,SVM (RBF),0.16597110754414124,0.8820861678004536,0.37286469331485467,0.9155412876761192
high_debt_burden,full,SVM (RBF),0.1666131621187801,0.8820861678004536,0.3721377924474182,0.9155412876761192
high_debt_burden,full,SVM (RBF),0.1666131621187801,0.8829931972789116,0.37132211572036883,0.9155412876761192
high_debt_burden,full,SVM (RBF),0.1682182985553772,0.8829931972789116,0.37017277113758706,0.9155412876761192
high_debt_burden,full,SVM (RBF),0.1682182985553772,0.8834467120181406,0.369642517395942,0.9155412876761192
high_debt_burden,full,SVM (RBF),0.16982343499197433,0.8834467120181406,0.3662921479086109,0.9155412876761192
high_debt_burden,full,SVM (RBF),0.16982343499197433,0.8839002267573696,0.3656285596503268,0.9155412876761192
high_debt_burden,full,SVM (RBF),0.17046548956661317,0.8839002267573696,0.3651627957751759,0.9155412876761192
high_debt_burden,full,SVM (RBF),0.17046548956661317,0.8843537414965986,0.36441295618289743,0.9155412876761192
high_debt_burden,full,SVM (RBF),0.17142857142857143,0.8843537414965986,0.3640664331060544,0.9155412876761192
high_debt_burden,full,SVM (RBF),0.17142857142857143,0.8848072562358277,0.3637871510720868,0.9155412876761192
high_debt_burden,full,SVM (RBF),0.17207062600321027,0.8848072562358277,0.36357094939380225,0.9155412876761192
high_debt_burden,full,SVM (RBF),0.17207062600321027,0.8852607709750567,0.36306984034763107,0.9155412876761192
high_debt_burden,full,SVM (RBF),0.1723916532905297,0.8852607709750567,0.3628194269320682,0.9155412876761192
high_debt_burden,full,SVM (RBF),0.1723916532905297,0.8857142857142857,0.36263295578045474,0.9155412876761192
high_debt_burden,full,SVM (RBF),0.17431781701444624,0.8857142857142857,0.36083637368999216,0.9155412876761192
high_debt_burden,full,SVM (RBF),0.17431781701444624,0.8866213151927438,0.3593878870959301,0.9155412876761192
high_debt_burden,full,SVM (RBF),0.17656500802568217,0.8866213151927438,0.3580171989655745,0.9155412876761192
high_debt_burden,full,SVM (RBF),0.17656500802568217,0.8870748299319728,0.35788047872838985,0.9155412876761192
high_debt_burden,full,SVM (RBF),0.17784911717495988,0.8870748299319728,0.3569795683925515,0.9155412876761192
high_debt_burden,full,SVM (RBF),0.17784911717495988,0.8875283446712018,0.35654758408826387,0.9155412876761192
high_debt_burden,full,SVM (RBF),0.17881219903691814,0.8875283446712018,0.3559092560700314,0.9155412876761192
high_debt_burden,full,SVM (RBF),0.17881219903691814,0.8884353741496599,0.3544587854746024,0.9155412876761192
high_debt_burden,full,SVM (RBF),0.18041733547351524,0.8884353741496599,0.35295067172310174,0.9155412876761192
high_debt_burden,full,SVM (RBF),0.18041733547351524,0.8893424036281179,0.35212070432591963,0.9155412876761192
high_debt_burden,full,SVM (RBF),0.1810593900481541,0.8893424036281179,0.35185104590499283,0.9155412876761192
high_debt_burden,full,SVM (RBF),0.1810593900481541,0.890249433106576,0.35153009759697185,0.9155412876761192
high_debt_burden,full,SVM (RBF),0.18298555377207062,0.890249433106576,0.34498258018876293,0.9155412876761192
high_debt_burden,full,SVM (RBF),0.18298555377207062,0.890702947845805,0.3449528650742818,0.9155412876761192
high_debt_burden,full,SVM (RBF),0.18330658105939004,0.890702947845805,0.3447165827710845,0.9155412876761192
high_debt_burden,full,SVM (RBF),0.18330658105939004,0.8916099773242631,0.3445445077900858,0.9155412876761192
high_debt_burden,full,SVM (RBF),0.18394863563402888,0.8916099773242631,0.3432895477429983,0.9155412876761192
high_debt_burden,full,SVM (RBF),0.18394863563402888,0.8920634920634921,0.3432027556823514,0.9155412876761192
high_debt_burden,full,SVM (RBF),0.1852327447833066,0.8920634920634921,0.34164658764711386,0.9155412876761192
high_debt_burden,full,SVM (RBF),0.1852327447833066,0.8925170068027211,0.34135602746620103,0.9155412876761192
high_debt_burden,full,SVM (RBF),0.18747993579454253,0.8925170068027211,0.338698817666868,0.9155412876761192
high_debt_burden,full,SVM (RBF),0.18747993579454253,0.8929705215419501,0.33868658886368486,0.9155412876761192
high_debt_burden,full,SVM (RBF),0.18780096308186195,0.8929705215419501,0.3386767584824908,0.9155412876761192
high_debt_burden,full,SVM (RBF),0.18780096308186195,0.8934240362811792,0.33852814317769053,0.9155412876761192
high_debt_burden,full,SVM (RBF),0.18812199036918137,0.8934240362811792,0.33785450069730805,0.9155412876761192
high_debt_burden,full,SVM (RBF),0.18812199036918137,0.8938775510204081,0.33776740485371837,0.9155412876761192
high_debt_burden,full,SVM (RBF),0.18844301765650082,0.8938775510204081,0.3369463096888849,0.9155412876761192
high_debt_burden,full,SVM (RBF),0.18844301765650082,0.8943310657596372,0.33661992536573193,0.9155412876761192
high_debt_burden,full,SVM (RBF),0.18908507223113966,0.8943310657596372,0.33503823237825625,0.9155412876761192
high_debt_burden,full,SVM (RBF),0.18908507223113966,0.8947845804988662,0.33477728457908684,0.9155412876761192
high_debt_burden,full,SVM (RBF),0.19036918138041733,0.8947845804988662,0.33201961666253416,0.9155412876761192
high_debt_burden,full,SVM (RBF),0.19036918138041733,0.8952380952380953,0.331996078753192,0.9155412876761192
high_debt_burden,full,SVM (RBF),0.19069020866773675,0.8952380952380953,0.33197406542357155,0.9155412876761192
high_debt_burden,full,SVM (RBF),0.19069020866773675,0.8965986394557823,0.33132797387549184,0.9155412876761192
high_debt_burden,full,SVM (RBF),0.19101123595505617,0.8965986394557823,0.33124498817961423,0.9155412876761192
high_debt_burden,full,SVM (RBF),0.19101123595505617,0.8975056689342403,0.3298351799449903,0.9155412876761192
high_debt_burden,full,SVM (RBF),0.19197431781701443,0.8975056689342403,0.3232060326299721,0.9155412876761192
high_debt_burden,full,SVM (RBF),0.19197431781701443,0.8988662131519274,0.32033710661453885,0.9155412876761192
high_debt_burden,full,SVM (RBF),0.19454253611556982,0.8988662131519274,0.31652809546923066,0.9155412876761192
high_debt_burden,full,SVM (RBF),0.19454253611556982,0.8993197278911564,0.31650654947231727,0.9155412876761192
high_debt_burden,full,SVM (RBF),0.19518459069020866,0.8993197278911564,0.31599042773503516,0.9155412876761192
high_debt_burden,full,SVM (RBF),0.19518459069020866,0.8997732426303855,0.3148064095781089,0.9155412876761192
high_debt_burden,full,SVM (RBF),0.19775280898876405,0.8997732426303855,0.3127819202318056,0.9155412876761192
high_debt_burden,full,SVM (RBF),0.19775280898876405,0.9006802721088435,0.3119517420906573,0.9155412876761192
high_debt_burden,full,SVM (RBF),0.20096308186195827,0.9006802721088435,0.307715209995634,0.9155412876761192
high_debt_burden,full,SVM (RBF),0.20096308186195827,0.9011337868480725,0.3076843737592437,0.9155412876761192
high_debt_burden,full,SVM (RBF),0.20256821829855537,0.9011337868480725,0.30683031053868776,0.9155412876761192
high_debt_burden,full,SVM (RBF),0.20256821829855537,0.9015873015873016,0.3064376494069159,0.9155412876761192
high_debt_burden,full,SVM (RBF),0.2028892455858748,0.9015873015873016,0.30577158021278117,0.9155412876761192
high_debt_burden,full,SVM (RBF),0.2028892455858748,0.9029478458049887,0.30516787534860884,0.9155412876761192
high_debt_burden,full,SVM (RBF),0.2032102728731942,0.9029478458049887,0.3051514954572802,0.9155412876761192
high_debt_burden,full,SVM (RBF),0.2032102728731942,0.9034013605442177,0.3032413333651462,0.9155412876761192
high_debt_burden,full,SVM (RBF),0.2057784911717496,0.9034013605442177,0.30048029738000853,0.9155412876761192
high_debt_burden,full,SVM (RBF),0.2057784911717496,0.9038548752834467,0.3002857867014417,0.9155412876761192
high_debt_burden,full,SVM (RBF),0.20674157303370785,0.9038548752834467,0.2992282940121604,0.9155412876761192
high_debt_burden,full,SVM (RBF),0.20674157303370785,0.9043083900226757,0.2988144005908618,0.9155412876761192
high_debt_burden,full,SVM (RBF),0.20834670947030498,0.9043083900226757,0.2968573017960055,0.9155412876761192
high_debt_burden,full,SVM (RBF),0.20834670947030498,0.9047619047619048,0.29668598795392764,0.9155412876761192
high_debt_burden,full,SVM (RBF),0.20995184590690208,0.9047619047619048,0.29495725793484984,0.9155412876761192
high_debt_burden,full,SVM (RBF),0.20995184590690208,0.9052154195011338,0.29481376473943355,0.9155412876761192
high_debt_burden,full,SVM (RBF),0.2115569823434992,0.9052154195011338,0.2927256591984922,0.9155412876761192
high_debt_burden,full,SVM (RBF),0.2115569823434992,0.9061224489795918,0.2920158570264858,0.9155412876761192
high_debt_burden,full,SVM (RBF),0.21669341894060995,0.9061224489795918,0.28875404878135635,0.9155412876761192
high_debt_burden,full,SVM (RBF),0.21669341894060995,0.9065759637188209,0.2879182823647835,0.9155412876761192
high_debt_burden,full,SVM (RBF),0.21701444622792937,0.9065759637188209,0.2878365010571483,0.9155412876761192
high_debt_burden,full,SVM (RBF),0.21701444622792937,0.9070294784580499,0.2874981854063757,0.9155412876761192
high_debt_burden,full,SVM (RBF),0.21797752808988763,0.9070294784580499,0.2869909056631726,0.9155412876761192
high_debt_burden,full,SVM (RBF),0.21797752808988763,0.9074829931972789,0.2869165307741601,0.9155412876761192
high_debt_burden,full,SVM (RBF),0.21829855537720708,0.9074829931972789,0.28636961228914226,0.9155412876761192
high_debt_burden,full,SVM (RBF),0.21829855537720708,0.9079365079365079,0.2859721177369457,0.9155412876761192
high_debt_burden,full,SVM (RBF),0.2186195826645265,0.9079365079365079,0.28563606727247104,0.9155412876761192
high_debt_burden,full,SVM (RBF),0.2186195826645265,0.908390022675737,0.28545616896602083,0.9155412876761192
high_debt_burden,full,SVM (RBF),0.22247191011235956,0.908390022675737,0.28166317089535764,0.9155412876761192
high_debt_burden,full,SVM (RBF),0.22247191011235956,0.908843537414966,0.28108381441062497,0.9155412876761192
high_debt_burden,full,SVM (RBF),0.22279293739967898,0.908843537414966,0.2808347877637262,0.9155412876761192
high_debt_burden,full,SVM (RBF),0.22279293739967898,0.9102040816326531,0.28035744046529254,0.9155412876761192
high_debt_burden,full,SVM (RBF),0.22343499197431782,0.9102040816326531,0.27833945717818853,0.9155412876761192
high_debt_burden,full,SVM (RBF),0.22343499197431782,0.910657596371882,0.27808906285507307,0.9155412876761192
high_debt_burden,full,SVM (RBF),0.22696629213483147,0.910657596371882,0.274779167429973,0.9155412876761192
high_debt_burden,full,SVM (RBF),0.22696629213483147,0.9111111111111111,0.2743221434912616,0.9155412876761192
high_debt_burden,full,SVM (RBF),0.22889245585874798,0.9111111111111111,0.27216830790480734,0.9155412876761192
high_debt_burden,full,SVM (RBF),0.22889245585874798,0.9115646258503401,0.27201262323146463,0.9155412876761192
high_debt_burden,full,SVM (RBF),0.22953451043338685,0.9115646258503401,0.271540884244936,0.9155412876761192
high_debt_burden,full,SVM (RBF),0.22953451043338685,0.9120181405895692,0.27154023275018696,0.9155412876761192
high_debt_burden,full,SVM (RBF),0.22985553772070627,0.9120181405895692,0.2712553325002874,0.9155412876761192
high_debt_burden,full,SVM (RBF),0.22985553772070627,0.9124716553287981,0.2705769541162157,0.9155412876761192
high_debt_burden,full,SVM (RBF),0.2301765650080257,0.9124716553287981,0.2702640412931748,0.9155412876761192
high_debt_burden,full,SVM (RBF),0.2301765650080257,0.9129251700680272,0.26899572684802797,0.9155412876761192
high_debt_burden,full,SVM (RBF),0.2304975922953451,0.9129251700680272,0.2688290276975027,0.9155412876761192
high_debt_burden,full,SVM (RBF),0.2304975922953451,0.9133786848072563,0.2683739325046716,0.9155412876761192
high_debt_burden,full,SVM (RBF),0.2321027287319422,0.9133786848072563,0.2665322817737076,0.9155412876761192
high_debt_burden,full,SVM (RBF),0.2321027287319422,0.9142857142857143,0.26620816169654127,0.9155412876761192
high_debt_burden,full,SVM (RBF),0.23242375601926163,0.9142857142857143,0.26561460544730714,0.9155412876761192
high_debt_burden,full,SVM (RBF),0.23242375601926163,0.9147392290249433,0.26410779155774544,0.9155412876761192
high_debt_burden,full,SVM (RBF),0.23274478330658105,0.9147392290249433,0.2638139833850495,0.9155412876761192
high_debt_burden,full,SVM (RBF),0.23274478330658105,0.9151927437641724,0.263719971384536,0.9155412876761192
high_debt_burden,full,SVM (RBF),0.23338683788121992,0.9151927437641724,0.2629384985769503,0.9155412876761192
high_debt_burden,full,SVM (RBF),0.23338683788121992,0.9156462585034013,0.2611490660352258,0.9155412876761192
high_debt_burden,full,SVM (RBF),0.23434991974317818,0.9156462585034013,0.2606102451077867,0.9155412876761192
high_debt_burden,full,SVM (RBF),0.23434991974317818,0.9165532879818594,0.2603117787682601,0.9155412876761192
high_debt_burden,full,SVM (RBF),0.23563402889245585,0.9165532879818594,0.2588445503068322,0.9155412876761192
high_debt_burden,full,SVM (RBF),0.23563402889245585,0.9170068027210885,0.2587488166899397,0.9155412876761192
high_debt_burden,full,SVM (RBF),0.2362760834670947,0.9170068027210885,0.2574547906962264,0.9155412876761192
high_debt_burden,full,SVM (RBF),0.2362760834670947,0.9174603174603174,0.25733776471771225,0.9155412876761192
high_debt_burden,full,SVM (RBF),0.23820224719101124,0.9174603174603174,0.255710726362512,0.9155412876761192
high_debt_burden,full,SVM (RBF),0.23820224719101124,0.9179138321995465,0.2557026613041408,0.9155412876761192
high_debt_burden,full,SVM (RBF),0.2391653290529695,0.9179138321995465,0.25408954079747587,0.9155412876761192
high_debt_burden,full,SVM (RBF),0.2391653290529695,0.9183673469387755,0.254085281305985,0.9155412876761192
high_debt_burden,full,SVM (RBF),0.23948635634028892,0.9183673469387755,0.2539342757473766,0.9155412876761192
high_debt_burden,full,SVM (RBF),0.23948635634028892,0.9188208616780046,0.2529731476339987,0.9155412876761192
high_debt_burden,full,SVM (RBF),0.23980738362760834,0.9188208616780046,0.25227438588360085,0.9155412876761192
high_debt_burden,full,SVM (RBF),0.23980738362760834,0.9192743764172335,0.25168497544023744,0.9155412876761192
high_debt_burden,full,SVM (RBF),0.24044943820224718,0.9192743764172335,0.25116818958584897,0.9155412876761192
high_debt_burden,full,SVM (RBF),0.24044943820224718,0.9197278911564626,0.25089414132428794,0.9155412876761192
high_debt_burden,full,SVM (RBF),0.24237560192616373,0.9197278911564626,0.24788446202167658,0.9155412876761192
high_debt_burden,full,SVM (RBF),0.24237560192616373,0.9201814058956916,0.24784423517978107,0.9155412876761192
high_debt_burden,full,SVM (RBF),0.24398073836276082,0.9201814058956916,0.2468824483459277,0.9155412876761192
high_debt_burden,full,SVM (RBF),0.24398073836276082,0.9206349206349206,0.24687238703115733,0.9155412876761192
high_debt_burden,full,SVM (RBF),0.2449438202247191,0.9206349206349206,0.24625124078217933,0.9155412876761192
high_debt_burden,full,SVM (RBF),0.2449438202247191,0.9210884353741496,0.24538165621080368,0.9155412876761192
high_debt_burden,full,SVM (RBF),0.2491171749598716,0.9210884353741496,0.242455425987932,0.9155412876761192
high_debt_burden,full,SVM (RBF),0.2491171749598716,0.9215419501133787,0.2397130991921625,0.9155412876761192
high_debt_burden,full,SVM (RBF),0.2548956661316212,0.9215419501133787,0.23559308929002795,0.9155412876761192
high_debt_burden,full,SVM (RBF),0.2548956661316212,0.9219954648526077,0.23554590708811446,0.9155412876761192
high_debt_burden,full,SVM (RBF),0.25585874799357944,0.9219954648526077,0.23507301415708223,0.9155412876761192
high_debt_burden,full,SVM (RBF),0.25585874799357944,0.9224489795918367,0.23504151502688725,0.9155412876761192
high_debt_burden,full,SVM (RBF),0.2593900481540931,0.9224489795918367,0.23338902349318166,0.9155412876761192
high_debt_burden,full,SVM (RBF),0.2593900481540931,0.9229024943310657,0.23305583242610642,0.9155412876761192
high_debt_burden,full,SVM (RBF),0.25971107544141253,0.9229024943310657,0.2330534474920848,0.9155412876761192
high_debt_burden,full,SVM (RBF),0.25971107544141253,0.9238095238095239,0.23279572232373497,0.9155412876761192
high_debt_burden,full,SVM (RBF),0.2651685393258427,0.9238095238095239,0.2281741624842706,0.9155412876761192
high_debt_burden,full,SVM (RBF),0.2651685393258427,0.9242630385487528,0.22812978150855637,0.9155412876761192
high_debt_burden,full,SVM (RBF),0.2664526484751204,0.9242630385487528,0.22766192542596414,0.9155412876761192
high_debt_burden,full,SVM (RBF),0.2664526484751204,0.9247165532879819,0.22755933564468417,0.9155412876761192
high_debt_burden,full,SVM (RBF),0.2677367576243981,0.9247165532879819,0.22574680211864143,0.9155412876761192
high_debt_burden,full,SVM (RBF),0.2677367576243981,0.9260770975056689,0.2255372747702738,0.9155412876761192
high_debt_burden,full,SVM (RBF),0.2683788121990369,0.9260770975056689,0.22532452736381567,0.9155412876761192
high_debt_burden,full,SVM (RBF),0.2683788121990369,0.926530612244898,0.22523176555467062,0.9155412876761192
high_debt_burden,full,SVM (RBF),0.26869983948635634,0.926530612244898,0.22511748230298123,0.9155412876761192
high_debt_burden,full,SVM (RBF),0.26869983948635634,0.926984126984127,0.22502647259706435,0.9155412876761192
high_debt_burden,full,SVM (RBF),0.269983948635634,0.926984126984127,0.22319618006954944,0.9155412876761192
high_debt_burden,full,SVM (RBF),0.269983948635634,0.927437641723356,0.22278969490343567,0.9155412876761192
high_debt_burden,full,SVM (RBF),0.2709470304975923,0.927437641723356,0.22251470274660878,0.9155412876761192
high_debt_burden,full,SVM (RBF),0.2709470304975923,0.927891156462585,0.2224669606328452,0.9155412876761192
high_debt_burden,full,SVM (RBF),0.27319422150882827,0.927891156462585,0.2209888268951267,0.9155412876761192
high_debt_burden,full,SVM (RBF),0.27319422150882827,0.9283446712018141,0.22052269352782292,0.9155412876761192
high_debt_burden,full,SVM (RBF),0.2738362760834671,0.9283446712018141,0.22024839940891194,0.9155412876761192
high_debt_burden,full,SVM (RBF),0.2738362760834671,0.9287981859410431,0.22008782960443513,0.9155412876761192
high_debt_burden,full,SVM (RBF),0.27993579454253614,0.9287981859410431,0.2123883866272157,0.9155412876761192
high_debt_burden,full,SVM (RBF),0.27993579454253614,0.9292517006802721,0.21219613147184094,0.9155412876761192
high_debt_burden,full,SVM (RBF),0.28025682182985556,0.9292517006802721,0.21215853270096133,0.9155412876761192
high_debt_burden,full,SVM (RBF),0.28025682182985556,0.9297052154195011,0.2121302864432143,0.9155412876761192
high_debt_burden,full,SVM (RBF),0.2812199036918138,0.9297052154195011,0.21114136814867887,0.9155412876761192
high_debt_burden,full,SVM (RBF),0.2812199036918138,0.9301587301587302,0.2108726103916318,0.9155412876761192
high_debt_burden,full,SVM (RBF),0.28346709470304976,0.9301587301587302,0.20848969792589883,0.9155412876761192
high_debt_burden,full,SVM (RBF),0.28346709470304976,0.9306122448979591,0.20839569350207418,0.9155412876761192
high_debt_burden,full,SVM (RBF),0.28507223113964686,0.9306122448979591,0.20615088164290182,0.9155412876761192
high_debt_burden,full,SVM (RBF),0.28507223113964686,0.9310657596371882,0.20596960151285443,0.9155412876761192
high_debt_burden,full,SVM (RBF),0.28635634028892454,0.9310657596371882,0.20566036803551865,0.9155412876761192
high_debt_burden,full,SVM (RBF),0.28635634028892454,0.9315192743764172,0.2054091382203999,0.9155412876761192
high_debt_burden,full,SVM (RBF),0.2869983948635634,0.9315192743764172,0.20503815241000342,0.9155412876761192
high_debt_burden,full,SVM (RBF),0.2869983948635634,0.9319727891156463,0.20474325822616551,0.9155412876761192
high_debt_burden,full,SVM (RBF),0.28731942215088285,0.9319727891156463,0.20416166247257259,0.9155412876761192
high_debt_burden,full,SVM (RBF),0.28731942215088285,0.9324263038548752,0.20410751399723231,0.9155412876761192
high_debt_burden,full,SVM (RBF),0.28860353130016053,0.9324263038548752,0.2035715779996163,0.9155412876761192
high_debt_burden,full,SVM (RBF),0.28860353130016053,0.9328798185941043,0.20338169299342657,0.9155412876761192
high_debt_burden,full,SVM (RBF),0.2895666131621188,0.9328798185941043,0.20261866129802644,0.9155412876761192
high_debt_burden,full,SVM (RBF),0.2895666131621188,0.9333333333333333,0.2025621961892511,0.9155412876761192
high_debt_burden,full,SVM (RBF),0.29181380417335473,0.9333333333333333,0.20085722526116173,0.9155412876761192
high_debt_burden,full,SVM (RBF),0.29181380417335473,0.9337868480725624,0.20055954221813838,0.9155412876761192
high_debt_burden,full,SVM (RBF),0.292776886035313,0.9337868480725624,0.20003019054049478,0.9155412876761192
high_debt_burden,full,SVM (RBF),0.292776886035313,0.9342403628117913,0.19994327948163013,0.9155412876761192
high_debt_burden,full,SVM (RBF),0.2930979133226324,0.9342403628117913,0.1998669453140483,0.9155412876761192
high_debt_burden,full,SVM (RBF),0.2930979133226324,0.9346938775510204,0.1996645897070703,0.9155412876761192
high_debt_burden,full,SVM (RBF),0.29341894060995183,0.9346938775510204,0.19844317948664175,0.9155412876761192
high_debt_burden,full,SVM (RBF),0.29341894060995183,0.9356009070294785,0.1980957662188494,0.9155412876761192
high_debt_burden,full,SVM (RBF),0.2947030497592295,0.9356009070294785,0.1974989315828476,0.9155412876761192
high_debt_burden,full,SVM (RBF),0.2947030497592295,0.9360544217687075,0.19708129947188713,0.9155412876761192
high_debt_burden,full,SVM (RBF),0.295024077046549,0.9360544217687075,0.1970484349920335,0.9155412876761192
high_debt_burden,full,SVM (RBF),0.295024077046549,0.9365079365079365,0.19699057252401098,0.9155412876761192
high_debt_burden,full,SVM (RBF),0.3027287319422151,0.9365079365079365,0.19041118636069468,0.9155412876761192
high_debt_burden,full,SVM (RBF),0.3027287319422151,0.9374149659863945,0.19025614657704834,0.9155412876761192
high_debt_burden,full,SVM (RBF),0.30337078651685395,0.9374149659863945,0.18988815100580525,0.9155412876761192
high_debt_burden,full,SVM (RBF),0.30337078651685395,0.9378684807256236,0.18942237890345728,0.9155412876761192
high_debt_burden,full,SVM (RBF),0.3056179775280899,0.9378684807256236,0.1880136571082547,0.9155412876761192
high_debt_burden,full,SVM (RBF),0.3056179775280899,0.9383219954648526,0.18786563750066174,0.9155412876761192
high_debt_burden,full,SVM (RBF),0.3130016051364366,0.9383219954648526,0.18168474594303843,0.9155412876761192
high_debt_burden,full,SVM (RBF),0.3130016051364366,0.9392290249433106,0.18157597396066374,0.9155412876761192
high_debt_burden,full,SVM (RBF),0.3149277688603531,0.9392290249433106,0.1806340592498462,0.9155412876761192
high_debt_burden,full,SVM (RBF),0.3149277688603531,0.9396825396825397,0.18062807560306085,0.9155412876761192
high_debt_burden,full,SVM (RBF),0.31556982343499196,0.9396825396825397,0.1805933959815849,0.9155412876761192
high_debt_burden,full,SVM (RBF),0.31556982343499196,0.9405895691609978,0.17984877738528554,0.9155412876761192
high_debt_burden,full,SVM (RBF),0.31685393258426964,0.9405895691609978,0.1782794467701108,0.9155412876761192
high_debt_burden,full,SVM (RBF),0.31685393258426964,0.9414965986394558,0.17740168122089323,0.9155412876761192
high_debt_burden,full,SVM (RBF),0.3219903691813804,0.9414965986394558,0.174080116857592,0.9155412876761192
high_debt_burden,full,SVM (RBF),0.3219903691813804,0.9419501133786848,0.17352729949783927,0.9155412876761192
high_debt_burden,full,SVM (RBF),0.32295345104333867,0.9419501133786848,0.17326219630735304,0.9155412876761192
high_debt_burden,full,SVM (RBF),0.32295345104333867,0.9424036281179138,0.17314585850433492,0.9155412876761192
high_debt_burden,full,SVM (RBF),0.32391653290529693,0.9424036281179138,0.17273031699801422,0.9155412876761192
high_debt_burden,full,SVM (RBF),0.32391653290529693,0.9428571428571428,0.1727124337300422,0.9155412876761192
high_debt_burden,full,SVM (RBF),0.3290529695024077,0.9428571428571428,0.16720417810971222,0.9155412876761192
high_debt_burden,full,SVM (RBF),0.3290529695024077,0.9433106575963719,0.16688092446107713,0.9155412876761192
high_debt_burden,full,SVM (RBF),0.33130016051364364,0.9433106575963719,0.16537747653688586,0.9155412876761192
high_debt_burden,full,SVM (RBF),0.33130016051364364,0.943764172335601,0.16537202426198508,0.9155412876761192
high_debt_burden,full,SVM (RBF),0.3325842696629214,0.943764172335601,0.16461405831931444,0.9155412876761192
high_debt_burden,full,SVM (RBF),0.3325842696629214,0.9442176870748299,0.16431367111641085,0.9155412876761192
high_debt_burden,full,SVM (RBF),0.3345104333868379,0.9442176870748299,0.1635944563661046,0.9155412876761192
high_debt_burden,full,SVM (RBF),0.3345104333868379,0.944671201814059,0.16273025305696717,0.9155412876761192
high_debt_burden,full,SVM (RBF),0.33579454253611557,0.944671201814059,0.1623549627902816,0.9155412876761192
high_debt_burden,full,SVM (RBF),0.33579454253611557,0.945124716553288,0.16223717990285838,0.9155412876761192
high_debt_burden,full,SVM (RBF),0.33707865168539325,0.945124716553288,0.16155148008653408,0.9155412876761192
high_debt_burden,full,SVM (RBF),0.33707865168539325,0.9455782312925171,0.16154022619712247,0.9155412876761192
high_debt_burden,full,SVM (RBF),0.3402889245585875,0.9455782312925171,0.15985346045772902,0.9155412876761192
high_debt_burden,full,SVM (RBF),0.3402889245585875,0.946031746031746,0.15967691691174535,0.9155412876761192
high_debt_burden,full,SVM (RBF),0.34253611556982344,0.946031746031746,0.15845643362895187,0.9155412876761192
high_debt_burden,full,SVM (RBF),0.34253611556982344,0.9469387755102041,0.15774972900215029,0.9155412876761192
high_debt_burden,full,SVM (RBF),0.3434991974317817,0.9469387755102041,0.15737344383227092,0.9155412876761192
high_debt_burden,full,SVM (RBF),0.3434991974317817,0.9482993197278912,0.15621823240010008,0.9155412876761192
high_debt_burden,full,SVM (RBF),0.3476725521669342,0.9482993197278912,0.15321660877568488,0.9155412876761192
high_debt_burden,full,SVM (RBF),0.3476725521669342,0.9487528344671202,0.15307994087939594,0.9155412876761192
high_debt_burden,full,SVM (RBF),0.34863563402889247,0.9487528344671202,0.15221449861656342,0.9155412876761192
high_debt_burden,full,SVM (RBF),0.34863563402889247,0.9492063492063492,0.15135752755033255,0.9155412876761192
high_debt_burden,full,SVM (RBF),0.35313001605136435,0.9492063492063492,0.14568393846171948,0.9155412876761192
high_debt_burden,full,SVM (RBF),0.35313001605136435,0.9496598639455782,0.14555910837024166,0.9155412876761192
high_debt_burden,full,SVM (RBF),0.3608346709470305,0.9496598639455782,0.14186772770402784,0.9155412876761192
high_debt_burden,full,SVM (RBF),0.3608346709470305,0.9501133786848073,0.14175910738460057,0.9155412876761192
high_debt_burden,full,SVM (RBF),0.365008025682183,0.9501133786848073,0.13913213893571802,0.9155412876761192
high_debt_burden,full,SVM (RBF),0.365008025682183,0.9505668934240363,0.1390300975983716,0.9155412876761192
high_debt_burden,full,SVM (RBF),0.3666131621187801,0.9505668934240363,0.13807175745630865,0.9155412876761192
high_debt_burden,full,SVM (RBF),0.3666131621187801,0.9510204081632653,0.13786442511648758,0.9155412876761192
high_debt_burden,full,SVM (RBF),0.3695024077046549,0.9510204081632653,0.13643277437666235,0.9155412876761192
high_debt_burden,full,SVM (RBF),0.3695024077046549,0.9514739229024943,0.1358930166650832,0.9155412876761192
high_debt_burden,full,SVM (RBF),0.3704654895666132,0.9514739229024943,0.13534867273653275,0.9155412876761192
high_debt_burden,full,SVM (RBF),0.3704654895666132,0.9519274376417234,0.13518423296793383,0.9155412876761192
high_debt_burden,full,SVM (RBF),0.3707865168539326,0.9519274376417234,0.135081669648638,0.9155412876761192
high_debt_burden,full,SVM (RBF),0.3707865168539326,0.9523809523809523,0.13422669697635697,0.9155412876761192
high_debt_burden,full,SVM (RBF),0.3720706260032103,0.9523809523809523,0.13306394559284423,0.9155412876761192
high_debt_burden,full,SVM (RBF),0.3720706260032103,0.9528344671201814,0.1325904768260611,0.9155412876761192
high_debt_burden,full,SVM (RBF),0.37335473515248796,0.9528344671201814,0.13117463476839594,0.9155412876761192
high_debt_burden,full,SVM (RBF),0.37335473515248796,0.9532879818594104,0.13111873050954737,0.9155412876761192
high_debt_burden,full,SVM (RBF),0.37624398073836274,0.9532879818594104,0.13009870820873154,0.9155412876761192
high_debt_burden,full,SVM (RBF),0.37624398073836274,0.9537414965986395,0.12996584164986433,0.9155412876761192
high_debt_burden,full,SVM (RBF),0.3810593900481541,0.9537414965986395,0.12778763851049182,0.9155412876761192
high_debt_burden,full,SVM (RBF),0.3810593900481541,0.9541950113378684,0.12778511412329555,0.9155412876761192
high_debt_burden,full,SVM (RBF),0.3829855537720706,0.9541950113378684,0.1262851390214234,0.9155412876761192
high_debt_burden,full,SVM (RBF),0.3829855537720706,0.9546485260770975,0.1257185490740665,0.9155412876761192
high_debt_burden,full,SVM (RBF),0.38362760834670945,0.9546485260770975,0.1255891016863553,0.9155412876761192
high_debt_burden,full,SVM (RBF),0.38362760834670945,0.9551020408163265,0.1254372726649033,0.9155412876761192
high_debt_burden,full,SVM (RBF),0.3868378812199037,0.9551020408163265,0.12374169165166048,0.9155412876761192
high_debt_burden,full,SVM (RBF),0.3868378812199037,0.9555555555555556,0.123559508627851,0.9155412876761192
high_debt_burden,full,SVM (RBF),0.3884430176565008,0.9555555555555556,0.12281489856425261,0.9155412876761192
high_debt_burden,full,SVM (RBF),0.3884430176565008,0.9560090702947845,0.1227752469322928,0.9155412876761192
high_debt_burden,full,SVM (RBF),0.3900481540930979,0.9560090702947845,0.12205191711290844,0.9155412876761192
high_debt_burden,full,SVM (RBF),0.3900481540930979,0.9564625850340136,0.12203603424343346,0.9155412876761192
high_debt_burden,full,SVM (RBF),0.39101123595505616,0.9564625850340136,0.12143607611758205,0.9155412876761192
high_debt_burden,full,SVM (RBF),0.39101123595505616,0.9569160997732427,0.12137890396840637,0.9155412876761192
high_debt_burden,full,SVM (RBF),0.39357945425361157,0.9569160997732427,0.11988118056306998,0.9155412876761192
high_debt_burden,full,SVM (RBF),0.39357945425361157,0.9573696145124716,0.11976905851319733,0.9155412876761192
high_debt_burden,full,SVM (RBF),0.3990369181380417,0.9573696145124716,0.1182340689986784,0.9155412876761192
high_debt_burden,full,SVM (RBF),0.3990369181380417,0.9578231292517007,0.11775753096898972,0.9155412876761192
high_debt_burden,full,SVM (RBF),0.40064205457463886,0.9578231292517007,0.11692764108226836,0.9155412876761192
high_debt_burden,full,SVM (RBF),0.40064205457463886,0.9582766439909297,0.11658927044107718,0.9155412876761192
high_debt_burden,full,SVM (RBF),0.40513643659711074,0.9582766439909297,0.11515796003544218,0.9155412876761192
high_debt_burden,full,SVM (RBF),0.40513643659711074,0.9587301587301588,0.11502135259701944,0.9155412876761192
high_debt_burden,full,SVM (RBF),0.4160513643659711,0.9587301587301588,0.1115517516175974,0.9155412876761192
high_debt_burden,full,SVM (RBF),0.4160513643659711,0.9591836734693877,0.11124926042260207,0.9155412876761192
high_debt_burden,full,SVM (RBF),0.41958266452648474,0.9591836734693877,0.10901648722291765,0.9155412876761192
high_debt_burden,full,SVM (RBF),0.41958266452648474,0.9596371882086168,0.1089744522510775,0.9155412876761192
high_debt_burden,full,SVM (RBF),0.42343499197431783,0.9596371882086168,0.1063187148434031,0.9155412876761192
high_debt_burden,full,SVM (RBF),0.42343499197431783,0.9600907029478458,0.10591834279702625,0.9155412876761192
high_debt_burden,full,SVM (RBF),0.42857142857142855,0.9600907029478458,0.10297832970873959,0.9155412876761192
high_debt_burden,full,SVM (RBF),0.42857142857142855,0.9605442176870749,0.10281885443843111,0.9155412876761192
high_debt_burden,full,SVM (RBF),0.42889245585874797,0.9605442176870749,0.10260566587846462,0.9155412876761192
high_debt_burden,full,SVM (RBF),0.42889245585874797,0.9609977324263038,0.102488567352908,0.9155412876761192
high_debt_burden,full,SVM (RBF),0.43081861958266454,0.9609977324263038,0.10136416936473248,0.9155412876761192
high_debt_burden,full,SVM (RBF),0.43081861958266454,0.9614512471655329,0.1012696778151601,0.9155412876761192
high_debt_burden,full,SVM (RBF),0.43242375601926164,0.9614512471655329,0.10077842472923644,0.9155412876761192
high_debt_burden,full,SVM (RBF),0.43242375601926164,0.9619047619047619,0.10026264320223115,0.9155412876761192
high_debt_burden,full,SVM (RBF),0.4375601926163724,0.9619047619047619,0.09800006575328325,0.9155412876761192
high_debt_burden,full,SVM (RBF),0.4375601926163724,0.962358276643991,0.09797621496513852,0.9155412876761192
high_debt_burden,full,SVM (RBF),0.4590690208667737,0.962358276643991,0.08876535625332645,0.9155412876761192
high_debt_burden,full,SVM (RBF),0.4590690208667737,0.9628117913832199,0.08846893511870284,0.9155412876761192
high_debt_burden,full,SVM (RBF),0.46452648475120384,0.9628117913832199,0.08669659374671448,0.9155412876761192
high_debt_burden,full,SVM (RBF),0.46452648475120384,0.963265306122449,0.08664838752583912,0.9155412876761192
high_debt_burden,full,SVM (RBF),0.4654895666131621,0.963265306122449,0.08651621265865245,0.9155412876761192
high_debt_burden,full,SVM (RBF),0.4654895666131621,0.963718820861678,0.08643893733458244,0.9155412876761192
high_debt_burden,full,SVM (RBF),0.4680577849117175,0.963718820861678,0.0858113975605105,0.9155412876761192
high_debt_burden,full,SVM (RBF),0.4680577849117175,0.964172335600907,0.08578520187641513,0.9155412876761192
high_debt_burden,full,SVM (RBF),0.4696629213483146,0.964172335600907,0.08449771818848269,0.9155412876761192
high_debt_burden,full,SVM (RBF),0.4696629213483146,0.964625850340136,0.08435644918181337,0.9155412876761192
high_debt_burden,full,SVM (RBF),0.47062600321027287,0.964625850340136,0.08405175645254168,0.9155412876761192
high_debt_burden,full,SVM (RBF),0.47062600321027287,0.9650793650793651,0.08401471318907013,0.9155412876761192
high_debt_burden,full,SVM (RBF),0.47768860353130016,0.9650793650793651,0.08184510598395806,0.9155412876761192
high_debt_burden,full,SVM (RBF),0.47768860353130016,0.9655328798185941,0.08170355636069504,0.9155412876761192
high_debt_burden,full,SVM (RBF),0.4796147672552167,0.9655328798185941,0.08109177265513233,0.9155412876761192
high_debt_burden,full,SVM (RBF),0.4796147672552167,0.9659863945578231,0.08092643635394471,0.9155412876761192
high_debt_burden,full,SVM (RBF),0.48282504012841093,0.9659863945578231,0.08059130918934698,0.9155412876761192
high_debt_burden,full,SVM (RBF),0.48282504012841093,0.9664399092970521,0.08056438190942186,0.9155412876761192
high_debt_burden,full,SVM (RBF),0.49502407704654894,0.9664399092970521,0.07676188219399288,0.9155412876761192
high_debt_burden,full,SVM (RBF),0.49502407704654894,0.9668934240362812,0.0767305104498723,0.9155412876761192
high_debt_burden,full,SVM (RBF),0.49887640449438203,0.9668934240362812,0.07536757321667979,0.9155412876761192
high_debt_burden,full,SVM (RBF),0.49887640449438203,0.9673469387755103,0.07534964150742926,0.9155412876761192
high_debt_burden,full,SVM (RBF),0.501123595505618,0.9673469387755103,0.0748903672395878,0.9155412876761192
high_debt_burden,full,SVM (RBF),0.501123595505618,0.9678004535147392,0.07479998015670783,0.9155412876761192
high_debt_burden,full,SVM (RBF),0.5017656500802569,0.9678004535147392,0.07463022052927341,0.9155412876761192
high_debt_burden,full,SVM (RBF),0.5017656500802569,0.9682539682539683,0.07453052840930924,0.9155412876761192
high_debt_burden,full,SVM (RBF),0.5020866773675763,0.9682539682539683,0.07434013717286822,0.9155412876761192
high_debt_burden,full,SVM (RBF),0.5020866773675763,0.9687074829931973,0.07432670279617848,0.9155412876761192
high_debt_burden,full,SVM (RBF),0.5040128410914928,0.9687074829931973,0.07397578445262186,0.9155412876761192
high_debt_burden,full,SVM (RBF),0.5040128410914928,0.9691609977324263,0.0738539168139534,0.9155412876761192
high_debt_burden,full,SVM (RBF),0.5059390048154093,0.9691609977324263,0.07337323615034054,0.9155412876761192
high_debt_burden,full,SVM (RBF),0.5059390048154093,0.9696145124716553,0.07316102684809314,0.9155412876761192
high_debt_burden,full,SVM (RBF),0.5113964686998395,0.9696145124716553,0.07151709242632014,0.9155412876761192
high_debt_burden,full,SVM (RBF),0.5113964686998395,0.9700680272108844,0.07141477357656764,0.9155412876761192
high_debt_burden,full,SVM (RBF),0.5117174959871589,0.9700680272108844,0.0712089649151264,0.9155412876761192
high_debt_burden,full,SVM (RBF),0.5117174959871589,0.9705215419501134,0.07119543341363921,0.9155412876761192
high_debt_burden,full,SVM (RBF),0.5271268057784911,0.9705215419501134,0.06783370720845142,0.9155412876761192
high_debt_burden,full,SVM (RBF),0.5271268057784911,0.9709750566893424,0.06764091485297626,0.9155412876761192
high_debt_burden,full,SVM (RBF),0.532263242375602,0.9709750566893424,0.06633006655371519,0.9155412876761192
high_debt_burden,full,SVM (RBF),0.532263242375602,0.9714285714285714,0.0662196713421742,0.9155412876761192
high_debt_burden,full,SVM (RBF),0.5373996789727127,0.9714285714285714,0.06414766518516926,0.9155412876761192
high_debt_burden,full,SVM (RBF),0.5373996789727127,0.9718820861678005,0.06414478603064686,0.9155412876761192
high_debt_burden,full,SVM (RBF),0.5396468699839486,0.9718820861678005,0.06316169664932886,0.9155412876761192
high_debt_burden,full,SVM (RBF),0.5396468699839486,0.9723356009070295,0.06303252260577753,0.9155412876761192
high_debt_burden,full,SVM (RBF),0.5402889245585875,0.9723356009070295,0.06289938782758477,0.9155412876761192
high_debt_burden,full,SVM (RBF),0.5402889245585875,0.9727891156462585,0.06284959205120144,0.9155412876761192
high_debt_burden,full,SVM (RBF),0.5434991974317817,0.9727891156462585,0.06225276128343133,0.9155412876761192
high_debt_burden,full,SVM (RBF),0.5434991974317817,0.9732426303854875,0.06224753537515038,0.9155412876761192
high_debt_burden,full,SVM (RBF),0.5454253611556983,0.9732426303854875,0.06171068104499517,0.9155412876761192
high_debt_burden,full,SVM (RBF),0.5454253611556983,0.9736961451247166,0.06170562615195615,0.9155412876761192
high_debt_burden,full,SVM (RBF),0.5508828250401284,0.9736961451247166,0.06113913302558402,0.9155412876761192
high_debt_burden,full,SVM (RBF),0.5508828250401284,0.9741496598639455,0.06110674138562529,0.9155412876761192
high_debt_burden,full,SVM (RBF),0.5521669341894061,0.9741496598639455,0.06101842284566286,0.9155412876761192
high_debt_burden,full,SVM (RBF),0.5521669341894061,0.9746031746031746,0.06100403929086855,0.9155412876761192
high_debt_burden,full,SVM (RBF),0.5550561797752809,0.9746031746031746,0.060611457433297544,0.9155412876761192
high_debt_burden,full,SVM (RBF),0.5550561797752809,0.9750566893424036,0.06060764329454494,0.9155412876761192
high_debt_burden,full,SVM (RBF),0.565008025682183,0.9750566893424036,0.05962428225888728,0.9155412876761192
high_debt_burden,full,SVM (RBF),0.565008025682183,0.9755102040816327,0.05955863539084249,0.9155412876761192
high_debt_burden,full,SVM (RBF),0.568860353130016,0.9755102040816327,0.05895878251508192,0.9155412876761192
high_debt_burden,full,SVM (RBF),0.568860353130016,0.9759637188208616,0.05892043569997139,0.9155412876761192
high_debt_burden,full,SVM (RBF),0.58330658105939,0.9759637188208616,0.055864742153472965,0.9155412876761192
high_debt_burden,full,SVM (RBF),0.58330658105939,0.9764172335600907,0.055789248929420686,0.9155412876761192
high_debt_burden,full,SVM (RBF),0.590048154093098,0.9764172335600907,0.05490559372348748,0.9155412876761192
high_debt_burden,full,SVM (RBF),0.590048154093098,0.9768707482993197,0.0548896095836918,0.9155412876761192
high_debt_burden,full,SVM (RBF),0.5919743178170145,0.9768707482993197,0.054613925848684124,0.9155412876761192
high_debt_burden,full,SVM (RBF),0.5919743178170145,0.9773242630385488,0.05453967874560415,0.9155412876761192
high_debt_burden,full,SVM (RBF),0.6041733547351524,0.9773242630385488,0.05208408929668834,0.9155412876761192
high_debt_burden,full,SVM (RBF),0.6041733547351524,0.9777777777777777,0.052050579163118366,0.9155412876761192
high_debt_burden,full,SVM (RBF),0.6096308186195827,0.9777777777777777,0.051014117915740495,0.9155412876761192
high_debt_burden,full,SVM (RBF),0.6096308186195827,0.9782312925170068,0.050995932765581564,0.9155412876761192
high_debt_burden,full,SVM (RBF),0.6195826645264848,0.9782312925170068,0.04901800399171947,0.9155412876761192
high_debt_burden,full,SVM (RBF),0.6195826645264848,0.9786848072562359,0.048976014672007774,0.9155412876761192
high_debt_burden,full,SVM (RBF),0.6240770465489567,0.9786848072562359,0.048173200956022226,0.9155412876761192
high_debt_burden,full,SVM (RBF),0.6240770465489567,0.9791383219954648,0.04812790682038521,0.9155412876761192
high_debt_burden,full,SVM (RBF),0.6253611556982344,0.9791383219954648,0.04793468713406979,0.9155412876761192
high_debt_burden,full,SVM (RBF),0.6253611556982344,0.9795918367346939,0.04793368677912282,0.9155412876761192
high_debt_burden,full,SVM (RBF),0.6330658105939004,0.9795918367346939,0.04689681075522921,0.9155412876761192
high_debt_burden,full,SVM (RBF),0.6330658105939004,0.9800453514739229,0.04688701058219209,0.9155412876761192
high_debt_burden,full,SVM (RBF),0.6407704654895666,0.9800453514739229,0.04575893423444264,0.9155412876761192
high_debt_burden,full,SVM (RBF),0.6407704654895666,0.980498866213152,0.045699624391790344,0.9155412876761192
high_debt_burden,full,SVM (RBF),0.6510433386837882,0.980498866213152,0.04364896799117885,0.9155412876761192
high_debt_burden,full,SVM (RBF),0.6510433386837882,0.9809523809523809,0.04363693097510312,0.9155412876761192
high_debt_burden,full,SVM (RBF),0.6565008025682183,0.9809523809523809,0.04279132883312881,0.9155412876761192
high_debt_burden,full,SVM (RBF),0.6565008025682183,0.98140589569161,0.042772767022932756,0.9155412876761192
high_debt_burden,full,SVM (RBF),0.6587479935794542,0.98140589569161,0.04260801057729851,0.9155412876761192
high_debt_burden,full,SVM (RBF),0.6587479935794542,0.981859410430839,0.04257584308813346,0.9155412876761192
high_debt_burden,full,SVM (RBF),0.6609951845906902,0.981859410430839,0.0421382111359907,0.9155412876761192
high_debt_burden,full,SVM (RBF),0.6609951845906902,0.9823129251700681,0.04207072753714661,0.9155412876761192
high_debt_burden,full,SVM (RBF),0.6670947030497593,0.9823129251700681,0.0414852549814914,0.9155412876761192
high_debt_burden,full,SVM (RBF),0.6670947030497593,0.982766439909297,0.04148002333675663,0.9155412876761192
high_debt_burden,full,SVM (RBF),0.6690208667736758,0.982766439909297,0.04108040966767365,0.9155412876761192
high_debt_burden,full,SVM (RBF),0.6690208667736758,0.9832199546485261,0.041026598065444064,0.9155412876761192
high_debt_burden,full,SVM (RBF),0.6837881219903692,0.9832199546485261,0.03914635928694094,0.9155412876761192
high_debt_burden,full,SVM (RBF),0.6837881219903692,0.9836734693877551,0.03911103140985122,0.9155412876761192
high_debt_burden,full,SVM (RBF),0.6850722311396469,0.9836734693877551,0.03892593496863473,0.9155412876761192
high_debt_burden,full,SVM (RBF),0.6850722311396469,0.9841269841269841,0.03891552268303659,0.9155412876761192
high_debt_burden,full,SVM (RBF),0.6966292134831461,0.9841269841269841,0.03718690988334441,0.9155412876761192
high_debt_burden,full,SVM (RBF),0.6966292134831461,0.9845804988662131,0.037156747075249075,0.9155412876761192
high_debt_burden,full,SVM (RBF),0.713322632423756,0.9845804988662131,0.03544527034859501,0.9155412876761192
high_debt_burden,full,SVM (RBF),0.713322632423756,0.9850340136054422,0.03533467959983036,0.9155412876761192
high_debt_burden,full,SVM (RBF),0.715569823434992,0.9850340136054422,0.035168056746294175,0.9155412876761192
high_debt_burden,full,SVM (RBF),0.715569823434992,0.9854875283446712,0.035103701733057074,0.9155412876761192
high_debt_burden,full,SVM (RBF),0.7174959871589085,0.9854875283446712,0.034962618721007255,0.9155412876761192
high_debt_burden,full,SVM (RBF),0.7174959871589085,0.9859410430839002,0.03494012240141671,0.9155412876761192
high_debt_burden,full,SVM (RBF),0.7213483146067415,0.9859410430839002,0.03449879228458368,0.9155412876761192
high_debt_burden,full,SVM (RBF),0.7213483146067415,0.9863945578231292,0.03445530058823685,0.9155412876761192
high_debt_burden,full,SVM (RBF),0.7261637239165329,0.9863945578231292,0.03395552154267788,0.9155412876761192
high_debt_burden,full,SVM (RBF),0.7261637239165329,0.9868480725623583,0.03391679938457857,0.9155412876761192
high_debt_burden,full,SVM (RBF),0.7316211878009631,0.9868480725623583,0.033128138403773,0.9155412876761192
high_debt_burden,full,SVM (RBF),0.7316211878009631,0.9873015873015873,0.03308704317968031,0.9155412876761192
high_debt_burden,full,SVM (RBF),0.7341894060995184,0.9873015873015873,0.03255461955212666,0.9155412876761192
high_debt_burden,full,SVM (RBF),0.7341894060995184,0.9877551020408163,0.03253157541782629,0.9155412876761192
high_debt_burden,full,SVM (RBF),0.7499197431781701,0.9877551020408163,0.030999701784614184,0.9155412876761192
high_debt_burden,full,SVM (RBF),0.7499197431781701,0.9882086167800453,0.030933238008050905,0.9155412876761192
high_debt_burden,full,SVM (RBF),0.7521669341894061,0.9882086167800453,0.03063521846178902,0.9155412876761192
high_debt_burden,full,SVM (RBF),0.7521669341894061,0.9886621315192744,0.030622453811011,0.9155412876761192
high_debt_burden,full,SVM (RBF),0.7560192616372392,0.9886621315192744,0.029945354532618932,0.9155412876761192
high_debt_burden,full,SVM (RBF),0.7560192616372392,0.9891156462585035,0.02994322657618075,0.9155412876761192
high_debt_burden,full,SVM (RBF),0.7778491171749599,0.9891156462585035,0.027553145124971673,0.9155412876761192
high_debt_burden,full,SVM (RBF),0.7778491171749599,0.9895691609977324,0.027453082990038107,0.9155412876761192
high_debt_burden,full,SVM (RBF),0.7951845906902086,0.9895691609977324,0.025901699944170967,0.9155412876761192
high_debt_burden,full,SVM (RBF),0.7951845906902086,0.9900226757369615,0.025872655610187142,0.9155412876761192
high_debt_burden,full,SVM (RBF),0.7971107544141252,0.9900226757369615,0.02569853948741011,0.9155412876761192
high_debt_burden,full,SVM (RBF),0.7971107544141252,0.9904761904761905,0.025689722948080015,0.9155412876761192
high_debt_burden,full,SVM (RBF),0.8009630818619583,0.9904761904761905,0.02530607550875806,0.9155412876761192
high_debt_burden,full,SVM (RBF),0.8009630818619583,0.9909297052154195,0.025305512788801623,0.9155412876761192
high_debt_burden,full,SVM (RBF),0.8141252006420546,0.9909297052154195,0.02411333370134284,0.9155412876761192
high_debt_burden,full,SVM (RBF),0.8141252006420546,0.9913832199546485,0.024110180668895607,0.9155412876761192
high_debt_burden,full,SVM (RBF),0.8154093097913323,0.9913832199546485,0.024028093753939786,0.9155412876761192
high_debt_burden,full,SVM (RBF),0.8154093097913323,0.9918367346938776,0.024024474187863673,0.9155412876761192
high_debt_burden,full,SVM (RBF),0.8333868378812199,0.9918367346938776,0.0223781496574087,0.9155412876761192
high_debt_burden,full,SVM (RBF),0.8333868378812199,0.9922902494331066,0.022367284918371384,0.9155412876761192
high_debt_burden,full,SVM (RBF),0.841091492776886,0.9922902494331066,0.021791964870600627,0.9155412876761192
high_debt_burden,full,SVM (RBF),0.841091492776886,0.9927437641723356,0.021784083389480558,0.9155412876761192
high_debt_burden,full,SVM (RBF),0.845585874799358,0.9927437641723356,0.02155671887529616,0.9155412876761192
high_debt_burden,full,SVM (RBF),0.845585874799358,0.9931972789115646,0.02155449461252639,0.9155412876761192
high_debt_burden,full,SVM (RBF),0.8651685393258427,0.9931972789115646,0.020090369451101778,0.9155412876761192
high_debt_burden,full,SVM (RBF),0.8651685393258427,0.9936507936507937,0.020070332739795093,0.9155412876761192
high_debt_burden,full,SVM (RBF),0.8741573033707866,0.9936507936507937,0.019277666573345086,0.9155412876761192
high_debt_burden,full,SVM (RBF),0.8741573033707866,0.9941043083900227,0.019255165291940983,0.9155412876761192
high_debt_burden,full,SVM (RBF),0.8930979133226324,0.9941043083900227,0.01770810964679309,0.9155412876761192
high_debt_burden,full,SVM (RBF),0.8930979133226324,0.9945578231292517,0.017706415852415832,0.9155412876761192
high_debt_burden,full,SVM (RBF),0.8969502407704655,0.9945578231292517,0.017289276368187424,0.9155412876761192
high_debt_burden,full,SVM (RBF),0.8969502407704655,0.9950113378684807,0.017279763764894276,0.9155412876761192
high_debt_burden,full,SVM (RBF),0.8985553772070626,0.9950113378684807,0.017107778966765803,0.9155412876761192
high_debt_burden,full,SVM (RBF),0.8985553772070626,0.9954648526077098,0.017041116845135817,0.9155412876761192
high_debt_burden,full,SVM (RBF),0.8998394863563403,0.9954648526077098,0.01698957827540638,0.9155412876761192
high_debt_burden,full,SVM (RBF),0.8998394863563403,0.9959183673469387,0.01693848524693821,0.9155412876761192
high_debt_burden,full,SVM (RBF),0.9008025682182985,0.9959183673469387,0.0168973136991061,0.9155412876761192
high_debt_burden,full,SVM (RBF),0.9008025682182985,0.9968253968253968,0.01680234079121156,0.9155412876761192
high_debt_burden,full,SVM (RBF),0.9036918138041734,0.9968253968253968,0.01661347484864002,0.9155412876761192
high_debt_burden,full,SVM (RBF),0.9036918138041734,0.9972789115646259,0.0165813188281084,0.9155412876761192
high_debt_burden,full,SVM (RBF),0.9056179775280899,0.9972789115646259,0.01650529688869058,0.9155412876761192
high_debt_burden,full,SVM (RBF),0.9056179775280899,0.9977324263038548,0.01649777617787751,0.9155412876761192
high_debt_burden,full,SVM (RBF),0.9248796147672552,0.9977324263038548,0.015111857929498651,0.9155412876761192
high_debt_burden,full,SVM (RBF),0.9248796147672552,0.998639455782313,0.01500336810957089,0.9155412876761192
high_debt_burden,full,SVM (RBF),0.9300160513643659,0.998639455782313,0.014500093192706256,0.9155412876761192
high_debt_burden,full,SVM (RBF),0.9300160513643659,0.999092970521542,0.01447692008406,0.9155412876761192
high_debt_burden,full,SVM (RBF),0.960513643659711,0.999092970521542,0.011996617955644183,0.9155412876761192
high_debt_burden,full,SVM (RBF),0.960513643659711,0.999546485260771,0.011906410445542862,0.9155412876761192
high_debt_burden,full,SVM (RBF),0.9935794542536116,0.999546485260771,0.007423244154619922,0.9155412876761192
high_debt_burden,full,SVM (RBF),0.9935794542536116,1.0,0.007393725582017463,0.9155412876761192
high_debt_burden,full,SVM (RBF),1.0,1.0,0.004324570049878362,0.9155412876761192
high_debt_burden,full,Random Forest,0.0,0.0,inf,0.9049456401073002
high_debt_burden,full,Random Forest,0.0,0.00045351473922902497,0.8749504931766874,0.9049456401073002
high_debt_burden,full,Random Forest,0.0,0.009977324263038548,0.850237188628409,0.9049456401073002
high_debt_burden,full,Random Forest,0.00032102728731942215,0.009977324263038548,0.8500597581324103,0.9049456401073002
high_debt_burden,full,Random Forest,0.00032102728731942215,0.014512471655328799,0.8460209839026226,0.9049456401073002
high_debt_burden,full,Random Forest,0.0006420545746388443,0.014512471655328799,0.8456061484800748,0.9049456401073002
high_debt_burden,full,Random Forest,0.0006420545746388443,0.024489795918367346,0.8379238709242317,0.9049456401073002
high_debt_burden,full,Random Forest,0.0009630818619582664,0.024489795918367346,0.8377091834057792,0.9049456401073002
high_debt_burden,full,Random Forest,0.0009630818619582664,0.04353741496598639,0.8283002341963446,0.9049456401073002
high_debt_burden,full,Random Forest,0.0012841091492776886,0.04353741496598639,0.8279514384034506,0.9049456401073002
high_debt_burden,full,Random Forest,0.0012841091492776886,0.044897959183673466,0.8269897153979466,0.9049456401073002
high_debt_burden,full,Random Forest,0.0016051364365971107,0.044897959183673466,0.8266686522866209,0.9049456401073002
high_debt_burden,full,Random Forest,0.0016051364365971107,0.04852607709750567,0.8243872949820105,0.9049456401073002
high_debt_burden,full,Random Forest,0.0019261637239165329,0.04852607709750567,0.8243624589575409,0.9049456401073002
high_debt_burden,full,Random Forest,0.0019261637239165329,0.0707482993197279,0.8162348918054027,0.9049456401073002
high_debt_burden,full,Random Forest,0.0022471910112359553,0.0707482993197279,0.8161578347623178,0.9049456401073002
high_debt_burden,full,Random Forest,0.0022471910112359553,0.07392290249433106,0.8149254764843453,0.9049456401073002
high_debt_burden,full,Random Forest,0.002568218298555377,0.07392290249433106,0.8149169668919624,0.9049456401073002
high_debt_burden,full,Random Forest,0.002568218298555377,0.08027210884353742,0.813485504902205,0.9049456401073002
high_debt_burden,full,Random Forest,0.0028892455858747996,0.08027210884353742,0.8131887441026544,0.9049456401073002
high_debt_burden,full,Random Forest,0.0028892455858747996,0.08934240362811792,0.8107916402696865,0.9049456401073002
high_debt_burden,full,Random Forest,0.0032102728731942215,0.08934240362811792,0.8107662126521861,0.9049456401073002
high_debt_burden,full,Random Forest,0.0032102728731942215,0.09115646258503401,0.8106239445027026,0.9049456401073002
high_debt_burden,full,Random Forest,0.003531300160513644,0.09115646258503401,0.8105470188155883,0.9049456401073002
high_debt_burden,full,Random Forest,0.003531300160513644,0.10476190476190476,0.8060790260239817,0.9049456401073002
high_debt_burden,full,Random Forest,0.0038523274478330658,0.10476190476190476,0.8059270608841997,0.9049456401073002
high_debt_burden,full,Random Forest,0.0038523274478330658,0.10702947845804989,0.8051975748361961,0.9049456401073002
high_debt_burden,full,Random Forest,0.004173354735152488,0.10702947845804989,0.8048351979298375,0.9049456401073002
high_debt_burden,full,Random Forest,0.004173354735152488,0.11247165532879819,0.802901997913224,0.9049456401073002
high_debt_burden,full,Random Forest,0.0044943820224719105,0.11247165532879819,0.8028752147909095,0.9049456401073002
high_debt_burden,full,Random Forest,0.0044943820224719105,0.11519274376417234,0.8023476080134334,0.9049456401073002
high_debt_burden,full,Random Forest,0.004815409309791332,0.11519274376417234,0.8023295678312389,0.9049456401073002
high_debt_burden,full,Random Forest,0.004815409309791332,0.11791383219954649,0.8014630324780517,0.9049456401073002
high_debt_burden,full,Random Forest,0.005136436597110754,0.11791383219954649,0.8012321892621925,0.9049456401073002
high_debt_burden,full,Random Forest,0.005136436597110754,0.12426303854875284,0.8001884034142983,0.9049456401073002
high_debt_burden,full,Random Forest,0.005457463884430177,0.12426303854875284,0.8001017515064129,0.9049456401073002
high_debt_burden,full,Random Forest,0.005457463884430177,0.12471655328798185,0.800052742743733,0.9049456401073002
high_debt_burden,full,Random Forest,0.005778491171749599,0.12471655328798185,0.8000463784100449,0.9049456401073002
high_debt_burden,full,Random Forest,0.005778491171749599,0.12970521541950114,0.7992603428062884,0.9049456401073002
high_debt_burden,full,Random Forest,0.006099518459069021,0.12970521541950114,0.7988800786592685,0.9049456401073002
high_debt_burden,full,Random Forest,0.006099518459069021,0.13242630385487528,0.7983513221935619,0.9049456401073002
high_debt_burden,full,Random Forest,0.006420545746388443,0.13242630385487528,0.7983511158218594,0.9049456401073002
high_debt_burden,full,Random Forest,0.006420545746388443,0.13424036281179139,0.7977619613976151,0.9049456401073002
high_debt_burden,full,Random Forest,0.007062600321027288,0.13424036281179139,0.7976980169320883,0.9049456401073002
high_debt_burden,full,Random Forest,0.007062600321027288,0.1383219954648526,0.7966397470952434,0.9049456401073002
high_debt_burden,full,Random Forest,0.007383627608346709,0.1383219954648526,0.79660171802918,0.9049456401073002
high_debt_burden,full,Random Forest,0.007383627608346709,0.14648526077097507,0.7954413585142736,0.9049456401073002
high_debt_burden,full,Random Forest,0.008025682182985553,0.14648526077097507,0.7953924261398589,0.9049456401073002
high_debt_burden,full,Random Forest,0.008025682182985553,0.1582766439909297,0.7932033773467027,0.9049456401073002
high_debt_burden,full,Random Forest,0.008346709470304976,0.1582766439909297,0.7931528420066696,0.9049456401073002
high_debt_burden,full,Random Forest,0.008346709470304976,0.1619047619047619,0.7924704441272966,0.9049456401073002
high_debt_burden,full,Random Forest,0.008988764044943821,0.1619047619047619,0.7924673092225586,0.9049456401073002
high_debt_burden,full,Random Forest,0.008988764044943821,0.16462585034013605,0.7918502924399392,0.9049456401073002
high_debt_burden,full,Random Forest,0.009309791332263243,0.16462585034013605,0.7918055042133052,0.9049456401073002
high_debt_burden,full,Random Forest,0.009309791332263243,0.16643990929705216,0.7906548723702711,0.9049456401073002
high_debt_burden,full,Random Forest,0.009630818619582664,0.16643990929705216,0.7905150009241522,0.9049456401073002
high_debt_burden,full,Random Forest,0.009630818619582664,0.17142857142857143,0.7897480781097854,0.9049456401073002
high_debt_burden,full,Random Forest,0.009951845906902087,0.17142857142857143,0.7896429062670023,0.9049456401073002
high_debt_burden,full,Random Forest,0.009951845906902087,0.1727891156462585,0.7892988292430119,0.9049456401073002
high_debt_burden,full,Random Forest,0.010272873194221509,0.1727891156462585,0.7892489674662804,0.9049456401073002
high_debt_burden,full,Random Forest,0.010272873194221509,0.17414965986394557,0.788855668099622,0.9049456401073002
high_debt_burden,full,Random Forest,0.01059390048154093,0.17414965986394557,0.7888513458066813,0.9049456401073002
high_debt_burden,full,Random Forest,0.01059390048154093,0.1764172335600907,0.7884330265611559,0.9049456401073002
high_debt_burden,full,Random Forest,0.010914927768860353,0.1764172335600907,0.7883968541401123,0.9049456401073002
high_debt_burden,full,Random Forest,0.010914927768860353,0.1800453514739229,0.7878614758588557,0.9049456401073002
high_debt_burden,full,Random Forest,0.011235955056179775,0.1800453514739229,0.7877389703343928,0.9049456401073002
high_debt_burden,full,Random Forest,0.011235955056179775,0.18095238095238095,0.7875082251144346,0.9049456401073002
high_debt_burden,full,Random Forest,0.011556982343499198,0.18095238095238095,0.7874639020705322,0.9049456401073002
high_debt_burden,full,Random Forest,0.011556982343499198,0.1873015873015873,0.7862537322058106,0.9049456401073002
high_debt_burden,full,Random Forest,0.01187800963081862,0.1873015873015873,0.7862348550322009,0.9049456401073002
high_debt_burden,full,Random Forest,0.01187800963081862,0.18956916099773244,0.7858977133690889,0.9049456401073002
high_debt_burden,full,Random Forest,0.012199036918138041,0.18956916099773244,0.7858416572073043,0.9049456401073002
high_debt_burden,full,Random Forest,0.012199036918138041,0.19319727891156463,0.7850365560118479,0.9049456401073002
high_debt_burden,full,Random Forest,0.012841091492776886,0.19319727891156463,0.7848589801298804,0.9049456401073002
high_debt_burden,full,Random Forest,0.012841091492776886,0.19410430839002268,0.784739283004366,0.9049456401073002
high_debt_burden,full,Random Forest,0.013162118780096307,0.19410430839002268,0.7846865518828526,0.9049456401073002
high_debt_burden,full,Random Forest,0.013162118780096307,0.19501133786848074,0.7845795573641835,0.9049456401073002
high_debt_burden,full,Random Forest,0.01348314606741573,0.19501133786848074,0.7845219672136797,0.9049456401073002
high_debt_burden,full,Random Forest,0.01348314606741573,0.1981859410430839,0.7834495455927283,0.9049456401073002
high_debt_burden,full,Random Forest,0.014125200642054575,0.1981859410430839,0.7831333213433347,0.9049456401073002
high_debt_burden,full,Random Forest,0.014125200642054575,0.20045351473922904,0.7826558364683116,0.9049456401073002
high_debt_burden,full,Random Forest,0.014446227929373997,0.20045351473922904,0.7825896429748941,0.9049456401073002
high_debt_burden,full,Random Forest,0.014446227929373997,0.20634920634920634,0.7816692960336863,0.9049456401073002
high_debt_burden,full,Random Forest,0.014767255216693418,0.20634920634920634,0.7815944873876707,0.9049456401073002
high_debt_burden,full,Random Forest,0.014767255216693418,0.2090702947845805,0.7811453038921948,0.9049456401073002
high_debt_burden,full,Random Forest,0.015088282504012842,0.2090702947845805,0.7811451356331339,0.9049456401073002
high_debt_burden,full,Random Forest,0.015088282504012842,0.20952380952380953,0.7810588570024612,0.9049456401073002
high_debt_burden,full,Random Forest,0.015730337078651686,0.20952380952380953,0.7807151383119444,0.9049456401073002
high_debt_burden,full,Random Forest,0.015730337078651686,0.21405895691609977,0.7803252923300247,0.9049456401073002
high_debt_burden,full,Random Forest,0.016051364365971106,0.21405895691609977,0.7803186020029045,0.9049456401073002
high_debt_burden,full,Random Forest,0.016051364365971106,0.2163265306122449,0.7799999095426133,0.9049456401073002
high_debt_burden,full,Random Forest,0.01637239165329053,0.2163265306122449,0.7799490657288511,0.9049456401073002
high_debt_burden,full,Random Forest,0.01637239165329053,0.2217687074829932,0.7789825056032815,0.9049456401073002
high_debt_burden,full,Random Forest,0.016693418940609953,0.2217687074829932,0.7789578216292693,0.9049456401073002
high_debt_burden,full,Random Forest,0.016693418940609953,0.22267573696145124,0.7786595411019972,0.9049456401073002
high_debt_burden,full,Random Forest,0.017335473515248796,0.22267573696145124,0.7783846698807695,0.9049456401073002
high_debt_burden,full,Random Forest,0.017335473515248796,0.2439909297052154,0.7730249051279438,0.9049456401073002
high_debt_burden,full,Random Forest,0.01765650080256822,0.2439909297052154,0.7728472142758263,0.9049456401073002
high_debt_burden,full,Random Forest,0.01765650080256822,0.2453514739229025,0.7727112909222053,0.9049456401073002
high_debt_burden,full,Random Forest,0.017977528089887642,0.2453514739229025,0.7726968496876522,0.9049456401073002
high_debt_burden,full,Random Forest,0.017977528089887642,0.2471655328798186,0.7723986596239807,0.9049456401073002
high_debt_burden,full,Random Forest,0.018298555377207062,0.2471655328798186,0.7723805882509498,0.9049456401073002
high_debt_burden,full,Random Forest,0.018298555377207062,0.24852607709750568,0.7719629864002708,0.9049456401073002
high_debt_burden,full,Random Forest,0.018619582664526485,0.24852607709750568,0.7718707560012584,0.9049456401073002
high_debt_burden,full,Random Forest,0.018619582664526485,0.2494331065759637,0.7715806154777283,0.9049456401073002
high_debt_burden,full,Random Forest,0.018940609951845908,0.2494331065759637,0.7715001794585028,0.9049456401073002
high_debt_burden,full,Random Forest,0.018940609951845908,0.2530612244897959,0.7706701442284494,0.9049456401073002
high_debt_burden,full,Random Forest,0.01958266452648475,0.2530612244897959,0.7705569724437199,0.9049456401073002
high_debt_burden,full,Random Forest,0.01958266452648475,0.25351473922902495,0.7705135004843442,0.9049456401073002
high_debt_burden,full,Random Forest,0.019903691813804174,0.25351473922902495,0.770480369170428,0.9049456401073002
high_debt_burden,full,Random Forest,0.019903691813804174,0.2585034013605442,0.7695240353341019,0.9049456401073002
high_debt_burden,full,Random Forest,0.020224719101123594,0.2585034013605442,0.7695206155361203,0.9049456401073002
high_debt_burden,full,Random Forest,0.020224719101123594,0.2612244897959184,0.7689919621322573,0.9049456401073002
high_debt_burden,full,Random Forest,0.02086677367576244,0.2612244897959184,0.7686475570087261,0.9049456401073002
high_debt_burden,full,Random Forest,0.02086677367576244,0.2616780045351474,0.7686474365460845,0.9049456401073002
high_debt_burden,full,Random Forest,0.02118780096308186,0.2616780045351474,0.7686039705342343,0.9049456401073002
high_debt_burden,full,Random Forest,0.02118780096308186,0.26258503401360545,0.7684388332274545,0.9049456401073002
high_debt_burden,full,Random Forest,0.021508828250401284,0.26258503401360545,0.7684220787144567,0.9049456401073002
high_debt_burden,full,Random Forest,0.021508828250401284,0.2657596371882086,0.7679479046930049,0.9049456401073002
high_debt_burden,full,Random Forest,0.021829855537720707,0.2657596371882086,0.7679222850574147,0.9049456401073002
high_debt_burden,full,Random Forest,0.021829855537720707,0.26666666666666666,0.7676578836702126,0.9049456401073002
high_debt_burden,full,Random Forest,0.022150882825040127,0.26666666666666666,0.7675929343498168,0.9049456401073002
high_debt_burden,full,Random Forest,0.022150882825040127,0.26893424036281177,0.7673261352538989,0.9049456401073002
high_debt_burden,full,Random Forest,0.02247191011235955,0.26893424036281177,0.7672646027582491,0.9049456401073002
high_debt_burden,full,Random Forest,0.02247191011235955,0.27346938775510204,0.766182985691299,0.9049456401073002
high_debt_burden,full,Random Forest,0.022792937399678973,0.27346938775510204,0.7660716396876912,0.9049456401073002
high_debt_burden,full,Random Forest,0.022792937399678973,0.2761904761904762,0.7657016364025501,0.9049456401073002
high_debt_burden,full,Random Forest,0.023113964686998396,0.2761904761904762,0.7656984420907375,0.9049456401073002
high_debt_burden,full,Random Forest,0.023113964686998396,0.28616780045351475,0.7647515832765419,0.9049456401073002
high_debt_burden,full,Random Forest,0.023434991974317816,0.28616780045351475,0.7646772372357522,0.9049456401073002
high_debt_burden,full,Random Forest,0.023434991974317816,0.29070294784580497,0.7641634190250556,0.9049456401073002
high_debt_burden,full,Random Forest,0.024077046548956663,0.29070294784580497,0.7641307517032078,0.9049456401073002
high_debt_burden,full,Random Forest,0.024077046548956663,0.2925170068027211,0.7638419521528306,0.9049456401073002
high_debt_burden,full,Random Forest,0.024398073836276082,0.2925170068027211,0.7637249650036175,0.9049456401073002
high_debt_burden,full,Random Forest,0.024398073836276082,0.2943310657596372,0.7635762864526097,0.9049456401073002
high_debt_burden,full,Random Forest,0.024719101123595506,0.2943310657596372,0.7634853632868996,0.9049456401073002
high_debt_burden,full,Random Forest,0.024719101123595506,0.29569160997732424,0.7632606255676319,0.9049456401073002
high_debt_burden,full,Random Forest,0.02504012841091493,0.29569160997732424,0.7631433987953297,0.9049456401073002
high_debt_burden,full,Random Forest,0.02504012841091493,0.2961451247165533,0.7629173374454541,0.9049456401073002
high_debt_burden,full,Random Forest,0.02536115569823435,0.2961451247165533,0.7628713486969526,0.9049456401073002
high_debt_burden,full,Random Forest,0.02536115569823435,0.3047619047619048,0.7608665482883219,0.9049456401073002
high_debt_burden,full,Random Forest,0.025682182985553772,0.3047619047619048,0.7606236533070253,0.9049456401073002
high_debt_burden,full,Random Forest,0.025682182985553772,0.309297052154195,0.7598700054872538,0.9049456401073002
high_debt_burden,full,Random Forest,0.026003210272873195,0.309297052154195,0.7598516244041565,0.9049456401073002
high_debt_burden,full,Random Forest,0.026003210272873195,0.3138321995464853,0.7588505800162454,0.9049456401073002
high_debt_burden,full,Random Forest,0.026324237560192615,0.3138321995464853,0.7588021450303568,0.9049456401073002
high_debt_burden,full,Random Forest,0.026324237560192615,0.31746031746031744,0.7585577957035915,0.9049456401073002
high_debt_burden,full,Random Forest,0.027287319422150885,0.31746031746031744,0.7584448685264613,0.9049456401073002
high_debt_burden,full,Random Forest,0.027287319422150885,0.32154195011337866,0.758019701501296,0.9049456401073002
high_debt_burden,full,Random Forest,0.027608346709470304,0.32154195011337866,0.7579269094501752,0.9049456401073002
high_debt_burden,full,Random Forest,0.027608346709470304,0.326984126984127,0.7567354606359629,0.9049456401073002
high_debt_burden,full,Random Forest,0.027929373996789728,0.326984126984127,0.7567272360062056,0.9049456401073002
high_debt_burden,full,Random Forest,0.027929373996789728,0.3306122448979592,0.7562204877934372,0.9049456401073002
high_debt_burden,full,Random Forest,0.02825040128410915,0.3306122448979592,0.7562063867995861,0.9049456401073002
high_debt_burden,full,Random Forest,0.02825040128410915,0.33197278911564626,0.756122701818971,0.9049456401073002
high_debt_burden,full,Random Forest,0.02857142857142857,0.33197278911564626,0.7558913731674906,0.9049456401073002
high_debt_burden,full,Random Forest,0.02857142857142857,0.3333333333333333,0.7556922796181081,0.9049456401073002
high_debt_burden,full,Random Forest,0.028892455858747994,0.3333333333333333,0.7555396027363902,0.9049456401073002
high_debt_burden,full,Random Forest,0.028892455858747994,0.33378684807256237,0.7554623585877277,0.9049456401073002
high_debt_burden,full,Random Forest,0.029213483146067417,0.33378684807256237,0.7554111154888855,0.9049456401073002
high_debt_burden,full,Random Forest,0.029213483146067417,0.3383219954648526,0.754437413087052,0.9049456401073002
high_debt_burden,full,Random Forest,0.029534510433386837,0.3383219954648526,0.7543536238214512,0.9049456401073002
high_debt_burden,full,Random Forest,0.029534510433386837,0.3401360544217687,0.7541003803167061,0.9049456401073002
high_debt_burden,full,Random Forest,0.02985553772070626,0.3401360544217687,0.7540522516851212,0.9049456401073002
high_debt_burden,full,Random Forest,0.02985553772070626,0.345578231292517,0.7529248988371584,0.9049456401073002
high_debt_burden,full,Random Forest,0.030176565008025683,0.345578231292517,0.7529117645530928,0.9049456401073002
high_debt_burden,full,Random Forest,0.030176565008025683,0.346031746031746,0.7528644453502864,0.9049456401073002
high_debt_burden,full,Random Forest,0.030497592295345103,0.346031746031746,0.7527206871750135,0.9049456401073002
high_debt_burden,full,Random Forest,0.030497592295345103,0.3546485260770975,0.7517892269452765,0.9049456401073002
high_debt_burden,full,Random Forest,0.030818619582664526,0.3546485260770975,0.7515683985113972,0.9049456401073002
high_debt_burden,full,Random Forest,0.030818619582664526,0.35873015873015873,0.7505218522660017,0.9049456401073002
high_debt_burden,full,Random Forest,0.03113964686998395,0.35873015873015873,0.7505054382746662,0.9049456401073002
high_debt_burden,full,Random Forest,0.03113964686998395,0.3614512471655329,0.7499421129793885,0.9049456401073002
high_debt_burden,full,Random Forest,0.03146067415730337,0.3614512471655329,0.7499001325908315,0.9049456401073002
high_debt_burden,full,Random Forest,0.03146067415730337,0.36462585034013606,0.74898652932179,0.9049456401073002
high_debt_burden,full,Random Forest,0.03178170144462279,0.36462585034013606,0.7488707158925905,0.9049456401073002
high_debt_burden,full,Random Forest,0.03178170144462279,0.36507936507936506,0.7488684449847519,0.9049456401073002
high_debt_burden,full,Random Forest,0.03210272873194221,0.36507936507936506,0.7487691533595463,0.9049456401073002
high_debt_burden,full,Random Forest,0.03210272873194221,0.3655328798185941,0.7486726456040421,0.9049456401073002
high_debt_burden,full,Random Forest,0.03242375601926164,0.3655328798185941,0.7486548869907939,0.9049456401073002
high_debt_burden,full,Random Forest,0.03242375601926164,0.3673469387755102,0.748557412505971,0.9049456401073002
high_debt_burden,full,Random Forest,0.03274478330658106,0.3673469387755102,0.7485391050723078,0.9049456401073002
high_debt_burden,full,Random Forest,0.03274478330658106,0.3691609977324263,0.7482590554008862,0.9049456401073002
high_debt_burden,full,Random Forest,0.03306581059390048,0.3691609977324263,0.7482584299192082,0.9049456401073002
high_debt_burden,full,Random Forest,0.03306581059390048,0.37006802721088433,0.7476703111133104,0.9049456401073002
high_debt_burden,full,Random Forest,0.033386837881219905,0.37006802721088433,0.7476447171744475,0.9049456401073002
high_debt_burden,full,Random Forest,0.033386837881219905,0.3746031746031746,0.7467997435060942,0.9049456401073002
high_debt_burden,full,Random Forest,0.033707865168539325,0.3746031746031746,0.7467928511773042,0.9049456401073002
high_debt_burden,full,Random Forest,0.033707865168539325,0.3750566893424036,0.7467898116155033,0.9049456401073002
high_debt_burden,full,Random Forest,0.034028892455858745,0.3750566893424036,0.7466747452287322,0.9049456401073002
high_debt_burden,full,Random Forest,0.034028892455858745,0.3800453514739229,0.7456556203783264,0.9049456401073002
high_debt_burden,full,Random Forest,0.03434991974317817,0.3800453514739229,0.7455983616360804,0.9049456401073002
high_debt_burden,full,Random Forest,0.03434991974317817,0.3832199546485261,0.7450188369534141,0.9049456401073002
high_debt_burden,full,Random Forest,0.03467094703049759,0.3832199546485261,0.7449675538735453,0.9049456401073002
high_debt_burden,full,Random Forest,0.03467094703049759,0.38684807256235826,0.7442204639785962,0.9049456401073002
high_debt_burden,full,Random Forest,0.03499197431781702,0.38684807256235826,0.7441871876572437,0.9049456401073002
high_debt_burden,full,Random Forest,0.03499197431781702,0.38820861678004537,0.7437860236695684,0.9049456401073002
high_debt_burden,full,Random Forest,0.03531300160513644,0.38820861678004537,0.743753176543941,0.9049456401073002
high_debt_burden,full,Random Forest,0.03531300160513644,0.3963718820861678,0.7415629346829775,0.9049456401073002
high_debt_burden,full,Random Forest,0.03563402889245586,0.3963718820861678,0.7414953517292698,0.9049456401073002
high_debt_burden,full,Random Forest,0.03563402889245586,0.39909297052154197,0.7412379557654175,0.9049456401073002
high_debt_burden,full,Random Forest,0.036276083467094704,0.39909297052154197,0.7412136618357178,0.9049456401073002
high_debt_burden,full,Random Forest,0.036276083467094704,0.40226757369614513,0.7405501642070347,0.9049456401073002
high_debt_burden,full,Random Forest,0.036597110754414124,0.40226757369614513,0.7405303417698201,0.9049456401073002
high_debt_burden,full,Random Forest,0.036597110754414124,0.4049886621315193,0.7398731944840763,0.9049456401073002
high_debt_burden,full,Random Forest,0.03691813804173355,0.4049886621315193,0.7396926299822651,0.9049456401073002
high_debt_burden,full,Random Forest,0.03691813804173355,0.40680272108843535,0.7394812390216965,0.9049456401073002
high_debt_burden,full,Random Forest,0.03723916532905297,0.40680272108843535,0.7392777570730548,0.9049456401073002
high_debt_burden,full,Random Forest,0.03723916532905297,0.4077097505668934,0.7391254181900266,0.9049456401073002
high_debt_burden,full,Random Forest,0.03756019261637239,0.4077097505668934,0.7388082229747414,0.9049456401073002
high_debt_burden,full,Random Forest,0.03756019261637239,0.4095238095238095,0.7384694938745661,0.9049456401073002
high_debt_burden,full,Random Forest,0.037881219903691817,0.4095238095238095,0.7384406862229695,0.9049456401073002
high_debt_burden,full,Random Forest,0.037881219903691817,0.4108843537414966,0.7383519967299592,0.9049456401073002
high_debt_burden,full,Random Forest,0.038202247191011236,0.4108843537414966,0.7383449477636645,0.9049456401073002
high_debt_burden,full,Random Forest,0.038202247191011236,0.4126984126984127,0.7377617222686121,0.9049456401073002
high_debt_burden,full,Random Forest,0.038523274478330656,0.4126984126984127,0.7376915948520374,0.9049456401073002
high_debt_burden,full,Random Forest,0.038523274478330656,0.4145124716553288,0.7375552892393533,0.9049456401073002
high_debt_burden,full,Random Forest,0.03884430176565008,0.4145124716553288,0.7374397903138962,0.9049456401073002
high_debt_burden,full,Random Forest,0.03884430176565008,0.418140589569161,0.7369527216954822,0.9049456401073002
high_debt_burden,full,Random Forest,0.0391653290529695,0.418140589569161,0.7369162987374219,0.9049456401073002
high_debt_burden,full,Random Forest,0.0391653290529695,0.41859410430839,0.7368967862028724,0.9049456401073002
high_debt_burden,full,Random Forest,0.03948635634028892,0.41859410430839,0.7368674397440198,0.9049456401073002
high_debt_burden,full,Random Forest,0.03948635634028892,0.4204081632653061,0.7367089394423926,0.9049456401073002
high_debt_burden,full,Random Forest,0.03980738362760835,0.4204081632653061,0.7365448364372569,0.9049456401073002
high_debt_burden,full,Random Forest,0.03980738362760835,0.4235827664399093,0.7361161957682224,0.9049456401073002
high_debt_burden,full,Random Forest,0.04012841091492777,0.4235827664399093,0.736106915446969,0.9049456401073002
high_debt_burden,full,Random Forest,0.04012841091492777,0.4308390022675737,0.7348245466916002,0.9049456401073002
high_debt_burden,full,Random Forest,0.04044943820224719,0.4308390022675737,0.7347992505609,0.9049456401073002
high_debt_burden,full,Random Forest,0.04044943820224719,0.43718820861678004,0.7335659080526218,0.9049456401073002
high_debt_burden,full,Random Forest,0.040770465489566615,0.43718820861678004,0.7334923136194146,0.9049456401073002
high_debt_burden,full,Random Forest,0.040770465489566615,0.4380952380952381,0.7330775312380188,0.9049456401073002
high_debt_burden,full,Random Forest,0.041091492776886035,0.4380952380952381,0.7329860486654783,0.9049456401073002
high_debt_burden,full,Random Forest,0.041091492776886035,0.43945578231292515,0.7326571236840902,0.9049456401073002
high_debt_burden,full,Random Forest,0.041412520064205455,0.43945578231292515,0.7325626760847135,0.9049456401073002
high_debt_burden,full,Random Forest,0.041412520064205455,0.4399092970521542,0.7325207508516466,0.9049456401073002
high_debt_burden,full,Random Forest,0.04173354735152488,0.4399092970521542,0.7323830043745908,0.9049456401073002
high_debt_burden,full,Random Forest,0.04173354735152488,0.4448979591836735,0.7316809721510346,0.9049456401073002
high_debt_burden,full,Random Forest,0.0420545746388443,0.4448979591836735,0.7316492608852236,0.9049456401073002
high_debt_burden,full,Random Forest,0.0420545746388443,0.44625850340136053,0.7315109813820406,0.9049456401073002
high_debt_burden,full,Random Forest,0.04237560192616372,0.44625850340136053,0.7312549946947488,0.9049456401073002
high_debt_burden,full,Random Forest,0.04237560192616372,0.44988662131519275,0.7304027913473503,0.9049456401073002
high_debt_burden,full,Random Forest,0.04269662921348315,0.44988662131519275,0.7302549856804117,0.9049456401073002
high_debt_burden,full,Random Forest,0.04269662921348315,0.4507936507936508,0.7301342217400488,0.9049456401073002
high_debt_burden,full,Random Forest,0.04301765650080257,0.4507936507936508,0.7300736300109797,0.9049456401073002
high_debt_burden,full,Random Forest,0.04301765650080257,0.45215419501133786,0.7298054671300384,0.9049456401073002
high_debt_burden,full,Random Forest,0.04333868378812199,0.45215419501133786,0.7297904754584721,0.9049456401073002
high_debt_burden,full,Random Forest,0.04333868378812199,0.46530612244897956,0.7268785105286507,0.9049456401073002
high_debt_burden,full,Random Forest,0.043659711075441414,0.46530612244897956,0.7267626823678346,0.9049456401073002
high_debt_burden,full,Random Forest,0.043659711075441414,0.46984126984126984,0.726356821697481,0.9049456401073002
high_debt_burden,full,Random Forest,0.04430176565008025,0.46984126984126984,0.7262009781212192,0.9049456401073002
high_debt_burden,full,Random Forest,0.04430176565008025,0.473015873015873,0.7254135768920968,0.9049456401073002
high_debt_burden,full,Random Forest,0.04462279293739968,0.473015873015873,0.725356549575968,0.9049456401073002
high_debt_burden,full,Random Forest,0.04462279293739968,0.4748299319727891,0.7251836690953315,0.9049456401073002
high_debt_burden,full,Random Forest,0.0449438202247191,0.4748299319727891,0.7248758444274531,0.9049456401073002
high_debt_burden,full,Random Forest,0.0449438202247191,0.47573696145124716,0.7245377227609416,0.9049456401073002
high_debt_burden,full,Random Forest,0.04526484751203853,0.47573696145124716,0.7245240787371343,0.9049456401073002
high_debt_burden,full,Random Forest,0.04526484751203853,0.4793650793650794,0.7237936567942063,0.9049456401073002
high_debt_burden,full,Random Forest,0.045906902086677366,0.4793650793650794,0.7237798036469326,0.9049456401073002
high_debt_burden,full,Random Forest,0.045906902086677366,0.48027210884353744,0.7236573667898235,0.9049456401073002
high_debt_burden,full,Random Forest,0.04622792937399679,0.48027210884353744,0.7235534503913694,0.9049456401073002
high_debt_burden,full,Random Forest,0.04622792937399679,0.48072562358276644,0.7235458274962991,0.9049456401073002
high_debt_burden,full,Random Forest,0.04654895666131621,0.48072562358276644,0.7234296934891624,0.9049456401073002
high_debt_burden,full,Random Forest,0.04654895666131621,0.4852607709750567,0.7228143140753699,0.9049456401073002
high_debt_burden,full,Random Forest,0.04719101123595506,0.4852607709750567,0.7227752264025811,0.9049456401073002
high_debt_burden,full,Random Forest,0.04719101123595506,0.4884353741496599,0.7218006114033176,0.9049456401073002
high_debt_burden,full,Random Forest,0.04751203852327448,0.4884353741496599,0.721784552928815,0.9049456401073002
high_debt_burden,full,Random Forest,0.04751203852327448,0.48934240362811793,0.7216856941951695,0.9049456401073002
high_debt_burden,full,Random Forest,0.0478330658105939,0.48934240362811793,0.7214930060372483,0.9049456401073002
high_debt_burden,full,Random Forest,0.0478330658105939,0.49387755102040815,0.7203581092293295,0.9049456401073002
high_debt_burden,full,Random Forest,0.048154093097913325,0.49387755102040815,0.720154755959659,0.9049456401073002
high_debt_burden,full,Random Forest,0.048154093097913325,0.49795918367346936,0.7193739039247478,0.9049456401073002
high_debt_burden,full,Random Forest,0.048475120385232745,0.49795918367346936,0.7193002759853371,0.9049456401073002
high_debt_burden,full,Random Forest,0.048475120385232745,0.5002267573696145,0.7188953826323649,0.9049456401073002
high_debt_burden,full,Random Forest,0.048796147672552165,0.5002267573696145,0.7188777842095144,0.9049456401073002
high_debt_burden,full,Random Forest,0.048796147672552165,0.5024943310657597,0.7184638464695735,0.9049456401073002
high_debt_burden,full,Random Forest,0.04911717495987159,0.5024943310657597,0.7183389252733425,0.9049456401073002
high_debt_burden,full,Random Forest,0.04911717495987159,0.5047619047619047,0.7180513006286514,0.9049456401073002
high_debt_burden,full,Random Forest,0.04943820224719101,0.5047619047619047,0.7178389046987721,0.9049456401073002
high_debt_burden,full,Random Forest,0.04943820224719101,0.5070294784580499,0.7174279046932621,0.9049456401073002
high_debt_burden,full,Random Forest,0.04975922953451043,0.5070294784580499,0.7173865001139345,0.9049456401073002
high_debt_burden,full,Random Forest,0.04975922953451043,0.508390022675737,0.7172088248777047,0.9049456401073002
high_debt_burden,full,Random Forest,0.05008025682182986,0.508390022675737,0.7171436347997551,0.9049456401073002
high_debt_burden,full,Random Forest,0.05008025682182986,0.5160997732426303,0.716059399956509,0.9049456401073002
high_debt_burden,full,Random Forest,0.051043338683788124,0.5160997732426303,0.7156243247869359,0.9049456401073002
high_debt_burden,full,Random Forest,0.051043338683788124,0.5179138321995465,0.714868280283656,0.9049456401073002
high_debt_burden,full,Random Forest,0.051364365971107544,0.5179138321995465,0.7148539164880955,0.9049456401073002
high_debt_burden,full,Random Forest,0.051364365971107544,0.5206349206349207,0.7141607872245855,0.9049456401073002
high_debt_burden,full,Random Forest,0.051685393258426963,0.5206349206349207,0.7141248380447222,0.9049456401073002
high_debt_burden,full,Random Forest,0.051685393258426963,0.5224489795918368,0.7138919214153718,0.9049456401073002
high_debt_burden,full,Random Forest,0.05200642054574639,0.5224489795918368,0.7137726638031493,0.9049456401073002
high_debt_burden,full,Random Forest,0.05200642054574639,0.527437641723356,0.7129962892142008,0.9049456401073002
high_debt_burden,full,Random Forest,0.05232744783306581,0.527437641723356,0.7126810020315061,0.9049456401073002
high_debt_burden,full,Random Forest,0.05232744783306581,0.5292517006802722,0.7124576269110819,0.9049456401073002
high_debt_burden,full,Random Forest,0.05264847512038523,0.5292517006802722,0.7124023136554329,0.9049456401073002
high_debt_burden,full,Random Forest,0.05264847512038523,0.5297052154195011,0.7123897183040321,0.9049456401073002
high_debt_burden,full,Random Forest,0.052969502407704656,0.5297052154195011,0.7123835363513714,0.9049456401073002
high_debt_burden,full,Random Forest,0.052969502407704656,0.5324263038548753,0.7120250106027292,0.9049456401073002
high_debt_burden,full,Random Forest,0.053290529695024076,0.5324263038548753,0.7119762434988711,0.9049456401073002
high_debt_burden,full,Random Forest,0.053290529695024076,0.5419501133786848,0.7101499476808855,0.9049456401073002
high_debt_burden,full,Random Forest,0.053611556982343496,0.5419501133786848,0.7101399340495193,0.9049456401073002
high_debt_burden,full,Random Forest,0.053611556982343496,0.5424036281179139,0.7100668520300744,0.9049456401073002
high_debt_burden,full,Random Forest,0.05425361155698234,0.5424036281179139,0.7100246277028494,0.9049456401073002
high_debt_burden,full,Random Forest,0.05425361155698234,0.546031746031746,0.7091988537814214,0.9049456401073002
high_debt_burden,full,Random Forest,0.05457463884430177,0.546031746031746,0.7090670547049046,0.9049456401073002
high_debt_burden,full,Random Forest,0.05457463884430177,0.546485260770975,0.7090451879790391,0.9049456401073002
high_debt_burden,full,Random Forest,0.05489566613162119,0.546485260770975,0.7090072945966929,0.9049456401073002
high_debt_burden,full,Random Forest,0.05489566613162119,0.5519274376417234,0.7079668146672942,0.9049456401073002
high_debt_burden,full,Random Forest,0.05521669341894061,0.5519274376417234,0.7078604614056019,0.9049456401073002
high_debt_burden,full,Random Forest,0.05521669341894061,0.5537414965986395,0.7075134280883136,0.9049456401073002
high_debt_burden,full,Random Forest,0.055537720706260035,0.5537414965986395,0.707503997054044,0.9049456401073002
high_debt_burden,full,Random Forest,0.055537720706260035,0.5551020408163265,0.707343400708495,0.9049456401073002
high_debt_burden,full,Random Forest,0.055858747993579455,0.5551020408163265,0.7072457366208971,0.9049456401073002
high_debt_burden,full,Random Forest,0.055858747993579455,0.5564625850340136,0.7069232570266824,0.9049456401073002
high_debt_burden,full,Random Forest,0.056179775280898875,0.5564625850340136,0.7066412462565596,0.9049456401073002
high_debt_burden,full,Random Forest,0.056179775280898875,0.5582766439909297,0.7061113531255695,0.9049456401073002
high_debt_burden,full,Random Forest,0.0565008025682183,0.5582766439909297,0.706055082515201,0.9049456401073002
high_debt_burden,full,Random Forest,0.0565008025682183,0.5600907029478458,0.7056530582011109,0.9049456401073002
high_debt_burden,full,Random Forest,0.05682182985553772,0.5600907029478458,0.7056009114690589,0.9049456401073002
high_debt_burden,full,Random Forest,0.05682182985553772,0.5605442176870749,0.7055528968592885,0.9049456401073002
high_debt_burden,full,Random Forest,0.05714285714285714,0.5605442176870749,0.7053651464696806,0.9049456401073002
high_debt_burden,full,Random Forest,0.05714285714285714,0.5614512471655329,0.7053339215243926,0.9049456401073002
high_debt_burden,full,Random Forest,0.05746388443017657,0.5614512471655329,0.7051111820804286,0.9049456401073002
high_debt_burden,full,Random Forest,0.05746388443017657,0.563265306122449,0.7046114089631914,0.9049456401073002
high_debt_burden,full,Random Forest,0.05778491171749599,0.563265306122449,0.7045719937993669,0.9049456401073002
high_debt_burden,full,Random Forest,0.05778491171749599,0.5682539682539682,0.7031177292921476,0.9049456401073002
high_debt_burden,full,Random Forest,0.05810593900481541,0.5682539682539682,0.7031052123391566,0.9049456401073002
high_debt_burden,full,Random Forest,0.05810593900481541,0.5687074829931973,0.7030304180512541,0.9049456401073002
high_debt_burden,full,Random Forest,0.058426966292134834,0.5687074829931973,0.7029557714645791,0.9049456401073002
high_debt_burden,full,Random Forest,0.058426966292134834,0.5714285714285714,0.702407757988403,0.9049456401073002
high_debt_burden,full,Random Forest,0.058747993579454254,0.5714285714285714,0.702396510819638,0.9049456401073002
high_debt_burden,full,Random Forest,0.058747993579454254,0.5764172335600907,0.7004839521606735,0.9049456401073002
high_debt_burden,full,Random Forest,0.059069020866773674,0.5764172335600907,0.7004777735764022,0.9049456401073002
high_debt_burden,full,Random Forest,0.059069020866773674,0.5773242630385488,0.7004088131870428,0.9049456401073002
high_debt_burden,full,Random Forest,0.0593900481540931,0.5773242630385488,0.7002773797833608,0.9049456401073002
high_debt_burden,full,Random Forest,0.0593900481540931,0.5836734693877551,0.6987816139804202,0.9049456401073002
high_debt_burden,full,Random Forest,0.06003210272873194,0.5836734693877551,0.6984453423054258,0.9049456401073002
high_debt_burden,full,Random Forest,0.06003210272873194,0.5845804988662131,0.6983268135611285,0.9049456401073002
high_debt_burden,full,Random Forest,0.060353130016051366,0.5845804988662131,0.6980385190955813,0.9049456401073002
high_debt_burden,full,Random Forest,0.060353130016051366,0.5886621315192744,0.6976877921026093,0.9049456401073002
high_debt_burden,full,Random Forest,0.060674157303370786,0.5886621315192744,0.6973006694976281,0.9049456401073002
high_debt_burden,full,Random Forest,0.060674157303370786,0.5927437641723357,0.6964092409929954,0.9049456401073002
high_debt_burden,full,Random Forest,0.060995184590690206,0.5927437641723357,0.6961933297720969,0.9049456401073002
high_debt_burden,full,Random Forest,0.060995184590690206,0.5950113378684807,0.6956466435811097,0.9049456401073002
high_debt_burden,full,Random Forest,0.0622792937399679,0.5950113378684807,0.6954416336830961,0.9049456401073002
high_debt_burden,full,Random Forest,0.0622792937399679,0.600453514739229,0.6944103571414206,0.9049456401073002
high_debt_burden,full,Random Forest,0.06292134831460675,0.600453514739229,0.6939491771526681,0.9049456401073002
high_debt_burden,full,Random Forest,0.06292134831460675,0.6027210884353742,0.6930472071617082,0.9049456401073002
high_debt_burden,full,Random Forest,0.06324237560192617,0.6027210884353742,0.6925296867698814,0.9049456401073002
high_debt_burden,full,Random Forest,0.06324237560192617,0.6126984126984127,0.6901346677505945,0.9049456401073002
high_debt_burden,full,Random Forest,0.06356340288924558,0.6126984126984127,0.6899862404673776,0.9049456401073002
high_debt_burden,full,Random Forest,0.06356340288924558,0.6131519274376417,0.6897328838369577,0.9049456401073002
high_debt_burden,full,Random Forest,0.063884430176565,0.6131519274376417,0.6895350413851242,0.9049456401073002
high_debt_burden,full,Random Forest,0.063884430176565,0.6136054421768707,0.6895077644512223,0.9049456401073002
high_debt_burden,full,Random Forest,0.06420545746388442,0.6136054421768707,0.6894550873824541,0.9049456401073002
high_debt_burden,full,Random Forest,0.06420545746388442,0.6140589569160998,0.6893353315696118,0.9049456401073002
high_debt_burden,full,Random Forest,0.06452648475120386,0.6140589569160998,0.6892322836684411,0.9049456401073002
high_debt_burden,full,Random Forest,0.06452648475120386,0.6163265306122448,0.6884831845845941,0.9049456401073002
high_debt_burden,full,Random Forest,0.0651685393258427,0.6163265306122448,0.6883668726479764,0.9049456401073002
high_debt_burden,full,Random Forest,0.0651685393258427,0.6204081632653061,0.6866621633384079,0.9049456401073002
high_debt_burden,full,Random Forest,0.06548956661316212,0.6204081632653061,0.6866161036688452,0.9049456401073002
high_debt_burden,full,Random Forest,0.06548956661316212,0.6222222222222222,0.6862296940042959,0.9049456401073002
high_debt_burden,full,Random Forest,0.06581059390048154,0.6222222222222222,0.6860809422411293,0.9049456401073002
high_debt_burden,full,Random Forest,0.06581059390048154,0.6226757369614513,0.6858361664769456,0.9049456401073002
high_debt_burden,full,Random Forest,0.06613162118780096,0.6226757369614513,0.6857950920679314,0.9049456401073002
high_debt_burden,full,Random Forest,0.06613162118780096,0.6249433106575963,0.6854205051736955,0.9049456401073002
high_debt_burden,full,Random Forest,0.06677367576243981,0.6249433106575963,0.6850496293012972,0.9049456401073002
high_debt_burden,full,Random Forest,0.06677367576243981,0.6294784580498867,0.6840181081757679,0.9049456401073002
high_debt_burden,full,Random Forest,0.06709470304975923,0.6294784580498867,0.683963420423767,0.9049456401073002
high_debt_burden,full,Random Forest,0.06709470304975923,0.6299319727891156,0.683824265903611,0.9049456401073002
high_debt_burden,full,Random Forest,0.06773675762439807,0.6299319727891156,0.683761323239361,0.9049456401073002
high_debt_burden,full,Random Forest,0.06773675762439807,0.6312925170068027,0.683631887478727,0.9049456401073002
high_debt_burden,full,Random Forest,0.06805778491171749,0.6312925170068027,0.6835078051552524,0.9049456401073002
high_debt_burden,full,Random Forest,0.06805778491171749,0.6331065759637188,0.6834315961256636,0.9049456401073002
high_debt_burden,full,Random Forest,0.06837881219903692,0.6331065759637188,0.683034193368698,0.9049456401073002
high_debt_burden,full,Random Forest,0.06837881219903692,0.638095238095238,0.6817744521165394,0.9049456401073002
high_debt_burden,full,Random Forest,0.06869983948635634,0.638095238095238,0.681772434250579,0.9049456401073002
high_debt_burden,full,Random Forest,0.06869983948635634,0.6385487528344671,0.6817584193384396,0.9049456401073002
high_debt_burden,full,Random Forest,0.06902086677367576,0.6385487528344671,0.6816614861834436,0.9049456401073002
high_debt_burden,full,Random Forest,0.06902086677367576,0.6394557823129252,0.6814897027275854,0.9049456401073002
high_debt_burden,full,Random Forest,0.06934189406099518,0.6394557823129252,0.6814501783419196,0.9049456401073002
high_debt_burden,full,Random Forest,0.06934189406099518,0.6412698412698413,0.6810737679493257,0.9049456401073002
high_debt_burden,full,Random Forest,0.0696629213483146,0.6412698412698413,0.6809380109462178,0.9049456401073002
high_debt_burden,full,Random Forest,0.0696629213483146,0.6426303854875284,0.6805344294063214,0.9049456401073002
high_debt_burden,full,Random Forest,0.07126805778491171,0.6426303854875284,0.68010549197744,0.9049456401073002
high_debt_burden,full,Random Forest,0.07126805778491171,0.6453514739229025,0.6793954590571283,0.9049456401073002
high_debt_burden,full,Random Forest,0.07158908507223113,0.6453514739229025,0.6790429063811387,0.9049456401073002
high_debt_burden,full,Random Forest,0.07158908507223113,0.6458049886621315,0.6788916502275858,0.9049456401073002
high_debt_burden,full,Random Forest,0.07223113964686999,0.6458049886621315,0.6786153883646736,0.9049456401073002
high_debt_burden,full,Random Forest,0.07223113964686999,0.6507936507936508,0.6767825299396913,0.9049456401073002
high_debt_burden,full,Random Forest,0.07287319422150883,0.6507936507936508,0.6764331354914696,0.9049456401073002
high_debt_burden,full,Random Forest,0.07287319422150883,0.6517006802721088,0.6759474168069471,0.9049456401073002
high_debt_burden,full,Random Forest,0.07319422150882825,0.6517006802721088,0.6757999155035441,0.9049456401073002
high_debt_burden,full,Random Forest,0.07319422150882825,0.6521541950113379,0.6757374900970793,0.9049456401073002
high_debt_burden,full,Random Forest,0.07351524879614767,0.6521541950113379,0.6756861101063947,0.9049456401073002
high_debt_burden,full,Random Forest,0.07351524879614767,0.6530612244897959,0.6753939798369127,0.9049456401073002
high_debt_burden,full,Random Forest,0.0738362760834671,0.6530612244897959,0.6748806985708226,0.9049456401073002
high_debt_burden,full,Random Forest,0.0738362760834671,0.6575963718820862,0.6744194524850584,0.9049456401073002
high_debt_burden,full,Random Forest,0.07415730337078652,0.6575963718820862,0.6743605042694242,0.9049456401073002
high_debt_burden,full,Random Forest,0.07415730337078652,0.6580498866213151,0.6743335244077225,0.9049456401073002
high_debt_burden,full,Random Forest,0.07479935794542536,0.6580498866213151,0.6740241011531724,0.9049456401073002
high_debt_burden,full,Random Forest,0.07479935794542536,0.6607709750566894,0.6731693992047874,0.9049456401073002
high_debt_burden,full,Random Forest,0.0754414125200642,0.6607709750566894,0.6728725004662295,0.9049456401073002
high_debt_burden,full,Random Forest,0.0754414125200642,0.6630385487528345,0.671930993987404,0.9049456401073002
high_debt_burden,full,Random Forest,0.07576243980738363,0.6630385487528345,0.671728045974535,0.9049456401073002
high_debt_burden,full,Random Forest,0.07576243980738363,0.6634920634920635,0.6716658807234657,0.9049456401073002
high_debt_burden,full,Random Forest,0.07640449438202247,0.6634920634920635,0.6714179866007857,0.9049456401073002
high_debt_burden,full,Random Forest,0.07640449438202247,0.6653061224489796,0.6707449468735048,0.9049456401073002
high_debt_burden,full,Random Forest,0.07704654895666131,0.6653061224489796,0.6703478656191855,0.9049456401073002
high_debt_burden,full,Random Forest,0.07704654895666131,0.6698412698412698,0.6686595138733671,0.9049456401073002
high_debt_burden,full,Random Forest,0.07736757624398073,0.6698412698412698,0.6686116132719869,0.9049456401073002
high_debt_burden,full,Random Forest,0.07736757624398073,0.6707482993197279,0.6683657898774524,0.9049456401073002
high_debt_burden,full,Random Forest,0.07768860353130017,0.6707482993197279,0.6680472760079396,0.9049456401073002
high_debt_burden,full,Random Forest,0.07768860353130017,0.6743764172335601,0.6670855146528415,0.9049456401073002
high_debt_burden,full,Random Forest,0.07800963081861959,0.6743764172335601,0.6668018723675437,0.9049456401073002
high_debt_burden,full,Random Forest,0.07800963081861959,0.6761904761904762,0.6662105346759676,0.9049456401073002
high_debt_burden,full,Random Forest,0.078330658105939,0.6761904761904762,0.6661901843276156,0.9049456401073002
high_debt_burden,full,Random Forest,0.078330658105939,0.6775510204081633,0.6657838089513992,0.9049456401073002
high_debt_burden,full,Random Forest,0.07865168539325842,0.6775510204081633,0.6656295715122783,0.9049456401073002
high_debt_burden,full,Random Forest,0.07865168539325842,0.6780045351473923,0.6656285942661635,0.9049456401073002
high_debt_burden,full,Random Forest,0.07897271268057784,0.6780045351473923,0.6654594061982998,0.9049456401073002
high_debt_burden,full,Random Forest,0.07897271268057784,0.6807256235827664,0.6646077874246741,0.9049456401073002
high_debt_burden,full,Random Forest,0.07929373996789728,0.6807256235827664,0.664573830836625,0.9049456401073002
high_debt_burden,full,Random Forest,0.07929373996789728,0.6811791383219955,0.6645547960770176,0.9049456401073002
high_debt_burden,full,Random Forest,0.07993579454253612,0.6811791383219955,0.6642555290553255,0.9049456401073002
high_debt_burden,full,Random Forest,0.07993579454253612,0.6839002267573696,0.6635673817310352,0.9049456401073002
high_debt_burden,full,Random Forest,0.08025682182985554,0.6839002267573696,0.6634813786511962,0.9049456401073002
high_debt_burden,full,Random Forest,0.08025682182985554,0.6843537414965987,0.6632219979181244,0.9049456401073002
high_debt_burden,full,Random Forest,0.08057784911717496,0.6843537414965987,0.6631781046345603,0.9049456401073002
high_debt_burden,full,Random Forest,0.08057784911717496,0.6857142857142857,0.6629733729929044,0.9049456401073002
high_debt_burden,full,Random Forest,0.08121990369181381,0.6857142857142857,0.6618970758654378,0.9049456401073002
high_debt_burden,full,Random Forest,0.08121990369181381,0.6866213151927437,0.6616391228136913,0.9049456401073002
high_debt_burden,full,Random Forest,0.08154093097913323,0.6866213151927437,0.6612364519841036,0.9049456401073002
high_debt_burden,full,Random Forest,0.08154093097913323,0.6875283446712018,0.6609643971095042,0.9049456401073002
high_debt_burden,full,Random Forest,0.08218298555377207,0.6875283446712018,0.6601834072405705,0.9049456401073002
high_debt_burden,full,Random Forest,0.08218298555377207,0.6893424036281179,0.6595154578825209,0.9049456401073002
high_debt_burden,full,Random Forest,0.08282504012841091,0.6893424036281179,0.6587971229136396,0.9049456401073002
high_debt_burden,full,Random Forest,0.08282504012841091,0.691156462585034,0.6576302013349657,0.9049456401073002
high_debt_burden,full,Random Forest,0.08314606741573034,0.691156462585034,0.6574066546064766,0.9049456401073002
high_debt_burden,full,Random Forest,0.08314606741573034,0.691609977324263,0.6573079463368245,0.9049456401073002
high_debt_burden,full,Random Forest,0.08346709470304976,0.691609977324263,0.6572396623757597,0.9049456401073002
high_debt_burden,full,Random Forest,0.08346709470304976,0.6925170068027211,0.6569296413295705,0.9049456401073002
high_debt_burden,full,Random Forest,0.08378812199036918,0.6925170068027211,0.6569268127380306,0.9049456401073002
high_debt_burden,full,Random Forest,0.08378812199036918,0.6934240362811791,0.6563297241371921,0.9049456401073002
high_debt_burden,full,Random Forest,0.0841091492776886,0.6934240362811791,0.6560974865624604,0.9049456401073002
high_debt_burden,full,Random Forest,0.0841091492776886,0.6984126984126984,0.6541156755711385,0.9049456401073002
high_debt_burden,full,Random Forest,0.08443017656500802,0.6984126984126984,0.6538795081320151,0.9049456401073002
high_debt_burden,full,Random Forest,0.08443017656500802,0.7015873015873015,0.6530012384823732,0.9049456401073002
high_debt_burden,full,Random Forest,0.08507223113964688,0.7015873015873015,0.6526371800395284,0.9049456401073002
high_debt_burden,full,Random Forest,0.08507223113964688,0.7038548752834467,0.6516365984305322,0.9049456401073002
high_debt_burden,full,Random Forest,0.0853932584269663,0.7038548752834467,0.6509635006814575,0.9049456401073002
high_debt_burden,full,Random Forest,0.0853932584269663,0.708843537414966,0.6489099260585962,0.9049456401073002
high_debt_burden,full,Random Forest,0.08571428571428572,0.708843537414966,0.648566465437904,0.9049456401073002
high_debt_burden,full,Random Forest,0.08571428571428572,0.710204081632653,0.6480461127621662,0.9049456401073002
high_debt_burden,full,Random Forest,0.08667736757624397,0.710204081632653,0.6480166967556368,0.9049456401073002
high_debt_burden,full,Random Forest,0.08667736757624397,0.7111111111111111,0.6478565486709841,0.9049456401073002
high_debt_burden,full,Random Forest,0.08731942215088283,0.7111111111111111,0.647766465577099,0.9049456401073002
high_debt_burden,full,Random Forest,0.08731942215088283,0.7179138321995465,0.6432979443694032,0.9049456401073002
high_debt_burden,full,Random Forest,0.08764044943820225,0.7179138321995465,0.643047624832783,0.9049456401073002
high_debt_burden,full,Random Forest,0.08764044943820225,0.7183673469387755,0.6426529650087387,0.9049456401073002
high_debt_burden,full,Random Forest,0.08796147672552167,0.7183673469387755,0.6426423038693523,0.9049456401073002
high_debt_burden,full,Random Forest,0.08796147672552167,0.7229024943310658,0.6410448080231067,0.9049456401073002
high_debt_burden,full,Random Forest,0.08828250401284109,0.7229024943310658,0.6408548591668161,0.9049456401073002
high_debt_burden,full,Random Forest,0.08828250401284109,0.7233560090702947,0.6407751655877292,0.9049456401073002
high_debt_burden,full,Random Forest,0.0886035313001605,0.7233560090702947,0.6403792310967152,0.9049456401073002
high_debt_burden,full,Random Forest,0.0886035313001605,0.7251700680272108,0.6381810552705452,0.9049456401073002
high_debt_burden,full,Random Forest,0.08892455858747994,0.7251700680272108,0.6378598061184907,0.9049456401073002
high_debt_burden,full,Random Forest,0.08892455858747994,0.726077097505669,0.6368112288646939,0.9049456401073002
high_debt_burden,full,Random Forest,0.08924558587479936,0.726077097505669,0.6368051436669409,0.9049456401073002
high_debt_burden,full,Random Forest,0.08924558587479936,0.727437641723356,0.6364558008623621,0.9049456401073002
high_debt_burden,full,Random Forest,0.08956661316211878,0.727437641723356,0.6363763874606236,0.9049456401073002
high_debt_burden,full,Random Forest,0.08956661316211878,0.728344671201814,0.6359142680584161,0.9049456401073002
high_debt_burden,full,Random Forest,0.0898876404494382,0.728344671201814,0.6358318319391384,0.9049456401073002
high_debt_burden,full,Random Forest,0.0898876404494382,0.7292517006802721,0.6357168234686688,0.9049456401073002
high_debt_burden,full,Random Forest,0.09052969502407705,0.7292517006802721,0.6356220593219454,0.9049456401073002
high_debt_burden,full,Random Forest,0.09052969502407705,0.7324263038548753,0.6334474953848832,0.9049456401073002
high_debt_burden,full,Random Forest,0.09085072231139647,0.7324263038548753,0.6334129884103988,0.9049456401073002
high_debt_burden,full,Random Forest,0.09085072231139647,0.7333333333333333,0.6326190443236421,0.9049456401073002
high_debt_burden,full,Random Forest,0.09117174959871589,0.7333333333333333,0.6325277505010012,0.9049456401073002
high_debt_burden,full,Random Forest,0.09117174959871589,0.7346938775510204,0.6319077443211922,0.9049456401073002
high_debt_burden,full,Random Forest,0.09149277688603531,0.7346938775510204,0.631768623568925,0.9049456401073002
high_debt_burden,full,Random Forest,0.09149277688603531,0.7356009070294784,0.6304202618424969,0.9049456401073002
high_debt_burden,full,Random Forest,0.092776886035313,0.7356009070294784,0.6291578628518409,0.9049456401073002
high_debt_burden,full,Random Forest,0.092776886035313,0.7369614512471655,0.6279671995287953,0.9049456401073002
high_debt_burden,full,Random Forest,0.09309791332263243,0.7369614512471655,0.627928319525053,0.9049456401073002
high_debt_burden,full,Random Forest,0.09309791332263243,0.7405895691609977,0.6262523625678816,0.9049456401073002
high_debt_burden,full,Random Forest,0.09341894060995184,0.7405895691609977,0.6262049801290398,0.9049456401073002
high_debt_burden,full,Random Forest,0.09341894060995184,0.7437641723356009,0.6251157782818653,0.9049456401073002
high_debt_burden,full,Random Forest,0.09406099518459068,0.7437641723356009,0.6249831126959057,0.9049456401073002
high_debt_burden,full,Random Forest,0.09406099518459068,0.744671201814059,0.6246743064295173,0.9049456401073002
high_debt_burden,full,Random Forest,0.09470304975922954,0.744671201814059,0.624322753846459,0.9049456401073002
high_debt_burden,full,Random Forest,0.09470304975922954,0.7464852607709751,0.6236423362357321,0.9049456401073002
high_debt_burden,full,Random Forest,0.09534510433386838,0.7464852607709751,0.6234165935737644,0.9049456401073002
high_debt_burden,full,Random Forest,0.09534510433386838,0.7473922902494331,0.6230720993630796,0.9049456401073002
high_debt_burden,full,Random Forest,0.0956661316211878,0.7473922902494331,0.6222714155671663,0.9049456401073002
high_debt_burden,full,Random Forest,0.0956661316211878,0.7492063492063492,0.62200457381522,0.9049456401073002
high_debt_burden,full,Random Forest,0.09598715890850722,0.7492063492063492,0.6219118531647354,0.9049456401073002
high_debt_burden,full,Random Forest,0.09598715890850722,0.7510204081632653,0.6212354844023344,0.9049456401073002
high_debt_burden,full,Random Forest,0.09630818619582665,0.7510204081632653,0.6210879925329892,0.9049456401073002
high_debt_burden,full,Random Forest,0.09630818619582665,0.7532879818594105,0.620536983423548,0.9049456401073002
high_debt_burden,full,Random Forest,0.09662921348314607,0.7532879818594105,0.6202906218911017,0.9049456401073002
high_debt_burden,full,Random Forest,0.09662921348314607,0.7537414965986394,0.62028823473203,0.9049456401073002
high_debt_burden,full,Random Forest,0.09695024077046549,0.7537414965986394,0.6197180402063702,0.9049456401073002
high_debt_burden,full,Random Forest,0.09695024077046549,0.7546485260770975,0.6194572547584638,0.9049456401073002
high_debt_burden,full,Random Forest,0.09727126805778491,0.7546485260770975,0.6189591911963497,0.9049456401073002
high_debt_burden,full,Random Forest,0.09727126805778491,0.7551020408163265,0.6188724505336533,0.9049456401073002
high_debt_burden,full,Random Forest,0.09759229534510433,0.7551020408163265,0.6187853744298912,0.9049456401073002
high_debt_burden,full,Random Forest,0.09759229534510433,0.7560090702947846,0.6185779575968368,0.9049456401073002
high_debt_burden,full,Random Forest,0.09791332263242375,0.7560090702947846,0.6185122958824941,0.9049456401073002
high_debt_burden,full,Random Forest,0.09791332263242375,0.7564625850340136,0.6185054900071861,0.9049456401073002
high_debt_burden,full,Random Forest,0.09823434991974318,0.7564625850340136,0.6177795278409279,0.9049456401073002
high_debt_burden,full,Random Forest,0.09823434991974318,0.7587301587301587,0.6165701350733234,0.9049456401073002
high_debt_burden,full,Random Forest,0.0985553772070626,0.7587301587301587,0.6165639517557117,0.9049456401073002
high_debt_burden,full,Random Forest,0.0985553772070626,0.7596371882086168,0.6164428271671409,0.9049456401073002
high_debt_burden,full,Random Forest,0.09887640449438202,0.7596371882086168,0.6163259082978397,0.9049456401073002
high_debt_burden,full,Random Forest,0.09887640449438202,0.7605442176870748,0.6156261585630992,0.9049456401073002
high_debt_burden,full,Random Forest,0.09919743178170144,0.7605442176870748,0.6145677529067317,0.9049456401073002
high_debt_burden,full,Random Forest,0.09919743178170144,0.7609977324263039,0.6143963751791334,0.9049456401073002
high_debt_burden,full,Random Forest,0.09951845906902086,0.7609977324263039,0.6140019684482767,0.9049456401073002
high_debt_burden,full,Random Forest,0.09951845906902086,0.7623582766439909,0.6133464672286566,0.9049456401073002
high_debt_burden,full,Random Forest,0.0998394863563403,0.7623582766439909,0.612796612049596,0.9049456401073002
high_debt_burden,full,Random Forest,0.0998394863563403,0.765079365079365,0.6119859348118669,0.9049456401073002
high_debt_burden,full,Random Forest,0.10016051364365972,0.765079365079365,0.6117611112744471,0.9049456401073002
high_debt_burden,full,Random Forest,0.10016051364365972,0.7655328798185941,0.6115899068197667,0.9049456401073002
high_debt_burden,full,Random Forest,0.10048154093097914,0.7655328798185941,0.6114805792824592,0.9049456401073002
high_debt_burden,full,Random Forest,0.10048154093097914,0.7659863945578231,0.611450440745018,0.9049456401073002
high_debt_burden,full,Random Forest,0.1014446227929374,0.7659863945578231,0.610880432590055,0.9049456401073002
high_debt_burden,full,Random Forest,0.1014446227929374,0.7673469387755102,0.6104989788518559,0.9049456401073002
high_debt_burden,full,Random Forest,0.10176565008025683,0.7673469387755102,0.6101005015728934,0.9049456401073002
high_debt_burden,full,Random Forest,0.10176565008025683,0.7687074829931972,0.6089712704214063,0.9049456401073002
high_debt_burden,full,Random Forest,0.10208667736757625,0.7687074829931972,0.608546335930973,0.9049456401073002
high_debt_burden,full,Random Forest,0.10208667736757625,0.7718820861678004,0.6057678036745958,0.9049456401073002
high_debt_burden,full,Random Forest,0.10240770465489567,0.7718820861678004,0.6054451386134244,0.9049456401073002
high_debt_burden,full,Random Forest,0.10240770465489567,0.7727891156462585,0.6046263256394175,0.9049456401073002
high_debt_burden,full,Random Forest,0.10272873194221509,0.7727891156462585,0.6041981867410746,0.9049456401073002
high_debt_burden,full,Random Forest,0.10272873194221509,0.7736961451247165,0.6035513265345094,0.9049456401073002
high_debt_burden,full,Random Forest,0.10369181380417336,0.7736961451247165,0.6022173870202076,0.9049456401073002
high_debt_burden,full,Random Forest,0.10369181380417336,0.7741496598639456,0.6022037689884766,0.9049456401073002
high_debt_burden,full,Random Forest,0.10401284109149278,0.7741496598639456,0.60213337229887,0.9049456401073002
high_debt_burden,full,Random Forest,0.10401284109149278,0.7755102040816326,0.6016700039427131,0.9049456401073002
high_debt_burden,full,Random Forest,0.1043338683788122,0.7755102040816326,0.6015823160363699,0.9049456401073002
high_debt_burden,full,Random Forest,0.1043338683788122,0.7768707482993197,0.6005323794882992,0.9049456401073002
high_debt_burden,full,Random Forest,0.10465489566613162,0.7768707482993197,0.6003374255977205,0.9049456401073002
high_debt_burden,full,Random Forest,0.10465489566613162,0.7791383219954648,0.5983727838008804,0.9049456401073002
high_debt_burden,full,Random Forest,0.10497592295345104,0.7791383219954648,0.5977355093357227,0.9049456401073002
high_debt_burden,full,Random Forest,0.10497592295345104,0.7804988662131519,0.5972661209665925,0.9049456401073002
high_debt_burden,full,Random Forest,0.10561797752808989,0.7804988662131519,0.5970046296194855,0.9049456401073002
high_debt_burden,full,Random Forest,0.10561797752808989,0.780952380952381,0.5967869743893733,0.9049456401073002
high_debt_burden,full,Random Forest,0.10593900481540931,0.780952380952381,0.5967427127089351,0.9049456401073002
high_debt_burden,full,Random Forest,0.10593900481540931,0.781859410430839,0.5957592552485057,0.9049456401073002
high_debt_burden,full,Random Forest,0.10626003210272873,0.781859410430839,0.5957267105843453,0.9049456401073002
high_debt_burden,full,Random Forest,0.10626003210272873,0.7832199546485261,0.595358690241849,0.9049456401073002
high_debt_burden,full,Random Forest,0.10658105939004815,0.7832199546485261,0.59523074570091,0.9049456401073002
high_debt_burden,full,Random Forest,0.10658105939004815,0.7836734693877551,0.5950128225599413,0.9049456401073002
high_debt_burden,full,Random Forest,0.10722311396468699,0.7836734693877551,0.5945763231724919,0.9049456401073002
high_debt_burden,full,Random Forest,0.10722311396468699,0.7841269841269841,0.5944161054307748,0.9049456401073002
high_debt_burden,full,Random Forest,0.10914927768860354,0.7841269841269841,0.5900085076039278,0.9049456401073002
high_debt_burden,full,Random Forest,0.10914927768860354,0.7850340136054422,0.589149128360785,0.9049456401073002
high_debt_burden,full,Random Forest,0.10979133226324238,0.7850340136054422,0.5882216324571469,0.9049456401073002
high_debt_burden,full,Random Forest,0.10979133226324238,0.7859410430839002,0.5880933026061687,0.9049456401073002
high_debt_burden,full,Random Forest,0.1101123595505618,0.7859410430839002,0.5880875909142484,0.9049456401073002
high_debt_burden,full,Random Forest,0.1101123595505618,0.7886621315192743,0.5855030150531101,0.9049456401073002
high_debt_burden,full,Random Forest,0.11043338683788122,0.7886621315192743,0.5849903066122147,0.9049456401073002
high_debt_burden,full,Random Forest,0.11043338683788122,0.7891156462585034,0.5844759021396525,0.9049456401073002
high_debt_burden,full,Random Forest,0.11075441412520064,0.7891156462585034,0.5838627297961309,0.9049456401073002
high_debt_burden,full,Random Forest,0.11075441412520064,0.7895691609977324,0.5836614578725131,0.9049456401073002
high_debt_burden,full,Random Forest,0.11203852327447833,0.7895691609977324,0.5813657283690788,0.9049456401073002
high_debt_burden,full,Random Forest,0.11203852327447833,0.7909297052154195,0.5805029931473399,0.9049456401073002
high_debt_burden,full,Random Forest,0.11235955056179775,0.7909297052154195,0.5804472880606771,0.9049456401073002
high_debt_burden,full,Random Forest,0.11235955056179775,0.7936507936507936,0.5787264698681147,0.9049456401073002
high_debt_burden,full,Random Forest,0.11364365971107544,0.7936507936507936,0.577989086774062,0.9049456401073002
high_debt_burden,full,Random Forest,0.11364365971107544,0.7941043083900227,0.5775321736787025,0.9049456401073002
high_debt_burden,full,Random Forest,0.11396468699839486,0.7941043083900227,0.5774397451721559,0.9049456401073002
high_debt_burden,full,Random Forest,0.11396468699839486,0.7945578231292517,0.5774023503880991,0.9049456401073002
high_debt_burden,full,Random Forest,0.11428571428571428,0.7945578231292517,0.5773868611759746,0.9049456401073002
high_debt_burden,full,Random Forest,0.11428571428571428,0.8018140589569162,0.5727035060820023,0.9049456401073002
high_debt_burden,full,Random Forest,0.11492776886035314,0.8018140589569162,0.5712559010323538,0.9049456401073002
high_debt_burden,full,Random Forest,0.11492776886035314,0.8031746031746032,0.5710910456523034,0.9049456401073002
high_debt_burden,full,Random Forest,0.11621187800963081,0.8031746031746032,0.5697763613166752,0.9049456401073002
high_debt_burden,full,Random Forest,0.11621187800963081,0.8045351473922903,0.5680369972139385,0.9049456401073002
high_debt_burden,full,Random Forest,0.11653290529695023,0.8045351473922903,0.5678396775826783,0.9049456401073002
high_debt_burden,full,Random Forest,0.11653290529695023,0.8054421768707483,0.5672365936073113,0.9049456401073002
high_debt_burden,full,Random Forest,0.11685393258426967,0.8054421768707483,0.566264017498288,0.9049456401073002
high_debt_burden,full,Random Forest,0.11685393258426967,0.8108843537414966,0.560537316094083,0.9049456401073002
high_debt_burden,full,Random Forest,0.11717495987158909,0.8108843537414966,0.5601154750583188,0.9049456401073002
high_debt_burden,full,Random Forest,0.11717495987158909,0.8117913832199547,0.5597528898585423,0.9049456401073002
high_debt_burden,full,Random Forest,0.11781701444622793,0.8117913832199547,0.5592335876872283,0.9049456401073002
high_debt_burden,full,Random Forest,0.11781701444622793,0.8122448979591836,0.5583455829580524,0.9049456401073002
high_debt_burden,full,Random Forest,0.11845906902086677,0.8122448979591836,0.5576356234810173,0.9049456401073002
high_debt_burden,full,Random Forest,0.11845906902086677,0.816780045351474,0.5539786486898736,0.9049456401073002
high_debt_burden,full,Random Forest,0.1187800963081862,0.816780045351474,0.5535706016862229,0.9049456401073002
high_debt_burden,full,Random Forest,0.1187800963081862,0.818140589569161,0.5530630588952835,0.9049456401073002
high_debt_burden,full,Random Forest,0.11910112359550562,0.818140589569161,0.5526151151930376,0.9049456401073002
high_debt_burden,full,Random Forest,0.11910112359550562,0.81859410430839,0.5503417578652817,0.9049456401073002
high_debt_burden,full,Random Forest,0.11942215088282504,0.81859410430839,0.5501495425492612,0.9049456401073002
high_debt_burden,full,Random Forest,0.11942215088282504,0.8217687074829932,0.5480323636207749,0.9049456401073002
high_debt_burden,full,Random Forest,0.11974317817014446,0.8217687074829932,0.5474083947380599,0.9049456401073002
high_debt_burden,full,Random Forest,0.11974317817014446,0.8222222222222222,0.546288359499237,0.9049456401073002
high_debt_burden,full,Random Forest,0.12006420545746388,0.8222222222222222,0.5460819819273849,0.9049456401073002
high_debt_burden,full,Random Forest,0.12006420545746388,0.8226757369614512,0.5459910165694166,0.9049456401073002
high_debt_burden,full,Random Forest,0.12038523274478331,0.8226757369614512,0.5456889944478746,0.9049456401073002
high_debt_burden,full,Random Forest,0.12038523274478331,0.8231292517006803,0.5445253355971783,0.9049456401073002
high_debt_burden,full,Random Forest,0.12070626003210273,0.8231292517006803,0.5442425570054474,0.9049456401073002
high_debt_burden,full,Random Forest,0.12070626003210273,0.8235827664399092,0.5437224830433214,0.9049456401073002
high_debt_burden,full,Random Forest,0.12102728731942215,0.8235827664399092,0.5421723335545491,0.9049456401073002
high_debt_burden,full,Random Forest,0.12102728731942215,0.8249433106575964,0.5407688101761746,0.9049456401073002
high_debt_burden,full,Random Forest,0.12166934189406099,0.8249433106575964,0.5391934354303803,0.9049456401073002
high_debt_burden,full,Random Forest,0.12166934189406099,0.8272108843537415,0.5380176590552664,0.9049456401073002
high_debt_burden,full,Random Forest,0.12199036918138041,0.8272108843537415,0.5375273230935583,0.9049456401073002
high_debt_burden,full,Random Forest,0.12199036918138041,0.8340136054421768,0.533083713057173,0.9049456401073002
high_debt_burden,full,Random Forest,0.12231139646869985,0.8340136054421768,0.5328379800117713,0.9049456401073002
high_debt_burden,full,Random Forest,0.12231139646869985,0.8344671201814059,0.5326524888765666,0.9049456401073002
high_debt_burden,full,Random Forest,0.12263242375601927,0.8344671201814059,0.5316900142759297,0.9049456401073002
high_debt_burden,full,Random Forest,0.12263242375601927,0.8353741496598639,0.5311828874828696,0.9049456401073002
high_debt_burden,full,Random Forest,0.12295345104333869,0.8353741496598639,0.5307765133903446,0.9049456401073002
high_debt_burden,full,Random Forest,0.12295345104333869,0.836281179138322,0.5305816876550548,0.9049456401073002
high_debt_burden,full,Random Forest,0.12359550561797752,0.836281179138322,0.5302372033695619,0.9049456401073002
high_debt_burden,full,Random Forest,0.12359550561797752,0.83718820861678,0.5280981749299437,0.9049456401073002
high_debt_burden,full,Random Forest,0.12391653290529694,0.83718820861678,0.5256309399236742,0.9049456401073002
high_debt_burden,full,Random Forest,0.12391653290529694,0.8380952380952381,0.5249509023777058,0.9049456401073002
high_debt_burden,full,Random Forest,0.12423756019261638,0.8380952380952381,0.5246270466075974,0.9049456401073002
high_debt_burden,full,Random Forest,0.12423756019261638,0.8385487528344672,0.5237448458408094,0.9049456401073002
high_debt_burden,full,Random Forest,0.1245585874799358,0.8385487528344672,0.5229988799699761,0.9049456401073002
high_debt_burden,full,Random Forest,0.1245585874799358,0.8390022675736961,0.5228819892667342,0.9049456401073002
high_debt_burden,full,Random Forest,0.12487961476725522,0.8390022675736961,0.522233668090048,0.9049456401073002
high_debt_burden,full,Random Forest,0.12487961476725522,0.8417233560090703,0.5141926761785103,0.9049456401073002
high_debt_burden,full,Random Forest,0.1261637239165329,0.8417233560090703,0.5116082827218693,0.9049456401073002
high_debt_burden,full,Random Forest,0.1261637239165329,0.8426303854875283,0.5111211556245445,0.9049456401073002
high_debt_burden,full,Random Forest,0.12648475120385233,0.8426303854875283,0.510754959116715,0.9049456401073002
high_debt_burden,full,Random Forest,0.12648475120385233,0.8439909297052154,0.5067793885818491,0.9049456401073002
high_debt_burden,full,Random Forest,0.12680577849117175,0.8439909297052154,0.5066955392319886,0.9049456401073002
high_debt_burden,full,Random Forest,0.12680577849117175,0.8444444444444444,0.5058136831950254,0.9049456401073002
high_debt_burden,full,Random Forest,0.12712680577849117,0.8444444444444444,0.5054585364336122,0.9049456401073002
high_debt_burden,full,Random Forest,0.12712680577849117,0.8448979591836735,0.5052782271860077,0.9049456401073002
high_debt_burden,full,Random Forest,0.1274478330658106,0.8448979591836735,0.5051024235689295,0.9049456401073002
high_debt_burden,full,Random Forest,0.1274478330658106,0.8458049886621315,0.5026363629608597,0.9049456401073002
high_debt_burden,full,Random Forest,0.12808988764044943,0.8458049886621315,0.5023093918117291,0.9049456401073002
high_debt_burden,full,Random Forest,0.12808988764044943,0.8462585034013606,0.5023085313325246,0.9049456401073002
high_debt_burden,full,Random Forest,0.12841091492776885,0.8462585034013606,0.5022654781490933,0.9049456401073002
high_debt_burden,full,Random Forest,0.12841091492776885,0.8471655328798186,0.4998671524743644,0.9049456401073002
high_debt_burden,full,Random Forest,0.12937399678972714,0.8471655328798186,0.4967440199571581,0.9049456401073002
high_debt_burden,full,Random Forest,0.12937399678972714,0.8498866213151928,0.49360952718982776,0.9049456401073002
high_debt_burden,full,Random Forest,0.12969502407704656,0.8498866213151928,0.4928270019540642,0.9049456401073002
high_debt_burden,full,Random Forest,0.12969502407704656,0.8526077097505669,0.48902798570834904,0.9049456401073002
high_debt_burden,full,Random Forest,0.13097913322632423,0.8526077097505669,0.48411912442136745,0.9049456401073002
high_debt_burden,full,Random Forest,0.13097913322632423,0.8530612244897959,0.48361770265746,0.9049456401073002
high_debt_burden,full,Random Forest,0.13130016051364365,0.8530612244897959,0.4826521487257232,0.9049456401073002
high_debt_burden,full,Random Forest,0.13130016051364365,0.853514739229025,0.4817181411705306,0.9049456401073002
high_debt_burden,full,Random Forest,0.1319422150882825,0.853514739229025,0.47893507206392094,0.9049456401073002
high_debt_burden,full,Random Forest,0.1319422150882825,0.8539682539682539,0.4788807939910037,0.9049456401073002
high_debt_burden,full,Random Forest,0.1322632423756019,0.8539682539682539,0.47822953931828704,0.9049456401073002
high_debt_burden,full,Random Forest,0.1322632423756019,0.854421768707483,0.47811052899162565,0.9049456401073002
high_debt_burden,full,Random Forest,0.13258426966292136,0.854421768707483,0.47548384136523025,0.9049456401073002
high_debt_burden,full,Random Forest,0.13258426966292136,0.854875283446712,0.475358594555382,0.9049456401073002
high_debt_burden,full,Random Forest,0.13354735152487962,0.854875283446712,0.47390870351125575,0.9049456401073002
high_debt_burden,full,Random Forest,0.13354735152487962,0.85578231292517,0.47133813035109434,0.9049456401073002
high_debt_burden,full,Random Forest,0.13418940609951846,0.85578231292517,0.4706337303401414,0.9049456401073002
high_debt_burden,full,Random Forest,0.13418940609951846,0.8575963718820862,0.469134144989495,0.9049456401073002
high_debt_burden,full,Random Forest,0.13451043338683788,0.8575963718820862,0.4679881557577948,0.9049456401073002
high_debt_burden,full,Random Forest,0.13451043338683788,0.8589569160997732,0.46742565348756915,0.9049456401073002
high_debt_burden,full,Random Forest,0.1348314606741573,0.8589569160997732,0.46649531751335427,0.9049456401073002
high_debt_burden,full,Random Forest,0.1348314606741573,0.8607709750566893,0.4650956204789088,0.9049456401073002
high_debt_burden,full,Random Forest,0.13547351524879614,0.8607709750566893,0.4641136227029552,0.9049456401073002
high_debt_burden,full,Random Forest,0.13547351524879614,0.8612244897959184,0.4639441625924176,0.9049456401073002
high_debt_burden,full,Random Forest,0.13579454253611556,0.8612244897959184,0.463526855557193,0.9049456401073002
high_debt_burden,full,Random Forest,0.13579454253611556,0.8616780045351474,0.4626768601910834,0.9049456401073002
high_debt_burden,full,Random Forest,0.13643659711075443,0.8616780045351474,0.4624745619401754,0.9049456401073002
high_debt_burden,full,Random Forest,0.13643659711075443,0.8621315192743764,0.4624303611936678,0.9049456401073002
high_debt_burden,full,Random Forest,0.13675762439807385,0.8621315192743764,0.4615929955693635,0.9049456401073002
high_debt_burden,full,Random Forest,0.13675762439807385,0.8625850340136054,0.46038934420498956,0.9049456401073002
high_debt_burden,full,Random Forest,0.1377207062600321,0.8625850340136054,0.45722998790812514,0.9049456401073002
high_debt_burden,full,Random Forest,0.1377207062600321,0.8634920634920635,0.45565276359731455,0.9049456401073002
high_debt_burden,full,Random Forest,0.13804173354735153,0.8634920634920635,0.45539406637514673,0.9049456401073002
high_debt_burden,full,Random Forest,0.13804173354735153,0.8643990929705215,0.45486787997601774,0.9049456401073002
high_debt_burden,full,Random Forest,0.13836276083467094,0.8643990929705215,0.4548365645200839,0.9049456401073002
high_debt_burden,full,Random Forest,0.13836276083467094,0.8653061224489796,0.4545205714902958,0.9049456401073002
high_debt_burden,full,Random Forest,0.13868378812199036,0.8653061224489796,0.45436535854413307,0.9049456401073002
high_debt_burden,full,Random Forest,0.13868378812199036,0.8657596371882086,0.45300100171238633,0.9049456401073002
high_debt_burden,full,Random Forest,0.13964686998394862,0.8657596371882086,0.4509749121424735,0.9049456401073002
high_debt_burden,full,Random Forest,0.13964686998394862,0.8671201814058956,0.449343530239744,0.9049456401073002
high_debt_burden,full,Random Forest,0.1406099518459069,0.8671201814058956,0.4429816970455779,0.9049456401073002
high_debt_burden,full,Random Forest,0.1406099518459069,0.8675736961451247,0.4423983316084699,0.9049456401073002
high_debt_burden,full,Random Forest,0.14285714285714285,0.8675736961451247,0.431720013904466,0.9049456401073002
high_debt_burden,full,Random Forest,0.14285714285714285,0.8680272108843538,0.4315046113017389,0.9049456401073002
high_debt_burden,full,Random Forest,0.1434991974317817,0.8680272108843538,0.4306449598437797,0.9049456401073002
high_debt_burden,full,Random Forest,0.1434991974317817,0.8693877551020408,0.42165286106497546,0.9049456401073002
high_debt_burden,full,Random Forest,0.14382022471910114,0.8693877551020408,0.4213991317018402,0.9049456401073002
high_debt_burden,full,Random Forest,0.14382022471910114,0.8698412698412699,0.4209254346694898,0.9049456401073002
high_debt_burden,full,Random Forest,0.14414125200642056,0.8698412698412699,0.4194433526642616,0.9049456401073002
high_debt_burden,full,Random Forest,0.14414125200642056,0.8702947845804989,0.41674686494367813,0.9049456401073002
high_debt_burden,full,Random Forest,0.14510433386837882,0.8702947845804989,0.41421652763378347,0.9049456401073002
high_debt_burden,full,Random Forest,0.14510433386837882,0.871655328798186,0.4118490422045171,0.9049456401073002
high_debt_burden,full,Random Forest,0.1463884430176565,0.871655328798186,0.408917223770117,0.9049456401073002
high_debt_burden,full,Random Forest,0.1463884430176565,0.872562358276644,0.40533303604792975,0.9049456401073002
high_debt_burden,full,Random Forest,0.14670947030497591,0.872562358276644,0.40515099105521984,0.9049456401073002
high_debt_burden,full,Random Forest,0.14670947030497591,0.873922902494331,0.40258838956304915,0.9049456401073002
high_debt_burden,full,Random Forest,0.14895666131621188,0.873922902494331,0.39813807094151493,0.9049456401073002
high_debt_burden,full,Random Forest,0.14895666131621188,0.8748299319727891,0.39533252645407624,0.9049456401073002
high_debt_burden,full,Random Forest,0.14959871589085072,0.8748299319727891,0.3920680069639727,0.9049456401073002
high_debt_burden,full,Random Forest,0.14959871589085072,0.8752834467120182,0.3904133588500197,0.9049456401073002
high_debt_burden,full,Random Forest,0.1508828250401284,0.8752834467120182,0.38780466288132015,0.9049456401073002
high_debt_burden,full,Random Forest,0.1508828250401284,0.8761904761904762,0.3876428506057118,0.9049456401073002
high_debt_burden,full,Random Forest,0.15152487961476727,0.8761904761904762,0.3873146042265536,0.9049456401073002
high_debt_burden,full,Random Forest,0.15152487961476727,0.8775510204081632,0.3852049335596744,0.9049456401073002
high_debt_burden,full,Random Forest,0.1537720706260032,0.8775510204081632,0.38294621409083096,0.9049456401073002
high_debt_burden,full,Random Forest,0.1537720706260032,0.8780045351473923,0.3824688137980084,0.9049456401073002
high_debt_burden,full,Random Forest,0.15409309791332262,0.8780045351473923,0.3820795732623533,0.9049456401073002
high_debt_burden,full,Random Forest,0.15409309791332262,0.8789115646258503,0.3811989129676412,0.9049456401073002
high_debt_burden,full,Random Forest,0.15441412520064204,0.8789115646258503,0.3795612436501821,0.9049456401073002
high_debt_burden,full,Random Forest,0.15441412520064204,0.8793650793650793,0.3771143750638502,0.9049456401073002
high_debt_burden,full,Random Forest,0.15473515248796146,0.8793650793650793,0.3768698854254589,0.9049456401073002
high_debt_burden,full,Random Forest,0.15473515248796146,0.8802721088435375,0.3745362915236027,0.9049456401073002
high_debt_burden,full,Random Forest,0.15537720706260033,0.8802721088435375,0.37414074972757183,0.9049456401073002
high_debt_burden,full,Random Forest,0.15537720706260033,0.8816326530612245,0.37273876609847273,0.9049456401073002
high_debt_burden,full,Random Forest,0.15601926163723917,0.8816326530612245,0.3726119148525771,0.9049456401073002
high_debt_burden,full,Random Forest,0.15601926163723917,0.8825396825396825,0.3699071121301523,0.9049456401073002
high_debt_burden,full,Random Forest,0.1563402889245586,0.8825396825396825,0.36966125937125605,0.9049456401073002
high_debt_burden,full,Random Forest,0.1563402889245586,0.8829931972789116,0.3692968641440756,0.9049456401073002
high_debt_burden,full,Random Forest,0.15698234349919743,0.8829931972789116,0.367784048808646,0.9049456401073002
high_debt_burden,full,Random Forest,0.15698234349919743,0.8834467120181406,0.36748280986594895,0.9049456401073002
high_debt_burden,full,Random Forest,0.15730337078651685,0.8834467120181406,0.36681708764082943,0.9049456401073002
high_debt_burden,full,Random Forest,0.15730337078651685,0.8839002267573696,0.36632812415484206,0.9049456401073002
high_debt_burden,full,Random Forest,0.1592295345104334,0.8839002267573696,0.3627927537998405,0.9049456401073002
high_debt_burden,full,Random Forest,0.1592295345104334,0.8843537414965986,0.36268840789306,0.9049456401073002
high_debt_burden,full,Random Forest,0.15955056179775282,0.8843537414965986,0.3611780111185033,0.9049456401073002
high_debt_burden,full,Random Forest,0.15955056179775282,0.8848072562358277,0.3610684403116031,0.9049456401073002
high_debt_burden,full,Random Forest,0.16019261637239166,0.8848072562358277,0.36053810090492155,0.9049456401073002
high_debt_burden,full,Random Forest,0.16019261637239166,0.8852607709750567,0.3603591036785937,0.9049456401073002
high_debt_burden,full,Random Forest,0.1608346709470305,0.8852607709750567,0.35897835130869366,0.9049456401073002
high_debt_burden,full,Random Forest,0.1608346709470305,0.8857142857142857,0.35816976853771154,0.9049456401073002
high_debt_burden,full,Random Forest,0.16115569823434991,0.8857142857142857,0.3581220656474085,0.9049456401073002
high_debt_burden,full,Random Forest,0.16115569823434991,0.8861678004535147,0.3555856434156812,0.9049456401073002
high_debt_burden,full,Random Forest,0.16147672552166933,0.8861678004535147,0.35519766970257133,0.9049456401073002
high_debt_burden,full,Random Forest,0.16147672552166933,0.8866213151927438,0.3532964549895134,0.9049456401073002
high_debt_burden,full,Random Forest,0.16243980738362762,0.8866213151927438,0.3482889712646171,0.9049456401073002
high_debt_burden,full,Random Forest,0.16243980738362762,0.8870748299319728,0.34790931269577696,0.9049456401073002
high_debt_burden,full,Random Forest,0.16436597110754414,0.8870748299319728,0.3416471494113503,0.9049456401073002
high_debt_burden,full,Random Forest,0.16436597110754414,0.8875283446712018,0.3412914223214729,0.9049456401073002
high_debt_burden,full,Random Forest,0.1653290529695024,0.8875283446712018,0.340321656246336,0.9049456401073002
high_debt_burden,full,Random Forest,0.1653290529695024,0.8884353741496599,0.3368243213828323,0.9049456401073002
high_debt_burden,full,Random Forest,0.16565008025682182,0.8884353741496599,0.3367594644309688,0.9049456401073002
high_debt_burden,full,Random Forest,0.16565008025682182,0.8888888888888888,0.3363190130094117,0.9049456401073002
high_debt_burden,full,Random Forest,0.16597110754414124,0.8888888888888888,0.33629090600679545,0.9049456401073002
high_debt_burden,full,Random Forest,0.16597110754414124,0.8893424036281179,0.3344359169732926,0.9049456401073002
high_debt_burden,full,Random Forest,0.16693418940609953,0.8893424036281179,0.3317631320699385,0.9049456401073002
high_debt_burden,full,Random Forest,0.16693418940609953,0.890249433106576,0.32957727804292897,0.9049456401073002
high_debt_burden,full,Random Forest,0.16757624398073837,0.890249433106576,0.3282322185232107,0.9049456401073002
high_debt_burden,full,Random Forest,0.16757624398073837,0.890702947845805,0.32700020306916033,0.9049456401073002
high_debt_burden,full,Random Forest,0.16950240770465488,0.890702947845805,0.3237011939007781,0.9049456401073002
high_debt_burden,full,Random Forest,0.16950240770465488,0.891156462585034,0.32358111004534984,0.9049456401073002
high_debt_burden,full,Random Forest,0.16982343499197433,0.891156462585034,0.32256836108763165,0.9049456401073002
high_debt_burden,full,Random Forest,0.16982343499197433,0.8916099773242631,0.32101304953331705,0.9049456401073002
high_debt_burden,full,Random Forest,0.17014446227929375,0.8916099773242631,0.3207073730657983,0.9049456401073002
high_debt_burden,full,Random Forest,0.17014446227929375,0.8920634920634921,0.32045670199585746,0.9049456401073002
high_debt_burden,full,Random Forest,0.17046548956661317,0.8920634920634921,0.32013083138625936,0.9049456401073002
high_debt_burden,full,Random Forest,0.17046548956661317,0.8925170068027211,0.31927336592035266,0.9049456401073002
high_debt_burden,full,Random Forest,0.1707865168539326,0.8925170068027211,0.3185258823188505,0.9049456401073002
high_debt_burden,full,Random Forest,0.1707865168539326,0.8929705215419501,0.3181535044346458,0.9049456401073002
high_debt_burden,full,Random Forest,0.17142857142857143,0.8929705215419501,0.3173195896285939,0.9049456401073002
high_debt_burden,full,Random Forest,0.17142857142857143,0.8934240362811792,0.31585339062559026,0.9049456401073002
high_debt_burden,full,Random Forest,0.17207062600321027,0.8934240362811792,0.31555814443343655,0.9049456401073002
high_debt_burden,full,Random Forest,0.17207062600321027,0.8938775510204081,0.31502535825264727,0.9049456401073002
high_debt_burden,full,Random Forest,0.17592295345104333,0.8938775510204081,0.3085832304849295,0.9049456401073002
high_debt_burden,full,Random Forest,0.17592295345104333,0.8952380952380953,0.3075575600296767,0.9049456401073002
high_debt_burden,full,Random Forest,0.17656500802568217,0.8952380952380953,0.30637471824779355,0.9049456401073002
high_debt_burden,full,Random Forest,0.17656500802568217,0.8956916099773242,0.30486947173569195,0.9049456401073002
high_debt_burden,full,Random Forest,0.17784911717495988,0.8956916099773242,0.301668168538851,0.9049456401073002
high_debt_burden,full,Random Forest,0.17784911717495988,0.8961451247165533,0.3010741341080835,0.9049456401073002
high_debt_burden,full,Random Forest,0.1781701444622793,0.8961451247165533,0.30040992332337024,0.9049456401073002
high_debt_burden,full,Random Forest,0.1781701444622793,0.8965986394557823,0.2997059683165441,0.9049456401073002
high_debt_burden,full,Random Forest,0.18041733547351524,0.8965986394557823,0.2980749508957002,0.9049456401073002
high_debt_burden,full,Random Forest,0.18041733547351524,0.8970521541950114,0.29796596801049613,0.9049456401073002
high_debt_burden,full,Random Forest,0.18234349919743179,0.8970521541950114,0.2969069916398678,0.9049456401073002
high_debt_burden,full,Random Forest,0.18234349919743179,0.8975056689342403,0.2964791025550149,0.9049456401073002
high_debt_burden,full,Random Forest,0.1826645264847512,0.8975056689342403,0.29632453168685496,0.9049456401073002
high_debt_burden,full,Random Forest,0.1826645264847512,0.8979591836734694,0.29582801250039165,0.9049456401073002
high_debt_burden,full,Random Forest,0.185553772070626,0.8979591836734694,0.2921573922268911,0.9049456401073002
high_debt_burden,full,Random Forest,0.185553772070626,0.8984126984126984,0.2921540864435439,0.9049456401073002
high_debt_burden,full,Random Forest,0.18651685393258427,0.8984126984126984,0.29014103038261646,0.9049456401073002
high_debt_burden,full,Random Forest,0.18651685393258427,0.8988662131519274,0.28998404279190465,0.9049456401073002
high_debt_burden,full,Random Forest,0.1871589085072231,0.8988662131519274,0.2888689950988461,0.9049456401073002
high_debt_burden,full,Random Forest,0.1871589085072231,0.8993197278911564,0.28882930228458914,0.9049456401073002
high_debt_burden,full,Random Forest,0.18747993579454253,0.8993197278911564,0.2884570208570208,0.9049456401073002
high_debt_burden,full,Random Forest,0.18747993579454253,0.8997732426303855,0.28841404559846573,0.9049456401073002
high_debt_burden,full,Random Forest,0.1897271268057785,0.8997732426303855,0.28521480018166123,0.9049456401073002
high_debt_burden,full,Random Forest,0.1897271268057785,0.9002267573696145,0.28482967109861607,0.9049456401073002
high_debt_burden,full,Random Forest,0.19229534510433388,0.9002267573696145,0.28169675068664174,0.9049456401073002
high_debt_burden,full,Random Forest,0.19229534510433388,0.9006802721088435,0.2816633389454468,0.9049456401073002
high_debt_burden,full,Random Forest,0.19325842696629214,0.9006802721088435,0.28111725669708176,0.9049456401073002
high_debt_burden,full,Random Forest,0.19325842696629214,0.9011337868480725,0.2810615820488786,0.9049456401073002
high_debt_burden,full,Random Forest,0.19357945425361156,0.9011337868480725,0.2804351561401298,0.9049456401073002
high_debt_burden,full,Random Forest,0.19357945425361156,0.9015873015873016,0.2799689762081222,0.9049456401073002
high_debt_burden,full,Random Forest,0.19614767255216695,0.9015873015873016,0.27828299865685885,0.9049456401073002
high_debt_burden,full,Random Forest,0.19614767255216695,0.9020408163265307,0.2782783522294083,0.9049456401073002
high_debt_burden,full,Random Forest,0.1971107544141252,0.9020408163265307,0.2772992567701673,0.9049456401073002
high_debt_burden,full,Random Forest,0.1971107544141252,0.9024943310657596,0.2772244313394683,0.9049456401073002
high_debt_burden,full,Random Forest,0.19775280898876405,0.9024943310657596,0.27661633075858094,0.9049456401073002
high_debt_burden,full,Random Forest,0.19775280898876405,0.9029478458049887,0.2757920058545123,0.9049456401073002
high_debt_burden,full,Random Forest,0.19839486356340288,0.9029478458049887,0.27557905732469,0.9049456401073002
high_debt_burden,full,Random Forest,0.19839486356340288,0.9034013605442177,0.27547310480838877,0.9049456401073002
high_debt_burden,full,Random Forest,0.1987158908507223,0.9034013605442177,0.275386801730932,0.9049456401073002
high_debt_burden,full,Random Forest,0.1987158908507223,0.9038548752834467,0.2750068762807415,0.9049456401073002
high_debt_burden,full,Random Forest,0.20064205457463885,0.9038548752834467,0.27177131276456307,0.9049456401073002
high_debt_burden,full,Random Forest,0.20064205457463885,0.9043083900226757,0.2716877570028491,0.9049456401073002
high_debt_burden,full,Random Forest,0.20353130016051366,0.9043083900226757,0.2693293747463605,0.9049456401073002
high_debt_burden,full,Random Forest,0.20353130016051366,0.9047619047619048,0.2691220424399383,0.9049456401073002
high_debt_burden,full,Random Forest,0.20545746388443017,0.9047619047619048,0.267749176766248,0.9049456401073002
high_debt_burden,full,Random Forest,0.20545746388443017,0.9052154195011338,0.2675946252329577,0.9049456401073002
high_debt_burden,full,Random Forest,0.20930979133226324,0.9052154195011338,0.2656468280618287,0.9049456401073002
high_debt_burden,full,Random Forest,0.20930979133226324,0.9056689342403628,0.26556060112202934,0.9049456401073002
high_debt_burden,full,Random Forest,0.2131621187800963,0.9056689342403628,0.2620844390623832,0.9049456401073002
high_debt_burden,full,Random Forest,0.2131621187800963,0.9061224489795918,0.26157270971077645,0.9049456401073002
high_debt_burden,full,Random Forest,0.2157303370786517,0.9061224489795918,0.2598250833257611,0.9049456401073002
high_debt_burden,full,Random Forest,0.2157303370786517,0.9065759637188209,0.2597874998442366,0.9049456401073002
high_debt_burden,full,Random Forest,0.2160513643659711,0.9065759637188209,0.2597138640884667,0.9049456401073002
high_debt_burden,full,Random Forest,0.2160513643659711,0.9070294784580499,0.25967612976900484,0.9049456401073002
high_debt_burden,full,Random Forest,0.21894060995184592,0.9070294784580499,0.25846565785349274,0.9049456401073002
high_debt_burden,full,Random Forest,0.21894060995184592,0.9074829931972789,0.2584158989826666,0.9049456401073002
high_debt_burden,full,Random Forest,0.21926163723916534,0.9074829931972789,0.2583392062002962,0.9049456401073002
high_debt_burden,full,Random Forest,0.21926163723916534,0.9079365079365079,0.2583100276939063,0.9049456401073002
high_debt_burden,full,Random Forest,0.22504012841091492,0.9079365079365079,0.25526542308270367,0.9049456401073002
high_debt_burden,full,Random Forest,0.22504012841091492,0.908390022675737,0.2550488871784804,0.9049456401073002
high_debt_burden,full,Random Forest,0.22536115569823434,0.908390022675737,0.2550467866235279,0.9049456401073002
high_debt_burden,full,Random Forest,0.22536115569823434,0.908843537414966,0.2548683528855486,0.9049456401073002
high_debt_burden,full,Random Forest,0.22568218298555376,0.908843537414966,0.2546878068131846,0.9049456401073002
high_debt_burden,full,Random Forest,0.22568218298555376,0.909297052154195,0.2546456388996669,0.9049456401073002
high_debt_burden,full,Random Forest,0.22825040128410914,0.909297052154195,0.25374484683660586,0.9049456401073002
high_debt_burden,full,Random Forest,0.22825040128410914,0.909750566893424,0.2536542848890499,0.9049456401073002
high_debt_burden,full,Random Forest,0.22953451043338685,0.909750566893424,0.25294359829966634,0.9049456401073002
high_debt_burden,full,Random Forest,0.22953451043338685,0.9102040816326531,0.2528619411345807,0.9049456401073002
high_debt_burden,full,Random Forest,0.23274478330658105,0.9102040816326531,0.25099092784810456,0.9049456401073002
high_debt_burden,full,Random Forest,0.23274478330658105,0.910657596371882,0.25085708520565164,0.9049456401073002
high_debt_burden,full,Random Forest,0.23402889245585876,0.910657596371882,0.250463873347947,0.9049456401073002
high_debt_burden,full,Random Forest,0.23402889245585876,0.9115646258503401,0.2504467950645372,0.9049456401073002
high_debt_burden,full,Random Forest,0.23948635634028892,0.9115646258503401,0.24765153981803484,0.9049456401073002
high_debt_burden,full,Random Forest,0.23948635634028892,0.9120181405895692,0.24764560458507123,0.9049456401073002
high_debt_burden,full,Random Forest,0.24012841091492776,0.9120181405895692,0.24761023890246614,0.9049456401073002
high_debt_burden,full,Random Forest,0.24012841091492776,0.9124716553287981,0.24758777088312225,0.9049456401073002
high_debt_burden,full,Random Forest,0.24815409309791334,0.9124716553287981,0.24466480261258838,0.9049456401073002
high_debt_burden,full,Random Forest,0.24815409309791334,0.9129251700680272,0.24458938852530854,0.9049456401073002
high_debt_burden,full,Random Forest,0.24879614767255218,0.9129251700680272,0.24451369798062145,0.9049456401073002
high_debt_burden,full,Random Forest,0.24879614767255218,0.9133786848072563,0.24451014917855038,0.9049456401073002
high_debt_burden,full,Random Forest,0.25136436597110756,0.9133786848072563,0.24363089004238395,0.9049456401073002
high_debt_burden,full,Random Forest,0.25136436597110756,0.9138321995464853,0.2436166830774629,0.9049456401073002
high_debt_burden,full,Random Forest,0.2523274478330658,0.9138321995464853,0.24345831896447373,0.9049456401073002
high_debt_burden,full,Random Forest,0.2523274478330658,0.9142857142857143,0.2434537263001796,0.9049456401073002
high_debt_burden,full,Random Forest,0.2539325842696629,0.9142857142857143,0.24287134018106557,0.9049456401073002
high_debt_burden,full,Random Forest,0.2539325842696629,0.9147392290249433,0.24260675355863653,0.9049456401073002
high_debt_burden,full,Random Forest,0.25617977528089886,0.9147392290249433,0.24199102479933776,0.9049456401073002
high_debt_burden,full,Random Forest,0.25617977528089886,0.9151927437641724,0.24188661886028612,0.9049456401073002
high_debt_burden,full,Random Forest,0.25971107544141253,0.9151927437641724,0.24061986770651814,0.9049456401073002
high_debt_burden,full,Random Forest,0.25971107544141253,0.9156462585034013,0.24049633595443615,0.9049456401073002
high_debt_burden,full,Random Forest,0.26035313001605137,0.9156462585034013,0.24026796083424004,0.9049456401073002
high_debt_burden,full,Random Forest,0.26035313001605137,0.9160997732426304,0.24013932834831478,0.9049456401073002
high_debt_burden,full,Random Forest,0.26324237560192615,0.9160997732426304,0.2391103978468178,0.9049456401073002
high_debt_burden,full,Random Forest,0.26324237560192615,0.9165532879818594,0.23910220719724112,0.9049456401073002
high_debt_burden,full,Random Forest,0.26548956661316214,0.9165532879818594,0.23854760379716092,0.9049456401073002
high_debt_burden,full,Random Forest,0.26548956661316214,0.9179138321995465,0.23844601482382838,0.9049456401073002
high_debt_burden,full,Random Forest,0.2667736757624398,0.9179138321995465,0.2376280361001945,0.9049456401073002
high_debt_burden,full,Random Forest,0.2667736757624398,0.9183673469387755,0.23762013166960994,0.9049456401073002
high_debt_burden,full,Random Forest,0.27030497592295344,0.9183673469387755,0.23626565035666094,0.9049456401073002
high_debt_burden,full,Random Forest,0.27030497592295344,0.9188208616780046,0.2362340046938547,0.9049456401073002
high_debt_burden,full,Random Forest,0.27062600321027286,0.9188208616780046,0.23622754370204593,0.9049456401073002
high_debt_burden,full,Random Forest,0.27062600321027286,0.9192743764172335,0.23618415174744503,0.9049456401073002
high_debt_burden,full,Random Forest,0.2715890850722311,0.9192743764172335,0.2361045461153657,0.9049456401073002
high_debt_burden,full,Random Forest,0.2715890850722311,0.9197278911564626,0.23591218352862986,0.9049456401073002
high_debt_burden,full,Random Forest,0.27191011235955054,0.9197278911564626,0.23582290729228272,0.9049456401073002
high_debt_burden,full,Random Forest,0.27191011235955054,0.9201814058956916,0.23561364042109664,0.9049456401073002
high_debt_burden,full,Random Forest,0.27447833065810595,0.9201814058956916,0.23504866682348977,0.9049456401073002
high_debt_burden,full,Random Forest,0.27447833065810595,0.9206349206349206,0.23489819552886795,0.9049456401073002
high_debt_burden,full,Random Forest,0.27608346709470305,0.9206349206349206,0.2342896128264309,0.9049456401073002
high_debt_burden,full,Random Forest,0.27608346709470305,0.9210884353741496,0.2342830209969953,0.9049456401073002
high_debt_burden,full,Random Forest,0.27640449438202247,0.9210884353741496,0.23418252364555164,0.9049456401073002
high_debt_burden,full,Random Forest,0.27640449438202247,0.9224489795918367,0.2339310630446538,0.9049456401073002
high_debt_burden,full,Random Forest,0.2770465489566613,0.9224489795918367,0.2337632799397399,0.9049456401073002
high_debt_burden,full,Random Forest,0.2770465489566613,0.9229024943310657,0.2334710681352971,0.9049456401073002
high_debt_burden,full,Random Forest,0.2786516853932584,0.9229024943310657,0.2330159965763661,0.9049456401073002
high_debt_burden,full,Random Forest,0.2786516853932584,0.9233560090702948,0.23292411123816714,0.9049456401073002
high_debt_burden,full,Random Forest,0.28154093097913324,0.9233560090702948,0.23175336134809357,0.9049456401073002
high_debt_burden,full,Random Forest,0.28154093097913324,0.9242630385487528,0.23142119163125552,0.9049456401073002
high_debt_burden,full,Random Forest,0.28507223113964686,0.9242630385487528,0.23054193995015584,0.9049456401073002
high_debt_burden,full,Random Forest,0.28507223113964686,0.9247165532879819,0.230470951526794,0.9049456401073002
high_debt_burden,full,Random Forest,0.2869983948635634,0.9247165532879819,0.22987276848545424,0.9049456401073002
high_debt_burden,full,Random Forest,0.2869983948635634,0.9251700680272109,0.22985956570658558,0.9049456401073002
high_debt_burden,full,Random Forest,0.2956661316211878,0.9251700680272109,0.22799009331082298,0.9049456401073002
high_debt_burden,full,Random Forest,0.2956661316211878,0.9256235827664399,0.22789892920466517,0.9049456401073002
high_debt_burden,full,Random Forest,0.29919743178170144,0.9256235827664399,0.2271108547321975,0.9049456401073002
high_debt_burden,full,Random Forest,0.29919743178170144,0.9260770975056689,0.22707680565679492,0.9049456401073002
high_debt_burden,full,Random Forest,0.30337078651685395,0.9260770975056689,0.22602154412000397,0.9049456401073002
high_debt_burden,full,Random Forest,0.30337078651685395,0.926984126984127,0.22594858997107717,0.9049456401073002
high_debt_burden,full,Random Forest,0.3040128410914928,0.926984126984127,0.22568575529642673,0.9049456401073002
high_debt_burden,full,Random Forest,0.3040128410914928,0.927891156462585,0.22536683470965108,0.9049456401073002
high_debt_burden,full,Random Forest,0.3043338683788122,0.927891156462585,0.22536019114344655,0.9049456401073002
high_debt_burden,full,Random Forest,0.3043338683788122,0.9283446712018141,0.22535092106716004,0.9049456401073002
high_debt_burden,full,Random Forest,0.307223113964687,0.9283446712018141,0.22464171532161994,0.9049456401073002
high_debt_burden,full,Random Forest,0.307223113964687,0.9287981859410431,0.2245494885864612,0.9049456401073002
high_debt_burden,full,Random Forest,0.3088282504012841,0.9287981859410431,0.22430990286067853,0.9049456401073002
high_debt_burden,full,Random Forest,0.3088282504012841,0.9292517006802721,0.22430951220986575,0.9049456401073002
high_debt_burden,full,Random Forest,0.31043338683788124,0.9292517006802721,0.22352845591232465,0.9049456401073002
high_debt_burden,full,Random Forest,0.31043338683788124,0.9297052154195011,0.22345574379654934,0.9049456401073002
high_debt_burden,full,Random Forest,0.31974317817014447,0.9297052154195011,0.221303809534801,0.9049456401073002
high_debt_burden,full,Random Forest,0.31974317817014447,0.9301587301587302,0.22113437265405192,0.9049456401073002
high_debt_burden,full,Random Forest,0.32391653290529693,0.9301587301587302,0.22023912301894635,0.9049456401073002
high_debt_burden,full,Random Forest,0.32391653290529693,0.9306122448979591,0.2202243092147087,0.9049456401073002
high_debt_burden,full,Random Forest,0.32776886035313,0.9306122448979591,0.21933945151381318,0.9049456401073002
high_debt_burden,full,Random Forest,0.32776886035313,0.9310657596371882,0.21928170827597648,0.9049456401073002
high_debt_burden,full,Random Forest,0.3290529695024077,0.9310657596371882,0.21867504938559462,0.9049456401073002
high_debt_burden,full,Random Forest,0.3290529695024077,0.9315192743764172,0.21865283043252834,0.9049456401073002
high_debt_burden,full,Random Forest,0.33162118780096306,0.9315192743764172,0.21786675373526052,0.9049456401073002
high_debt_burden,full,Random Forest,0.33162118780096306,0.9319727891156463,0.21785117236386214,0.9049456401073002
high_debt_burden,full,Random Forest,0.3329052969502408,0.9319727891156463,0.21768560175315765,0.9049456401073002
high_debt_burden,full,Random Forest,0.3329052969502408,0.9324263038548752,0.21768527874875693,0.9049456401073002
high_debt_burden,full,Random Forest,0.3332263242375602,0.9324263038548752,0.2176476086562072,0.9049456401073002
high_debt_burden,full,Random Forest,0.3332263242375602,0.9328798185941043,0.21764301608414635,0.9049456401073002
high_debt_burden,full,Random Forest,0.3345104333868379,0.9328798185941043,0.21735744484425587,0.9049456401073002
high_debt_burden,full,Random Forest,0.3345104333868379,0.9333333333333333,0.2173516810854835,0.9049456401073002
high_debt_burden,full,Random Forest,0.33739967897271267,0.9333333333333333,0.21674069898789877,0.9049456401073002
high_debt_burden,full,Random Forest,0.33739967897271267,0.9337868480725624,0.21670633365885356,0.9049456401073002
high_debt_burden,full,Random Forest,0.3380417335473515,0.9337868480725624,0.21658710768121744,0.9049456401073002
high_debt_burden,full,Random Forest,0.3380417335473515,0.9346938775510204,0.21651348082528793,0.9049456401073002
high_debt_burden,full,Random Forest,0.3470304975922954,0.9346938775510204,0.21444668854657606,0.9049456401073002
high_debt_burden,full,Random Forest,0.3470304975922954,0.9351473922902495,0.21435665534404322,0.9049456401073002
high_debt_burden,full,Random Forest,0.34799357945425363,0.9351473922902495,0.21412569265730053,0.9049456401073002
high_debt_burden,full,Random Forest,0.34799357945425363,0.9356009070294785,0.2141147219526036,0.9049456401073002
high_debt_burden,full,Random Forest,0.34863563402889247,0.9356009070294785,0.21401609047308018,0.9049456401073002
high_debt_burden,full,Random Forest,0.34863563402889247,0.9360544217687075,0.213975733720146,0.9049456401073002
high_debt_burden,full,Random Forest,0.3489566613162119,0.9360544217687075,0.21396067149419604,0.9049456401073002
high_debt_burden,full,Random Forest,0.3489566613162119,0.9365079365079365,0.21376358580804652,0.9049456401073002
high_debt_burden,full,Random Forest,0.3492776886035313,0.9365079365079365,0.21373312623585397,0.9049456401073002
high_debt_burden,full,Random Forest,0.3492776886035313,0.9369614512471656,0.21339996619569954,0.9049456401073002
high_debt_burden,full,Random Forest,0.354414125200642,0.9369614512471656,0.21218709691446008,0.9049456401073002
high_debt_burden,full,Random Forest,0.354414125200642,0.9374149659863945,0.21208415728568183,0.9049456401073002
high_debt_burden,full,Random Forest,0.3582664526484751,0.9374149659863945,0.21087825214289949,0.9049456401073002
high_debt_burden,full,Random Forest,0.3582664526484751,0.9378684807256236,0.21086428571113977,0.9049456401073002
high_debt_burden,full,Random Forest,0.36308186195826647,0.9378684807256236,0.21038811371655286,0.9049456401073002
high_debt_burden,full,Random Forest,0.36308186195826647,0.9383219954648526,0.21016507698010586,0.9049456401073002
high_debt_burden,full,Random Forest,0.36468699839486357,0.9383219954648526,0.21002682299056702,0.9049456401073002
high_debt_burden,full,Random Forest,0.36468699839486357,0.9387755102040817,0.20998407196337207,0.9049456401073002
high_debt_burden,full,Random Forest,0.3669341894060995,0.9387755102040817,0.2095172116756449,0.9049456401073002
high_debt_burden,full,Random Forest,0.3669341894060995,0.9392290249433106,0.20951160572563068,0.9049456401073002
high_debt_burden,full,Random Forest,0.3752808988764045,0.9392290249433106,0.2075522665729399,0.9049456401073002
high_debt_burden,full,Random Forest,0.3752808988764045,0.9396825396825397,0.20745757779520274,0.9049456401073002
high_debt_burden,full,Random Forest,0.3775280898876405,0.9396825396825397,0.20686902266301366,0.9049456401073002
high_debt_burden,full,Random Forest,0.3775280898876405,0.9401360544217687,0.2067986010913843,0.9049456401073002
high_debt_burden,full,Random Forest,0.37913322632423757,0.9401360544217687,0.20647453639931646,0.9049456401073002
high_debt_burden,full,Random Forest,0.37913322632423757,0.9405895691609978,0.20646812693662817,0.9049456401073002
high_debt_burden,full,Random Forest,0.3829855537720706,0.9405895691609978,0.20566748839337137,0.9049456401073002
high_debt_burden,full,Random Forest,0.3829855537720706,0.9410430839002267,0.20566480214454075,0.9049456401073002
high_debt_burden,full,Random Forest,0.38908507223113964,0.9410430839002267,0.20451892123118198,0.9049456401073002
high_debt_burden,full,Random Forest,0.38908507223113964,0.9414965986394558,0.2045170081592542,0.9049456401073002
high_debt_burden,full,Random Forest,0.39069020866773674,0.9414965986394558,0.20430542213634909,0.9049456401073002
high_debt_burden,full,Random Forest,0.39069020866773674,0.9419501133786848,0.2042176572291275,0.9049456401073002
high_debt_burden,full,Random Forest,0.3919743178170145,0.9419501133786848,0.2038076025479679,0.9049456401073002
high_debt_burden,full,Random Forest,0.3919743178170145,0.9428571428571428,0.20377483307976815,0.9049456401073002
high_debt_burden,full,Random Forest,0.39357945425361157,0.9428571428571428,0.20349913264194833,0.9049456401073002
high_debt_burden,full,Random Forest,0.39357945425361157,0.9433106575963719,0.20336549106510032,0.9049456401073002
high_debt_burden,full,Random Forest,0.39775280898876403,0.9433106575963719,0.20279075726197918,0.9049456401073002
high_debt_burden,full,Random Forest,0.39775280898876403,0.943764172335601,0.20273695507855768,0.9049456401073002
high_debt_burden,full,Random Forest,0.39807383627608345,0.943764172335601,0.20256588468623424,0.9049456401073002
high_debt_burden,full,Random Forest,0.39807383627608345,0.9442176870748299,0.20249513165828673,0.9049456401073002
high_debt_burden,full,Random Forest,0.4028892455858748,0.9442176870748299,0.20167115176618536,0.9049456401073002
high_debt_burden,full,Random Forest,0.4028892455858748,0.945124716553288,0.20161514207942877,0.9049456401073002
high_debt_burden,full,Random Forest,0.4118780096308186,0.945124716553288,0.1999622093234163,0.9049456401073002
high_debt_burden,full,Random Forest,0.4118780096308186,0.9455782312925171,0.19994234689504714,0.9049456401073002
high_debt_burden,full,Random Forest,0.4131621187800963,0.9455782312925171,0.19966694362958978,0.9049456401073002
high_debt_burden,full,Random Forest,0.4131621187800963,0.946031746031746,0.1995765130765109,0.9049456401073002
high_debt_burden,full,Random Forest,0.41476725521669344,0.946031746031746,0.19907301343618672,0.9049456401073002
high_debt_burden,full,Random Forest,0.41476725521669344,0.9464852607709751,0.19904791293640553,0.9049456401073002
high_debt_burden,full,Random Forest,0.4170144462279294,0.9464852607709751,0.1986784242332848,0.9049456401073002
high_debt_burden,full,Random Forest,0.4170144462279294,0.9469387755102041,0.19867682825518937,0.9049456401073002
high_debt_burden,full,Random Forest,0.41990369181380416,0.9469387755102041,0.19820284176151987,0.9049456401073002
high_debt_burden,full,Random Forest,0.41990369181380416,0.9473922902494331,0.19810364696732818,0.9049456401073002
high_debt_burden,full,Random Forest,0.42375601926163725,0.9473922902494331,0.19724110712424495,0.9049456401073002
high_debt_burden,full,Random Forest,0.42375601926163725,0.9478458049886621,0.1970216489327853,0.9049456401073002
high_debt_burden,full,Random Forest,0.42728731942215087,0.9478458049886621,0.19631162751876852,0.9049456401073002
high_debt_burden,full,Random Forest,0.42728731942215087,0.9482993197278912,0.19625610126601153,0.9049456401073002
high_debt_burden,full,Random Forest,0.4298555377207063,0.9482993197278912,0.19593502849409797,0.9049456401073002
high_debt_burden,full,Random Forest,0.4298555377207063,0.9487528344671202,0.19588930344370328,0.9049456401073002
high_debt_burden,full,Random Forest,0.43113964686998396,0.9487528344671202,0.19555567245542677,0.9049456401073002
high_debt_burden,full,Random Forest,0.43113964686998396,0.9492063492063492,0.1954814399486878,0.9049456401073002
high_debt_burden,full,Random Forest,0.4333868378812199,0.9492063492063492,0.19521953671622735,0.9049456401073002
high_debt_burden,full,Random Forest,0.4333868378812199,0.9496598639455782,0.19521887974692528,0.9049456401073002
high_debt_burden,full,Random Forest,0.43788121990369183,0.9496598639455782,0.1947030385407385,0.9049456401073002
high_debt_burden,full,Random Forest,0.43788121990369183,0.9501133786848073,0.19467071751042694,0.9049456401073002
high_debt_burden,full,Random Forest,0.44141252006420545,0.9501133786848073,0.19388202055652726,0.9049456401073002
high_debt_burden,full,Random Forest,0.44141252006420545,0.9505668934240363,0.19384897837170262,0.9049456401073002
high_debt_burden,full,Random Forest,0.44173354735152487,0.9505668934240363,0.193835366616336,0.9049456401073002
high_debt_burden,full,Random Forest,0.44173354735152487,0.9510204081632653,0.1937901185389961,0.9049456401073002
high_debt_burden,full,Random Forest,0.44333868378812197,0.9510204081632653,0.19354219827645855,0.9049456401073002
high_debt_burden,full,Random Forest,0.44333868378812197,0.9514739229024943,0.1934760721500232,0.9049456401073002
high_debt_burden,full,Random Forest,0.4459069020866774,0.9514739229024943,0.1930873127292557,0.9049456401073002
high_debt_burden,full,Random Forest,0.4459069020866774,0.9519274376417234,0.19308462828858322,0.9049456401073002
high_debt_burden,full,Random Forest,0.45040128410914926,0.9519274376417234,0.19270629239133566,0.9049456401073002
high_debt_burden,full,Random Forest,0.45040128410914926,0.9523809523809523,0.19269688926030212,0.9049456401073002
high_debt_burden,full,Random Forest,0.45778491171749597,0.9523809523809523,0.19175921949270266,0.9049456401073002
high_debt_burden,full,Random Forest,0.45778491171749597,0.9528344671201814,0.19160088569211733,0.9049456401073002
high_debt_burden,full,Random Forest,0.4603531300160514,0.9528344671201814,0.19125844758608596,0.9049456401073002
high_debt_burden,full,Random Forest,0.4603531300160514,0.9532879818594104,0.19120972422480226,0.9049456401073002
high_debt_burden,full,Random Forest,0.47576243980738364,0.9532879818594104,0.1885665062297512,0.9049456401073002
high_debt_burden,full,Random Forest,0.47576243980738364,0.9537414965986395,0.1884944437043478,0.9049456401073002
high_debt_burden,full,Random Forest,0.4780096308186196,0.9537414965986395,0.18826122670785375,0.9049456401073002
high_debt_burden,full,Random Forest,0.4780096308186196,0.9541950113378684,0.1882294664022817,0.9049456401073002
high_debt_burden,full,Random Forest,0.48346709470304977,0.9541950113378684,0.18706647752639693,0.9049456401073002
high_debt_burden,full,Random Forest,0.48346709470304977,0.9546485260770975,0.18705295775070463,0.9049456401073002
high_debt_burden,full,Random Forest,0.4895666131621188,0.9546485260770975,0.18589614660437237,0.9049456401073002
high_debt_burden,full,Random Forest,0.4895666131621188,0.9551020408163265,0.18588485440811667,0.9049456401073002
high_debt_burden,full,Random Forest,0.4924558587479936,0.9551020408163265,0.18538923076395517,0.9049456401073002
high_debt_burden,full,Random Forest,0.4924558587479936,0.9555555555555556,0.1853633477456982,0.9049456401073002
high_debt_burden,full,Random Forest,0.4956661316211878,0.9555555555555556,0.18488742421124807,0.9049456401073002
high_debt_burden,full,Random Forest,0.4956661316211878,0.9560090702947845,0.18483246121915217,0.9049456401073002
high_debt_burden,full,Random Forest,0.5008025682182986,0.9560090702947845,0.18399255822375862,0.9049456401073002
high_debt_burden,full,Random Forest,0.5008025682182986,0.9564625850340136,0.18396519034736847,0.9049456401073002
high_debt_burden,full,Random Forest,0.5059390048154093,0.9564625850340136,0.18329452690306572,0.9049456401073002
high_debt_burden,full,Random Forest,0.5059390048154093,0.9569160997732427,0.18325730853272967,0.9049456401073002
high_debt_burden,full,Random Forest,0.51107544141252,0.9569160997732427,0.18243965271606502,0.9049456401073002
high_debt_burden,full,Random Forest,0.51107544141252,0.9573696145124716,0.18232086610860743,0.9049456401073002
high_debt_burden,full,Random Forest,0.5117174959871589,0.9573696145124716,0.18231484825539457,0.9049456401073002
high_debt_burden,full,Random Forest,0.5117174959871589,0.9582766439909297,0.1822515820257398,0.9049456401073002
high_debt_burden,full,Random Forest,0.5168539325842697,0.9582766439909297,0.18151213391343993,0.9049456401073002
high_debt_burden,full,Random Forest,0.5168539325842697,0.9587301587301588,0.18148244875585154,0.9049456401073002
high_debt_burden,full,Random Forest,0.5210272873194222,0.9587301587301588,0.18088276900854464,0.9049456401073002
high_debt_burden,full,Random Forest,0.5210272873194222,0.9591836734693877,0.18085667409113565,0.9049456401073002
high_debt_burden,full,Random Forest,0.5261637239165329,0.9591836734693877,0.17979140586402054,0.9049456401073002
high_debt_burden,full,Random Forest,0.5261637239165329,0.9596371882086168,0.17973053119974564,0.9049456401073002
high_debt_burden,full,Random Forest,0.530016051364366,0.9596371882086168,0.1787493588925555,0.9049456401073002
high_debt_burden,full,Random Forest,0.530016051364366,0.9600907029478458,0.17860673660969023,0.9049456401073002
high_debt_burden,full,Random Forest,0.5396468699839486,0.9600907029478458,0.17727902621609445,0.9049456401073002
high_debt_burden,full,Random Forest,0.5396468699839486,0.9609977324263038,0.17704953409848054,0.9049456401073002
high_debt_burden,full,Random Forest,0.5415730337078651,0.9609977324263038,0.1765808588509566,0.9049456401073002
high_debt_burden,full,Random Forest,0.5415730337078651,0.9619047619047619,0.17654341751037303,0.9049456401073002
high_debt_burden,full,Random Forest,0.5457463884430177,0.9619047619047619,0.17586176979864457,0.9049456401073002
high_debt_burden,full,Random Forest,0.5457463884430177,0.962358276643991,0.17583207597019201,0.9049456401073002
high_debt_burden,full,Random Forest,0.5540930979133226,0.962358276643991,0.17474744128205885,0.9049456401073002
high_debt_burden,full,Random Forest,0.5540930979133226,0.9628117913832199,0.17459068331386512,0.9049456401073002
high_debt_burden,full,Random Forest,0.556661316211878,0.9628117913832199,0.17384688045810615,0.9049456401073002
high_debt_burden,full,Random Forest,0.556661316211878,0.963265306122449,0.17383226617360287,0.9049456401073002
high_debt_burden,full,Random Forest,0.5569823434991974,0.963265306122449,0.17375434910328616,0.9049456401073002
high_debt_burden,full,Random Forest,0.5569823434991974,0.963718820861678,0.17373121218323936,0.9049456401073002
high_debt_burden,full,Random Forest,0.5576243980738362,0.963718820861678,0.17362265945185507,0.9049456401073002
high_debt_burden,full,Random Forest,0.5576243980738362,0.964172335600907,0.17360786766951178,0.9049456401073002
high_debt_burden,full,Random Forest,0.5601926163723917,0.964172335600907,0.17325467508215028,0.9049456401073002
high_debt_burden,full,Random Forest,0.5601926163723917,0.964625850340136,0.17312797587437465,0.9049456401073002
high_debt_burden,full,Random Forest,0.5608346709470305,0.964625850340136,0.17299645945825684,0.9049456401073002
high_debt_burden,full,Random Forest,0.5608346709470305,0.9655328798185941,0.17287442617526222,0.9049456401073002
high_debt_burden,full,Random Forest,0.5624398073836276,0.9655328798185941,0.17269115268525675,0.9049456401073002
high_debt_burden,full,Random Forest,0.5624398073836276,0.9659863945578231,0.1725932455862665,0.9049456401073002
high_debt_burden,full,Random Forest,0.5669341894060995,0.9659863945578231,0.1720082399480999,0.9049456401073002
high_debt_burden,full,Random Forest,0.5669341894060995,0.9668934240362812,0.1718229313007508,0.9049456401073002
high_debt_burden,full,Random Forest,0.5717495987158908,0.9668934240362812,0.17135509175847602,0.9049456401073002
high_debt_burden,full,Random Forest,0.5717495987158908,0.9673469387755103,0.17120498105475926,0.9049456401073002
high_debt_burden,full,Random Forest,0.5948635634028893,0.9673469387755103,0.16724259499678562,0.9049456401073002
high_debt_burden,full,Random Forest,0.5948635634028893,0.9678004535147392,0.16723286349276847,0.9049456401073002
high_debt_burden,full,Random Forest,0.5990369181380417,0.9678004535147392,0.1661124953065345,0.9049456401073002
high_debt_burden,full,Random Forest,0.5990369181380417,0.9682539682539683,0.16607852216596525,0.9049456401073002
high_debt_burden,full,Random Forest,0.6035313001605136,0.9682539682539683,0.16538443159648714,0.9049456401073002
high_debt_burden,full,Random Forest,0.6035313001605136,0.9687074829931973,0.1653651998250589,0.9049456401073002
high_debt_burden,full,Random Forest,0.604494382022472,0.9687074829931973,0.1652431949670822,0.9049456401073002
high_debt_burden,full,Random Forest,0.604494382022472,0.9696145124716553,0.1651940499912948,0.9049456401073002
high_debt_burden,full,Random Forest,0.6105939004815409,0.9696145124716553,0.16406869600033314,0.9049456401073002
high_debt_burden,full,Random Forest,0.6105939004815409,0.9700680272108844,0.1640440100927858,0.9049456401073002
high_debt_burden,full,Random Forest,0.6138041733547351,0.9700680272108844,0.16317528673718076,0.9049456401073002
high_debt_burden,full,Random Forest,0.6138041733547351,0.9705215419501134,0.1631118151124474,0.9049456401073002
high_debt_burden,full,Random Forest,0.6160513643659711,0.9705215419501134,0.1627218411545642,0.9049456401073002
high_debt_burden,full,Random Forest,0.6160513643659711,0.9709750566893424,0.16270158148589378,0.9049456401073002
high_debt_burden,full,Random Forest,0.6170144462279293,0.9709750566893424,0.16255736944503446,0.9049456401073002
high_debt_burden,full,Random Forest,0.6170144462279293,0.9714285714285714,0.16250778066821622,0.9049456401073002
high_debt_burden,full,Random Forest,0.622792937399679,0.9714285714285714,0.16146314221662453,0.9049456401073002
high_debt_burden,full,Random Forest,0.622792937399679,0.9718820861678005,0.16143269726771042,0.9049456401073002
high_debt_burden,full,Random Forest,0.6234349919743178,0.9718820861678005,0.1612660536797858,0.9049456401073002
high_debt_burden,full,Random Forest,0.6234349919743178,0.9723356009070295,0.1612110943966301,0.9049456401073002
high_debt_burden,full,Random Forest,0.6311396468699839,0.9723356009070295,0.159742242694473,0.9049456401073002
high_debt_burden,full,Random Forest,0.6311396468699839,0.9732426303854875,0.1596926137929479,0.9049456401073002
high_debt_burden,full,Random Forest,0.637239165329053,0.9732426303854875,0.15847585384209106,0.9049456401073002
high_debt_burden,full,Random Forest,0.637239165329053,0.9736961451247166,0.1584440652178354,0.9049456401073002
high_debt_burden,full,Random Forest,0.6423756019261637,0.9736961451247166,0.15754698478311066,0.9049456401073002
high_debt_burden,full,Random Forest,0.6423756019261637,0.9741496598639455,0.157511616449042,0.9049456401073002
high_debt_burden,full,Random Forest,0.6481540930979133,0.9741496598639455,0.15653377342111335,0.9049456401073002
high_debt_burden,full,Random Forest,0.6481540930979133,0.9746031746031746,0.1564515057314388,0.9049456401073002
high_debt_burden,full,Random Forest,0.6568218298555377,0.9746031746031746,0.154483062644648,0.9049456401073002
high_debt_burden,full,Random Forest,0.6568218298555377,0.9750566893424036,0.15434449887634985,0.9049456401073002
high_debt_burden,full,Random Forest,0.6574638844301766,0.9750566893424036,0.1542602999385338,0.9049456401073002
high_debt_burden,full,Random Forest,0.6574638844301766,0.9759637188208616,0.15424126504211721,0.9049456401073002
high_debt_burden,full,Random Forest,0.6584269662921348,0.9759637188208616,0.15412951433120903,0.9049456401073002
high_debt_burden,full,Random Forest,0.6584269662921348,0.9764172335600907,0.15412730155945717,0.9049456401073002
high_debt_burden,full,Random Forest,0.6693418940609952,0.9764172335600907,0.15211271553718433,0.9049456401073002
high_debt_burden,full,Random Forest,0.6693418940609952,0.9768707482993197,0.1520947302380321,0.9049456401073002
high_debt_burden,full,Random Forest,0.67223113964687,0.9768707482993197,0.1516097611749369,0.9049456401073002
high_debt_burden,full,Random Forest,0.67223113964687,0.9773242630385488,0.15151038230052183,0.9049456401073002
high_debt_burden,full,Random Forest,0.6725521669341894,0.9773242630385488,0.15144541951836366,0.9049456401073002
high_debt_burden,full,Random Forest,0.6725521669341894,0.9777777777777777,0.1513851139781074,0.9049456401073002
high_debt_burden,full,Random Forest,0.6738362760834671,0.9777777777777777,0.15106215456405034,0.9049456401073002
high_debt_burden,full,Random Forest,0.6738362760834671,0.9782312925170068,0.1510289444899941,0.9049456401073002
high_debt_burden,full,Random Forest,0.6770465489566613,0.9782312925170068,0.15049058843404925,0.9049456401073002
high_debt_burden,full,Random Forest,0.6770465489566613,0.9786848072562359,0.15043415740004903,0.9049456401073002
high_debt_burden,full,Random Forest,0.6886035313001605,0.9786848072562359,0.14752996264635268,0.9049456401073002
high_debt_burden,full,Random Forest,0.6886035313001605,0.9791383219954648,0.1473204589215937,0.9049456401073002
high_debt_burden,full,Random Forest,0.6911717495987159,0.9791383219954648,0.1466319395953382,0.9049456401073002
high_debt_burden,full,Random Forest,0.6911717495987159,0.9795918367346939,0.14650902185202835,0.9049456401073002
high_debt_burden,full,Random Forest,0.6972712680577849,0.9795918367346939,0.14563443183957395,0.9049456401073002
high_debt_burden,full,Random Forest,0.6972712680577849,0.9800453514739229,0.14558730970366043,0.9049456401073002
high_debt_burden,full,Random Forest,0.7001605136436597,0.9800453514739229,0.14473504799228504,0.9049456401073002
high_debt_burden,full,Random Forest,0.7001605136436597,0.980498866213152,0.1447229526108025,0.9049456401073002
high_debt_burden,full,Random Forest,0.7171749598715891,0.980498866213152,0.14066464473697746,0.9049456401073002
high_debt_burden,full,Random Forest,0.7171749598715891,0.9809523809523809,0.14060561255892662,0.9049456401073002
high_debt_burden,full,Random Forest,0.7418940609951846,0.9809523809523809,0.1358322812344624,0.9049456401073002
high_debt_burden,full,Random Forest,0.7418940609951846,0.98140589569161,0.13577245996302426,0.9049456401073002
high_debt_burden,full,Random Forest,0.742215088282504,0.98140589569161,0.13561081835064565,0.9049456401073002
high_debt_burden,full,Random Forest,0.742215088282504,0.981859410430839,0.13560655345162065,0.9049456401073002
high_debt_burden,full,Random Forest,0.7431781701444623,0.981859410430839,0.13543102394142006,0.9049456401073002
high_debt_burden,full,Random Forest,0.7431781701444623,0.9823129251700681,0.1353689605680103,0.9049456401073002
high_debt_burden,full,Random Forest,0.7460674157303371,0.9823129251700681,0.13466862371794594,0.9049456401073002
high_debt_burden,full,Random Forest,0.7460674157303371,0.982766439909297,0.13454636838238276,0.9049456401073002
high_debt_burden,full,Random Forest,0.7537720706260033,0.982766439909297,0.1330949139500824,0.9049456401073002
high_debt_burden,full,Random Forest,0.7537720706260033,0.9832199546485261,0.13309279360679105,0.9049456401073002
high_debt_burden,full,Random Forest,0.7553772070626004,0.9832199546485261,0.13285208696291598,0.9049456401073002
high_debt_burden,full,Random Forest,0.7553772070626004,0.9836734693877551,0.132727429984372,0.9049456401073002
high_debt_burden,full,Random Forest,0.7560192616372392,0.9836734693877551,0.13265008485334043,0.9049456401073002
high_debt_burden,full,Random Forest,0.7560192616372392,0.9841269841269841,0.13252363886282084,0.9049456401073002
high_debt_burden,full,Random Forest,0.7569823434991975,0.9841269841269841,0.13245175733759917,0.9049456401073002
high_debt_burden,full,Random Forest,0.7569823434991975,0.9845804988662131,0.1324510534796605,0.9049456401073002
high_debt_burden,full,Random Forest,0.7624398073836276,0.9845804988662131,0.13150528773670644,0.9049456401073002
high_debt_burden,full,Random Forest,0.7624398073836276,0.9850340136054422,0.13137726802716745,0.9049456401073002
high_debt_burden,full,Random Forest,0.783948635634029,0.9850340136054422,0.12653893018468967,0.9049456401073002
high_debt_burden,full,Random Forest,0.783948635634029,0.9854875283446712,0.1265081961766741,0.9049456401073002
high_debt_burden,full,Random Forest,0.7842696629213484,0.9854875283446712,0.12646336491355914,0.9049456401073002
high_debt_burden,full,Random Forest,0.7842696629213484,0.9859410430839002,0.1263702578947437,0.9049456401073002
high_debt_burden,full,Random Forest,0.7871589085072231,0.9859410430839002,0.1258740330957406,0.9049456401073002
high_debt_burden,full,Random Forest,0.7871589085072231,0.9868480725623583,0.12577888120208258,0.9049456401073002
high_debt_burden,full,Random Forest,0.7897271268057785,0.9868480725623583,0.12565012013926086,0.9049456401073002
high_debt_burden,full,Random Forest,0.7897271268057785,0.9873015873015873,0.12537777820024873,0.9049456401073002
high_debt_burden,full,Random Forest,0.7910112359550562,0.9873015873015873,0.12523621982760835,0.9049456401073002
high_debt_burden,full,Random Forest,0.7910112359550562,0.9877551020408163,0.1251950292999981,0.9049456401073002
high_debt_burden,full,Random Forest,0.7922953451043339,0.9877551020408163,0.12499662704754427,0.9049456401073002
high_debt_burden,full,Random Forest,0.7922953451043339,0.9882086167800453,0.12496070106066424,0.9049456401073002
high_debt_burden,full,Random Forest,0.8019261637239166,0.9882086167800453,0.12290287556286114,0.9049456401073002
high_debt_burden,full,Random Forest,0.8019261637239166,0.9886621315192744,0.12290173385417708,0.9049456401073002
high_debt_burden,full,Random Forest,0.808346709470305,0.9886621315192744,0.12145368247002115,0.9049456401073002
high_debt_burden,full,Random Forest,0.808346709470305,0.9895691609977324,0.12117575777258639,0.9049456401073002
high_debt_burden,full,Random Forest,0.8102728731942215,0.9895691609977324,0.12083399643966249,0.9049456401073002
high_debt_burden,full,Random Forest,0.8102728731942215,0.9900226757369615,0.12074342556372641,0.9049456401073002
high_debt_burden,full,Random Forest,0.8134831460674158,0.9900226757369615,0.11989139941025215,0.9049456401073002
high_debt_burden,full,Random Forest,0.8134831460674158,0.9904761904761905,0.1196721683233815,0.9049456401073002
high_debt_burden,full,Random Forest,0.8170144462279294,0.9904761904761905,0.11894019870866196,0.9049456401073002
high_debt_burden,full,Random Forest,0.8170144462279294,0.9913832199546485,0.11878202670576009,0.9049456401073002
high_debt_burden,full,Random Forest,0.8269662921348314,0.9913832199546485,0.11649775850925013,0.9049456401073002
high_debt_burden,full,Random Forest,0.8269662921348314,0.9918367346938776,0.11638147616021319,0.9049456401073002
high_debt_burden,full,Random Forest,0.8276083467094703,0.9918367346938776,0.11631518366641759,0.9049456401073002
high_debt_burden,full,Random Forest,0.8276083467094703,0.9922902494331066,0.11629989299713157,0.9049456401073002
high_debt_burden,full,Random Forest,0.8279293739967897,0.9922902494331066,0.11626442663103104,0.9049456401073002
high_debt_burden,full,Random Forest,0.8279293739967897,0.9927437641723356,0.11624234789042871,0.9049456401073002
high_debt_burden,full,Random Forest,0.8314606741573034,0.9927437641723356,0.1155583408230667,0.9049456401073002
high_debt_burden,full,Random Forest,0.8314606741573034,0.9931972789115646,0.11555135437177047,0.9049456401073002
high_debt_burden,full,Random Forest,0.8629213483146068,0.9931972789115646,0.10878831794539504,0.9049456401073002
high_debt_burden,full,Random Forest,0.8629213483146068,0.9941043083900227,0.10866339509974102,0.9049456401073002
high_debt_burden,full,Random Forest,0.8706260032102728,0.9941043083900227,0.10731018234700121,0.9049456401073002
high_debt_burden,full,Random Forest,0.8706260032102728,0.9945578231292517,0.10724312094675013,0.9049456401073002
high_debt_burden,full,Random Forest,0.8709470304975923,0.9945578231292517,0.10721552888446875,0.9049456401073002
high_debt_burden,full,Random Forest,0.8709470304975923,0.9950113378684807,0.10697354513340471,0.9049456401073002
high_debt_burden,full,Random Forest,0.88892455858748,0.9950113378684807,0.10332514956224215,0.9049456401073002
high_debt_burden,full,Random Forest,0.88892455858748,0.9954648526077098,0.10329895403660243,0.9049456401073002
high_debt_burden,full,Random Forest,0.9004815409309791,0.9954648526077098,0.10081918557954045,0.9049456401073002
high_debt_burden,full,Random Forest,0.9004815409309791,0.9959183673469387,0.10076835361040913,0.9049456401073002
high_debt_burden,full,Random Forest,0.9049759229534511,0.9959183673469387,0.09992852328211502,0.9049456401073002
high_debt_burden,full,Random Forest,0.9049759229534511,0.9963718820861678,0.09990009548352134,0.9049456401073002
high_debt_burden,full,Random Forest,0.9088282504012841,0.9963718820861678,0.09852561999824844,0.9049456401073002
high_debt_burden,full,Random Forest,0.9088282504012841,0.9968253968253968,0.09851109027761641,0.9049456401073002
high_debt_burden,full,Random Forest,0.9152487961476725,0.9968253968253968,0.09668996090486316,0.9049456401073002
high_debt_burden,full,Random Forest,0.9152487961476725,0.9972789115646259,0.09666108879654325,0.9049456401073002
high_debt_burden,full,Random Forest,0.9165329052969502,0.9972789115646259,0.09644949159276818,0.9049456401073002
high_debt_burden,full,Random Forest,0.9165329052969502,0.9977324263038548,0.09640289059520722,0.9049456401073002
high_debt_burden,full,Random Forest,0.9611556982343499,0.9977324263038548,0.08466469559430595,0.9049456401073002
high_debt_burden,full,Random Forest,0.9611556982343499,0.9981859410430839,0.08460013567313318,0.9049456401073002
high_debt_burden,full,Random Forest,0.9627608346709471,0.9981859410430839,0.0842397331039272,0.9049456401073002
high_debt_burden,full,Random Forest,0.9627608346709471,0.998639455782313,0.08408113833091971,0.9049456401073002
high_debt_burden,full,Random Forest,0.9659711075441413,0.998639455782313,0.08311191209057871,0.9049456401073002
high_debt_burden,full,Random Forest,0.9659711075441413,0.999092970521542,0.08297516425216335,0.9049456401073002
high_debt_burden,full,Random Forest,0.9730337078651685,0.999092970521542,0.08028768474224837,0.9049456401073002
high_debt_burden,full,Random Forest,0.9730337078651685,0.999546485260771,0.08005331697202542,0.9049456401073002
high_debt_burden,full,Random Forest,0.9945425361155699,0.999546485260771,0.06632209718771022,0.9049456401073002
high_debt_burden,full,Random Forest,0.9945425361155699,1.0,0.06605343551489026,0.9049456401073002
high_debt_burden,full,Random Forest,1.0,1.0,0.05472063513811945,0.9049456401073002
high_debt_burden,full,Gradient Boosting,0.0,0.0,inf,0.9189283803409003
high_debt_burden,full,Gradient Boosting,0.0,0.00045351473922902497,0.9860056147681368,0.9189283803409003
high_debt_burden,full,Gradient Boosting,0.0,0.010430839002267574,0.9804706664389339,0.9189283803409003
high_debt_burden,full,Gradient Boosting,0.00032102728731942215,0.010430839002267574,0.9803635846193861,0.9189283803409003
high_debt_burden,full,Gradient Boosting,0.00032102728731942215,0.014512471655328799,0.9792615653083989,0.9189283803409003
high_debt_burden,full,Gradient Boosting,0.0006420545746388443,0.014512471655328799,0.9791507674838301,0.9189283803409003
high_debt_burden,full,Gradient Boosting,0.0006420545746388443,0.07891156462585033,0.9681656341272071,0.9189283803409003
high_debt_burden,full,Gradient Boosting,0.0009630818619582664,0.07891156462585033,0.9680909421224503,0.9189283803409003
high_debt_burden,full,Gradient Boosting,0.0009630818619582664,0.09478458049886622,0.9648456035490164,0.9189283803409003
high_debt_burden,full,Gradient Boosting,0.0012841091492776886,0.09478458049886622,0.9648277925415939,0.9189283803409003
high_debt_burden,full,Gradient Boosting,0.0012841091492776886,0.12426303854875284,0.9551436216928768,0.9189283803409003
high_debt_burden,full,Gradient Boosting,0.0016051364365971107,0.12426303854875284,0.95503560205821,0.9189283803409003
high_debt_burden,full,Gradient Boosting,0.0016051364365971107,0.13424036281179139,0.9511415681552732,0.9189283803409003
high_debt_burden,full,Gradient Boosting,0.0019261637239165329,0.13424036281179139,0.9509401321099766,0.9189283803409003
high_debt_burden,full,Gradient Boosting,0.0019261637239165329,0.1346938775510204,0.9506894608936933,0.9189283803409003
high_debt_burden,full,Gradient Boosting,0.0022471910112359553,0.1346938775510204,0.9505359400106521,0.9189283803409003
high_debt_burden,full,Gradient Boosting,0.0022471910112359553,0.1383219954648526,0.9492146404305931,0.9189283803409003
high_debt_burden,full,Gradient Boosting,0.002568218298555377,0.1383219954648526,0.9490529075973141,0.9189283803409003
high_debt_burden,full,Gradient Boosting,0.002568218298555377,0.14104308390022677,0.948011918205345,0.9189283803409003
high_debt_burden,full,Gradient Boosting,0.0028892455858747996,0.14104308390022677,0.947703983692244,0.9189283803409003
high_debt_burden,full,Gradient Boosting,0.0028892455858747996,0.1437641723356009,0.9458128838598557,0.9189283803409003
high_debt_burden,full,Gradient Boosting,0.0032102728731942215,0.1437641723356009,0.945752284855614,0.9189283803409003
high_debt_burden,full,Gradient Boosting,0.0032102728731942215,0.15600907029478459,0.9422634904861891,0.9189283803409003
high_debt_burden,full,Gradient Boosting,0.003531300160513644,0.15600907029478459,0.9422531646526408,0.9189283803409003
high_debt_burden,full,Gradient Boosting,0.003531300160513644,0.15782312925170067,0.9417800498368916,0.9189283803409003
high_debt_burden,full,Gradient Boosting,0.0038523274478330658,0.15782312925170067,0.9415095737648949,0.9189283803409003
high_debt_burden,full,Gradient Boosting,0.0038523274478330658,0.16462585034013605,0.9380408550965668,0.9189283803409003
high_debt_burden,full,Gradient Boosting,0.004173354735152488,0.16462585034013605,0.9377436993969235,0.9189283803409003
high_debt_burden,full,Gradient Boosting,0.004173354735152488,0.16689342403628118,0.9370419226766249,0.9189283803409003
high_debt_burden,full,Gradient Boosting,0.0044943820224719105,0.16689342403628118,0.9369856117854924,0.9189283803409003
high_debt_burden,full,Gradient Boosting,0.0044943820224719105,0.17505668934240362,0.9340992020375991,0.9189283803409003
high_debt_burden,full,Gradient Boosting,0.004815409309791332,0.17505668934240362,0.9337094199456838,0.9189283803409003
high_debt_burden,full,Gradient Boosting,0.004815409309791332,0.1764172335600907,0.933229381524854,0.9189283803409003
high_debt_burden,full,Gradient Boosting,0.005136436597110754,0.1764172335600907,0.9332044128543797,0.9189283803409003
high_debt_burden,full,Gradient Boosting,0.005136436597110754,0.1927437641723356,0.9279835909933043,0.9189283803409003
high_debt_burden,full,Gradient Boosting,0.005778491171749599,0.1927437641723356,0.9276491603678502,0.9189283803409003
high_debt_burden,full,Gradient Boosting,0.005778491171749599,0.2018140589569161,0.9239772002212907,0.9189283803409003
high_debt_burden,full,Gradient Boosting,0.006099518459069021,0.2018140589569161,0.9235114830951365,0.9189283803409003
high_debt_burden,full,Gradient Boosting,0.006099518459069021,0.20770975056689342,0.9213554826332532,0.9189283803409003
high_debt_burden,full,Gradient Boosting,0.006420545746388443,0.20770975056689342,0.9213406362546525,0.9189283803409003
high_debt_burden,full,Gradient Boosting,0.006420545746388443,0.2108843537414966,0.9204531231012749,0.9189283803409003
high_debt_burden,full,Gradient Boosting,0.006741573033707865,0.2108843537414966,0.9202443913654147,0.9189283803409003
high_debt_burden,full,Gradient Boosting,0.006741573033707865,0.2113378684807256,0.9201518562112875,0.9189283803409003
high_debt_burden,full,Gradient Boosting,0.007062600321027288,0.2113378684807256,0.919959332990261,0.9189283803409003
high_debt_burden,full,Gradient Boosting,0.007062600321027288,0.21723356009070294,0.9174354926241571,0.9189283803409003
high_debt_burden,full,Gradient Boosting,0.007383627608346709,0.21723356009070294,0.9173387038500982,0.9189283803409003
high_debt_burden,full,Gradient Boosting,0.007383627608346709,0.2308390022675737,0.9120182126720894,0.9189283803409003
high_debt_burden,full,Gradient Boosting,0.0077046548956661316,0.2308390022675737,0.911822536475196,0.9189283803409003
high_debt_burden,full,Gradient Boosting,0.0077046548956661316,0.23356009070294784,0.9112316110511769,0.9189283803409003
high_debt_burden,full,Gradient Boosting,0.008025682182985553,0.23356009070294784,0.9112063649529188,0.9189283803409003
high_debt_burden,full,Gradient Boosting,0.008025682182985553,0.23492063492063492,0.9108509127184206,0.9189283803409003
high_debt_burden,full,Gradient Boosting,0.008346709470304976,0.23492063492063492,0.9107181532596345,0.9189283803409003
high_debt_burden,full,Gradient Boosting,0.008346709470304976,0.24036281179138322,0.9095238488836663,0.9189283803409003
high_debt_burden,full,Gradient Boosting,0.008667736757624398,0.24036281179138322,0.9094477331434333,0.9189283803409003
high_debt_burden,full,Gradient Boosting,0.008667736757624398,0.24897959183673468,0.9066866979571131,0.9189283803409003
high_debt_burden,full,Gradient Boosting,0.008988764044943821,0.24897959183673468,0.9065648042842047,0.9189283803409003
high_debt_burden,full,Gradient Boosting,0.008988764044943821,0.2530612244897959,0.9046421017520013,0.9189283803409003
high_debt_burden,full,Gradient Boosting,0.009309791332263243,0.2530612244897959,0.9046166800727683,0.9189283803409003
high_debt_burden,full,Gradient Boosting,0.009309791332263243,0.25532879818594106,0.9033500243575678,0.9189283803409003
high_debt_burden,full,Gradient Boosting,0.009630818619582664,0.25532879818594106,0.9033329826924383,0.9189283803409003
high_debt_burden,full,Gradient Boosting,0.009630818619582664,0.2575963718820862,0.9031068822387428,0.9189283803409003
high_debt_burden,full,Gradient Boosting,0.009951845906902087,0.2575963718820862,0.9030882370269014,0.9189283803409003
high_debt_burden,full,Gradient Boosting,0.009951845906902087,0.25804988662131517,0.9029843837535455,0.9189283803409003
high_debt_burden,full,Gradient Boosting,0.010272873194221509,0.25804988662131517,0.9029501838785298,0.9189283803409003
high_debt_burden,full,Gradient Boosting,0.010272873194221509,0.26258503401360545,0.9016120163484929,0.9189283803409003
high_debt_burden,full,Gradient Boosting,0.01059390048154093,0.26258503401360545,0.9014671019416773,0.9189283803409003
high_debt_burden,full,Gradient Boosting,0.01059390048154093,0.2698412698412698,0.8990769304142265,0.9189283803409003
high_debt_burden,full,Gradient Boosting,0.010914927768860353,0.2698412698412698,0.8990541262684869,0.9189283803409003
high_debt_burden,full,Gradient Boosting,0.010914927768860353,0.272562358276644,0.8985297951493019,0.9189283803409003
high_debt_burden,full,Gradient Boosting,0.011235955056179775,0.272562358276644,0.8985131530985193,0.9189283803409003
high_debt_burden,full,Gradient Boosting,0.011235955056179775,0.2748299319727891,0.8977513713560427,0.9189283803409003
high_debt_burden,full,Gradient Boosting,0.011556982343499198,0.2748299319727891,0.8976942873126054,0.9189283803409003
high_debt_burden,full,Gradient Boosting,0.011556982343499198,0.2784580498866213,0.8969664461883537,0.9189283803409003
high_debt_burden,full,Gradient Boosting,0.01187800963081862,0.2784580498866213,0.8969313704534019,0.9189283803409003
high_debt_burden,full,Gradient Boosting,0.01187800963081862,0.2789115646258503,0.8968956959752112,0.9189283803409003
high_debt_burden,full,Gradient Boosting,0.012199036918138041,0.2789115646258503,0.8967073959119684,0.9189283803409003
high_debt_burden,full,Gradient Boosting,0.012199036918138041,0.28208616780045354,0.896212628933828,0.9189283803409003
high_debt_burden,full,Gradient Boosting,0.012520064205457464,0.28208616780045354,0.8958586114823153,0.9189283803409003
high_debt_burden,full,Gradient Boosting,0.012520064205457464,0.2852607709750567,0.8956143736970668,0.9189283803409003
high_debt_burden,full,Gradient Boosting,0.013162118780096307,0.2852607709750567,0.8952635726977514,0.9189283803409003
high_debt_burden,full,Gradient Boosting,0.013162118780096307,0.291609977324263,0.8935550175882236,0.9189283803409003
high_debt_burden,full,Gradient Boosting,0.01348314606741573,0.291609977324263,0.8935448391583314,0.9189283803409003
high_debt_burden,full,Gradient Boosting,0.01348314606741573,0.29931972789115646,0.891700980468266,0.9189283803409003
high_debt_burden,full,Gradient Boosting,0.013804173354735152,0.29931972789115646,0.8916513995287507,0.9189283803409003
high_debt_burden,full,Gradient Boosting,0.013804173354735152,0.3029478458049887,0.890506980416446,0.9189283803409003
high_debt_burden,full,Gradient Boosting,0.014125200642054575,0.3029478458049887,0.8903792067359904,0.9189283803409003
high_debt_burden,full,Gradient Boosting,0.014125200642054575,0.3047619047619048,0.8900680464822199,0.9189283803409003
high_debt_burden,full,Gradient Boosting,0.014446227929373997,0.3047619047619048,0.8899265705453975,0.9189283803409003
high_debt_burden,full,Gradient Boosting,0.014446227929373997,0.30793650793650795,0.8892951930521945,0.9189283803409003
high_debt_burden,full,Gradient Boosting,0.014767255216693418,0.30793650793650795,0.8890473088212735,0.9189283803409003
high_debt_burden,full,Gradient Boosting,0.014767255216693418,0.3138321995464853,0.8868874583058335,0.9189283803409003
high_debt_burden,full,Gradient Boosting,0.015088282504012842,0.3138321995464853,0.8867804944116201,0.9189283803409003
high_debt_burden,full,Gradient Boosting,0.015088282504012842,0.31746031746031744,0.8858647754908702,0.9189283803409003
high_debt_burden,full,Gradient Boosting,0.015409309791332263,0.31746031746031744,0.8858625200750371,0.9189283803409003
high_debt_burden,full,Gradient Boosting,0.015409309791332263,0.32607709750566893,0.883790227664808,0.9189283803409003
high_debt_burden,full,Gradient Boosting,0.015730337078651686,0.32607709750566893,0.8837404701938274,0.9189283803409003
high_debt_burden,full,Gradient Boosting,0.015730337078651686,0.326984126984127,0.88363855805489,0.9189283803409003
high_debt_burden,full,Gradient Boosting,0.016051364365971106,0.326984126984127,0.8835996119839283,0.9189283803409003
high_debt_burden,full,Gradient Boosting,0.016051364365971106,0.32970521541950115,0.8831376746751113,0.9189283803409003
high_debt_burden,full,Gradient Boosting,0.016693418940609953,0.32970521541950115,0.8829292868949824,0.9189283803409003
high_debt_burden,full,Gradient Boosting,0.016693418940609953,0.3356009070294785,0.8809810875439298,0.9189283803409003
high_debt_burden,full,Gradient Boosting,0.017014446227929372,0.3356009070294785,0.8808672921069161,0.9189283803409003
high_debt_burden,full,Gradient Boosting,0.017014446227929372,0.3378684807256236,0.880284295531638,0.9189283803409003
high_debt_burden,full,Gradient Boosting,0.017335473515248796,0.3378684807256236,0.8802504558771911,0.9189283803409003
high_debt_burden,full,Gradient Boosting,0.017335473515248796,0.33877551020408164,0.8801389732044,0.9189283803409003
high_debt_burden,full,Gradient Boosting,0.01765650080256822,0.33877551020408164,0.8800619697983589,0.9189283803409003
high_debt_burden,full,Gradient Boosting,0.01765650080256822,0.3419501133786848,0.8794695800139081,0.9189283803409003
high_debt_burden,full,Gradient Boosting,0.017977528089887642,0.3419501133786848,0.8792258092516358,0.9189283803409003
high_debt_burden,full,Gradient Boosting,0.017977528089887642,0.3442176870748299,0.8782614141968256,0.9189283803409003
high_debt_burden,full,Gradient Boosting,0.018298555377207062,0.3442176870748299,0.8782202166486818,0.9189283803409003
high_debt_burden,full,Gradient Boosting,0.018298555377207062,0.34829931972789113,0.8768531435593447,0.9189283803409003
high_debt_burden,full,Gradient Boosting,0.018619582664526485,0.34829931972789113,0.8767824561036646,0.9189283803409003
high_debt_burden,full,Gradient Boosting,0.018619582664526485,0.3487528344671202,0.8767197939866124,0.9189283803409003
high_debt_burden,full,Gradient Boosting,0.018940609951845908,0.3487528344671202,0.8767119547887184,0.9189283803409003
high_debt_burden,full,Gradient Boosting,0.018940609951845908,0.3532879818594104,0.8757658197436032,0.9189283803409003
high_debt_burden,full,Gradient Boosting,0.019261637239165328,0.3532879818594104,0.875560725201844,0.9189283803409003
high_debt_burden,full,Gradient Boosting,0.019261637239165328,0.35555555555555557,0.8750840953550888,0.9189283803409003
high_debt_burden,full,Gradient Boosting,0.01958266452648475,0.35555555555555557,0.8749465484213109,0.9189283803409003
high_debt_burden,full,Gradient Boosting,0.01958266452648475,0.3573696145124717,0.8747202330808478,0.9189283803409003
high_debt_burden,full,Gradient Boosting,0.019903691813804174,0.3573696145124717,0.8746953679349878,0.9189283803409003
high_debt_burden,full,Gradient Boosting,0.019903691813804174,0.35827664399092973,0.874561000175431,0.9189283803409003
high_debt_burden,full,Gradient Boosting,0.020224719101123594,0.35827664399092973,0.8743707402584041,0.9189283803409003
high_debt_burden,full,Gradient Boosting,0.020224719101123594,0.3600907029478458,0.8741040197196546,0.9189283803409003
high_debt_burden,full,Gradient Boosting,0.020545746388443017,0.3600907029478458,0.8741021949097412,0.9189283803409003
high_debt_burden,full,Gradient Boosting,0.020545746388443017,0.37369614512471655,0.8697826902561572,0.9189283803409003
high_debt_burden,full,Gradient Boosting,0.02086677367576244,0.37369614512471655,0.8697756056905633,0.9189283803409003
high_debt_burden,full,Gradient Boosting,0.02086677367576244,0.37551020408163266,0.8695336245749526,0.9189283803409003
high_debt_burden,full,Gradient Boosting,0.02118780096308186,0.37551020408163266,0.8693947462500556,0.9189283803409003
high_debt_burden,full,Gradient Boosting,0.02118780096308186,0.3791383219954649,0.8681458421993481,0.9189283803409003
high_debt_burden,full,Gradient Boosting,0.021508828250401284,0.3791383219954649,0.8680824311876182,0.9189283803409003
high_debt_burden,full,Gradient Boosting,0.021508828250401284,0.381859410430839,0.8673189560904662,0.9189283803409003
high_debt_burden,full,Gradient Boosting,0.021829855537720707,0.381859410430839,0.8672803357362708,0.9189283803409003
high_debt_burden,full,Gradient Boosting,0.021829855537720707,0.38276643990929704,0.8672220102580982,0.9189283803409003
high_debt_burden,full,Gradient Boosting,0.022150882825040127,0.38276643990929704,0.8672119890764317,0.9189283803409003
high_debt_burden,full,Gradient Boosting,0.022150882825040127,0.3836734693877551,0.8670174170157634,0.9189283803409003
high_debt_burden,full,Gradient Boosting,0.02247191011235955,0.3836734693877551,0.8666855446520293,0.9189283803409003
high_debt_burden,full,Gradient Boosting,0.02247191011235955,0.38458049886621315,0.8665662093090154,0.9189283803409003
high_debt_burden,full,Gradient Boosting,0.022792937399678973,0.38458049886621315,0.8665063263573988,0.9189283803409003
high_debt_burden,full,Gradient Boosting,0.022792937399678973,0.3873015873015873,0.8662276102855725,0.9189283803409003
high_debt_burden,full,Gradient Boosting,0.023113964686998396,0.3873015873015873,0.8659554512396729,0.9189283803409003
high_debt_burden,full,Gradient Boosting,0.023113964686998396,0.38866213151927437,0.865768724050873,0.9189283803409003
high_debt_burden,full,Gradient Boosting,0.024077046548956663,0.38866213151927437,0.8656034251525949,0.9189283803409003
high_debt_burden,full,Gradient Boosting,0.024077046548956663,0.3891156462585034,0.8655135528706038,0.9189283803409003
high_debt_burden,full,Gradient Boosting,0.024398073836276082,0.3891156462585034,0.8654367272349627,0.9189283803409003
high_debt_burden,full,Gradient Boosting,0.024398073836276082,0.3922902494331066,0.864702013465863,0.9189283803409003
high_debt_burden,full,Gradient Boosting,0.024719101123595506,0.3922902494331066,0.8645282661755591,0.9189283803409003
high_debt_burden,full,Gradient Boosting,0.024719101123595506,0.39546485260770975,0.8636888625673395,0.9189283803409003
high_debt_burden,full,Gradient Boosting,0.02536115569823435,0.39546485260770975,0.8632920446210045,0.9189283803409003
high_debt_burden,full,Gradient Boosting,0.02536115569823435,0.39591836734693875,0.8632868742889815,0.9189283803409003
high_debt_burden,full,Gradient Boosting,0.025682182985553772,0.39591836734693875,0.8632483062151425,0.9189283803409003
high_debt_burden,full,Gradient Boosting,0.025682182985553772,0.39773242630385486,0.8627982061944444,0.9189283803409003
high_debt_burden,full,Gradient Boosting,0.026003210272873195,0.39773242630385486,0.8627110529778463,0.9189283803409003
high_debt_burden,full,Gradient Boosting,0.026003210272873195,0.400453514739229,0.8625083250428031,0.9189283803409003
high_debt_burden,full,Gradient Boosting,0.026324237560192615,0.400453514739229,0.8621427886608716,0.9189283803409003
high_debt_burden,full,Gradient Boosting,0.026324237560192615,0.4122448979591837,0.8595281514515172,0.9189283803409003
high_debt_burden,full,Gradient Boosting,0.026645264847512038,0.4122448979591837,0.8594646838329864,0.9189283803409003
high_debt_burden,full,Gradient Boosting,0.026645264847512038,0.4145124716553288,0.8589543128324584,0.9189283803409003
high_debt_burden,full,Gradient Boosting,0.02696629213483146,0.4145124716553288,0.8588392685110545,0.9189283803409003
high_debt_burden,full,Gradient Boosting,0.02696629213483146,0.4158730158730159,0.8584746899054272,0.9189283803409003
high_debt_burden,full,Gradient Boosting,0.027287319422150885,0.4158730158730159,0.8584558438942292,0.9189283803409003
high_debt_burden,full,Gradient Boosting,0.027287319422150885,0.41678004535147395,0.8583361549042267,0.9189283803409003
high_debt_burden,full,Gradient Boosting,0.027929373996789728,0.41678004535147395,0.8582260106759365,0.9189283803409003
high_debt_burden,full,Gradient Boosting,0.027929373996789728,0.42131519274376417,0.8568638660283632,0.9189283803409003
high_debt_burden,full,Gradient Boosting,0.02825040128410915,0.42131519274376417,0.8568012967809859,0.9189283803409003
high_debt_burden,full,Gradient Boosting,0.02825040128410915,0.4249433106575964,0.8561312102581196,0.9189283803409003
high_debt_burden,full,Gradient Boosting,0.028892455858747994,0.4249433106575964,0.8560603972917625,0.9189283803409003
high_debt_burden,full,Gradient Boosting,0.028892455858747994,0.4272108843537415,0.8551450056165742,0.9189283803409003
high_debt_burden,full,Gradient Boosting,0.029213483146067417,0.4272108843537415,0.8550859105166192,0.9189283803409003
high_debt_burden,full,Gradient Boosting,0.029213483146067417,0.4326530612244898,0.8536750647064818,0.9189283803409003
high_debt_burden,full,Gradient Boosting,0.029534510433386837,0.4326530612244898,0.8536465196328207,0.9189283803409003
high_debt_burden,full,Gradient Boosting,0.029534510433386837,0.4335600907029478,0.8535150613254858,0.9189283803409003
high_debt_burden,full,Gradient Boosting,0.02985553772070626,0.4335600907029478,0.8532581626014866,0.9189283803409003
high_debt_burden,full,Gradient Boosting,0.02985553772070626,0.43537414965986393,0.8529258346032245,0.9189283803409003
high_debt_burden,full,Gradient Boosting,0.030176565008025683,0.43537414965986393,0.8528918188085988,0.9189283803409003
high_debt_burden,full,Gradient Boosting,0.030176565008025683,0.43718820861678004,0.8526052072164468,0.9189283803409003
high_debt_burden,full,Gradient Boosting,0.030818619582664526,0.43718820861678004,0.852563080498987,0.9189283803409003
high_debt_burden,full,Gradient Boosting,0.030818619582664526,0.4376417233560091,0.8522065103408246,0.9189283803409003
high_debt_burden,full,Gradient Boosting,0.03113964686998395,0.4376417233560091,0.8521233372899591,0.9189283803409003
high_debt_burden,full,Gradient Boosting,0.03113964686998395,0.44807256235827664,0.8508189541988621,0.9189283803409003
high_debt_burden,full,Gradient Boosting,0.03146067415730337,0.44807256235827664,0.8506787577613086,0.9189283803409003
high_debt_burden,full,Gradient Boosting,0.03146067415730337,0.45034013605442175,0.8503569631928598,0.9189283803409003
high_debt_burden,full,Gradient Boosting,0.03178170144462279,0.45034013605442175,0.8501666270909075,0.9189283803409003
high_debt_burden,full,Gradient Boosting,0.03178170144462279,0.4507936507936508,0.8501453881287727,0.9189283803409003
high_debt_burden,full,Gradient Boosting,0.03210272873194221,0.4507936507936508,0.8500864831210437,0.9189283803409003
high_debt_burden,full,Gradient Boosting,0.03210272873194221,0.455328798185941,0.8493828566096622,0.9189283803409003
high_debt_burden,full,Gradient Boosting,0.03242375601926164,0.455328798185941,0.8493243799926865,0.9189283803409003
high_debt_burden,full,Gradient Boosting,0.03242375601926164,0.4562358276643991,0.849096788305396,0.9189283803409003
high_debt_burden,full,Gradient Boosting,0.03306581059390048,0.4562358276643991,0.8490201610461438,0.9189283803409003
high_debt_burden,full,Gradient Boosting,0.03306581059390048,0.45668934240362813,0.8489959128589915,0.9189283803409003
high_debt_burden,full,Gradient Boosting,0.033707865168539325,0.45668934240362813,0.8488502341602627,0.9189283803409003
high_debt_burden,full,Gradient Boosting,0.033707865168539325,0.45850340136054424,0.848485127536532,0.9189283803409003
high_debt_burden,full,Gradient Boosting,0.034028892455858745,0.45850340136054424,0.8483234218111747,0.9189283803409003
high_debt_burden,full,Gradient Boosting,0.034028892455858745,0.4603174603174603,0.8481084385549315,0.9189283803409003
high_debt_burden,full,Gradient Boosting,0.03434991974317817,0.4603174603174603,0.8480849228788001,0.9189283803409003
high_debt_burden,full,Gradient Boosting,0.03434991974317817,0.46077097505668935,0.8477481707336331,0.9189283803409003
high_debt_burden,full,Gradient Boosting,0.03467094703049759,0.46077097505668935,0.8477239969170368,0.9189283803409003
high_debt_burden,full,Gradient Boosting,0.03467094703049759,0.4616780045351474,0.8476039380948268,0.9189283803409003
high_debt_burden,full,Gradient Boosting,0.03499197431781702,0.4616780045351474,0.8475802080757084,0.9189283803409003
high_debt_burden,full,Gradient Boosting,0.03499197431781702,0.46258503401360546,0.8469201068444456,0.9189283803409003
high_debt_burden,full,Gradient Boosting,0.03531300160513644,0.46258503401360546,0.8468943050360432,0.9189283803409003
high_debt_burden,full,Gradient Boosting,0.03531300160513644,0.4743764172335601,0.8436469177164532,0.9189283803409003
high_debt_burden,full,Gradient Boosting,0.035955056179775284,0.4743764172335601,0.8433798555069245,0.9189283803409003
high_debt_burden,full,Gradient Boosting,0.035955056179775284,0.4766439909297052,0.8424171022365775,0.9189283803409003
high_debt_burden,full,Gradient Boosting,0.036276083467094704,0.4766439909297052,0.8423701083900209,0.9189283803409003
high_debt_burden,full,Gradient Boosting,0.036276083467094704,0.4770975056689342,0.8422263439760573,0.9189283803409003
high_debt_burden,full,Gradient Boosting,0.036597110754414124,0.4770975056689342,0.8420672155141079,0.9189283803409003
high_debt_burden,full,Gradient Boosting,0.036597110754414124,0.48435374149659866,0.8409194395783423,0.9189283803409003
high_debt_burden,full,Gradient Boosting,0.03691813804173355,0.48435374149659866,0.8407229283017346,0.9189283803409003
high_debt_burden,full,Gradient Boosting,0.03691813804173355,0.4888888888888889,0.8395419872857208,0.9189283803409003
high_debt_burden,full,Gradient Boosting,0.03723916532905297,0.4888888888888889,0.8394026209007998,0.9189283803409003
high_debt_burden,full,Gradient Boosting,0.03723916532905297,0.490249433106576,0.838935363282644,0.9189283803409003
high_debt_burden,full,Gradient Boosting,0.03756019261637239,0.490249433106576,0.838919328952068,0.9189283803409003
high_debt_burden,full,Gradient Boosting,0.03756019261637239,0.4943310657596372,0.8378052746328143,0.9189283803409003
high_debt_burden,full,Gradient Boosting,0.038202247191011236,0.4943310657596372,0.8376053579602472,0.9189283803409003
high_debt_burden,full,Gradient Boosting,0.038202247191011236,0.4947845804988662,0.8375903057831503,0.9189283803409003
high_debt_burden,full,Gradient Boosting,0.038523274478330656,0.4947845804988662,0.8374747053967763,0.9189283803409003
high_debt_burden,full,Gradient Boosting,0.038523274478330656,0.5015873015873016,0.8354937595777256,0.9189283803409003
high_debt_burden,full,Gradient Boosting,0.03884430176565008,0.5015873015873016,0.8349005210289177,0.9189283803409003
high_debt_burden,full,Gradient Boosting,0.03884430176565008,0.5061224489795918,0.8344431315398283,0.9189283803409003
high_debt_burden,full,Gradient Boosting,0.0391653290529695,0.5061224489795918,0.8344390150550308,0.9189283803409003
high_debt_burden,full,Gradient Boosting,0.0391653290529695,0.5065759637188209,0.8341447325326322,0.9189283803409003
high_debt_burden,full,Gradient Boosting,0.04012841091492777,0.5065759637188209,0.8340028725296168,0.9189283803409003
high_debt_burden,full,Gradient Boosting,0.04012841091492777,0.507482993197279,0.833635385266629,0.9189283803409003
high_debt_burden,full,Gradient Boosting,0.04044943820224719,0.507482993197279,0.8335115476781264,0.9189283803409003
high_debt_burden,full,Gradient Boosting,0.04044943820224719,0.5079365079365079,0.8334772247075274,0.9189283803409003
high_debt_burden,full,Gradient Boosting,0.040770465489566615,0.5079365079365079,0.8334106556624451,0.9189283803409003
high_debt_burden,full,Gradient Boosting,0.040770465489566615,0.509297052154195,0.8330250589685323,0.9189283803409003
high_debt_burden,full,Gradient Boosting,0.041412520064205455,0.509297052154195,0.8327755451097173,0.9189283803409003
high_debt_burden,full,Gradient Boosting,0.041412520064205455,0.5188208616780046,0.8296620515668527,0.9189283803409003
high_debt_burden,full,Gradient Boosting,0.04173354735152488,0.5188208616780046,0.8296412576280573,0.9189283803409003
high_debt_burden,full,Gradient Boosting,0.04173354735152488,0.5197278911564626,0.8293655303910893,0.9189283803409003
high_debt_burden,full,Gradient Boosting,0.0420545746388443,0.5197278911564626,0.8292061734046188,0.9189283803409003
high_debt_burden,full,Gradient Boosting,0.0420545746388443,0.5219954648526077,0.8286948611839405,0.9189283803409003
high_debt_burden,full,Gradient Boosting,0.04237560192616372,0.5219954648526077,0.828521829062308,0.9189283803409003
high_debt_burden,full,Gradient Boosting,0.04237560192616372,0.5229024943310657,0.828439152951777,0.9189283803409003
high_debt_burden,full,Gradient Boosting,0.04269662921348315,0.5229024943310657,0.828434877095303,0.9189283803409003
high_debt_burden,full,Gradient Boosting,0.04269662921348315,0.5242630385487528,0.8282869988788345,0.9189283803409003
high_debt_burden,full,Gradient Boosting,0.04301765650080257,0.5242630385487528,0.8282188408095428,0.9189283803409003
high_debt_burden,full,Gradient Boosting,0.04301765650080257,0.5265306122448979,0.827785012156744,0.9189283803409003
high_debt_burden,full,Gradient Boosting,0.04333868378812199,0.5265306122448979,0.8277441967021176,0.9189283803409003
high_debt_burden,full,Gradient Boosting,0.04333868378812199,0.5333333333333333,0.826361340035575,0.9189283803409003
high_debt_burden,full,Gradient Boosting,0.043659711075441414,0.5337868480725624,0.8262803418267015,0.9189283803409003
high_debt_burden,full,Gradient Boosting,0.043659711075441414,0.5365079365079365,0.8257074602706802,0.9189283803409003
high_debt_burden,full,Gradient Boosting,0.04430176565008025,0.5365079365079365,0.8253855186899342,0.9189283803409003
high_debt_burden,full,Gradient Boosting,0.04430176565008025,0.5424036281179139,0.8239151330340165,0.9189283803409003
high_debt_burden,full,Gradient Boosting,0.04462279293739968,0.5424036281179139,0.8237950366517434,0.9189283803409003
high_debt_burden,full,Gradient Boosting,0.04462279293739968,0.545578231292517,0.8225582909025938,0.9189283803409003
high_debt_burden,full,Gradient Boosting,0.04526484751203853,0.545578231292517,0.822413234050928,0.9189283803409003
high_debt_burden,full,Gradient Boosting,0.04526484751203853,0.5478458049886621,0.8214712263265126,0.9189283803409003
high_debt_burden,full,Gradient Boosting,0.045585874799357946,0.5478458049886621,0.8214639806198925,0.9189283803409003
high_debt_burden,full,Gradient Boosting,0.045585874799357946,0.5496598639455782,0.8207544502072728,0.9189283803409003
high_debt_burden,full,Gradient Boosting,0.045906902086677366,0.5496598639455782,0.8206380917213304,0.9189283803409003
high_debt_burden,full,Gradient Boosting,0.045906902086677366,0.5514739229024943,0.8203607277532665,0.9189283803409003
high_debt_burden,full,Gradient Boosting,0.04622792937399679,0.5514739229024943,0.8203498954409145,0.9189283803409003
high_debt_burden,full,Gradient Boosting,0.04622792937399679,0.5532879818594104,0.8199204317127863,0.9189283803409003
high_debt_burden,full,Gradient Boosting,0.04686998394863563,0.5532879818594104,0.8197989552196097,0.9189283803409003
high_debt_burden,full,Gradient Boosting,0.04686998394863563,0.5564625850340136,0.8187297688507836,0.9189283803409003
high_debt_burden,full,Gradient Boosting,0.04719101123595506,0.5564625850340136,0.8185952312303356,0.9189283803409003
high_debt_burden,full,Gradient Boosting,0.04719101123595506,0.5578231292517006,0.8182500083522474,0.9189283803409003
high_debt_burden,full,Gradient Boosting,0.04751203852327448,0.5578231292517006,0.8181992156360114,0.9189283803409003
high_debt_burden,full,Gradient Boosting,0.04751203852327448,0.5596371882086167,0.8174308081141102,0.9189283803409003
high_debt_burden,full,Gradient Boosting,0.0478330658105939,0.5596371882086167,0.8174212169618131,0.9189283803409003
high_debt_burden,full,Gradient Boosting,0.0478330658105939,0.5605442176870749,0.8169188143433528,0.9189283803409003
high_debt_burden,full,Gradient Boosting,0.048154093097913325,0.5605442176870749,0.8168081584685274,0.9189283803409003
high_debt_burden,full,Gradient Boosting,0.048154093097913325,0.5609977324263039,0.8167723517556412,0.9189283803409003
high_debt_burden,full,Gradient Boosting,0.048475120385232745,0.5609977324263039,0.8167094273159106,0.9189283803409003
high_debt_burden,full,Gradient Boosting,0.048475120385232745,0.564625850340136,0.816002974157485,0.9189283803409003
high_debt_burden,full,Gradient Boosting,0.04911717495987159,0.564625850340136,0.8158763854677793,0.9189283803409003
high_debt_burden,full,Gradient Boosting,0.04911717495987159,0.5659863945578232,0.815838277556694,0.9189283803409003
high_debt_burden,full,Gradient Boosting,0.04943820224719101,0.5659863945578232,0.8158297690939453,0.9189283803409003
high_debt_burden,full,Gradient Boosting,0.04943820224719101,0.5682539682539682,0.8151540234405765,0.9189283803409003
high_debt_burden,full,Gradient Boosting,0.04975922953451043,0.5682539682539682,0.8150871120399108,0.9189283803409003
high_debt_burden,full,Gradient Boosting,0.04975922953451043,0.5727891156462585,0.8142958649904897,0.9189283803409003
high_debt_burden,full,Gradient Boosting,0.05008025682182986,0.5727891156462585,0.8142057515150161,0.9189283803409003
high_debt_burden,full,Gradient Boosting,0.05008025682182986,0.5736961451247166,0.8138582019237617,0.9189283803409003
high_debt_burden,full,Gradient Boosting,0.05040128410914928,0.5736961451247166,0.8138350838720537,0.9189283803409003
high_debt_burden,full,Gradient Boosting,0.05040128410914928,0.5750566893424036,0.8135467514926055,0.9189283803409003
high_debt_burden,full,Gradient Boosting,0.0507223113964687,0.5750566893424036,0.8133810714794365,0.9189283803409003
high_debt_burden,full,Gradient Boosting,0.0507223113964687,0.5768707482993197,0.8129109066806502,0.9189283803409003
high_debt_burden,full,Gradient Boosting,0.051043338683788124,0.5768707482993197,0.8128133413249303,0.9189283803409003
high_debt_burden,full,Gradient Boosting,0.051043338683788124,0.5791383219954649,0.8120134760291371,0.9189283803409003
high_debt_burden,full,Gradient Boosting,0.051364365971107544,0.5791383219954649,0.8119430744829008,0.9189283803409003
high_debt_burden,full,Gradient Boosting,0.051364365971107544,0.5800453514739229,0.811597753383393,0.9189283803409003
high_debt_burden,full,Gradient Boosting,0.051685393258426963,0.5800453514739229,0.8115436495080967,0.9189283803409003
high_debt_burden,full,Gradient Boosting,0.051685393258426963,0.5804988662131519,0.81130728896746,0.9189283803409003
high_debt_burden,full,Gradient Boosting,0.05200642054574639,0.5804988662131519,0.8112654777399858,0.9189283803409003
high_debt_burden,full,Gradient Boosting,0.05200642054574639,0.5827664399092971,0.8107383328927474,0.9189283803409003
high_debt_burden,full,Gradient Boosting,0.05264847512038523,0.5827664399092971,0.8104399049515165,0.9189283803409003
high_debt_burden,full,Gradient Boosting,0.05264847512038523,0.5841269841269842,0.8100251243014268,0.9189283803409003
high_debt_burden,full,Gradient Boosting,0.052969502407704656,0.5841269841269842,0.8100103746712943,0.9189283803409003
high_debt_burden,full,Gradient Boosting,0.052969502407704656,0.5882086167800453,0.8092563439665263,0.9189283803409003
high_debt_burden,full,Gradient Boosting,0.053290529695024076,0.5882086167800453,0.8089402995166746,0.9189283803409003
high_debt_burden,full,Gradient Boosting,0.053290529695024076,0.5886621315192744,0.8084162471012344,0.9189283803409003
high_debt_burden,full,Gradient Boosting,0.05393258426966292,0.5886621315192744,0.8080809615564266,0.9189283803409003
high_debt_burden,full,Gradient Boosting,0.05393258426966292,0.5918367346938775,0.8066482206205514,0.9189283803409003
high_debt_burden,full,Gradient Boosting,0.05425361155698234,0.5918367346938775,0.8064742496891938,0.9189283803409003
high_debt_burden,full,Gradient Boosting,0.05425361155698234,0.5941043083900227,0.805930227236956,0.9189283803409003
high_debt_burden,full,Gradient Boosting,0.05457463884430177,0.5941043083900227,0.8053870908904115,0.9189283803409003
high_debt_burden,full,Gradient Boosting,0.05457463884430177,0.5986394557823129,0.8042111945813673,0.9189283803409003
high_debt_burden,full,Gradient Boosting,0.05489566613162119,0.5986394557823129,0.8041280469547338,0.9189283803409003
high_debt_burden,full,Gradient Boosting,0.05489566613162119,0.600453514739229,0.8039075579352336,0.9189283803409003
high_debt_burden,full,Gradient Boosting,0.05521669341894061,0.600453514739229,0.8037934304292464,0.9189283803409003
high_debt_burden,full,Gradient Boosting,0.05521669341894061,0.601360544217687,0.8032603614284576,0.9189283803409003
high_debt_burden,full,Gradient Boosting,0.055537720706260035,0.601360544217687,0.803212757291588,0.9189283803409003
high_debt_burden,full,Gradient Boosting,0.055537720706260035,0.6058956916099774,0.8023030615269163,0.9189283803409003
high_debt_burden,full,Gradient Boosting,0.055858747993579455,0.6058956916099774,0.8020818629365223,0.9189283803409003
high_debt_burden,full,Gradient Boosting,0.055858747993579455,0.6086167800453515,0.8014297905518355,0.9189283803409003
high_debt_burden,full,Gradient Boosting,0.056179775280898875,0.6086167800453515,0.8013002405271482,0.9189283803409003
high_debt_burden,full,Gradient Boosting,0.056179775280898875,0.6104308390022676,0.8004867819011282,0.9189283803409003
high_debt_burden,full,Gradient Boosting,0.0565008025682183,0.6104308390022676,0.8004611017935909,0.9189283803409003
high_debt_burden,full,Gradient Boosting,0.0565008025682183,0.6113378684807256,0.8002743710253634,0.9189283803409003
high_debt_burden,full,Gradient Boosting,0.05682182985553772,0.6113378684807256,0.8000843770128233,0.9189283803409003
high_debt_burden,full,Gradient Boosting,0.05682182985553772,0.6122448979591837,0.7999364276586135,0.9189283803409003
high_debt_burden,full,Gradient Boosting,0.05714285714285714,0.6122448979591837,0.799824100004471,0.9189283803409003
high_debt_burden,full,Gradient Boosting,0.05714285714285714,0.6140589569160998,0.7989197804577689,0.9189283803409003
high_debt_burden,full,Gradient Boosting,0.05746388443017657,0.6140589569160998,0.798892697888918,0.9189283803409003
high_debt_burden,full,Gradient Boosting,0.05746388443017657,0.6158730158730159,0.798371502377318,0.9189283803409003
high_debt_burden,full,Gradient Boosting,0.05778491171749599,0.6158730158730159,0.7982864960674293,0.9189283803409003
high_debt_burden,full,Gradient Boosting,0.05778491171749599,0.6163265306122448,0.7981494216628972,0.9189283803409003
high_debt_burden,full,Gradient Boosting,0.05810593900481541,0.6163265306122448,0.7981282461025501,0.9189283803409003
high_debt_burden,full,Gradient Boosting,0.05810593900481541,0.617233560090703,0.7979179740853578,0.9189283803409003
high_debt_burden,full,Gradient Boosting,0.058747993579454254,0.617233560090703,0.7978221065282234,0.9189283803409003
high_debt_burden,full,Gradient Boosting,0.058747993579454254,0.617687074829932,0.7977937603651032,0.9189283803409003
high_debt_burden,full,Gradient Boosting,0.059069020866773674,0.617687074829932,0.7977551280389902,0.9189283803409003
high_debt_burden,full,Gradient Boosting,0.059069020866773674,0.61859410430839,0.796774284428744,0.9189283803409003
high_debt_burden,full,Gradient Boosting,0.0593900481540931,0.61859410430839,0.7966491808527344,0.9189283803409003
high_debt_burden,full,Gradient Boosting,0.0593900481540931,0.6267573696145124,0.7948412431663838,0.9189283803409003
high_debt_burden,full,Gradient Boosting,0.05971107544141252,0.6267573696145124,0.7947841878145059,0.9189283803409003
high_debt_burden,full,Gradient Boosting,0.05971107544141252,0.6290249433106576,0.7944237085862489,0.9189283803409003
high_debt_burden,full,Gradient Boosting,0.06003210272873194,0.6290249433106576,0.7940903652780626,0.9189283803409003
high_debt_burden,full,Gradient Boosting,0.06003210272873194,0.6294784580498867,0.7937926472403897,0.9189283803409003
high_debt_burden,full,Gradient Boosting,0.060353130016051366,0.6294784580498867,0.7937691299949173,0.9189283803409003
high_debt_burden,full,Gradient Boosting,0.060353130016051366,0.6308390022675737,0.7929984642936654,0.9189283803409003
high_debt_burden,full,Gradient Boosting,0.060674157303370786,0.6308390022675737,0.7929185493955961,0.9189283803409003
high_debt_burden,full,Gradient Boosting,0.060674157303370786,0.6376417233560091,0.7911830506513764,0.9189283803409003
high_debt_burden,full,Gradient Boosting,0.060995184590690206,0.6376417233560091,0.790900519727092,0.9189283803409003
high_debt_burden,full,Gradient Boosting,0.060995184590690206,0.6417233560090703,0.7895106145184937,0.9189283803409003
high_debt_burden,full,Gradient Boosting,0.06131621187800963,0.6417233560090703,0.7894071842047379,0.9189283803409003
high_debt_burden,full,Gradient Boosting,0.06131621187800963,0.6439909297052154,0.7890142475259522,0.9189283803409003
high_debt_burden,full,Gradient Boosting,0.06195826645264847,0.6439909297052154,0.7886746734522857,0.9189283803409003
high_debt_burden,full,Gradient Boosting,0.06195826645264847,0.6467120181405895,0.7876855161083354,0.9189283803409003
high_debt_burden,full,Gradient Boosting,0.06260032102728733,0.6467120181405895,0.7876278644787226,0.9189283803409003
high_debt_burden,full,Gradient Boosting,0.06260032102728733,0.6471655328798186,0.787531372043642,0.9189283803409003
high_debt_burden,full,Gradient Boosting,0.06292134831460675,0.6471655328798186,0.787348056730739,0.9189283803409003
high_debt_burden,full,Gradient Boosting,0.06292134831460675,0.6530612244897959,0.785486940464738,0.9189283803409003
high_debt_burden,full,Gradient Boosting,0.06324237560192617,0.6530612244897959,0.7853831704373667,0.9189283803409003
high_debt_burden,full,Gradient Boosting,0.06324237560192617,0.653968253968254,0.7852212700296938,0.9189283803409003
high_debt_burden,full,Gradient Boosting,0.06356340288924558,0.653968253968254,0.7850777745129188,0.9189283803409003
high_debt_burden,full,Gradient Boosting,0.06356340288924558,0.6562358276643991,0.7837487749416566,0.9189283803409003
high_debt_burden,full,Gradient Boosting,0.063884430176565,0.6562358276643991,0.783529102120712,0.9189283803409003
high_debt_burden,full,Gradient Boosting,0.063884430176565,0.6566893424036281,0.783440956277147,0.9189283803409003
high_debt_burden,full,Gradient Boosting,0.06420545746388442,0.6566893424036281,0.7833654885776881,0.9189283803409003
high_debt_burden,full,Gradient Boosting,0.06420545746388442,0.6571428571428571,0.7833654684860721,0.9189283803409003
high_debt_burden,full,Gradient Boosting,0.06452648475120386,0.6571428571428571,0.7832309355856371,0.9189283803409003
high_debt_burden,full,Gradient Boosting,0.06452648475120386,0.6575963718820862,0.7832216781880377,0.9189283803409003
high_debt_burden,full,Gradient Boosting,0.06548956661316212,0.6575963718820862,0.78299843318718,0.9189283803409003
high_debt_burden,full,Gradient Boosting,0.06548956661316212,0.6589569160997732,0.7828832486554136,0.9189283803409003
high_debt_burden,full,Gradient Boosting,0.06645264847512039,0.6589569160997732,0.7823551863086501,0.9189283803409003
high_debt_burden,full,Gradient Boosting,0.06645264847512039,0.6598639455782312,0.7822181491012611,0.9189283803409003
high_debt_burden,full,Gradient Boosting,0.06677367576243981,0.6598639455782312,0.7822005398242461,0.9189283803409003
high_debt_burden,full,Gradient Boosting,0.06677367576243981,0.6603174603174603,0.7820863056520088,0.9189283803409003
high_debt_burden,full,Gradient Boosting,0.06709470304975923,0.6603174603174603,0.782011163912312,0.9189283803409003
high_debt_burden,full,Gradient Boosting,0.06709470304975923,0.6648526077097505,0.7798615269555775,0.9189283803409003
high_debt_burden,full,Gradient Boosting,0.06741573033707865,0.6648526077097505,0.7797469194458583,0.9189283803409003
high_debt_burden,full,Gradient Boosting,0.06741573033707865,0.6657596371882086,0.7796267410996751,0.9189283803409003
high_debt_burden,full,Gradient Boosting,0.06773675762439807,0.6657596371882086,0.7795177209325662,0.9189283803409003
high_debt_burden,full,Gradient Boosting,0.06773675762439807,0.6671201814058957,0.7792903771816456,0.9189283803409003
high_debt_burden,full,Gradient Boosting,0.06837881219903692,0.6671201814058957,0.7790343747431316,0.9189283803409003
high_debt_burden,full,Gradient Boosting,0.06837881219903692,0.6675736961451247,0.7789632144838798,0.9189283803409003
high_debt_burden,full,Gradient Boosting,0.06902086677367576,0.6675736961451247,0.778582931317753,0.9189283803409003
high_debt_burden,full,Gradient Boosting,0.06902086677367576,0.6689342403628118,0.7780254750983367,0.9189283803409003
high_debt_burden,full,Gradient Boosting,0.0696629213483146,0.6689342403628118,0.77781934818242,0.9189283803409003
high_debt_burden,full,Gradient Boosting,0.0696629213483146,0.6702947845804988,0.777312097446848,0.9189283803409003
high_debt_burden,full,Gradient Boosting,0.07030497592295346,0.6702947845804988,0.777160594963308,0.9189283803409003
high_debt_burden,full,Gradient Boosting,0.07030497592295346,0.6730158730158731,0.7763232819026855,0.9189283803409003
high_debt_burden,full,Gradient Boosting,0.07062600321027288,0.6730158730158731,0.7763141766379092,0.9189283803409003
high_debt_burden,full,Gradient Boosting,0.07062600321027288,0.6807256235827664,0.7732725023624186,0.9189283803409003
high_debt_burden,full,Gradient Boosting,0.0709470304975923,0.6807256235827664,0.7731925604640361,0.9189283803409003
high_debt_burden,full,Gradient Boosting,0.0709470304975923,0.6820861678004535,0.7726563628596033,0.9189283803409003
high_debt_burden,full,Gradient Boosting,0.07126805778491171,0.6820861678004535,0.772575253548891,0.9189283803409003
high_debt_burden,full,Gradient Boosting,0.07126805778491171,0.6834467120181406,0.7715960434339673,0.9189283803409003
high_debt_burden,full,Gradient Boosting,0.07158908507223113,0.6834467120181406,0.7715776555815469,0.9189283803409003
high_debt_burden,full,Gradient Boosting,0.07158908507223113,0.6848072562358276,0.7711329658436232,0.9189283803409003
high_debt_burden,full,Gradient Boosting,0.07223113964686999,0.6848072562358276,0.7710005135632324,0.9189283803409003
high_debt_burden,full,Gradient Boosting,0.07223113964686999,0.6866213151927437,0.7694067292526513,0.9189283803409003
high_debt_burden,full,Gradient Boosting,0.07255216693418941,0.6866213151927437,0.7694026977746012,0.9189283803409003
high_debt_burden,full,Gradient Boosting,0.07255216693418941,0.689795918367347,0.7681302781822051,0.9189283803409003
high_debt_burden,full,Gradient Boosting,0.07287319422150883,0.689795918367347,0.768012790074578,0.9189283803409003
high_debt_burden,full,Gradient Boosting,0.07287319422150883,0.6902494331065759,0.767838649764406,0.9189283803409003
high_debt_burden,full,Gradient Boosting,0.07319422150882825,0.6902494331065759,0.7676130396672108,0.9189283803409003
high_debt_burden,full,Gradient Boosting,0.07319422150882825,0.691609977324263,0.7666158989608267,0.9189283803409003
high_debt_burden,full,Gradient Boosting,0.07351524879614767,0.691609977324263,0.7665909607073068,0.9189283803409003
high_debt_burden,full,Gradient Boosting,0.07351524879614767,0.6934240362811791,0.7661100204163284,0.9189283803409003
high_debt_burden,full,Gradient Boosting,0.0738362760834671,0.6934240362811791,0.765729557785388,0.9189283803409003
high_debt_burden,full,Gradient Boosting,0.0738362760834671,0.6938775510204082,0.7656381375203816,0.9189283803409003
high_debt_burden,full,Gradient Boosting,0.07415730337078652,0.6938775510204082,0.7655619083422801,0.9189283803409003
high_debt_burden,full,Gradient Boosting,0.07415730337078652,0.6970521541950113,0.7651648822790008,0.9189283803409003
high_debt_burden,full,Gradient Boosting,0.07447833065810594,0.6970521541950113,0.7644806878565347,0.9189283803409003
high_debt_burden,full,Gradient Boosting,0.07447833065810594,0.6993197278911565,0.7633432675647263,0.9189283803409003
high_debt_burden,full,Gradient Boosting,0.07479935794542536,0.6993197278911565,0.7630373597828962,0.9189283803409003
high_debt_burden,full,Gradient Boosting,0.07479935794542536,0.7056689342403628,0.7591347983818947,0.9189283803409003
high_debt_burden,full,Gradient Boosting,0.07512038523274478,0.7056689342403628,0.7587745904750895,0.9189283803409003
high_debt_burden,full,Gradient Boosting,0.07512038523274478,0.7070294784580499,0.7583191652394395,0.9189283803409003
high_debt_burden,full,Gradient Boosting,0.07608346709470305,0.7070294784580499,0.7578298490458658,0.9189283803409003
high_debt_burden,full,Gradient Boosting,0.07608346709470305,0.710204081632653,0.755115606165406,0.9189283803409003
high_debt_burden,full,Gradient Boosting,0.07640449438202247,0.710204081632653,0.754963769058421,0.9189283803409003
high_debt_burden,full,Gradient Boosting,0.07640449438202247,0.7142857142857143,0.7516122601973148,0.9189283803409003
high_debt_burden,full,Gradient Boosting,0.07704654895666131,0.7142857142857143,0.7510554435269964,0.9189283803409003
high_debt_burden,full,Gradient Boosting,0.07704654895666131,0.7165532879818595,0.7496193599286327,0.9189283803409003
high_debt_burden,full,Gradient Boosting,0.07736757624398073,0.7165532879818595,0.7492151167443136,0.9189283803409003
high_debt_burden,full,Gradient Boosting,0.07736757624398073,0.7170068027210884,0.7481829886802531,0.9189283803409003
high_debt_burden,full,Gradient Boosting,0.07800963081861959,0.7170068027210884,0.7475216175993727,0.9189283803409003
high_debt_burden,full,Gradient Boosting,0.07800963081861959,0.7188208616780045,0.7463135467948067,0.9189283803409003
high_debt_burden,full,Gradient Boosting,0.07865168539325842,0.7188208616780045,0.7455410677515775,0.9189283803409003
high_debt_burden,full,Gradient Boosting,0.07865168539325842,0.7201814058956916,0.7446398869337354,0.9189283803409003
high_debt_burden,full,Gradient Boosting,0.07897271268057784,0.7201814058956916,0.744090005793858,0.9189283803409003
high_debt_burden,full,Gradient Boosting,0.07897271268057784,0.7242630385487528,0.741729790868397,0.9189283803409003
high_debt_burden,full,Gradient Boosting,0.07929373996789728,0.7242630385487528,0.7415842770733434,0.9189283803409003
high_debt_burden,full,Gradient Boosting,0.07929373996789728,0.7256235827664399,0.7409309843024021,0.9189283803409003
high_debt_burden,full,Gradient Boosting,0.0796147672552167,0.7256235827664399,0.7409232790179563,0.9189283803409003
high_debt_burden,full,Gradient Boosting,0.0796147672552167,0.726984126984127,0.7388132537253158,0.9189283803409003
high_debt_burden,full,Gradient Boosting,0.07993579454253612,0.726984126984127,0.7387910434130274,0.9189283803409003
high_debt_burden,full,Gradient Boosting,0.07993579454253612,0.7297052154195012,0.73510020733432,0.9189283803409003
high_debt_burden,full,Gradient Boosting,0.08025682182985554,0.7297052154195012,0.7350554846670598,0.9189283803409003
high_debt_burden,full,Gradient Boosting,0.08025682182985554,0.7306122448979592,0.7349993928380262,0.9189283803409003
high_debt_burden,full,Gradient Boosting,0.08057784911717496,0.7306122448979592,0.7345468732469196,0.9189283803409003
high_debt_burden,full,Gradient Boosting,0.08057784911717496,0.7310657596371882,0.7340366495365636,0.9189283803409003
high_debt_burden,full,Gradient Boosting,0.08089887640449438,0.7310657596371882,0.7340361368938431,0.9189283803409003
high_debt_burden,full,Gradient Boosting,0.08089887640449438,0.7315192743764173,0.7339931927563237,0.9189283803409003
high_debt_burden,full,Gradient Boosting,0.08154093097913323,0.7315192743764173,0.7328769559036862,0.9189283803409003
high_debt_burden,full,Gradient Boosting,0.08154093097913323,0.7319727891156462,0.7328459484492703,0.9189283803409003
high_debt_burden,full,Gradient Boosting,0.08186195826645265,0.7319727891156462,0.7327819961087483,0.9189283803409003
high_debt_burden,full,Gradient Boosting,0.08186195826645265,0.7365079365079366,0.731016683917056,0.9189283803409003
high_debt_burden,full,Gradient Boosting,0.08218298555377207,0.7365079365079366,0.730982023516632,0.9189283803409003
high_debt_burden,full,Gradient Boosting,0.08218298555377207,0.7374149659863946,0.7294640471898293,0.9189283803409003
high_debt_burden,full,Gradient Boosting,0.08250401284109149,0.7374149659863946,0.7294485292658717,0.9189283803409003
high_debt_burden,full,Gradient Boosting,0.08250401284109149,0.7378684807256236,0.7292981956127005,0.9189283803409003
high_debt_burden,full,Gradient Boosting,0.08282504012841091,0.7378684807256236,0.7292721258000322,0.9189283803409003
high_debt_burden,full,Gradient Boosting,0.08282504012841091,0.7383219954648526,0.7292192330397897,0.9189283803409003
high_debt_burden,full,Gradient Boosting,0.08314606741573034,0.7383219954648526,0.7290023907526515,0.9189283803409003
high_debt_burden,full,Gradient Boosting,0.08314606741573034,0.7387755102040816,0.7286063705905828,0.9189283803409003
high_debt_burden,full,Gradient Boosting,0.08346709470304976,0.7387755102040816,0.7284350469917446,0.9189283803409003
high_debt_burden,full,Gradient Boosting,0.08346709470304976,0.7392290249433107,0.7278448729950954,0.9189283803409003
high_debt_burden,full,Gradient Boosting,0.08378812199036918,0.7392290249433107,0.7270953669957114,0.9189283803409003
high_debt_burden,full,Gradient Boosting,0.08378812199036918,0.7424036281179138,0.7243665945016597,0.9189283803409003
high_debt_burden,full,Gradient Boosting,0.08443017656500802,0.7424036281179138,0.7235098384932748,0.9189283803409003
high_debt_burden,full,Gradient Boosting,0.08443017656500802,0.7428571428571429,0.7229903155315517,0.9189283803409003
high_debt_burden,full,Gradient Boosting,0.08475120385232744,0.7428571428571429,0.7229705360676256,0.9189283803409003
high_debt_burden,full,Gradient Boosting,0.08475120385232744,0.7478458049886622,0.7196196944645283,0.9189283803409003
high_debt_burden,full,Gradient Boosting,0.08507223113964688,0.7478458049886622,0.7195566343203597,0.9189283803409003
high_debt_burden,full,Gradient Boosting,0.08507223113964688,0.7487528344671202,0.7190948481359333,0.9189283803409003
high_debt_burden,full,Gradient Boosting,0.0853932584269663,0.7487528344671202,0.7187174230395094,0.9189283803409003
high_debt_burden,full,Gradient Boosting,0.0853932584269663,0.7496598639455783,0.7177899616948118,0.9189283803409003
high_debt_burden,full,Gradient Boosting,0.08603531300160513,0.7496598639455783,0.7173714044819922,0.9189283803409003
high_debt_burden,full,Gradient Boosting,0.08603531300160513,0.7505668934240363,0.7161167028302364,0.9189283803409003
high_debt_burden,full,Gradient Boosting,0.08635634028892455,0.7505668934240363,0.7158866905693021,0.9189283803409003
high_debt_burden,full,Gradient Boosting,0.08635634028892455,0.7523809523809524,0.7148981020408289,0.9189283803409003
high_debt_burden,full,Gradient Boosting,0.08667736757624397,0.7523809523809524,0.7146979739667368,0.9189283803409003
high_debt_burden,full,Gradient Boosting,0.08667736757624397,0.7546485260770975,0.7132237059355475,0.9189283803409003
high_debt_burden,full,Gradient Boosting,0.08764044943820225,0.7546485260770975,0.7124222582649151,0.9189283803409003
high_debt_burden,full,Gradient Boosting,0.08764044943820225,0.7551020408163265,0.7122544277737992,0.9189283803409003
high_debt_burden,full,Gradient Boosting,0.08828250401284109,0.7551020408163265,0.7121045419196228,0.9189283803409003
high_debt_burden,full,Gradient Boosting,0.08828250401284109,0.7582766439909298,0.7092667899241867,0.9189283803409003
high_debt_burden,full,Gradient Boosting,0.08892455858747994,0.7582766439909298,0.7086865263254358,0.9189283803409003
high_debt_burden,full,Gradient Boosting,0.08892455858747994,0.7591836734693878,0.7083408187706772,0.9189283803409003
high_debt_burden,full,Gradient Boosting,0.08924558587479936,0.7591836734693878,0.707923807465871,0.9189283803409003
high_debt_burden,full,Gradient Boosting,0.08924558587479936,0.7623582766439909,0.7044355822128326,0.9189283803409003
high_debt_burden,full,Gradient Boosting,0.09020866773675762,0.7623582766439909,0.7035995073999115,0.9189283803409003
high_debt_burden,full,Gradient Boosting,0.09020866773675762,0.76281179138322,0.7026992856554866,0.9189283803409003
high_debt_burden,full,Gradient Boosting,0.09052969502407705,0.76281179138322,0.7024970828033297,0.9189283803409003
high_debt_burden,full,Gradient Boosting,0.09052969502407705,0.763265306122449,0.7019923995914962,0.9189283803409003
high_debt_burden,full,Gradient Boosting,0.09181380417335473,0.763265306122449,0.6992878772954841,0.9189283803409003
high_debt_burden,full,Gradient Boosting,0.09181380417335473,0.765079365079365,0.6966999027623324,0.9189283803409003
high_debt_burden,full,Gradient Boosting,0.09213483146067415,0.765079365079365,0.6966256721949929,0.9189283803409003
high_debt_burden,full,Gradient Boosting,0.09213483146067415,0.7673469387755102,0.6941938410460687,0.9189283803409003
high_debt_burden,full,Gradient Boosting,0.09245585874799359,0.7673469387755102,0.6941437971530342,0.9189283803409003
high_debt_burden,full,Gradient Boosting,0.09245585874799359,0.7700680272108843,0.6924961709145139,0.9189283803409003
high_debt_burden,full,Gradient Boosting,0.092776886035313,0.7700680272108843,0.6924152308320889,0.9189283803409003
high_debt_burden,full,Gradient Boosting,0.092776886035313,0.7709750566893424,0.6919342211755434,0.9189283803409003
high_debt_burden,full,Gradient Boosting,0.09341894060995184,0.7709750566893424,0.6912376300898413,0.9189283803409003
high_debt_burden,full,Gradient Boosting,0.09341894060995184,0.7727891156462585,0.6891397875910718,0.9189283803409003
high_debt_burden,full,Gradient Boosting,0.09373996789727126,0.7727891156462585,0.6874139932759414,0.9189283803409003
high_debt_burden,full,Gradient Boosting,0.09373996789727126,0.7741496598639456,0.6860905217462459,0.9189283803409003
high_debt_burden,full,Gradient Boosting,0.09470304975922954,0.7741496598639456,0.6810396445213157,0.9189283803409003
high_debt_burden,full,Gradient Boosting,0.09470304975922954,0.7773242630385487,0.6776221438793067,0.9189283803409003
high_debt_burden,full,Gradient Boosting,0.09502407704654896,0.7773242630385487,0.677425101215781,0.9189283803409003
high_debt_burden,full,Gradient Boosting,0.09502407704654896,0.7777777777777778,0.6770917243938485,0.9189283803409003
high_debt_burden,full,Gradient Boosting,0.09534510433386838,0.7777777777777778,0.6769908460811476,0.9189283803409003
high_debt_burden,full,Gradient Boosting,0.09534510433386838,0.7782312925170068,0.6768245940999876,0.9189283803409003
high_debt_burden,full,Gradient Boosting,0.0956661316211878,0.7782312925170068,0.6766508178197748,0.9189283803409003
high_debt_burden,full,Gradient Boosting,0.0956661316211878,0.7791383219954648,0.675359462125339,0.9189283803409003
high_debt_burden,full,Gradient Boosting,0.09630818619582665,0.7791383219954648,0.6745002123252588,0.9189283803409003
high_debt_burden,full,Gradient Boosting,0.09630818619582665,0.780045351473923,0.6726606502463343,0.9189283803409003
high_debt_burden,full,Gradient Boosting,0.09662921348314607,0.780045351473923,0.6724241225252391,0.9189283803409003
high_debt_burden,full,Gradient Boosting,0.09662921348314607,0.7836734693877551,0.6669007538174297,0.9189283803409003
high_debt_burden,full,Gradient Boosting,0.09695024077046549,0.7836734693877551,0.6668659595746724,0.9189283803409003
high_debt_burden,full,Gradient Boosting,0.09695024077046549,0.7841269841269841,0.6659086236031236,0.9189283803409003
high_debt_burden,full,Gradient Boosting,0.09727126805778491,0.7841269841269841,0.6645740362298344,0.9189283803409003
high_debt_burden,full,Gradient Boosting,0.09727126805778491,0.7854875283446712,0.6643312452919949,0.9189283803409003
high_debt_burden,full,Gradient Boosting,0.09791332263242375,0.7854875283446712,0.664064507218657,0.9189283803409003
high_debt_burden,full,Gradient Boosting,0.09791332263242375,0.7859410430839002,0.66308192829355,0.9189283803409003
high_debt_burden,full,Gradient Boosting,0.0985553772070626,0.7859410430839002,0.661833841908361,0.9189283803409003
high_debt_burden,full,Gradient Boosting,0.0985553772070626,0.7863945578231293,0.661779715540996,0.9189283803409003
high_debt_burden,full,Gradient Boosting,0.09887640449438202,0.7863945578231293,0.6617278278790754,0.9189283803409003
high_debt_burden,full,Gradient Boosting,0.09887640449438202,0.7868480725623582,0.6613627053590345,0.9189283803409003
high_debt_burden,full,Gradient Boosting,0.09951845906902086,0.7868480725623582,0.6592254007562188,0.9189283803409003
high_debt_burden,full,Gradient Boosting,0.09951845906902086,0.7909297052154195,0.6563748232632137,0.9189283803409003
high_debt_burden,full,Gradient Boosting,0.0998394863563403,0.7909297052154195,0.6559231816964987,0.9189283803409003
high_debt_burden,full,Gradient Boosting,0.0998394863563403,0.7945578231292517,0.6515420645047781,0.9189283803409003
high_debt_burden,full,Gradient Boosting,0.10016051364365972,0.7945578231292517,0.6505818508208938,0.9189283803409003
high_debt_burden,full,Gradient Boosting,0.10016051364365972,0.7954648526077097,0.6487395471912225,0.9189283803409003
high_debt_burden,full,Gradient Boosting,0.10048154093097914,0.7954648526077097,0.6482649319397784,0.9189283803409003
high_debt_burden,full,Gradient Boosting,0.10048154093097914,0.7963718820861678,0.6470593868133511,0.9189283803409003
high_debt_burden,full,Gradient Boosting,0.10080256821829855,0.7963718820861678,0.645142220992054,0.9189283803409003
high_debt_burden,full,Gradient Boosting,0.10080256821829855,0.7972789115646258,0.6437271436893215,0.9189283803409003
high_debt_burden,full,Gradient Boosting,0.10112359550561797,0.7972789115646258,0.6430111904578683,0.9189283803409003
high_debt_burden,full,Gradient Boosting,0.10112359550561797,0.7977324263038549,0.6427168353042875,0.9189283803409003
high_debt_burden,full,Gradient Boosting,0.10176565008025683,0.7977324263038549,0.6415044643965632,0.9189283803409003
high_debt_burden,full,Gradient Boosting,0.10176565008025683,0.7981859410430839,0.6414833212687509,0.9189283803409003
high_debt_burden,full,Gradient Boosting,0.10208667736757625,0.7981859410430839,0.6406550595722669,0.9189283803409003
high_debt_burden,full,Gradient Boosting,0.10208667736757625,0.7990929705215419,0.6395332434676964,0.9189283803409003
high_debt_burden,full,Gradient Boosting,0.10240770465489567,0.7990929705215419,0.6385135688771801,0.9189283803409003
high_debt_burden,full,Gradient Boosting,0.10240770465489567,0.8,0.6369887528770504,0.9189283803409003
high_debt_burden,full,Gradient Boosting,0.10272873194221509,0.8,0.636349078185995,0.9189283803409003
high_debt_burden,full,Gradient Boosting,0.10272873194221509,0.800907029478458,0.6341032683674038,0.9189283803409003
high_debt_burden,full,Gradient Boosting,0.10304975922953451,0.800907029478458,0.6339805484111225,0.9189283803409003
high_debt_burden,full,Gradient Boosting,0.10304975922953451,0.8018140589569162,0.6326562878586796,0.9189283803409003
high_debt_burden,full,Gradient Boosting,0.10337078651685393,0.8018140589569162,0.6319778137207437,0.9189283803409003
high_debt_burden,full,Gradient Boosting,0.10337078651685393,0.8031746031746032,0.6306515187499442,0.9189283803409003
high_debt_burden,full,Gradient Boosting,0.10369181380417336,0.8031746031746032,0.629611197729533,0.9189283803409003
high_debt_burden,full,Gradient Boosting,0.10369181380417336,0.8058956916099773,0.6262026054467622,0.9189283803409003
high_debt_burden,full,Gradient Boosting,0.10401284109149278,0.8058956916099773,0.6261415237545939,0.9189283803409003
high_debt_burden,full,Gradient Boosting,0.10401284109149278,0.8063492063492064,0.6257171748674465,0.9189283803409003
high_debt_burden,full,Gradient Boosting,0.10497592295345104,0.8063492063492064,0.622408412972472,0.9189283803409003
high_debt_burden,full,Gradient Boosting,0.10497592295345104,0.8068027210884354,0.6222585244626114,0.9189283803409003
high_debt_burden,full,Gradient Boosting,0.10561797752808989,0.8068027210884354,0.6193259239395347,0.9189283803409003
high_debt_burden,full,Gradient Boosting,0.10561797752808989,0.8072562358276644,0.6187495702353342,0.9189283803409003
high_debt_burden,full,Gradient Boosting,0.10658105939004815,0.8072562358276644,0.6175501509663374,0.9189283803409003
high_debt_burden,full,Gradient Boosting,0.10658105939004815,0.8081632653061225,0.6147328801097222,0.9189283803409003
high_debt_burden,full,Gradient Boosting,0.10786516853932585,0.8081632653061225,0.6113615171466343,0.9189283803409003
high_debt_burden,full,Gradient Boosting,0.10786516853932585,0.8090702947845805,0.6101386699033701,0.9189283803409003
high_debt_burden,full,Gradient Boosting,0.10818619582664527,0.8090702947845805,0.6100048283682188,0.9189283803409003
high_debt_burden,full,Gradient Boosting,0.10818619582664527,0.8099773242630386,0.608350130416807,0.9189283803409003
high_debt_burden,full,Gradient Boosting,0.10850722311396468,0.8099773242630386,0.608165753730992,0.9189283803409003
high_debt_burden,full,Gradient Boosting,0.10850722311396468,0.8104308390022675,0.6071089613109082,0.9189283803409003
high_debt_burden,full,Gradient Boosting,0.10979133226324238,0.8104308390022675,0.6054017882226296,0.9189283803409003
high_debt_burden,full,Gradient Boosting,0.10979133226324238,0.8108843537414966,0.6053378197343944,0.9189283803409003
high_debt_burden,full,Gradient Boosting,0.1101123595505618,0.8108843537414966,0.6047877759560336,0.9189283803409003
high_debt_burden,full,Gradient Boosting,0.1101123595505618,0.8117913832199547,0.6014337088126596,0.9189283803409003
high_debt_burden,full,Gradient Boosting,0.11043338683788122,0.8117913832199547,0.6008401491036726,0.9189283803409003
high_debt_burden,full,Gradient Boosting,0.11043338683788122,0.8122448979591836,0.6008273296638027,0.9189283803409003
high_debt_burden,full,Gradient Boosting,0.11139646869983949,0.8122448979591836,0.5983778320883694,0.9189283803409003
high_debt_burden,full,Gradient Boosting,0.11139646869983949,0.8140589569160998,0.5926123137129617,0.9189283803409003
high_debt_burden,full,Gradient Boosting,0.11203852327447833,0.8140589569160998,0.5916753462854512,0.9189283803409003
high_debt_burden,full,Gradient Boosting,0.11203852327447833,0.8145124716553288,0.5915483502930678,0.9189283803409003
high_debt_burden,full,Gradient Boosting,0.11235955056179775,0.8145124716553288,0.5906966124621661,0.9189283803409003
high_debt_burden,full,Gradient Boosting,0.11235955056179775,0.8149659863945579,0.5905445921490945,0.9189283803409003
high_debt_burden,full,Gradient Boosting,0.11268057784911717,0.8149659863945579,0.5897747861427323,0.9189283803409003
high_debt_burden,full,Gradient Boosting,0.11268057784911717,0.816780045351474,0.5872654822205623,0.9189283803409003
high_debt_burden,full,Gradient Boosting,0.1130016051364366,0.816780045351474,0.5851840165527358,0.9189283803409003
high_debt_burden,full,Gradient Boosting,0.1130016051364366,0.817687074829932,0.5835553893637792,0.9189283803409003
high_debt_burden,full,Gradient Boosting,0.11332263242375602,0.817687074829932,0.5835462642552595,0.9189283803409003
high_debt_burden,full,Gradient Boosting,0.11332263242375602,0.818140589569161,0.5835326590827519,0.9189283803409003
high_debt_burden,full,Gradient Boosting,0.11364365971107544,0.818140589569161,0.5832235833351924,0.9189283803409003
high_debt_burden,full,Gradient Boosting,0.11364365971107544,0.8195011337868481,0.5787593097743117,0.9189283803409003
high_debt_burden,full,Gradient Boosting,0.11428571428571428,0.8195011337868481,0.5777008076971114,0.9189283803409003
high_debt_burden,full,Gradient Boosting,0.11428571428571428,0.8199546485260771,0.5774447620496549,0.9189283803409003
high_debt_burden,full,Gradient Boosting,0.11492776886035314,0.8199546485260771,0.5760211023656859,0.9189283803409003
high_debt_burden,full,Gradient Boosting,0.11492776886035314,0.8208616780045351,0.5739429579932268,0.9189283803409003
high_debt_burden,full,Gradient Boosting,0.11524879614767256,0.8208616780045351,0.573745800878509,0.9189283803409003
high_debt_burden,full,Gradient Boosting,0.11524879614767256,0.8213151927437642,0.5727659482660682,0.9189283803409003
high_debt_burden,full,Gradient Boosting,0.11621187800963081,0.8213151927437642,0.5692559382559789,0.9189283803409003
high_debt_burden,full,Gradient Boosting,0.11621187800963081,0.8235827664399092,0.5664477867948582,0.9189283803409003
high_debt_burden,full,Gradient Boosting,0.11653290529695023,0.8235827664399092,0.564188375349156,0.9189283803409003
high_debt_burden,full,Gradient Boosting,0.11653290529695023,0.8249433106575964,0.5629915501396051,0.9189283803409003
high_debt_burden,full,Gradient Boosting,0.11685393258426967,0.8249433106575964,0.5623623689066836,0.9189283803409003
high_debt_burden,full,Gradient Boosting,0.11685393258426967,0.8258503401360544,0.5615836422658083,0.9189283803409003
high_debt_burden,full,Gradient Boosting,0.11717495987158909,0.8258503401360544,0.561313467958008,0.9189283803409003
high_debt_burden,full,Gradient Boosting,0.11717495987158909,0.8285714285714286,0.5580071779687314,0.9189283803409003
high_debt_burden,full,Gradient Boosting,0.11749598715890851,0.8285714285714286,0.5574777671199556,0.9189283803409003
high_debt_burden,full,Gradient Boosting,0.11749598715890851,0.8299319727891157,0.5525354380455781,0.9189283803409003
high_debt_burden,full,Gradient Boosting,0.11781701444622793,0.8299319727891157,0.5524328042069733,0.9189283803409003
high_debt_burden,full,Gradient Boosting,0.11781701444622793,0.8331065759637188,0.5461381888356506,0.9189283803409003
high_debt_burden,full,Gradient Boosting,0.11813804173354735,0.8331065759637188,0.5460036897125884,0.9189283803409003
high_debt_burden,full,Gradient Boosting,0.11813804173354735,0.8340136054421768,0.545466252994769,0.9189283803409003
high_debt_burden,full,Gradient Boosting,0.1187800963081862,0.8340136054421768,0.5446282829672037,0.9189283803409003
high_debt_burden,full,Gradient Boosting,0.1187800963081862,0.835827664399093,0.539717056997367,0.9189283803409003
high_debt_burden,full,Gradient Boosting,0.11910112359550562,0.835827664399093,0.5394169992313927,0.9189283803409003
high_debt_burden,full,Gradient Boosting,0.11910112359550562,0.836281179138322,0.5393450733440125,0.9189283803409003
high_debt_burden,full,Gradient Boosting,0.11942215088282504,0.836281179138322,0.5390267274901237,0.9189283803409003
high_debt_burden,full,Gradient Boosting,0.11942215088282504,0.8380952380952381,0.5366623792516158,0.9189283803409003
high_debt_burden,full,Gradient Boosting,0.11974317817014446,0.8380952380952381,0.5365765323913998,0.9189283803409003
high_debt_burden,full,Gradient Boosting,0.11974317817014446,0.8385487528344672,0.5363362056512205,0.9189283803409003
high_debt_burden,full,Gradient Boosting,0.12006420545746388,0.8385487528344672,0.5353833991227626,0.9189283803409003
high_debt_burden,full,Gradient Boosting,0.12006420545746388,0.8394557823129252,0.534788965466557,0.9189283803409003
high_debt_burden,full,Gradient Boosting,0.12038523274478331,0.8394557823129252,0.5322478519388658,0.9189283803409003
high_debt_burden,full,Gradient Boosting,0.12038523274478331,0.8417233560090703,0.5297619948552319,0.9189283803409003
high_debt_burden,full,Gradient Boosting,0.12070626003210273,0.8417233560090703,0.5297505288276041,0.9189283803409003
high_debt_burden,full,Gradient Boosting,0.12070626003210273,0.8426303854875283,0.5271949271518224,0.9189283803409003
high_debt_burden,full,Gradient Boosting,0.12134831460674157,0.8426303854875283,0.5267590490610102,0.9189283803409003
high_debt_burden,full,Gradient Boosting,0.12134831460674157,0.8435374149659864,0.5259176475725257,0.9189283803409003
high_debt_burden,full,Gradient Boosting,0.12199036918138041,0.8435374149659864,0.5256042693107081,0.9189283803409003
high_debt_burden,full,Gradient Boosting,0.12199036918138041,0.8448979591836735,0.521743236214449,0.9189283803409003
high_debt_burden,full,Gradient Boosting,0.12231139646869985,0.8448979591836735,0.5212230374607761,0.9189283803409003
high_debt_burden,full,Gradient Boosting,0.12231139646869985,0.8453514739229024,0.5211781063581507,0.9189283803409003
high_debt_burden,full,Gradient Boosting,0.12295345104333869,0.8453514739229024,0.5209961629987582,0.9189283803409003
high_debt_burden,full,Gradient Boosting,0.1232744783306581,0.8453514739229024,0.5207983573694319,0.9189283803409003
high_debt_burden,full,Gradient Boosting,0.1232744783306581,0.8458049886621315,0.5191138862978327,0.9189283803409003
high_debt_burden,full,Gradient Boosting,0.12391653290529694,0.8458049886621315,0.5187451474736001,0.9189283803409003
high_debt_burden,full,Gradient Boosting,0.12391653290529694,0.8462585034013606,0.5166686334355797,0.9189283803409003
high_debt_burden,full,Gradient Boosting,0.12487961476725522,0.8462585034013606,0.5134602410630906,0.9189283803409003
high_debt_burden,full,Gradient Boosting,0.12487961476725522,0.8471655328798186,0.5130615459750838,0.9189283803409003
high_debt_burden,full,Gradient Boosting,0.12552166934189407,0.8471655328798186,0.5112385977113905,0.9189283803409003
high_debt_burden,full,Gradient Boosting,0.12552166934189407,0.8498866213151928,0.5089199058671829,0.9189283803409003
high_debt_burden,full,Gradient Boosting,0.12680577849117175,0.8498866213151928,0.5045884327453806,0.9189283803409003
high_debt_burden,full,Gradient Boosting,0.12680577849117175,0.8512471655328798,0.5038101319136484,0.9189283803409003
high_debt_burden,full,Gradient Boosting,0.1274478330658106,0.8512471655328798,0.5034138884613908,0.9189283803409003
high_debt_burden,full,Gradient Boosting,0.1274478330658106,0.8517006802721089,0.5031290672946931,0.9189283803409003
high_debt_burden,full,Gradient Boosting,0.1287319422150883,0.8517006802721089,0.4996459378128113,0.9189283803409003
high_debt_burden,full,Gradient Boosting,0.1287319422150883,0.8521541950113378,0.49730810129402464,0.9189283803409003
high_debt_burden,full,Gradient Boosting,0.12937399678972714,0.8521541950113378,0.49621609346389883,0.9189283803409003
high_debt_burden,full,Gradient Boosting,0.12937399678972714,0.8526077097505669,0.4955569975083336,0.9189283803409003
high_debt_burden,full,Gradient Boosting,0.13001605136436598,0.8526077097505669,0.4951129014050244,0.9189283803409003
high_debt_burden,full,Gradient Boosting,0.13001605136436598,0.854875283446712,0.4929915135161152,0.9189283803409003
high_debt_burden,full,Gradient Boosting,0.13097913322632423,0.854875283446712,0.4875597983025311,0.9189283803409003
high_debt_burden,full,Gradient Boosting,0.13097913322632423,0.8562358276643991,0.48607612114864673,0.9189283803409003
high_debt_burden,full,Gradient Boosting,0.1319422150882825,0.8562358276643991,0.4858551333793223,0.9189283803409003
high_debt_burden,full,Gradient Boosting,0.1319422150882825,0.8566893424036282,0.4834405406741585,0.9189283803409003
high_debt_burden,full,Gradient Boosting,0.13258426966292136,0.8566893424036282,0.4795502686227655,0.9189283803409003
high_debt_burden,full,Gradient Boosting,0.13258426966292136,0.8571428571428571,0.47894713248672266,0.9189283803409003
high_debt_burden,full,Gradient Boosting,0.13290529695024078,0.8571428571428571,0.4787233326664528,0.9189283803409003
high_debt_burden,full,Gradient Boosting,0.13290529695024078,0.8575963718820862,0.4780030619530472,0.9189283803409003
high_debt_burden,full,Gradient Boosting,0.13354735152487962,0.8575963718820862,0.47730975940671927,0.9189283803409003
high_debt_burden,full,Gradient Boosting,0.13354735152487962,0.8580498866213152,0.4764805007343461,0.9189283803409003
high_debt_burden,full,Gradient Boosting,0.13386837881219904,0.8580498866213152,0.47574644621989015,0.9189283803409003
high_debt_burden,full,Gradient Boosting,0.13386837881219904,0.8585034013605443,0.4754677853091814,0.9189283803409003
high_debt_burden,full,Gradient Boosting,0.13418940609951846,0.8585034013605443,0.47384340181250967,0.9189283803409003
high_debt_burden,full,Gradient Boosting,0.13418940609951846,0.8594104308390023,0.47178550899577565,0.9189283803409003
high_debt_burden,full,Gradient Boosting,0.13451043338683788,0.8594104308390023,0.4708898083679779,0.9189283803409003
high_debt_burden,full,Gradient Boosting,0.13451043338683788,0.8598639455782313,0.47064493290071113,0.9189283803409003
high_debt_burden,full,Gradient Boosting,0.1348314606741573,0.8598639455782313,0.4699996255731375,0.9189283803409003
high_debt_burden,full,Gradient Boosting,0.1348314606741573,0.8603174603174604,0.46723904831953544,0.9189283803409003
high_debt_burden,full,Gradient Boosting,0.13515248796147672,0.8603174603174604,0.46695208094243595,0.9189283803409003
high_debt_burden,full,Gradient Boosting,0.13515248796147672,0.8612244897959184,0.4668933905908712,0.9189283803409003
high_debt_burden,full,Gradient Boosting,0.13611556982343498,0.8612244897959184,0.46630030549406665,0.9189283803409003
high_debt_burden,full,Gradient Boosting,0.13611556982343498,0.8616780045351474,0.46610939654423506,0.9189283803409003
high_debt_burden,full,Gradient Boosting,0.13707865168539327,0.8616780045351474,0.463453470170463,0.9189283803409003
high_debt_burden,full,Gradient Boosting,0.13707865168539327,0.8621315192743764,0.4631936738004182,0.9189283803409003
high_debt_burden,full,Gradient Boosting,0.13804173354735153,0.8621315192743764,0.4600423748194013,0.9189283803409003
high_debt_burden,full,Gradient Boosting,0.13804173354735153,0.8634920634920635,0.45568882982060416,0.9189283803409003
high_debt_burden,full,Gradient Boosting,0.13836276083467094,0.8634920634920635,0.45487582894407397,0.9189283803409003
high_debt_burden,full,Gradient Boosting,0.13836276083467094,0.8639455782312925,0.45347549812386717,0.9189283803409003
high_debt_burden,full,Gradient Boosting,0.13900481540930978,0.8639455782312925,0.45283352988448,0.9189283803409003
high_debt_burden,full,Gradient Boosting,0.13900481540930978,0.8657596371882086,0.45133649104729595,0.9189283803409003
high_debt_burden,full,Gradient Boosting,0.1393258426966292,0.8657596371882086,0.4502066238400596,0.9189283803409003
high_debt_burden,full,Gradient Boosting,0.1393258426966292,0.8662131519274376,0.44995049798896586,0.9189283803409003
high_debt_burden,full,Gradient Boosting,0.1406099518459069,0.8662131519274376,0.44862666232880044,0.9189283803409003
high_debt_burden,full,Gradient Boosting,0.1406099518459069,0.8666666666666667,0.4470525276792942,0.9189283803409003
high_debt_burden,full,Gradient Boosting,0.14125200642054575,0.8666666666666667,0.44680637801954287,0.9189283803409003
high_debt_burden,full,Gradient Boosting,0.14125200642054575,0.8671201814058956,0.4443187430280443,0.9189283803409003
high_debt_burden,full,Gradient Boosting,0.1418940609951846,0.8671201814058956,0.44042580485240035,0.9189283803409003
high_debt_burden,full,Gradient Boosting,0.1418940609951846,0.8680272108843538,0.4385829780365625,0.9189283803409003
high_debt_burden,full,Gradient Boosting,0.142215088282504,0.8680272108843538,0.4375678498040476,0.9189283803409003
high_debt_burden,full,Gradient Boosting,0.142215088282504,0.8689342403628117,0.43187748132462467,0.9189283803409003
high_debt_burden,full,Gradient Boosting,0.14317817014446227,0.8689342403628117,0.42629693567512256,0.9189283803409003
high_debt_burden,full,Gradient Boosting,0.14317817014446227,0.8693877551020408,0.425523666662826,0.9189283803409003
high_debt_burden,full,Gradient Boosting,0.1434991974317817,0.8693877551020408,0.4253238359221462,0.9189283803409003
high_debt_burden,full,Gradient Boosting,0.1434991974317817,0.8698412698412699,0.4245846572410414,0.9189283803409003
high_debt_burden,full,Gradient Boosting,0.14382022471910114,0.8698412698412699,0.42456083734121913,0.9189283803409003
high_debt_burden,full,Gradient Boosting,0.14382022471910114,0.8702947845804989,0.42436070311726126,0.9189283803409003
high_debt_burden,full,Gradient Boosting,0.1447833065810594,0.8702947845804989,0.41838857660393475,0.9189283803409003
high_debt_burden,full,Gradient Boosting,0.1447833065810594,0.8707482993197279,0.41546136244313375,0.9189283803409003
high_debt_burden,full,Gradient Boosting,0.14510433386837882,0.8707482993197279,0.41220623869058726,0.9189283803409003
high_debt_burden,full,Gradient Boosting,0.14510433386837882,0.8712018140589569,0.41186652071503005,0.9189283803409003
high_debt_burden,full,Gradient Boosting,0.14799357945425362,0.8712018140589569,0.4075711311830768,0.9189283803409003
high_debt_burden,full,Gradient Boosting,0.14799357945425362,0.871655328798186,0.4056390444175775,0.9189283803409003
high_debt_burden,full,Gradient Boosting,0.14831460674157304,0.871655328798186,0.40435313495616665,0.9189283803409003
high_debt_burden,full,Gradient Boosting,0.14831460674157304,0.8721088435374149,0.4040274607285443,0.9189283803409003
high_debt_burden,full,Gradient Boosting,0.14895666131621188,0.8721088435374149,0.4017040203036226,0.9189283803409003
high_debt_burden,full,Gradient Boosting,0.14895666131621188,0.872562358276644,0.4013783910542025,0.9189283803409003
high_debt_burden,full,Gradient Boosting,0.14959871589085072,0.872562358276644,0.40019344333231227,0.9189283803409003
high_debt_burden,full,Gradient Boosting,0.14959871589085072,0.8743764172335601,0.39838819370564416,0.9189283803409003
high_debt_burden,full,Gradient Boosting,0.14991974317817014,0.8743764172335601,0.3982133960069634,0.9189283803409003
high_debt_burden,full,Gradient Boosting,0.14991974317817014,0.8757369614512471,0.3977244274056196,0.9189283803409003
high_debt_burden,full,Gradient Boosting,0.15056179775280898,0.8757369614512471,0.3973516842168412,0.9189283803409003
high_debt_burden,full,Gradient Boosting,0.15056179775280898,0.8766439909297052,0.39595274357275057,0.9189283803409003
high_debt_burden,full,Gradient Boosting,0.1508828250401284,0.8766439909297052,0.39483161720897686,0.9189283803409003
high_debt_burden,full,Gradient Boosting,0.1508828250401284,0.8770975056689342,0.39432268951376903,0.9189283803409003
high_debt_burden,full,Gradient Boosting,0.15152487961476727,0.8770975056689342,0.39113504534628524,0.9189283803409003
high_debt_burden,full,Gradient Boosting,0.15152487961476727,0.8775510204081632,0.3900560474074095,0.9189283803409003
high_debt_burden,full,Gradient Boosting,0.15184590690208669,0.8775510204081632,0.3886677831394615,0.9189283803409003
high_debt_burden,full,Gradient Boosting,0.15184590690208669,0.8789115646258503,0.38477138898574437,0.9189283803409003
high_debt_burden,full,Gradient Boosting,0.15248796147672553,0.8789115646258503,0.38414913688011193,0.9189283803409003
high_debt_burden,full,Gradient Boosting,0.15248796147672553,0.8807256235827664,0.3807668577033397,0.9189283803409003
high_debt_burden,full,Gradient Boosting,0.15345104333868378,0.8807256235827664,0.37874126237884903,0.9189283803409003
high_debt_burden,full,Gradient Boosting,0.15345104333868378,0.8825396825396825,0.3731325372103169,0.9189283803409003
high_debt_burden,full,Gradient Boosting,0.15409309791332262,0.8825396825396825,0.3714126837648544,0.9189283803409003
high_debt_burden,full,Gradient Boosting,0.15409309791332262,0.8829931972789116,0.37043720674724684,0.9189283803409003
high_debt_burden,full,Gradient Boosting,0.15473515248796146,0.8829931972789116,0.3667341652399108,0.9189283803409003
high_debt_burden,full,Gradient Boosting,0.15473515248796146,0.8839002267573696,0.36590185158617555,0.9189283803409003
high_debt_burden,full,Gradient Boosting,0.1550561797752809,0.8839002267573696,0.3656434694167682,0.9189283803409003
high_debt_burden,full,Gradient Boosting,0.1550561797752809,0.8843537414965986,0.36417944772120153,0.9189283803409003
high_debt_burden,full,Gradient Boosting,0.15537720706260033,0.8843537414965986,0.3639778659390025,0.9189283803409003
high_debt_burden,full,Gradient Boosting,0.15537720706260033,0.8848072562358277,0.36257508189982296,0.9189283803409003
high_debt_burden,full,Gradient Boosting,0.1563402889245586,0.8848072562358277,0.3603844423218151,0.9189283803409003
high_debt_burden,full,Gradient Boosting,0.1563402889245586,0.8852607709750567,0.3600420153291288,0.9189283803409003
high_debt_burden,full,Gradient Boosting,0.156661316211878,0.8852607709750567,0.35756238498642773,0.9189283803409003
high_debt_burden,full,Gradient Boosting,0.156661316211878,0.8857142857142857,0.35718053835271735,0.9189283803409003
high_debt_burden,full,Gradient Boosting,0.1579454253611557,0.8857142857142857,0.3541958287538364,0.9189283803409003
high_debt_burden,full,Gradient Boosting,0.1579454253611557,0.8861678004535147,0.3539161447397157,0.9189283803409003
high_debt_burden,full,Gradient Boosting,0.1582664526484751,0.8861678004535147,0.3530926695841335,0.9189283803409003
high_debt_burden,full,Gradient Boosting,0.1582664526484751,0.8870748299319728,0.35061906874342935,0.9189283803409003
high_debt_burden,full,Gradient Boosting,0.15987158908507224,0.8870748299319728,0.34418097190039487,0.9189283803409003
high_debt_burden,full,Gradient Boosting,0.15987158908507224,0.8875283446712018,0.3436118428741463,0.9189283803409003
high_debt_burden,full,Gradient Boosting,0.16051364365971107,0.8875283446712018,0.34103799057492307,0.9189283803409003
high_debt_burden,full,Gradient Boosting,0.16051364365971107,0.8884353741496599,0.33874005018786274,0.9189283803409003
high_debt_burden,full,Gradient Boosting,0.1608346709470305,0.8884353741496599,0.3368288899292821,0.9189283803409003
high_debt_burden,full,Gradient Boosting,0.1608346709470305,0.8888888888888888,0.3353960664469111,0.9189283803409003
high_debt_burden,full,Gradient Boosting,0.16276083467094704,0.8888888888888888,0.3322422180569591,0.9189283803409003
high_debt_burden,full,Gradient Boosting,0.16276083467094704,0.890249433106576,0.3300311692213089,0.9189283803409003
high_debt_burden,full,Gradient Boosting,0.16404494382022472,0.890249433106576,0.324463288291902,0.9189283803409003
high_debt_burden,full,Gradient Boosting,0.16404494382022472,0.891156462585034,0.3239830107654831,0.9189283803409003
high_debt_burden,full,Gradient Boosting,0.16468699839486356,0.891156462585034,0.32195153219818123,0.9189283803409003
high_debt_burden,full,Gradient Boosting,0.16468699839486356,0.8916099773242631,0.3219147555433252,0.9189283803409003
high_debt_burden,full,Gradient Boosting,0.1653290529695024,0.8916099773242631,0.32120594006010206,0.9189283803409003
high_debt_burden,full,Gradient Boosting,0.1653290529695024,0.8929705215419501,0.3201976367229949,0.9189283803409003
high_debt_burden,full,Gradient Boosting,0.16597110754414124,0.8929705215419501,0.31950656658309917,0.9189283803409003
high_debt_burden,full,Gradient Boosting,0.16597110754414124,0.8938775510204081,0.3183087190293867,0.9189283803409003
high_debt_burden,full,Gradient Boosting,0.1666131621187801,0.8938775510204081,0.31516795410060244,0.9189283803409003
high_debt_burden,full,Gradient Boosting,0.1666131621187801,0.8943310657596372,0.31329329634631464,0.9189283803409003
high_debt_burden,full,Gradient Boosting,0.16693418940609953,0.8943310657596372,0.31135123529906356,0.9189283803409003
high_debt_burden,full,Gradient Boosting,0.16693418940609953,0.8952380952380953,0.3107424082625818,0.9189283803409003
high_debt_burden,full,Gradient Boosting,0.16725521669341895,0.8952380952380953,0.3088068805114656,0.9189283803409003
high_debt_burden,full,Gradient Boosting,0.16725521669341895,0.8956916099773242,0.30849375731063156,0.9189283803409003
high_debt_burden,full,Gradient Boosting,0.16918138041733546,0.8956916099773242,0.3006825838545096,0.9189283803409003
high_debt_burden,full,Gradient Boosting,0.16918138041733546,0.8979591836734694,0.2973947556510833,0.9189283803409003
high_debt_burden,full,Gradient Boosting,0.16950240770465488,0.8979591836734694,0.29643213662102297,0.9189283803409003
high_debt_burden,full,Gradient Boosting,0.16950240770465488,0.8984126984126984,0.2946026423530044,0.9189283803409003
high_debt_burden,full,Gradient Boosting,0.17174959871589085,0.8984126984126984,0.2906900677707866,0.9189283803409003
high_debt_burden,full,Gradient Boosting,0.17174959871589085,0.8988662131519274,0.2904647204787558,0.9189283803409003
high_debt_burden,full,Gradient Boosting,0.17303370786516853,0.8988662131519274,0.2881705124536108,0.9189283803409003
high_debt_burden,full,Gradient Boosting,0.17303370786516853,0.8993197278911564,0.2880376635230151,0.9189283803409003
high_debt_burden,full,Gradient Boosting,0.17656500802568217,0.8993197278911564,0.27922702643104985,0.9189283803409003
high_debt_burden,full,Gradient Boosting,0.17656500802568217,0.8997732426303855,0.27914092400531965,0.9189283803409003
high_debt_burden,full,Gradient Boosting,0.1768860353130016,0.8997732426303855,0.2790636368624725,0.9189283803409003
high_debt_burden,full,Gradient Boosting,0.1768860353130016,0.9002267573696145,0.2787877845143339,0.9189283803409003
high_debt_burden,full,Gradient Boosting,0.177207062600321,0.9002267573696145,0.2780252121526611,0.9189283803409003
high_debt_burden,full,Gradient Boosting,0.177207062600321,0.9006802721088435,0.2775827345985947,0.9189283803409003
high_debt_burden,full,Gradient Boosting,0.17881219903691814,0.9006802721088435,0.273123501141348,0.9189283803409003
high_debt_burden,full,Gradient Boosting,0.17881219903691814,0.9011337868480725,0.27205884340613323,0.9189283803409003
high_debt_burden,full,Gradient Boosting,0.17913322632423756,0.9011337868480725,0.27132654135976925,0.9189283803409003
high_debt_burden,full,Gradient Boosting,0.17913322632423756,0.9015873015873016,0.27128950026563364,0.9189283803409003
high_debt_burden,full,Gradient Boosting,0.18009630818619582,0.9015873015873016,0.268093751848843,0.9189283803409003
high_debt_burden,full,Gradient Boosting,0.18009630818619582,0.9020408163265307,0.2677245204453105,0.9189283803409003
high_debt_burden,full,Gradient Boosting,0.1810593900481541,0.9020408163265307,0.26477266212011996,0.9189283803409003
high_debt_burden,full,Gradient Boosting,0.1810593900481541,0.9024943310657596,0.26443560173420216,0.9189283803409003
high_debt_burden,full,Gradient Boosting,0.18170144462279295,0.9024943310657596,0.26239605058620924,0.9189283803409003
high_debt_burden,full,Gradient Boosting,0.18170144462279295,0.9029478458049887,0.26174427612193557,0.9189283803409003
high_debt_burden,full,Gradient Boosting,0.18202247191011237,0.9029478458049887,0.2598829468012219,0.9189283803409003
high_debt_burden,full,Gradient Boosting,0.18202247191011237,0.9034013605442177,0.25973646868593997,0.9189283803409003
high_debt_burden,full,Gradient Boosting,0.18330658105939004,0.9034013605442177,0.25711145088106624,0.9189283803409003
high_debt_burden,full,Gradient Boosting,0.18330658105939004,0.9038548752834467,0.2570549676600407,0.9189283803409003
high_debt_burden,full,Gradient Boosting,0.1842696629213483,0.9038548752834467,0.2529168269864934,0.9189283803409003
high_debt_burden,full,Gradient Boosting,0.1842696629213483,0.9043083900226757,0.25125834023177573,0.9189283803409003
high_debt_burden,full,Gradient Boosting,0.1871589085072231,0.9043083900226757,0.24593906022889322,0.9189283803409003
high_debt_burden,full,Gradient Boosting,0.1871589085072231,0.9047619047619048,0.2458848625954232,0.9189283803409003
high_debt_burden,full,Gradient Boosting,0.18747993579454253,0.9047619047619048,0.24582634332473227,0.9189283803409003
high_debt_burden,full,Gradient Boosting,0.18747993579454253,0.9052154195011338,0.24406897290108276,0.9189283803409003
high_debt_burden,full,Gradient Boosting,0.18844301765650082,0.9052154195011338,0.24312054602738958,0.9189283803409003
high_debt_burden,full,Gradient Boosting,0.18844301765650082,0.9056689342403628,0.24290932691166514,0.9189283803409003
high_debt_burden,full,Gradient Boosting,0.18940609951845908,0.9056689342403628,0.24159431382862162,0.9189283803409003
high_debt_burden,full,Gradient Boosting,0.18940609951845908,0.9061224489795918,0.2411309567726768,0.9189283803409003
high_debt_burden,full,Gradient Boosting,0.19197431781701443,0.9061224489795918,0.23665655238193767,0.9189283803409003
high_debt_burden,full,Gradient Boosting,0.19197431781701443,0.9065759637188209,0.23575567320013271,0.9189283803409003
high_debt_burden,full,Gradient Boosting,0.1942215088282504,0.9065759637188209,0.23134802378938496,0.9189283803409003
high_debt_burden,full,Gradient Boosting,0.1942215088282504,0.9070294784580499,0.23046722667951242,0.9189283803409003
high_debt_burden,full,Gradient Boosting,0.19550561797752808,0.9070294784580499,0.22832446671244613,0.9189283803409003
high_debt_burden,full,Gradient Boosting,0.19550561797752808,0.9074829931972789,0.2262206087681074,0.9189283803409003
high_debt_burden,full,Gradient Boosting,0.1971107544141252,0.9074829931972789,0.22455969129097972,0.9189283803409003
high_debt_burden,full,Gradient Boosting,0.1971107544141252,0.9079365079365079,0.22419513952222203,0.9189283803409003
high_debt_burden,full,Gradient Boosting,0.19775280898876405,0.9079365079365079,0.22314004189773656,0.9189283803409003
high_debt_burden,full,Gradient Boosting,0.19775280898876405,0.908390022675737,0.22273325682402223,0.9189283803409003
high_debt_burden,full,Gradient Boosting,0.20096308186195827,0.908390022675737,0.21941201244166822,0.9189283803409003
high_debt_burden,full,Gradient Boosting,0.20096308186195827,0.909750566893424,0.2187598235207808,0.9189283803409003
high_debt_burden,full,Gradient Boosting,0.20192616372391653,0.909750566893424,0.2174162019818595,0.9189283803409003
high_debt_burden,full,Gradient Boosting,0.20192616372391653,0.9102040816326531,0.21617054069513603,0.9189283803409003
high_debt_burden,full,Gradient Boosting,0.20481540930979134,0.9102040816326531,0.213284824987605,0.9189283803409003
high_debt_burden,full,Gradient Boosting,0.20481540930979134,0.910657596371882,0.21318590360333828,0.9189283803409003
high_debt_burden,full,Gradient Boosting,0.20513643659711076,0.910657596371882,0.2127945972542549,0.9189283803409003
high_debt_burden,full,Gradient Boosting,0.20513643659711076,0.9111111111111111,0.2126287518579227,0.9189283803409003
high_debt_burden,full,Gradient Boosting,0.2057784911717496,0.9111111111111111,0.21104103679568634,0.9189283803409003
high_debt_burden,full,Gradient Boosting,0.2057784911717496,0.9115646258503401,0.21088016761067144,0.9189283803409003
high_debt_burden,full,Gradient Boosting,0.20609951845906901,0.9115646258503401,0.21038112346609178,0.9189283803409003
high_debt_burden,full,Gradient Boosting,0.20609951845906901,0.9124716553287981,0.20933336748983566,0.9189283803409003
high_debt_burden,full,Gradient Boosting,0.20738362760834672,0.9124716553287981,0.20725079850296668,0.9189283803409003
high_debt_burden,full,Gradient Boosting,0.20738362760834672,0.9129251700680272,0.20589479643780983,0.9189283803409003
high_debt_burden,full,Gradient Boosting,0.20770465489566614,0.9129251700680272,0.2056430161552702,0.9189283803409003
high_debt_burden,full,Gradient Boosting,0.20770465489566614,0.9133786848072563,0.2053742060747982,0.9189283803409003
high_debt_burden,full,Gradient Boosting,0.20930979133226324,0.9133786848072563,0.20411758072934916,0.9189283803409003
high_debt_burden,full,Gradient Boosting,0.20930979133226324,0.9138321995464853,0.20347733470224424,0.9189283803409003
high_debt_burden,full,Gradient Boosting,0.20963081861958266,0.9138321995464853,0.20306384770691882,0.9189283803409003
high_debt_burden,full,Gradient Boosting,0.20963081861958266,0.9142857142857143,0.2030571598863135,0.9189283803409003
high_debt_burden,full,Gradient Boosting,0.21219903691813805,0.9142857142857143,0.201171488430178,0.9189283803409003
high_debt_burden,full,Gradient Boosting,0.21219903691813805,0.9147392290249433,0.20093508026600448,0.9189283803409003
high_debt_burden,full,Gradient Boosting,0.21252006420545747,0.9147392290249433,0.20020199222498966,0.9189283803409003
high_debt_burden,full,Gradient Boosting,0.21252006420545747,0.9151927437641724,0.1999036840366154,0.9189283803409003
high_debt_burden,full,Gradient Boosting,0.2131621187800963,0.9151927437641724,0.19823030380461495,0.9189283803409003
high_debt_burden,full,Gradient Boosting,0.2131621187800963,0.9156462585034013,0.19768739518092354,0.9189283803409003
high_debt_burden,full,Gradient Boosting,0.21444622792937398,0.9156462585034013,0.1974965329762284,0.9189283803409003
high_debt_burden,full,Gradient Boosting,0.21444622792937398,0.9160997732426304,0.19743164951256698,0.9189283803409003
high_debt_burden,full,Gradient Boosting,0.21669341894060995,0.9160997732426304,0.19596240351645586,0.9189283803409003
high_debt_burden,full,Gradient Boosting,0.21669341894060995,0.9165532879818594,0.19547052213143515,0.9189283803409003
high_debt_burden,full,Gradient Boosting,0.21797752808988763,0.9165532879818594,0.19525627276474272,0.9189283803409003
high_debt_burden,full,Gradient Boosting,0.21797752808988763,0.9170068027210885,0.1951400342684253,0.9189283803409003
high_debt_burden,full,Gradient Boosting,0.22086677367576243,0.9170068027210885,0.19202431120591684,0.9189283803409003
high_debt_burden,full,Gradient Boosting,0.22086677367576243,0.9174603174603174,0.19187947031719224,0.9189283803409003
high_debt_burden,full,Gradient Boosting,0.2231139646869984,0.9174603174603174,0.19048032518469873,0.9189283803409003
high_debt_burden,full,Gradient Boosting,0.2231139646869984,0.9179138321995465,0.19041052036841427,0.9189283803409003
high_debt_burden,full,Gradient Boosting,0.22664526484751205,0.9179138321995465,0.18821017019471456,0.9189283803409003
high_debt_burden,full,Gradient Boosting,0.22664526484751205,0.9183673469387755,0.18770505189226477,0.9189283803409003
high_debt_burden,full,Gradient Boosting,0.22792937399678972,0.9183673469387755,0.18702929757712847,0.9189283803409003
high_debt_burden,full,Gradient Boosting,0.22792937399678972,0.9188208616780046,0.1868146599436616,0.9189283803409003
high_debt_burden,full,Gradient Boosting,0.2317817014446228,0.9188208616780046,0.18462151649606634,0.9189283803409003
high_debt_burden,full,Gradient Boosting,0.2317817014446228,0.9192743764172335,0.18440317358641056,0.9189283803409003
high_debt_burden,full,Gradient Boosting,0.2391653290529695,0.9192743764172335,0.18019159258679693,0.9189283803409003
high_debt_burden,full,Gradient Boosting,0.2391653290529695,0.9197278911564626,0.180169563049186,0.9189283803409003
high_debt_burden,full,Gradient Boosting,0.24398073836276082,0.9197278911564626,0.17683670619351427,0.9189283803409003
high_debt_burden,full,Gradient Boosting,0.24398073836276082,0.9206349206349206,0.17626801524585126,0.9189283803409003
high_debt_burden,full,Gradient Boosting,0.2462279293739968,0.9206349206349206,0.17407332486348037,0.9189283803409003
high_debt_burden,full,Gradient Boosting,0.2462279293739968,0.9210884353741496,0.17406337469191122,0.9189283803409003
high_debt_burden,full,Gradient Boosting,0.2478330658105939,0.9210884353741496,0.1732329524906629,0.9189283803409003
high_debt_burden,full,Gradient Boosting,0.2478330658105939,0.9215419501133787,0.1729657092212722,0.9189283803409003
high_debt_burden,full,Gradient Boosting,0.24847512038523276,0.9215419501133787,0.17264802222398476,0.9189283803409003
high_debt_burden,full,Gradient Boosting,0.24847512038523276,0.9229024943310657,0.17240660615002176,0.9189283803409003
high_debt_burden,full,Gradient Boosting,0.2500802568218299,0.9229024943310657,0.1716950644417457,0.9189283803409003
high_debt_burden,full,Gradient Boosting,0.2500802568218299,0.9238095238095239,0.17156096322503467,0.9189283803409003
high_debt_burden,full,Gradient Boosting,0.25136436597110756,0.9238095238095239,0.17055906778998103,0.9189283803409003
high_debt_burden,full,Gradient Boosting,0.25136436597110756,0.9242630385487528,0.17049898721503062,0.9189283803409003
high_debt_burden,full,Gradient Boosting,0.2523274478330658,0.9242630385487528,0.16871527530651864,0.9189283803409003
high_debt_burden,full,Gradient Boosting,0.2523274478330658,0.9247165532879819,0.16869359165806425,0.9189283803409003
high_debt_burden,full,Gradient Boosting,0.25296950240770466,0.9247165532879819,0.1678445485018105,0.9189283803409003
high_debt_burden,full,Gradient Boosting,0.25296950240770466,0.9251700680272109,0.16770738502582228,0.9189283803409003
high_debt_burden,full,Gradient Boosting,0.25553772070626,0.9251700680272109,0.16659308981608034,0.9189283803409003
high_debt_burden,full,Gradient Boosting,0.25553772070626,0.9256235827664399,0.16657458374428824,0.9189283803409003
high_debt_burden,full,Gradient Boosting,0.25585874799357944,0.9256235827664399,0.16646987386618042,0.9189283803409003
high_debt_burden,full,Gradient Boosting,0.25585874799357944,0.9260770975056689,0.16605885873031137,0.9189283803409003
high_debt_burden,full,Gradient Boosting,0.2571428571428571,0.9260770975056689,0.16515869964348268,0.9189283803409003
high_debt_burden,full,Gradient Boosting,0.2571428571428571,0.926530612244898,0.16514083872295435,0.9189283803409003
high_debt_burden,full,Gradient Boosting,0.2626003210272873,0.926530612244898,0.1621820120925046,0.9189283803409003
high_debt_burden,full,Gradient Boosting,0.2626003210272873,0.926984126984127,0.16209481723269337,0.9189283803409003
high_debt_burden,full,Gradient Boosting,0.263884430176565,0.926984126984127,0.16051269633074808,0.9189283803409003
high_debt_burden,full,Gradient Boosting,0.263884430176565,0.927437641723356,0.1603574566761432,0.9189283803409003
high_debt_burden,full,Gradient Boosting,0.2645264847512038,0.927437641723356,0.1602678737400045,0.9189283803409003
high_debt_burden,full,Gradient Boosting,0.2645264847512038,0.927891156462585,0.160232438676753,0.9189283803409003
high_debt_burden,full,Gradient Boosting,0.2667736757624398,0.927891156462585,0.15901163253556552,0.9189283803409003
high_debt_burden,full,Gradient Boosting,0.2667736757624398,0.9283446712018141,0.1583835725164109,0.9189283803409003
high_debt_burden,full,Gradient Boosting,0.26741573033707866,0.9283446712018141,0.1579034495577562,0.9189283803409003
high_debt_burden,full,Gradient Boosting,0.26741573033707866,0.9287981859410431,0.15781182287459258,0.9189283803409003
high_debt_burden,full,Gradient Boosting,0.27062600321027286,0.9287981859410431,0.15502711290198973,0.9189283803409003
high_debt_burden,full,Gradient Boosting,0.27062600321027286,0.9292517006802721,0.15493569824991363,0.9189283803409003
high_debt_burden,full,Gradient Boosting,0.27223113964686996,0.9292517006802721,0.1541007852112564,0.9189283803409003
high_debt_burden,full,Gradient Boosting,0.27223113964686996,0.9297052154195011,0.15407644750968147,0.9189283803409003
high_debt_burden,full,Gradient Boosting,0.2754414125200642,0.9297052154195011,0.15221387843922454,0.9189283803409003
high_debt_burden,full,Gradient Boosting,0.2754414125200642,0.9301587301587302,0.15216299143680373,0.9189283803409003
high_debt_burden,full,Gradient Boosting,0.278330658105939,0.9301587301587302,0.14954074599431597,0.9189283803409003
high_debt_burden,full,Gradient Boosting,0.278330658105939,0.9306122448979591,0.14937886326783673,0.9189283803409003
high_debt_burden,full,Gradient Boosting,0.2786516853932584,0.9306122448979591,0.14937652242192456,0.9189283803409003
high_debt_burden,full,Gradient Boosting,0.2786516853932584,0.9315192743764172,0.14919950741413318,0.9189283803409003
high_debt_burden,full,Gradient Boosting,0.28025682182985556,0.9315192743764172,0.14797936166942183,0.9189283803409003
high_debt_burden,full,Gradient Boosting,0.28025682182985556,0.9319727891156463,0.14779089331742645,0.9189283803409003
high_debt_burden,full,Gradient Boosting,0.28314606741573034,0.9319727891156463,0.14667071134688814,0.9189283803409003
high_debt_burden,full,Gradient Boosting,0.28314606741573034,0.9324263038548752,0.14658106379965116,0.9189283803409003
high_debt_burden,full,Gradient Boosting,0.2837881219903692,0.9324263038548752,0.1464019050423584,0.9189283803409003
high_debt_burden,full,Gradient Boosting,0.2837881219903692,0.9333333333333333,0.14578350515007404,0.9189283803409003
high_debt_burden,full,Gradient Boosting,0.28507223113964686,0.9333333333333333,0.14515844806997427,0.9189283803409003
high_debt_burden,full,Gradient Boosting,0.28507223113964686,0.9337868480725624,0.14509514068297671,0.9189283803409003
high_debt_burden,full,Gradient Boosting,0.29406099518459067,0.9337868480725624,0.1397435213479521,0.9189283803409003
high_debt_burden,full,Gradient Boosting,0.29406099518459067,0.9342403628117913,0.13948812958029833,0.9189283803409003
high_debt_burden,full,Gradient Boosting,0.2943820224719101,0.9342403628117913,0.13915956339645383,0.9189283803409003
high_debt_burden,full,Gradient Boosting,0.2943820224719101,0.9346938775510204,0.13907139225404624,0.9189283803409003
high_debt_burden,full,Gradient Boosting,0.2966292134831461,0.9346938775510204,0.13721146621414015,0.9189283803409003
high_debt_burden,full,Gradient Boosting,0.2966292134831461,0.9351473922902495,0.13707340209675256,0.9189283803409003
high_debt_burden,full,Gradient Boosting,0.2969502407704655,0.9351473922902495,0.1370664060900667,0.9189283803409003
high_debt_burden,full,Gradient Boosting,0.2969502407704655,0.9356009070294785,0.13693067699293696,0.9189283803409003
high_debt_burden,full,Gradient Boosting,0.2982343499197432,0.9356009070294785,0.13643634901435917,0.9189283803409003
high_debt_burden,full,Gradient Boosting,0.2982343499197432,0.9360544217687075,0.1363588253349087,0.9189283803409003
high_debt_burden,full,Gradient Boosting,0.29951845906902086,0.9360544217687075,0.13557812556307433,0.9189283803409003
high_debt_burden,full,Gradient Boosting,0.29951845906902086,0.9365079365079365,0.13551634310450764,0.9189283803409003
high_debt_burden,full,Gradient Boosting,0.3027287319422151,0.9365079365079365,0.1332806599560109,0.9189283803409003
high_debt_burden,full,Gradient Boosting,0.3027287319422151,0.9369614512471656,0.13305665585100235,0.9189283803409003
high_debt_burden,full,Gradient Boosting,0.30529695024077047,0.9369614512471656,0.1323079654591051,0.9189283803409003
high_debt_burden,full,Gradient Boosting,0.30529695024077047,0.9374149659863945,0.13207813060909884,0.9189283803409003
high_debt_burden,full,Gradient Boosting,0.30690208667736757,0.9374149659863945,0.13170631522562504,0.9189283803409003
high_debt_burden,full,Gradient Boosting,0.30690208667736757,0.9378684807256236,0.1316341745303891,0.9189283803409003
high_debt_burden,full,Gradient Boosting,0.3088282504012841,0.9378684807256236,0.13084289887157208,0.9189283803409003
high_debt_burden,full,Gradient Boosting,0.3088282504012841,0.9383219954648526,0.1307405833616138,0.9189283803409003
high_debt_burden,full,Gradient Boosting,0.31075441412520066,0.9383219954648526,0.13004466546148272,0.9189283803409003
high_debt_burden,full,Gradient Boosting,0.31075441412520066,0.9387755102040817,0.13000820706704544,0.9189283803409003
high_debt_burden,full,Gradient Boosting,0.31556982343499196,0.9387755102040817,0.12849382122723882,0.9189283803409003
high_debt_burden,full,Gradient Boosting,0.31556982343499196,0.9392290249433106,0.12804683390387403,0.9189283803409003
high_debt_burden,full,Gradient Boosting,0.3158908507223114,0.9392290249433106,0.12798064712242965,0.9189283803409003
high_debt_burden,full,Gradient Boosting,0.3158908507223114,0.9396825396825397,0.12764441435516402,0.9189283803409003
high_debt_burden,full,Gradient Boosting,0.3203852327447833,0.9396825396825397,0.1256882392723729,0.9189283803409003
high_debt_burden,full,Gradient Boosting,0.3203852327447833,0.9405895691609978,0.12563733615738218,0.9189283803409003
high_debt_burden,full,Gradient Boosting,0.321669341894061,0.9405895691609978,0.12525627349420587,0.9189283803409003
high_debt_burden,full,Gradient Boosting,0.321669341894061,0.9410430839002267,0.1251728669170774,0.9189283803409003
high_debt_burden,full,Gradient Boosting,0.3258426966292135,0.9410430839002267,0.12368719078326812,0.9189283803409003
high_debt_burden,full,Gradient Boosting,0.3258426966292135,0.9419501133786848,0.12344009418406249,0.9189283803409003
high_debt_burden,full,Gradient Boosting,0.3261637239165329,0.9419501133786848,0.1232986114193687,0.9189283803409003
high_debt_burden,full,Gradient Boosting,0.3261637239165329,0.9424036281179138,0.123207880308677,0.9189283803409003
high_debt_burden,full,Gradient Boosting,0.32808988764044944,0.9424036281179138,0.12247487402006063,0.9189283803409003
high_debt_burden,full,Gradient Boosting,0.32808988764044944,0.9428571428571428,0.12247385846058102,0.9189283803409003
high_debt_burden,full,Gradient Boosting,0.3287319422150883,0.9428571428571428,0.12178077386401198,0.9189283803409003
high_debt_burden,full,Gradient Boosting,0.3287319422150883,0.9433106575963719,0.12177445167336287,0.9189283803409003
high_debt_burden,full,Gradient Boosting,0.3293739967897271,0.9433106575963719,0.12175900174648265,0.9189283803409003
high_debt_burden,full,Gradient Boosting,0.3293739967897271,0.943764172335601,0.1217323757506749,0.9189283803409003
high_debt_burden,full,Gradient Boosting,0.3303370786516854,0.943764172335601,0.12141549821998823,0.9189283803409003
high_debt_burden,full,Gradient Boosting,0.3303370786516854,0.9442176870748299,0.12134147497637691,0.9189283803409003
high_debt_burden,full,Gradient Boosting,0.3329052969502408,0.9442176870748299,0.12040010334917232,0.9189283803409003
high_debt_burden,full,Gradient Boosting,0.3329052969502408,0.944671201814059,0.12036327498037093,0.9189283803409003
high_debt_burden,full,Gradient Boosting,0.33418940609951847,0.944671201814059,0.11989080382095628,0.9189283803409003
high_debt_burden,full,Gradient Boosting,0.33418940609951847,0.945124716553288,0.11962160578384431,0.9189283803409003
high_debt_burden,full,Gradient Boosting,0.33515248796147673,0.945124716553288,0.11945674706009785,0.9189283803409003
high_debt_burden,full,Gradient Boosting,0.33515248796147673,0.9455782312925171,0.11945104881140671,0.9189283803409003
high_debt_burden,full,Gradient Boosting,0.33707865168539325,0.9455782312925171,0.11875247249065672,0.9189283803409003
high_debt_burden,full,Gradient Boosting,0.33707865168539325,0.946031746031746,0.11864664788907699,0.9189283803409003
high_debt_burden,full,Gradient Boosting,0.33868378812199035,0.946031746031746,0.11840031364223218,0.9189283803409003
high_debt_burden,full,Gradient Boosting,0.33868378812199035,0.9464852607709751,0.11839454169136061,0.9189283803409003
high_debt_burden,full,Gradient Boosting,0.34414125200642054,0.9464852607709751,0.11680108928509651,0.9189283803409003
high_debt_burden,full,Gradient Boosting,0.34414125200642054,0.9473922902494331,0.11645590702593842,0.9189283803409003
high_debt_burden,full,Gradient Boosting,0.34799357945425363,0.9473922902494331,0.11509583673161608,0.9189283803409003
high_debt_burden,full,Gradient Boosting,0.34799357945425363,0.9478458049886621,0.1149366957359314,0.9189283803409003
high_debt_burden,full,Gradient Boosting,0.3576243980738363,0.9478458049886621,0.11236310930498254,0.9189283803409003
high_debt_burden,full,Gradient Boosting,0.3576243980738363,0.9482993197278912,0.11227083385491018,0.9189283803409003
high_debt_burden,full,Gradient Boosting,0.3582664526484751,0.9482993197278912,0.112254229159791,0.9189283803409003
high_debt_burden,full,Gradient Boosting,0.3582664526484751,0.9487528344671202,0.11190780561594256,0.9189283803409003
high_debt_burden,full,Gradient Boosting,0.36629213483146067,0.9487528344671202,0.10977846411725434,0.9189283803409003
high_debt_burden,full,Gradient Boosting,0.36629213483146067,0.9492063492063492,0.10975217268121971,0.9189283803409003
high_debt_burden,full,Gradient Boosting,0.36789727126805777,0.9492063492063492,0.10948541955984438,0.9189283803409003
high_debt_burden,full,Gradient Boosting,0.36789727126805777,0.9496598639455782,0.10948091753060146,0.9189283803409003
high_debt_burden,full,Gradient Boosting,0.3727126805778491,0.9496598639455782,0.10801914917990098,0.9189283803409003
high_debt_burden,full,Gradient Boosting,0.3727126805778491,0.9505668934240363,0.10789325129876194,0.9189283803409003
high_debt_burden,full,Gradient Boosting,0.3842696629213483,0.9505668934240363,0.10493873339850322,0.9189283803409003
high_debt_burden,full,Gradient Boosting,0.3842696629213483,0.9510204081632653,0.10492799252822413,0.9189283803409003
high_debt_burden,full,Gradient Boosting,0.3849117174959872,0.9510204081632653,0.10490556316472016,0.9189283803409003
high_debt_burden,full,Gradient Boosting,0.3849117174959872,0.9519274376417234,0.10480812490111666,0.9189283803409003
high_debt_burden,full,Gradient Boosting,0.39069020866773674,0.9519274376417234,0.10295384567879466,0.9189283803409003
high_debt_burden,full,Gradient Boosting,0.39069020866773674,0.9528344671201814,0.10269047032735304,0.9189283803409003
high_debt_burden,full,Gradient Boosting,0.3913322632423756,0.9528344671201814,0.1024900687265386,0.9189283803409003
high_debt_burden,full,Gradient Boosting,0.3913322632423756,0.9532879818594104,0.10244061793808736,0.9189283803409003
high_debt_burden,full,Gradient Boosting,0.3926163723916533,0.9532879818594104,0.10223909198766389,0.9189283803409003
high_debt_burden,full,Gradient Boosting,0.3926163723916533,0.9537414965986395,0.10218988295381595,0.9189283803409003
high_debt_burden,full,Gradient Boosting,0.39454253611556983,0.9537414965986395,0.1017806975861947,0.9189283803409003
high_debt_burden,full,Gradient Boosting,0.39454253611556983,0.9541950113378684,0.10176347799074958,0.9189283803409003
high_debt_burden,full,Gradient Boosting,0.39486356340288925,0.9541950113378684,0.1017284375867103,0.9189283803409003
high_debt_burden,full,Gradient Boosting,0.39486356340288925,0.9546485260770975,0.10143770574101064,0.9189283803409003
high_debt_burden,full,Gradient Boosting,0.39839486356340287,0.9546485260770975,0.1006222913505055,0.9189283803409003
high_debt_burden,full,Gradient Boosting,0.39839486356340287,0.9551020408163265,0.10059527650889565,0.9189283803409003
high_debt_burden,full,Gradient Boosting,0.3996789727126806,0.9551020408163265,0.10033191365667299,0.9189283803409003
high_debt_burden,full,Gradient Boosting,0.3996789727126806,0.9555555555555556,0.1002808861482861,0.9189283803409003
high_debt_burden,full,Gradient Boosting,0.4016051364365971,0.9555555555555556,0.09952230142913525,0.9189283803409003
high_debt_burden,full,Gradient Boosting,0.4016051364365971,0.9560090702947845,0.09947287457842029,0.9189283803409003
high_debt_burden,full,Gradient Boosting,0.406099518459069,0.9560090702947845,0.09836049145583128,0.9189283803409003
high_debt_burden,full,Gradient Boosting,0.406099518459069,0.9564625850340136,0.0982631724952723,0.9189283803409003
high_debt_burden,full,Gradient Boosting,0.40770465489566615,0.9564625850340136,0.0977858735896645,0.9189283803409003
high_debt_burden,full,Gradient Boosting,0.40770465489566615,0.9569160997732427,0.09764568803231839,0.9189283803409003
high_debt_burden,full,Gradient Boosting,0.4118780096308186,0.9569160997732427,0.09608130910446272,0.9189283803409003
high_debt_burden,full,Gradient Boosting,0.4118780096308186,0.9573696145124716,0.09604216105468943,0.9189283803409003
high_debt_burden,full,Gradient Boosting,0.41990369181380416,0.9573696145124716,0.09409154112393164,0.9189283803409003
high_debt_burden,full,Gradient Boosting,0.41990369181380416,0.9578231292517007,0.09393181660039111,0.9189283803409003
high_debt_burden,full,Gradient Boosting,0.42247191011235957,0.9578231292517007,0.09302179356692268,0.9189283803409003
high_debt_burden,full,Gradient Boosting,0.42247191011235957,0.9582766439909297,0.09298666446500023,0.9189283803409003
high_debt_burden,full,Gradient Boosting,0.422792937399679,0.9582766439909297,0.09297683901316171,0.9189283803409003
high_debt_burden,full,Gradient Boosting,0.422792937399679,0.9587301587301588,0.0928809469547941,0.9189283803409003
high_debt_burden,full,Gradient Boosting,0.42343499197431783,0.9587301587301588,0.09268947868881755,0.9189283803409003
high_debt_burden,full,Gradient Boosting,0.42343499197431783,0.9591836734693877,0.09266590649801798,0.9189283803409003
high_debt_burden,full,Gradient Boosting,0.42504012841091493,0.9591836734693877,0.09200157836751498,0.9189283803409003
high_debt_burden,full,Gradient Boosting,0.42504012841091493,0.9600907029478458,0.09175561433672719,0.9189283803409003
high_debt_burden,full,Gradient Boosting,0.42696629213483145,0.9600907029478458,0.09084462017361605,0.9189283803409003
high_debt_burden,full,Gradient Boosting,0.42696629213483145,0.9605442176870749,0.09083622502908714,0.9189283803409003
high_debt_burden,full,Gradient Boosting,0.4276083467094703,0.9605442176870749,0.09070737415114656,0.9189283803409003
high_debt_burden,full,Gradient Boosting,0.4276083467094703,0.9614512471655329,0.09060223852783185,0.9189283803409003
high_debt_burden,full,Gradient Boosting,0.4279293739967897,0.9614512471655329,0.09058446584173772,0.9189283803409003
high_debt_burden,full,Gradient Boosting,0.4279293739967897,0.9619047619047619,0.09043544620508968,0.9189283803409003
high_debt_burden,full,Gradient Boosting,0.42857142857142855,0.9619047619047619,0.09031524956149471,0.9189283803409003
high_debt_burden,full,Gradient Boosting,0.42857142857142855,0.962358276643991,0.09030275568917005,0.9189283803409003
high_debt_burden,full,Gradient Boosting,0.4301765650080257,0.962358276643991,0.08991594642436757,0.9189283803409003
high_debt_burden,full,Gradient Boosting,0.4301765650080257,0.9628117913832199,0.08983260930258452,0.9189283803409003
high_debt_burden,full,Gradient Boosting,0.43113964686998396,0.9628117913832199,0.08970888036823808,0.9189283803409003
high_debt_burden,full,Gradient Boosting,0.43113964686998396,0.963265306122449,0.08964068724395645,0.9189283803409003
high_debt_burden,full,Gradient Boosting,0.43595505617977526,0.963265306122449,0.08886594829856766,0.9189283803409003
high_debt_burden,full,Gradient Boosting,0.43595505617977526,0.963718820861678,0.08864177453689973,0.9189283803409003
high_debt_burden,full,Gradient Boosting,0.43852327447833067,0.963718820861678,0.08820767118140047,0.9189283803409003
high_debt_burden,full,Gradient Boosting,0.43852327447833067,0.964625850340136,0.08816638151368662,0.9189283803409003
high_debt_burden,full,Gradient Boosting,0.4391653290529695,0.964625850340136,0.08802119965262363,0.9189283803409003
high_debt_burden,full,Gradient Boosting,0.4391653290529695,0.9655328798185941,0.08785189618576651,0.9189283803409003
high_debt_burden,full,Gradient Boosting,0.4407704654895666,0.9655328798185941,0.08772764869705547,0.9189283803409003
high_debt_burden,full,Gradient Boosting,0.4407704654895666,0.9659863945578231,0.0876662066200782,0.9189283803409003
high_debt_burden,full,Gradient Boosting,0.44526484751203854,0.9659863945578231,0.08659969966758399,0.9189283803409003
high_debt_burden,full,Gradient Boosting,0.44526484751203854,0.9664399092970521,0.08659154057597125,0.9189283803409003
high_debt_burden,full,Gradient Boosting,0.44719101123595506,0.9664399092970521,0.0863093119348587,0.9189283803409003
high_debt_burden,full,Gradient Boosting,0.44719101123595506,0.9668934240362812,0.08613810172612558,0.9189283803409003
high_debt_burden,full,Gradient Boosting,0.4510433386837881,0.9668934240362812,0.08557762177643943,0.9189283803409003
high_debt_burden,full,Gradient Boosting,0.4510433386837881,0.9673469387755103,0.0855733666500299,0.9189283803409003
high_debt_burden,full,Gradient Boosting,0.4568218298555377,0.9673469387755103,0.08465605263413921,0.9189283803409003
high_debt_burden,full,Gradient Boosting,0.4568218298555377,0.9678004535147392,0.08455192721487105,0.9189283803409003
high_debt_burden,full,Gradient Boosting,0.46003210272873196,0.9678004535147392,0.08326310633938518,0.9189283803409003
high_debt_burden,full,Gradient Boosting,0.46003210272873196,0.9682539682539683,0.08322535091605104,0.9189283803409003
high_debt_burden,full,Gradient Boosting,0.46452648475120384,0.9682539682539683,0.08262541658308883,0.9189283803409003
high_debt_burden,full,Gradient Boosting,0.46452648475120384,0.9687074829931973,0.08242864902241777,0.9189283803409003
high_debt_burden,full,Gradient Boosting,0.4725521669341894,0.9687074829931973,0.08106893489672043,0.9189283803409003
high_debt_burden,full,Gradient Boosting,0.4725521669341894,0.9691609977324263,0.08104943374133709,0.9189283803409003
high_debt_burden,full,Gradient Boosting,0.47351524879614765,0.9691609977324263,0.08093822121092833,0.9189283803409003
high_debt_burden,full,Gradient Boosting,0.47351524879614765,0.9696145124716553,0.08089006573893891,0.9189283803409003
high_debt_burden,full,Gradient Boosting,0.4754414125200642,0.9696145124716553,0.0804451903932124,0.9189283803409003
high_debt_burden,full,Gradient Boosting,0.4754414125200642,0.9700680272108844,0.08044363279332903,0.9189283803409003
high_debt_burden,full,Gradient Boosting,0.4812199036918138,0.9700680272108844,0.07877599289809942,0.9189283803409003
high_debt_burden,full,Gradient Boosting,0.4812199036918138,0.9705215419501134,0.0787545962051003,0.9189283803409003
high_debt_burden,full,Gradient Boosting,0.48475120385232745,0.9705215419501134,0.07811375059437828,0.9189283803409003
high_debt_burden,full,Gradient Boosting,0.48475120385232745,0.9709750566893424,0.07790275247508054,0.9189283803409003
high_debt_burden,full,Gradient Boosting,0.4930979133226324,0.9709750566893424,0.07613716701165767,0.9189283803409003
high_debt_burden,full,Gradient Boosting,0.4930979133226324,0.9714285714285714,0.07603489192834584,0.9189283803409003
high_debt_burden,full,Gradient Boosting,0.5085072231139647,0.9714285714285714,0.07280056679106583,0.9189283803409003
high_debt_burden,full,Gradient Boosting,0.5085072231139647,0.9718820861678005,0.07277593394458219,0.9189283803409003
high_debt_burden,full,Gradient Boosting,0.5097913322632424,0.9718820861678005,0.07265470949174065,0.9189283803409003
high_debt_burden,full,Gradient Boosting,0.5097913322632424,0.9727891156462585,0.0724658288336656,0.9189283803409003
high_debt_burden,full,Gradient Boosting,0.5107544141252006,0.9727891156462585,0.07229174668362665,0.9189283803409003
high_debt_burden,full,Gradient Boosting,0.5107544141252006,0.9732426303854875,0.07226259655125726,0.9189283803409003
high_debt_burden,full,Gradient Boosting,0.5162118780096309,0.9732426303854875,0.07108212569201415,0.9189283803409003
high_debt_burden,full,Gradient Boosting,0.5162118780096309,0.9736961451247166,0.07104992676466497,0.9189283803409003
high_debt_burden,full,Gradient Boosting,0.5213483146067416,0.9736961451247166,0.06992389508171125,0.9189283803409003
high_debt_burden,full,Gradient Boosting,0.5213483146067416,0.9741496598639455,0.06991543297099662,0.9189283803409003
high_debt_burden,full,Gradient Boosting,0.5258426966292135,0.9741496598639455,0.06906717029485859,0.9189283803409003
high_debt_burden,full,Gradient Boosting,0.5258426966292135,0.9746031746031746,0.06906146729261052,0.9189283803409003
high_debt_burden,full,Gradient Boosting,0.5303370786516854,0.9746031746031746,0.06821994033324924,0.9189283803409003
high_debt_burden,full,Gradient Boosting,0.5303370786516854,0.9750566893424036,0.06820894059614026,0.9189283803409003
high_debt_burden,full,Gradient Boosting,0.5406099518459069,0.9750566893424036,0.06623039498072696,0.9189283803409003
high_debt_burden,full,Gradient Boosting,0.5406099518459069,0.9755102040816327,0.06612012583654772,0.9189283803409003
high_debt_burden,full,Gradient Boosting,0.5428571428571428,0.9755102040816327,0.06572411363605475,0.9189283803409003
high_debt_burden,full,Gradient Boosting,0.5428571428571428,0.9759637188208616,0.06555189471111132,0.9189283803409003
high_debt_burden,full,Gradient Boosting,0.5431781701444622,0.9759637188208616,0.06547863449734126,0.9189283803409003
high_debt_burden,full,Gradient Boosting,0.5431781701444622,0.9764172335600907,0.06536921191733944,0.9189283803409003
high_debt_burden,full,Gradient Boosting,0.5434991974317817,0.9764172335600907,0.06536273577610092,0.9189283803409003
high_debt_burden,full,Gradient Boosting,0.5434991974317817,0.9773242630385488,0.06522836513591192,0.9189283803409003
high_debt_burden,full,Gradient Boosting,0.5441412520064205,0.9773242630385488,0.06517182606039286,0.9189283803409003
high_debt_burden,full,Gradient Boosting,0.5441412520064205,0.9777777777777777,0.06515350260757449,0.9189283803409003
high_debt_burden,full,Gradient Boosting,0.5444622792937399,0.9777777777777777,0.06503224253433677,0.9189283803409003
high_debt_burden,full,Gradient Boosting,0.5444622792937399,0.9782312925170068,0.06499989099412433,0.9189283803409003
high_debt_burden,full,Gradient Boosting,0.5512038523274478,0.9782312925170068,0.06412427887677138,0.9189283803409003
high_debt_burden,full,Gradient Boosting,0.5512038523274478,0.9786848072562359,0.06411723881084068,0.9189283803409003
high_debt_burden,full,Gradient Boosting,0.5528089887640449,0.9786848072562359,0.06378553205771072,0.9189283803409003
high_debt_burden,full,Gradient Boosting,0.5528089887640449,0.9791383219954648,0.06376460778506984,0.9189283803409003
high_debt_burden,full,Gradient Boosting,0.5640449438202247,0.9791383219954648,0.06160351071658982,0.9189283803409003
high_debt_burden,full,Gradient Boosting,0.5640449438202247,0.9795918367346939,0.06156213164879707,0.9189283803409003
high_debt_burden,full,Gradient Boosting,0.5685393258426966,0.9795918367346939,0.060554390688008976,0.9189283803409003
high_debt_burden,full,Gradient Boosting,0.5685393258426966,0.9800453514739229,0.06051766493005777,0.9189283803409003
high_debt_burden,full,Gradient Boosting,0.5772070626003211,0.9800453514739229,0.05859297490336609,0.9189283803409003
high_debt_burden,full,Gradient Boosting,0.5772070626003211,0.980498866213152,0.058554355580371795,0.9189283803409003
high_debt_burden,full,Gradient Boosting,0.5829855537720706,0.980498866213152,0.057578194621318,0.9189283803409003
high_debt_burden,full,Gradient Boosting,0.5829855537720706,0.9809523809523809,0.05751169325452547,0.9189283803409003
high_debt_burden,full,Gradient Boosting,0.593900481540931,0.9809523809523809,0.0558141211730996,0.9189283803409003
high_debt_burden,full,Gradient Boosting,0.593900481540931,0.98140589569161,0.05573469071063999,0.9189283803409003
high_debt_burden,full,Gradient Boosting,0.6099518459069021,0.98140589569161,0.053266975407065494,0.9189283803409003
high_debt_burden,full,Gradient Boosting,0.6099518459069021,0.981859410430839,0.05304472088652503,0.9189283803409003
high_debt_burden,full,Gradient Boosting,0.6112359550561798,0.981859410430839,0.0529153988925786,0.9189283803409003
high_debt_burden,full,Gradient Boosting,0.6112359550561798,0.9823129251700681,0.05286502344716679,0.9189283803409003
high_debt_burden,full,Gradient Boosting,0.6115569823434992,0.9823129251700681,0.052861511154750865,0.9189283803409003
high_debt_burden,full,Gradient Boosting,0.6115569823434992,0.982766439909297,0.052844238570040565,0.9189283803409003
high_debt_burden,full,Gradient Boosting,0.6118780096308186,0.982766439909297,0.05279067647941702,0.9189283803409003
high_debt_burden,full,Gradient Boosting,0.6118780096308186,0.9832199546485261,0.052696199923685634,0.9189283803409003
high_debt_burden,full,Gradient Boosting,0.6157303370786517,0.9832199546485261,0.05203524748047747,0.9189283803409003
high_debt_burden,full,Gradient Boosting,0.6157303370786517,0.9836734693877551,0.05202386585057774,0.9189283803409003
high_debt_burden,full,Gradient Boosting,0.6243980738362761,0.9836734693877551,0.050656727066947446,0.9189283803409003
high_debt_burden,full,Gradient Boosting,0.6243980738362761,0.9841269841269841,0.05064108129295925,0.9189283803409003
high_debt_burden,full,Gradient Boosting,0.6269662921348315,0.9841269841269841,0.0503836284204587,0.9189283803409003
high_debt_burden,full,Gradient Boosting,0.6269662921348315,0.9845804988662131,0.050364907075494576,0.9189283803409003
high_debt_burden,full,Gradient Boosting,0.6298555377207062,0.9845804988662131,0.04985085291665532,0.9189283803409003
high_debt_burden,full,Gradient Boosting,0.6298555377207062,0.9850340136054422,0.049848866062719,0.9189283803409003
high_debt_burden,full,Gradient Boosting,0.6340288924558587,0.9850340136054422,0.04939429050786145,0.9189283803409003
high_debt_burden,full,Gradient Boosting,0.6346709470304976,0.9850340136054422,0.04937226238803142,0.9189283803409003
high_debt_burden,full,Gradient Boosting,0.6362760834670947,0.9850340136054422,0.04900694076936286,0.9189283803409003
high_debt_burden,full,Gradient Boosting,0.6362760834670947,0.9854875283446712,0.048956724510207376,0.9189283803409003
high_debt_burden,full,Gradient Boosting,0.6385232744783307,0.9854875283446712,0.04836012752026812,0.9189283803409003
high_debt_burden,full,Gradient Boosting,0.6385232744783307,0.9859410430839002,0.04828239414618038,0.9189283803409003
high_debt_burden,full,Gradient Boosting,0.6581059390048154,0.9859410430839002,0.045638735307729585,0.9189283803409003
high_debt_burden,full,Gradient Boosting,0.6581059390048154,0.9868480725623583,0.045584605546325076,0.9189283803409003
high_debt_burden,full,Gradient Boosting,0.6606741573033708,0.9868480725623583,0.04546317924517284,0.9189283803409003
high_debt_burden,full,Gradient Boosting,0.6606741573033708,0.9873015873015873,0.04545562482770119,0.9189283803409003
high_debt_burden,full,Gradient Boosting,0.6654895666131622,0.9873015873015873,0.04507974767842103,0.9189283803409003
high_debt_burden,full,Gradient Boosting,0.6654895666131622,0.9877551020408163,0.04499084842636675,0.9189283803409003
high_debt_burden,full,Gradient Boosting,0.6776886035313001,0.9877551020408163,0.04373589966201044,0.9189283803409003
high_debt_burden,full,Gradient Boosting,0.6776886035313001,0.9891156462585035,0.0433758360547914,0.9189283803409003
high_debt_burden,full,Gradient Boosting,0.6873194221508828,0.9891156462585035,0.04206251168409772,0.9189283803409003
high_debt_burden,full,Gradient Boosting,0.6873194221508828,0.9895691609977324,0.04204637836442076,0.9189283803409003
high_debt_burden,full,Gradient Boosting,0.6879614767255217,0.9895691609977324,0.041936077840583216,0.9189283803409003
high_debt_burden,full,Gradient Boosting,0.6879614767255217,0.9900226757369615,0.04179247414325871,0.9189283803409003
high_debt_burden,full,Gradient Boosting,0.7059390048154093,0.9900226757369615,0.03955518340288005,0.9189283803409003
high_debt_burden,full,Gradient Boosting,0.7059390048154093,0.9904761904761905,0.03954182429999407,0.9189283803409003
high_debt_burden,full,Gradient Boosting,0.7165329052969502,0.9904761904761905,0.038503771907360686,0.9189283803409003
high_debt_burden,full,Gradient Boosting,0.7165329052969502,0.9909297052154195,0.03848981603081035,0.9189283803409003
high_debt_burden,full,Gradient Boosting,0.7213483146067415,0.9909297052154195,0.03801145702054141,0.9189283803409003
high_debt_burden,full,Gradient Boosting,0.7213483146067415,0.9913832199546485,0.03794887490951928,0.9189283803409003
high_debt_burden,full,Gradient Boosting,0.723274478330658,0.9913832199546485,0.037747156803730926,0.9189283803409003
high_debt_burden,full,Gradient Boosting,0.723274478330658,0.9918367346938776,0.03773608155388803,0.9189283803409003
high_debt_burden,full,Gradient Boosting,0.737720706260032,0.9918367346938776,0.03670419125334358,0.9189283803409003
high_debt_burden,full,Gradient Boosting,0.7383627608346709,0.9918367346938776,0.03667607276351724,0.9189283803409003
high_debt_burden,full,Gradient Boosting,0.755056179775281,0.9918367346938776,0.035264656579286714,0.9189283803409003
high_debt_burden,full,Gradient Boosting,0.755056179775281,0.9922902494331066,0.0352295069651453,0.9189283803409003
high_debt_burden,full,Gradient Boosting,0.7595505617977528,0.9922902494331066,0.03497862055061539,0.9189283803409003
high_debt_burden,full,Gradient Boosting,0.7595505617977528,0.9927437641723356,0.03497503424277364,0.9189283803409003
high_debt_burden,full,Gradient Boosting,0.7614767255216693,0.9927437641723356,0.03488044132336981,0.9189283803409003
high_debt_burden,full,Gradient Boosting,0.7614767255216693,0.9931972789115646,0.0348570518352956,0.9189283803409003
high_debt_burden,full,Gradient Boosting,0.7971107544141252,0.9931972789115646,0.03223226318344039,0.9189283803409003
high_debt_burden,full,Gradient Boosting,0.797752808988764,0.9931972789115646,0.032221882666747956,0.9189283803409003
high_debt_burden,full,Gradient Boosting,0.8093097913322632,0.9931972789115646,0.03155364602961814,0.9189283803409003
high_debt_burden,full,Gradient Boosting,0.8099518459069021,0.9931972789115646,0.03154772469763564,0.9189283803409003
high_debt_burden,full,Gradient Boosting,0.8170144462279294,0.9931972789115646,0.03105114615559166,0.9189283803409003
high_debt_burden,full,Gradient Boosting,0.8170144462279294,0.9936507936507937,0.031031396316559667,0.9189283803409003
high_debt_burden,full,Gradient Boosting,0.8285714285714286,0.9936507936507937,0.03020441874034314,0.9189283803409003
high_debt_burden,full,Gradient Boosting,0.8285714285714286,0.9941043083900227,0.030176522381850795,0.9189283803409003
high_debt_burden,full,Gradient Boosting,0.8510433386837881,0.9941043083900227,0.02898656454251837,0.9189283803409003
high_debt_burden,full,Gradient Boosting,0.8510433386837881,0.9945578231292517,0.028961796189870142,0.9189283803409003
high_debt_burden,full,Gradient Boosting,0.8520064205457464,0.9945578231292517,0.02890806035429588,0.9189283803409003
high_debt_burden,full,Gradient Boosting,0.8526484751203852,0.9945578231292517,0.028891285405602467,0.9189283803409003
high_debt_burden,full,Gradient Boosting,0.8741573033707866,0.9945578231292517,0.02769978812629972,0.9189283803409003
high_debt_burden,full,Gradient Boosting,0.8741573033707866,0.9950113378684807,0.027695442321441957,0.9189283803409003
high_debt_burden,full,Gradient Boosting,0.880577849117175,0.9950113378684807,0.027501861161752038,0.9189283803409003
high_debt_burden,full,Gradient Boosting,0.880577849117175,0.9954648526077098,0.027475707197307995,0.9189283803409003
high_debt_burden,full,Gradient Boosting,0.8985553772070626,0.9954648526077098,0.026721690898540835,0.9189283803409003
high_debt_burden,full,Gradient Boosting,0.8985553772070626,0.9959183673469387,0.02671722512086635,0.9189283803409003
high_debt_burden,full,Gradient Boosting,0.9036918138041734,0.9959183673469387,0.026526458951529042,0.9189283803409003
high_debt_burden,full,Gradient Boosting,0.9043338683788122,0.9959183673469387,0.026509106161131394,0.9189283803409003
high_debt_burden,full,Gradient Boosting,0.9088282504012841,0.9959183673469387,0.02638310899833288,0.9189283803409003
high_debt_burden,full,Gradient Boosting,0.9088282504012841,0.9963718820861678,0.02636851314368007,0.9189283803409003
high_debt_burden,full,Gradient Boosting,0.9367576243980739,0.9963718820861678,0.024998149914537842,0.9189283803409003
high_debt_burden,full,Gradient Boosting,0.9367576243980739,0.9968253968253968,0.024954436269590326,0.9189283803409003
high_debt_burden,full,Gradient Boosting,0.938362760834671,0.9968253968253968,0.024856770192428393,0.9189283803409003
high_debt_burden,full,Gradient Boosting,0.938362760834671,0.9972789115646259,0.024851161839369737,0.9189283803409003
high_debt_burden,full,Gradient Boosting,0.9451043338683788,0.9972789115646259,0.02454398233457538,0.9189283803409003
high_debt_burden,full,Gradient Boosting,0.9457463884430176,0.9972789115646259,0.02453802087327106,0.9189283803409003
high_debt_burden,full,Gradient Boosting,0.9463884430176565,0.9972789115646259,0.02448746420925587,0.9189283803409003
high_debt_burden,full,Gradient Boosting,0.9473515248796147,0.9972789115646259,0.024485813473744806,0.9189283803409003
high_debt_burden,full,Gradient Boosting,0.9486356340288925,0.9972789115646259,0.0243610037140985,0.9189283803409003
high_debt_burden,full,Gradient Boosting,0.9486356340288925,0.9977324263038548,0.024357104143368072,0.9189283803409003
high_debt_burden,full,Gradient Boosting,0.9576243980738363,0.9977324263038548,0.02396192421716218,0.9189283803409003
high_debt_burden,full,Gradient Boosting,0.9576243980738363,0.9981859410430839,0.023851231679799755,0.9189283803409003
high_debt_burden,full,Gradient Boosting,0.9598715890850722,0.9981859410430839,0.023691606022947998,0.9189283803409003
high_debt_burden,full,Gradient Boosting,0.9598715890850722,0.998639455782313,0.023688861137176453,0.9189283803409003
high_debt_burden,full,Gradient Boosting,0.9601926163723916,0.998639455782313,0.023650555406999705,0.9189283803409003
high_debt_burden,full,Gradient Boosting,0.9601926163723916,0.999092970521542,0.02363798385615178,0.9189283803409003
high_debt_burden,full,Gradient Boosting,0.9743178170144462,0.999092970521542,0.022322049665672652,0.9189283803409003
high_debt_burden,full,Gradient Boosting,0.9743178170144462,0.999546485260771,0.02228049586044059,0.9189283803409003
high_debt_burden,full,Gradient Boosting,0.9890850722311396,0.999546485260771,0.019719613070341594,0.9189283803409003
high_debt_burden,full,Gradient Boosting,0.9890850722311396,1.0,0.01965667409464456,0.9189283803409003
high_debt_burden,full,Gradient Boosting,1.0,1.0,0.010718390991037613,0.9189283803409003
