outcome,feature_set,model,threshold,precision,recall,f1,accuracy,specificity,TP,FP,TN,FN
high_debt_burden,full,Logistic L2,0.01,0.44970292972751486,0.9954648526077098,0.6195314705052216,0.4932330827067669,0.1377207062600321,2195,2686,429,10
high_debt_burden,full,Logistic L2,0.02,0.4889937106918239,0.9873015873015873,0.6540483701366983,0.5671052631578948,0.2696629213483146,2177,2275,840,28
high_debt_burden,full,Logistic L2,0.03,0.5201632261161786,0.982766439909297,0.6802699733165908,0.6171052631578947,0.3582664526484751,2167,1999,1116,38
high_debt_burden,full,Logistic L2,0.04,0.5455923212932559,0.9795918367346939,0.7008436080467229,0.6533834586466165,0.42247191011235957,2160,1799,1316,45
high_debt_burden,full,Logistic L2,0.05,0.5621890547263682,0.9736961451247166,0.7128154050464808,0.674812030075188,0.46324237560192616,2147,1672,1443,58
high_debt_burden,full,Logistic L2,0.06,0.5753904146472806,0.9691609977324263,0.7220814326744381,0.6907894736842105,0.49373996789727126,2137,1577,1538,68
high_debt_burden,full,Logistic L2,0.07,0.5891130146449295,0.9668934240362812,0.7321428571428571,0.706766917293233,0.5226324237560193,2132,1487,1628,73
high_debt_burden,full,Logistic L2,0.08,0.6036879432624114,0.9650793650793651,0.7427574171029668,0.7229323308270676,0.5515248796147673,2128,1397,1718,77
high_debt_burden,full,Logistic L2,0.09,0.6158536585365854,0.9619047619047619,0.7509293680297398,0.7355263157894737,0.5752808988764045,2121,1323,1792,84
high_debt_burden,full,Logistic L2,0.1,0.6242245199409158,0.9582766439909297,0.7559928443649373,0.7436090225563909,0.5916532905296951,2113,1272,1843,92
high_debt_burden,full,Logistic L2,0.11,0.63354411321891,0.9541950113378684,0.7614911328266377,0.7522556390977444,0.6093097913322633,2104,1217,1898,101
high_debt_burden,full,Logistic L2,0.12,0.6386426169367166,0.9473922902494331,0.7629656683710738,0.7560150375939849,0.6205457463884431,2089,1182,1933,116
high_debt_burden,full,Logistic L2,0.13,0.6483550589695841,0.9473922902494331,0.7698544315459739,0.7652255639097745,0.6362760834670947,2089,1133,1982,116
high_debt_burden,full,Logistic L2,0.14,0.6569090336795719,0.9464852607709751,0.7755481233742103,0.7729323308270677,0.6500802568218299,2087,1090,2025,118
high_debt_burden,full,Logistic L2,0.15,0.6649616368286445,0.9433106575963719,0.7800487530470654,0.7795112781954887,0.6635634028892455,2080,1048,2067,125
high_debt_burden,full,Logistic L2,0.16,0.6706528765352294,0.9410430839002267,0.7831666352141913,0.7840225563909774,0.6728731942215088,2075,1019,2096,130
high_debt_burden,full,Logistic L2,0.17,0.6760471204188482,0.9369614512471656,0.7854020148260786,0.787781954887218,0.6821829855537721,2066,990,2125,139
high_debt_burden,full,Logistic L2,0.18,0.6822089947089947,0.9356009070294785,0.7890610059284758,0.7926691729323309,0.6914927768860353,2063,961,2154,142
high_debt_burden,full,Logistic L2,0.19,0.6886729222520107,0.9319727891156463,0.7920601271921373,0.7971804511278195,0.7017656500802568,2055,929,2186,150
high_debt_burden,full,Logistic L2,0.2,0.6934281842818428,0.9283446712018141,0.7938724064378515,0.800187969924812,0.709470304975923,2047,905,2210,158
high_debt_burden,full,Logistic L2,0.21,0.6996563573883161,0.9233560090702948,0.7960899315738025,0.8039473684210526,0.719422150882825,2036,874,2241,169
high_debt_burden,full,Logistic L2,0.22,0.7068845618915159,0.9219954648526077,0.8002361739814996,0.8092105263157895,0.7293739967897271,2033,843,2272,172
high_debt_burden,full,Logistic L2,0.23,0.7127285513361463,0.9192743764172335,0.8029312735195088,0.8129699248120301,0.737720706260032,2027,817,2298,178
high_debt_burden,full,Logistic L2,0.24,0.7155019510464704,0.9147392290249433,0.8029458598726116,0.8139097744360902,0.7425361155698235,2017,802,2313,188
high_debt_burden,full,Logistic L2,0.25,0.7201145311381532,0.9124716553287981,0.8049609921984396,0.8167293233082706,0.7489566613162119,2012,782,2333,193
high_debt_burden,full,Logistic L2,0.26,0.7241254958528669,0.910657596371882,0.8067496986741663,0.8191729323308271,0.7544141252006421,2008,765,2350,197
high_debt_burden,full,Logistic L2,0.27,0.7292877906976745,0.9102040816326531,0.8097639701432319,0.8227443609022557,0.7608346709470305,2007,745,2370,198
high_debt_burden,full,Logistic L2,0.28,0.7341167829599706,0.9065759637188209,0.8112824675324675,0.825187969924812,0.7675762439807383,1999,724,2391,206
high_debt_burden,full,Logistic L2,0.29,0.7390497401633259,0.9029478458049887,0.8128189426413552,0.8276315789473684,0.7743178170144462,1991,703,2412,214
high_debt_burden,full,Logistic L2,0.3,0.7440989134507306,0.9006802721088435,0.814936397209684,0.8304511278195489,0.7807383627608346,1986,683,2432,219
high_debt_burden,full,Logistic L2,0.31,0.7489587277546383,0.8970521541950114,0.8163433759801898,0.8327067669172933,0.7871589085072231,1978,663,2452,227
high_debt_burden,full,Logistic L2,0.32,0.7535291873330789,0.8956916099773242,0.8184832159138002,0.8353383458646616,0.7926163723916533,1975,646,2469,230
high_debt_burden,full,Logistic L2,0.33,0.7568506368197607,0.8893424036281179,0.8177648040033361,0.8357142857142857,0.797752808988764,1961,630,2485,244
high_debt_burden,full,Logistic L2,0.34,0.7604045118630883,0.8866213151927438,0.8186767169179231,0.837218045112782,0.802247191011236,1955,616,2499,250
high_debt_burden,full,Logistic L2,0.35000000000000003,0.7653061224489796,0.8843537414965986,0.820534399326741,0.8396616541353383,0.8080256821829855,1950,598,2517,255
high_debt_burden,full,Logistic L2,0.36,0.7685295283392787,0.8793650793650793,0.8202199661590526,0.8402255639097744,0.8125200642054574,1939,584,2531,266
high_debt_burden,full,Logistic L2,0.37,0.7727635782747604,0.8775510204081632,0.8218305372690593,0.8422932330827068,0.8173354735152488,1935,569,2546,270
high_debt_burden,full,Logistic L2,0.38,0.7768828030608136,0.8748299319727891,0.8229522184300342,0.8439849624060151,0.8221508828250401,1929,554,2561,276
high_debt_burden,full,Logistic L2,0.39,0.7816185441236275,0.871655328798186,0.8241852487135507,0.8458646616541353,0.8276083467094703,1922,537,2578,283
high_debt_burden,full,Logistic L2,0.4,0.7846027846027847,0.8689342403628117,0.82461803313966,0.8468045112781954,0.831139646869984,1916,526,2589,289
high_debt_burden,full,Logistic L2,0.41000000000000003,0.7867161716171617,0.8648526077097506,0.8239360553035212,0.8468045112781954,0.8340288924558588,1907,517,2598,298
high_debt_burden,full,Logistic L2,0.42,0.7915798249270529,0.8612244897959184,0.8249348392701997,0.8484962406015037,0.8394863563402889,1899,500,2615,306
high_debt_burden,full,Logistic L2,0.43,0.7937841243175137,0.8571428571428571,0.8242477104230266,0.8484962406015037,0.8423756019261637,1890,491,2624,315
high_debt_burden,full,Logistic L2,0.44,0.7969478592623993,0.8526077097505669,0.8238387379491674,0.8488721804511278,0.8462279293739968,1880,479,2636,325
high_debt_burden,full,Logistic L2,0.45,0.7983802216538789,0.8494331065759637,0.8231157987255548,0.8486842105263158,0.8481540930979133,1873,473,2642,332
high_debt_burden,full,Logistic L2,0.46,0.8032716315109771,0.8462585034013606,0.8242049469964664,0.850375939849624,0.8532905296950241,1866,457,2658,339
high_debt_burden,full,Logistic L2,0.47000000000000003,0.8066898349261512,0.8421768707482993,0.8240514754825827,0.8509398496240601,0.8571428571428571,1857,445,2670,348
high_debt_burden,full,Logistic L2,0.48,0.8110477860587462,0.8390022675736961,0.8247882300490414,0.8522556390977444,0.8616372391653291,1850,431,2684,355
high_debt_burden,full,Logistic L2,0.49,0.8139637649138312,0.8353741496598639,0.8245299910474484,0.8526315789473684,0.8648475120385233,1842,421,2694,363
high_debt_burden,full,Logistic L2,0.5,0.8171275646743978,0.8308390022675737,0.823926242410614,0.8528195488721805,0.8683788121990369,1832,410,2705,373
high_debt_burden,full,Logistic L2,0.51,0.8212516884286357,0.8272108843537415,0.8242205151378219,0.8537593984962406,0.8725521669341894,1824,397,2718,381
high_debt_burden,full,Logistic L2,0.52,0.8239564428312159,0.8235827664399092,0.8237695622590157,0.8539473684210527,0.8754414125200642,1816,388,2727,389
high_debt_burden,full,Logistic L2,0.53,0.8273809523809523,0.8195011337868481,0.8234221918432444,0.8543233082706767,0.8789727126805779,1807,377,2738,398
high_debt_burden,full,Logistic L2,0.54,0.8285582255083179,0.8131519274376418,0.8207827878233006,0.8528195488721805,0.8808988764044944,1793,371,2744,412
high_debt_burden,full,Logistic L2,0.55,0.8325537885874649,0.8072562358276644,0.8197098779645406,0.8528195488721805,0.8850722311396468,1780,358,2757,425
high_debt_burden,full,Logistic L2,0.56,0.8348277489381783,0.8022675736961451,0.8182238667900092,0.8522556390977444,0.8876404494382022,1769,350,2765,436
high_debt_burden,full,Logistic L2,0.5700000000000001,0.8357924797715374,0.7963718820861678,0.8156061309800279,0.8507518796992481,0.8892455858747994,1756,345,2770,449
high_debt_burden,full,Logistic L2,0.58,0.8384763741562199,0.7886621315192743,0.8128067305445197,0.8494360902255639,0.8924558587479936,1739,335,2780,466
high_debt_burden,full,Logistic L2,0.59,0.8404878048780487,0.78140589569161,0.809870740305523,0.8479323308270676,0.895024077046549,1723,327,2788,482
high_debt_burden,full,Logistic L2,0.6,0.8422090729783037,0.7746031746031746,0.8069926765887078,0.8464285714285714,0.8972712680577849,1708,320,2795,497
high_debt_burden,full,Logistic L2,0.61,0.8447329006490265,0.7673469387755102,0.8041825095057035,0.8451127819548873,0.9001605136436597,1692,311,2804,513
high_debt_burden,full,Logistic L2,0.62,0.8470055359838953,0.763265306122449,0.8029580152671756,0.8447368421052631,0.9024077046548956,1683,304,2811,522
high_debt_burden,full,Logistic L2,0.63,0.8485772357723578,0.7573696145124716,0.800383417205847,0.843421052631579,0.9043338683788122,1670,298,2817,535
high_debt_burden,full,Logistic L2,0.64,0.8513164687661332,0.7478458049886622,0.7962337035248671,0.8413533834586466,0.9075441412520064,1649,288,2827,556
high_debt_burden,full,Logistic L2,0.65,0.8548895899053628,0.7374149659863946,0.7918188458728999,0.8392857142857143,0.9113964686998395,1626,276,2839,579
high_debt_burden,full,Logistic L2,0.66,0.8556263269639066,0.7310657596371882,0.7884568354120812,0.8374060150375939,0.9126805778491172,1612,272,2843,593
high_debt_burden,full,Logistic L2,0.67,0.8596869940636805,0.7224489795918367,0.7851158206012815,0.8360902255639098,0.9165329052969502,1593,260,2855,612
high_debt_burden,full,Logistic L2,0.68,0.8602620087336245,0.7147392290249434,0.7807778053009661,0.8336466165413534,0.9178170144462279,1576,256,2859,629
high_debt_burden,full,Logistic L2,0.6900000000000001,0.8615725359911407,0.7056689342403628,0.7758663674894041,0.831015037593985,0.9197431781701445,1556,250,2865,649
high_debt_burden,full,Logistic L2,0.7000000000000001,0.8622047244094488,0.6952380952380952,0.7697715289982425,0.8276315789473684,0.9213483146067416,1533,245,2870,672
high_debt_burden,full,Logistic L2,0.71,0.8671607753705816,0.689795918367347,0.7683758524880021,0.8276315789473684,0.9252006420545746,1521,233,2882,684
high_debt_burden,full,Logistic L2,0.72,0.8714202220923437,0.6761904761904762,0.761491317671093,0.8244360902255639,0.9293739967897271,1491,220,2895,714
high_debt_burden,full,Logistic L2,0.73,0.8764916467780429,0.6662131519274377,0.7570213862406597,0.8227443609022557,0.9335473515248797,1469,207,2908,736
high_debt_burden,full,Logistic L2,0.74,0.8771393643031785,0.6507936507936508,0.7472012496745639,0.8174812030075188,0.9354735152487962,1435,201,2914,770
high_debt_burden,full,Logistic L2,0.75,0.8806995627732667,0.6394557823129252,0.7409353652128219,0.8146616541353383,0.9386837881219904,1410,191,2924,795
high_debt_burden,full,Logistic L2,0.76,0.8808158062460165,0.6267573696145124,0.7323794382617911,0.8101503759398496,0.9399678972712681,1382,187,2928,823
high_debt_burden,full,Logistic L2,0.77,0.8845901639344262,0.6117913832199546,0.7233243967828418,0.806015037593985,0.9434991974317817,1349,176,2939,856
high_debt_burden,full,Logistic L2,0.78,0.8899456521739131,0.5941043083900227,0.7125373946151755,0.8013157894736842,0.9479935794542537,1310,162,2953,895
high_debt_burden,full,Logistic L2,0.79,0.8905058905058905,0.5827664399092971,0.7044956140350879,0.7973684210526316,0.9492776886035313,1285,158,2957,920
high_debt_burden,full,Logistic L2,0.8,0.8945480631276901,0.5655328798185941,0.6929702695193108,0.7922932330827067,0.952808988764045,1247,147,2968,958
high_debt_burden,full,Logistic L2,0.81,0.8986486486486487,0.5428571428571428,0.6768447837150127,0.7851503759398496,0.956661316211878,1197,135,2980,1008
high_debt_burden,full,Logistic L2,0.8200000000000001,0.9028213166144201,0.5224489795918368,0.6618787704682564,0.7787593984962407,0.9601926163723916,1152,124,2991,1053
high_debt_burden,full,Logistic L2,0.8300000000000001,0.9034369885433715,0.5006802721088436,0.6442953020134228,0.7708646616541354,0.9621187800963081,1104,118,2997,1101
high_debt_burden,full,Logistic L2,0.84,0.9056277056277057,0.4743764172335601,0.6226190476190476,0.7616541353383459,0.965008025682183,1046,109,3006,1159
high_debt_burden,full,Logistic L2,0.85,0.9098360655737705,0.4530612244897959,0.6049046321525886,0.7546992481203008,0.9682182985553772,999,99,3016,1206
high_debt_burden,full,Logistic L2,0.86,0.9118773946360154,0.43174603174603177,0.5860264696829794,0.7471804511278195,0.9704654895666132,952,92,3023,1253
high_debt_burden,full,Logistic L2,0.87,0.9165818921668362,0.40861678004535146,0.5652446675031367,0.7394736842105263,0.9736757624398074,901,82,3033,1304
high_debt_burden,full,Logistic L2,0.88,0.918918918918919,0.3854875283446712,0.5431309904153355,0.731203007518797,0.9759229534510433,850,75,3040,1355
high_debt_burden,full,Logistic L2,0.89,0.925754060324826,0.3619047619047619,0.5203782197587218,0.7234962406015037,0.979454253611557,798,64,3051,1407
high_debt_burden,full,Logistic L2,0.9,0.9345679012345679,0.34331065759637186,0.5021558872305141,0.7178571428571429,0.9829855537720706,757,53,3062,1448
high_debt_burden,full,Logistic L2,0.91,0.9371584699453552,0.3111111111111111,0.4671433435478379,0.7058270676691729,0.9852327447833066,686,46,3069,1519
high_debt_burden,full,Logistic L2,0.92,0.940387481371088,0.28616780045351475,0.43880389429763567,0.6966165413533835,0.9871589085072231,631,40,3075,1574
high_debt_burden,full,Logistic L2,0.93,0.9464285714285714,0.26439909297052155,0.413328606876994,0.6889097744360902,0.989406099518459,583,33,3082,1622
high_debt_burden,full,Logistic L2,0.9400000000000001,0.9566003616636528,0.2399092970521542,0.38361131254532266,0.6804511278195489,0.9922953451043338,529,24,3091,1676
high_debt_burden,full,Logistic L2,0.9500000000000001,0.9673469387755103,0.21496598639455783,0.3517625231910946,0.6716165413533834,0.9948635634028893,474,16,3099,1731
high_debt_burden,full,Logistic L2,0.96,0.9765807962529274,0.1891156462585034,0.3168693009118541,0.66203007518797,0.9967897271268058,417,10,3105,1788
high_debt_burden,full,Logistic L2,0.97,0.9806629834254144,0.16099773242630386,0.2765874561745228,0.6509398496240602,0.9977528089887641,355,7,3108,1850
high_debt_burden,full,Logistic L2,0.98,0.9827586206896551,0.1292517006802721,0.22845691382765532,0.6381578947368421,0.9983948635634029,285,5,3110,1920
high_debt_burden,full,Logistic L2,0.99,0.9900990099009901,0.09070294784580499,0.16618196925633566,0.6227443609022556,0.9993579454253612,200,2,3113,2005
high_debt_burden,full,Logistic L1,0.01,0.44561688311688313,0.9959183673469387,0.615729706995654,0.4847744360902256,0.12295345104333869,2196,2732,383,9
high_debt_burden,full,Logistic L1,0.02,0.4865045728306937,0.9891156462585035,0.6522129186602871,0.562781954887218,0.2609951845906902,2181,2302,813,24
high_debt_burden,full,Logistic L1,0.03,0.5161827701094717,0.9836734693877551,0.6770719525518963,0.6110902255639098,0.3473515248796148,2169,2033,1082,36
high_debt_burden,full,Logistic L1,0.04,0.5437845998993458,0.9800453514739229,0.6994659329988672,0.6509398496240602,0.41797752808988764,2161,1813,1302,44
high_debt_burden,full,Logistic L1,0.05,0.5630890052356021,0.9755102040816327,0.7140248962655603,0.6761278195488721,0.4642054574638844,2151,1669,1446,54
high_debt_burden,full,Logistic L1,0.06,0.5732296137339056,0.9691609977324263,0.7203775493005224,0.6881578947368421,0.4892455858747994,2137,1591,1524,68
high_debt_burden,full,Logistic L1,0.07,0.587603305785124,0.9673469387755103,0.7311053984575836,0.7050751879699249,0.5194221508828251,2133,1497,1618,72
high_debt_burden,full,Logistic L1,0.08,0.60050747110234,0.9659863945578231,0.7406119610570238,0.7195488721804512,0.5451043338683789,2130,1417,1698,75
high_debt_burden,full,Logistic L1,0.09,0.6130334486735871,0.964172335600907,0.7495152476643752,0.7328947368421053,0.5691813804173355,2126,1342,1773,79
high_debt_burden,full,Logistic L1,0.1,0.6220588235294118,0.9591836734693877,0.7546833184656556,0.7415413533834586,0.5874799357945425,2115,1285,1830,90
high_debt_burden,full,Logistic L1,0.11,0.63016157989228,0.9551020408163265,0.7593293672255274,0.7490601503759399,0.6032102728731942,2106,1236,1879,99
high_debt_burden,full,Logistic L1,0.12,0.64,0.9505668934240363,0.7649635036496351,0.7578947368421053,0.6215088282504013,2096,1179,1936,109
high_debt_burden,full,Logistic L1,0.13,0.648975791433892,0.9482993197278912,0.7705914870093974,0.7659774436090225,0.6369181380417336,2091,1131,1984,114
high_debt_burden,full,Logistic L1,0.14,0.6583674755751655,0.9473922902494331,0.7768687244328747,0.7744360902255639,0.6520064205457464,2089,1084,2031,116
high_debt_burden,full,Logistic L1,0.15,0.6643267389917039,0.9442176870748299,0.7799213335830679,0.7791353383458647,0.6622792937399679,2082,1052,2063,123
high_debt_burden,full,Logistic L1,0.16,0.6700997747022852,0.9442176870748299,0.7838855421686747,0.7842105263157895,0.6709470304975923,2082,1025,2090,123
high_debt_burden,full,Logistic L1,0.17,0.6760104302477183,0.9405895691609978,0.7866489664327707,0.7885338345864662,0.6808988764044944,2074,994,2121,131
high_debt_burden,full,Logistic L1,0.18,0.6825396825396826,0.9360544217687075,0.789443488238669,0.7930451127819549,0.6918138041733547,2064,960,2155,141
high_debt_burden,full,Logistic L1,0.19,0.6872702973605078,0.9328798185941043,0.7914582531742977,0.7962406015037594,0.6995184590690209,2057,936,2179,148
high_debt_burden,full,Logistic L1,0.2,0.6953867028493894,0.9297052154195011,0.7956530176596158,0.8020676691729324,0.7117174959871589,2050,898,2217,155
high_debt_burden,full,Logistic L1,0.21,0.7006849315068493,0.927891156462585,0.798439024390244,0.8058270676691729,0.719422150882825,2046,874,2241,159
high_debt_burden,full,Logistic L1,0.22,0.7075537075537075,0.9260770975056689,0.8021999607149872,0.8107142857142857,0.7290529695024077,2042,844,2271,163
high_debt_burden,full,Logistic L1,0.23,0.7128851540616247,0.9233560090702948,0.8045840742936178,0.8140977443609022,0.7367576243980738,2036,820,2295,169
high_debt_burden,full,Logistic L1,0.24,0.7172145634499824,0.9201814058956916,0.8061183949145808,0.8165413533834587,0.7431781701444623,2029,800,2315,176
high_debt_burden,full,Logistic L1,0.25,0.7213699607563325,0.9170068027210885,0.8075079872204475,0.818796992481203,0.7492776886035313,2022,781,2334,183
high_debt_burden,full,Logistic L1,0.26,0.7255043227665706,0.9133786848072563,0.8086729572375025,0.8208646616541353,0.7553772070626004,2014,762,2353,191
high_debt_burden,full,Logistic L1,0.27,0.7299163940385315,0.910657596371882,0.8103309120258273,0.8233082706766918,0.7614767255216693,2008,743,2372,197
high_debt_burden,full,Logistic L1,0.28,0.7339684866251374,0.908390022675737,0.8119173084718282,0.825563909774436,0.7669341894060995,2003,726,2389,202
high_debt_burden,full,Logistic L1,0.29,0.7389855609033691,0.9052154195011338,0.8136975132490827,0.8281954887218045,0.7736757624398074,1996,705,2410,209
high_debt_burden,full,Logistic L1,0.3,0.7437429958909226,0.9029478458049887,0.8156493240475214,0.8308270676691729,0.7797752808988764,1991,686,2429,214
high_debt_burden,full,Logistic L1,0.31,0.7493393733484334,0.9002267573696145,0.8178821590440873,0.8338345864661654,0.7868378812199037,1985,664,2451,220
high_debt_burden,full,Logistic L1,0.32,0.754185692541857,0.8988662131519274,0.8201944961721497,0.8366541353383459,0.7926163723916533,1982,646,2469,223
high_debt_burden,full,Logistic L1,0.33,0.7597078046905037,0.8961451247165533,0.8223054515189346,0.8394736842105263,0.7993579454253612,1976,625,2490,229
high_debt_burden,full,Logistic L1,0.34,0.7631067961165049,0.891156462585034,0.8221757322175732,0.8402255639097744,0.8041733547351525,1965,610,2505,240
high_debt_burden,full,Logistic L1,0.35000000000000003,0.7692610062893082,0.8875283446712018,0.8241735102126764,0.8430451127819549,0.8115569823434992,1957,587,2528,248
high_debt_burden,full,Logistic L1,0.36,0.7741679873217115,0.8861678004535147,0.8263903573694227,0.8456766917293234,0.8170144462279294,1954,570,2545,251
high_debt_burden,full,Logistic L1,0.37,0.777555910543131,0.8829931972789116,0.8269271607559993,0.8468045112781954,0.8211878009630819,1947,557,2558,258
high_debt_burden,full,Logistic L1,0.38,0.782679077296641,0.8770975056689342,0.8272027373823779,0.8481203007518797,0.8276083467094703,1934,537,2578,271
high_debt_burden,full,Logistic L1,0.39,0.7845528455284553,0.8752834467120182,0.827438370846731,0.8486842105263158,0.8298555377207063,1930,530,2585,275
high_debt_burden,full,Logistic L1,0.4,0.7877049180327869,0.871655328798186,0.8275565123789019,0.8494360902255639,0.8337078651685393,1922,518,2597,283
high_debt_burden,full,Logistic L1,0.41000000000000003,0.7902760609806345,0.8698412698412699,0.8281519861830743,0.850375939849624,0.8365971107544141,1918,509,2606,287
high_debt_burden,full,Logistic L1,0.42,0.7946799667497921,0.8671201814058956,0.8293211884623726,0.8520676691729323,0.8414125200642054,1912,494,2621,293
high_debt_burden,full,Logistic L1,0.43,0.7977386934673367,0.8639455782312925,0.829523187459177,0.8528195488721805,0.8449438202247191,1905,483,2632,300
high_debt_burden,full,Logistic L1,0.44,0.8014394580863675,0.8585034013605443,0.8289905846288591,0.8531954887218045,0.849438202247191,1893,469,2646,312
high_debt_burden,full,Logistic L1,0.45,0.8050448909790509,0.8539682539682539,0.8287852112676056,0.8537593984962406,0.8536115569823435,1883,456,2659,322
high_debt_burden,full,Logistic L1,0.46,0.809770860354518,0.8494331065759637,0.8291279327135901,0.8548872180451128,0.8587479935794543,1873,440,2675,332
high_debt_burden,full,Logistic L1,0.47000000000000003,0.8137810728303533,0.8462585034013606,0.8297020898176969,0.856015037593985,0.8629213483146068,1866,427,2688,339
high_debt_burden,full,Logistic L1,0.48,0.8179012345679012,0.8412698412698413,0.8294209702660407,0.8565789473684211,0.8674157303370786,1855,413,2702,350
high_debt_burden,full,Logistic L1,0.49,0.823162583518931,0.8380952380952381,0.830561797752809,0.8582706766917293,0.8725521669341894,1848,397,2718,357
high_debt_burden,full,Logistic L1,0.5,0.8251121076233184,0.8344671201814059,0.8297632468996619,0.8580827067669173,0.8747993579454254,1840,390,2725,365
high_debt_burden,full,Logistic L1,0.51,0.8278355173971984,0.8308390022675737,0.8293345405160706,0.8582706766917293,0.8776886035313002,1832,381,2734,373
high_debt_burden,full,Logistic L1,0.52,0.8296127562642369,0.8258503401360544,0.8277272727272726,0.8575187969924812,0.8799357945425361,1821,374,2741,384
high_debt_burden,full,Logistic L1,0.53,0.8308890925756187,0.8222222222222222,0.8265329382265785,0.8569548872180451,0.8815409309791332,1813,369,2746,392
high_debt_burden,full,Logistic L1,0.54,0.8310249307479224,0.8163265306122449,0.8236101578586135,0.8550751879699248,0.8825040128410915,1800,366,2749,405
high_debt_burden,full,Logistic L1,0.55,0.8333333333333334,0.8140589569160998,0.8235833906859372,0.8554511278195489,0.8847512038523274,1795,359,2756,410
high_debt_burden,full,Logistic L1,0.56,0.8364573570759137,0.8095238095238095,0.8227702235538142,0.8554511278195489,0.8879614767255216,1785,349,2766,420
high_debt_burden,full,Logistic L1,0.5700000000000001,0.8399049881235154,0.8018140589569162,0.8204176334106729,0.8545112781954888,0.8918138041733548,1768,337,2778,437
high_debt_burden,full,Logistic L1,0.58,0.8418782942022042,0.7968253968253968,0.8187325256290773,0.8537593984962406,0.8940609951845907,1757,330,2785,448
high_debt_burden,full,Logistic L1,0.59,0.8441747572815534,0.7886621315192743,0.8154747948417351,0.8520676691729323,0.8969502407704655,1739,321,2794,466
high_debt_burden,full,Logistic L1,0.6,0.8461538461538461,0.7782312925170068,0.810772501771793,0.8494360902255639,0.8998394863563403,1716,312,2803,489
high_debt_burden,full,Logistic L1,0.61,0.8478368970661363,0.7732426303854876,0.8088235294117647,0.8484962406015037,0.9017656500802568,1705,306,2809,500
high_debt_burden,full,Logistic L1,0.62,0.8488196885986942,0.7664399092970522,0.805529075309819,0.8466165413533835,0.903370786516854,1690,301,2814,515
high_debt_burden,full,Logistic L1,0.63,0.8510421962379258,0.7591836734693878,0.8024928092042186,0.8451127819548873,0.9059390048154093,1674,293,2822,531
high_debt_burden,full,Logistic L1,0.64,0.8519280205655527,0.7514739229024944,0.7985542168674699,0.8428571428571429,0.9075441412520064,1657,288,2827,548
high_debt_burden,full,Logistic L1,0.65,0.8540906722251173,0.7433106575963719,0.7948593598448108,0.8409774436090226,0.9101123595505618,1639,280,2835,566
high_debt_burden,full,Logistic L1,0.66,0.854574299312533,0.7328798185941043,0.7890624999999999,0.837593984962406,0.9117174959871589,1616,275,2840,589
high_debt_burden,full,Logistic L1,0.67,0.8576779026217228,0.726984126984127,0.7869415807560136,0.8368421052631579,0.9146067415730337,1603,266,2849,602
high_debt_burden,full,Logistic L1,0.68,0.8606423516603158,0.7170068027210884,0.7822859970311726,0.8345864661654135,0.9178170144462279,1581,256,2859,624
high_debt_burden,full,Logistic L1,0.6900000000000001,0.862885462555066,0.7106575963718821,0.7794081074359611,0.8332706766917293,0.9200642054574639,1567,249,2866,638
high_debt_burden,full,Logistic L1,0.7000000000000001,0.8661814109742442,0.7015873015873015,0.775244299674267,0.831390977443609,0.9232744783306581,1547,239,2876,658
high_debt_burden,full,Logistic L1,0.71,0.8722919042189282,0.6938775510204082,0.7729224551654458,0.831015037593985,0.9280898876404494,1530,224,2891,675
high_debt_burden,full,Logistic L1,0.72,0.8747805734347571,0.6780045351473923,0.7639243740419008,0.8263157894736842,0.9313001605136436,1495,214,2901,710
high_debt_burden,full,Logistic L1,0.73,0.8764111705288176,0.6689342403628118,0.7587448559670782,0.8236842105263158,0.9332263242375602,1475,208,2907,730
high_debt_burden,full,Logistic L1,0.74,0.8796352583586626,0.6562358276643991,0.7516883116883117,0.8203007518796992,0.9364365971107544,1447,198,2917,758
high_debt_burden,full,Logistic L1,0.75,0.8827199001871491,0.6417233560090703,0.7431722689075629,0.8161654135338345,0.9396468699839486,1415,188,2927,790
high_debt_burden,full,Logistic L1,0.76,0.882202304737516,0.6249433106575963,0.731616671091054,0.8099624060150376,0.9409309791332263,1378,184,2931,827
high_debt_burden,full,Logistic L1,0.77,0.8866183256427159,0.6099773242630385,0.722729715206878,0.806015037593985,0.9447833065810594,1345,172,2943,860
high_debt_burden,full,Logistic L1,0.78,0.8888888888888888,0.5950113378684807,0.7128497690844878,0.8013157894736842,0.9473515248796147,1312,164,2951,893
high_debt_burden,full,Logistic L1,0.79,0.8916841369671559,0.5786848072562358,0.701870187018702,0.7962406015037594,0.9502407704654896,1276,155,2960,929
high_debt_burden,full,Logistic L1,0.8,0.897080291970803,0.5573696145124717,0.6875524475524477,0.7900375939849624,0.9547351524879615,1229,141,2974,976
high_debt_burden,full,Logistic L1,0.81,0.9006823351023503,0.5387755102040817,0.674233825198638,0.7842105263157895,0.9579454253611557,1188,131,2984,1017
high_debt_burden,full,Logistic L1,0.8200000000000001,0.9020700636942676,0.5138321995464853,0.654724068188385,0.775375939849624,0.960513643659711,1133,123,2992,1072
high_debt_burden,full,Logistic L1,0.8300000000000001,0.9069572506286673,0.490702947845805,0.6368452030606239,0.7680451127819549,0.9643659711075442,1082,111,3004,1123
high_debt_burden,full,Logistic L1,0.84,0.911944202266783,0.4743764172335601,0.6241050119331742,0.7631578947368421,0.9675762439807384,1046,101,3014,1159
high_debt_burden,full,Logistic L1,0.85,0.914179104477612,0.4444444444444444,0.5981080256332011,0.7524436090225564,0.9704654895666132,980,92,3023,1225
high_debt_burden,full,Logistic L1,0.86,0.9155206286836935,0.4226757369614512,0.5783431585479367,0.7445488721804512,0.9723916532905297,932,86,3029,1273
high_debt_burden,full,Logistic L1,0.87,0.9183040330920372,0.40272108843537413,0.5598991172761665,0.737593984962406,0.9746388443017656,888,79,3036,1317
high_debt_burden,full,Logistic L1,0.88,0.9250559284116331,0.3750566893424036,0.5337205550177476,0.7283834586466166,0.9784911717495988,827,67,3048,1378
high_debt_burden,full,Logistic L1,0.89,0.9293544457978076,0.346031746031746,0.5042961004626569,0.7180451127819549,0.9813804173354735,763,58,3057,1442
high_debt_burden,full,Logistic L1,0.9,0.9298941798941799,0.31882086167800455,0.47483958122256,0.7077067669172933,0.9829855537720706,703,53,3062,1502
high_debt_burden,full,Logistic L1,0.91,0.9354375896700143,0.29569160997732424,0.44934527911784977,0.6996240601503759,0.985553772070626,652,45,3070,1553
high_debt_burden,full,Logistic L1,0.92,0.94375,0.27392290249433104,0.42460456942003505,0.6922932330827067,0.9884430176565008,604,36,3079,1601
high_debt_burden,full,Logistic L1,0.93,0.9489795918367347,0.2530612244897959,0.3995703544575725,0.6847744360902256,0.9903691813804173,558,30,3085,1647
high_debt_burden,full,Logistic L1,0.9400000000000001,0.9603024574669187,0.23038548752834467,0.3716166788588149,0.6770676691729324,0.9932584269662922,508,21,3094,1697
high_debt_burden,full,Logistic L1,0.9500000000000001,0.9720430107526882,0.20498866213151928,0.33857677902621724,0.6680451127819549,0.9958266452648475,452,13,3102,1753
high_debt_burden,full,Logistic L1,0.96,0.9775561097256857,0.17777777777777778,0.30084420567920184,0.6575187969924812,0.9971107544141252,392,9,3106,1813
high_debt_burden,full,Logistic L1,0.97,0.9797687861271677,0.15374149659863945,0.26577812622500985,0.6479323308270677,0.9977528089887641,339,7,3108,1866
high_debt_burden,full,Logistic L1,0.98,0.985663082437276,0.12471655328798185,0.22141706924315618,0.6364661654135338,0.9987158908507223,275,4,3111,1930
high_debt_burden,full,Logistic L1,0.99,0.9896907216494846,0.08707482993197278,0.16006669445602334,0.6212406015037594,0.9993579454253612,192,2,3113,2013
high_debt_burden,full,LDA,0.01,0.4621068186616002,0.9927437641723356,0.630653990204552,0.5180451127819549,0.18202247191011237,2189,2548,567,16
high_debt_burden,full,LDA,0.02,0.5023084025854109,0.9868480725623583,0.6657488144408751,0.5892857142857143,0.30786516853932583,2176,2156,959,29
high_debt_burden,full,LDA,0.03,0.531888697365181,0.9795918367346939,0.6894350462815194,0.6342105263157894,0.3897271268057785,2160,1901,1214,45
high_debt_burden,full,LDA,0.04,0.5556703694135883,0.9755102040816327,0.7080315997366688,0.6665413533834587,0.4478330658105939,2151,1720,1395,54
high_debt_burden,full,LDA,0.05,0.5755376344086022,0.9709750566893424,0.7227004219409283,0.6911654135338345,0.4930979133226324,2141,1579,1536,64
high_debt_burden,full,LDA,0.06,0.5910852713178295,0.9682539682539683,0.7340553549939832,0.7092105263157895,0.5258426966292135,2135,1477,1638,70
high_debt_burden,full,LDA,0.07,0.6033503691084611,0.963718820861678,0.7420988301030207,0.7223684210526315,0.5515248796147673,2125,1397,1718,80
high_debt_burden,full,LDA,0.08,0.6138470451911935,0.9609977324263038,0.7491603323316245,0.7332706766917293,0.5720706260032102,2119,1333,1782,86
high_debt_burden,full,LDA,0.09,0.6218685529030357,0.9569160997732427,0.7538406573776348,0.7409774436090225,0.5881219903691813,2110,1283,1832,95
high_debt_burden,full,LDA,0.1,0.6299850074962519,0.9528344671201814,0.7584837545126354,0.7484962406015038,0.603852327447833,2101,1234,1881,104
high_debt_burden,full,LDA,0.11,0.6388888888888888,0.9492063492063492,0.7637292464878671,0.756578947368421,0.6202247191011236,2093,1183,1932,112
high_debt_burden,full,LDA,0.12,0.6457496136012365,0.9473922902494331,0.768014705882353,0.762781954887218,0.6321027287319422,2089,1146,1969,116
high_debt_burden,full,LDA,0.13,0.6547169811320754,0.9442176870748299,0.773259052924791,0.7704887218045112,0.6475120385232744,2082,1098,2017,123
high_debt_burden,full,LDA,0.14,0.661244019138756,0.9401360544217687,0.7764044943820225,0.7755639097744361,0.6590690208667737,2073,1062,2053,132
high_debt_burden,full,LDA,0.15,0.6665592783505154,0.9383219954648526,0.779431154643059,0.7798872180451127,0.6677367576243981,2069,1035,2080,136
high_debt_burden,full,LDA,0.16,0.673202614379085,0.9342403628117913,0.7825261158594491,0.7847744360902256,0.6789727126805778,2060,1000,2115,145
high_debt_burden,full,LDA,0.17,0.6803577343491223,0.9315192743764172,0.7863705972434916,0.7902255639097744,0.6902086677367576,2054,965,2150,151
high_debt_burden,full,LDA,0.18,0.6874790198053038,0.9287981859410431,0.7901234567901235,0.7954887218045112,0.701123595505618,2048,931,2184,157
high_debt_burden,full,LDA,0.19,0.6923337856173677,0.9256235827664399,0.7921599068503784,0.7986842105263158,0.708828250401284,2041,907,2208,164
high_debt_burden,full,LDA,0.2,0.6996223824236183,0.9242630385487528,0.7964048456428292,0.8041353383458647,0.7191011235955056,2038,875,2240,167
high_debt_burden,full,LDA,0.21,0.7043478260869566,0.9183673469387755,0.797244094488189,0.806390977443609,0.7271268057784912,2025,850,2265,180
high_debt_burden,full,LDA,0.22,0.708625525946704,0.9165532879818594,0.7992881154834882,0.8092105263157895,0.7332263242375602,2021,831,2284,184
high_debt_burden,full,LDA,0.23,0.7127169677647892,0.9124716553287981,0.8003182179793157,0.8112781954887218,0.7396468699839487,2012,811,2304,193
high_debt_burden,full,LDA,0.24,0.7182695745441544,0.9111111111111111,0.8032786885245901,0.8150375939849624,0.7470304975922953,2009,788,2327,196
high_debt_burden,full,LDA,0.25,0.7223622614332013,0.909750566893424,0.8052990766760336,0.8176691729323309,0.7524879614767255,2006,771,2344,199
high_debt_burden,full,LDA,0.26,0.727802037845706,0.9070294784580499,0.8075913587724612,0.8208646616541353,0.7598715890850722,2000,748,2367,205
high_debt_burden,full,LDA,0.27,0.7328188166115399,0.9043083900226757,0.8095818107998376,0.8236842105263158,0.7666131621187801,1994,727,2388,211
high_debt_burden,full,LDA,0.28,0.7358280844757318,0.9006802721088435,0.8099510603588908,0.824812030075188,0.771107544141252,1986,713,2402,219
high_debt_burden,full,LDA,0.29,0.7410179640718563,0.8979591836734694,0.8119745745335246,0.8276315789473684,0.7778491171749599,1980,692,2423,225
high_debt_burden,full,LDA,0.3,0.7451941198643046,0.8965986394557823,0.8139151914368054,0.8300751879699249,0.7829855537720706,1977,676,2439,228
high_debt_burden,full,LDA,0.31,0.7490494296577946,0.8934240362811792,0.8148914167528438,0.831766917293233,0.7881219903691814,1970,660,2455,235
high_debt_burden,full,LDA,0.32,0.7525812619502869,0.8925170068027211,0.8165975103734441,0.8338345864661654,0.7922953451043339,1968,647,2468,237
high_debt_burden,full,LDA,0.33,0.7589941972920696,0.889795918367347,0.819206680584551,0.837218045112782,0.8,1962,623,2492,243
high_debt_burden,full,LDA,0.34,0.759813447337738,0.8866213151927438,0.8183340309753034,0.8368421052631579,0.8016051364365971,1955,618,2497,250
high_debt_burden,full,LDA,0.35000000000000003,0.7626124364489636,0.8843537414965986,0.8189836203275934,0.83796992481203,0.8051364365971108,1950,607,2508,255
high_debt_burden,full,LDA,0.36,0.765261914139425,0.8811791383219955,0.8191399662731872,0.8387218045112782,0.8086677367576244,1943,596,2519,262
high_debt_burden,full,LDA,0.37,0.7679492264974217,0.8780045351473923,0.8192975031739315,0.8394736842105263,0.812199036918138,1936,585,2530,269
high_debt_burden,full,LDA,0.38,0.7725819344524381,0.8766439909297052,0.8213299341406416,0.8419172932330827,0.8173354735152488,1933,569,2546,272
high_debt_burden,full,LDA,0.39,0.7767029423619508,0.873922902494331,0.8224498506188647,0.843609022556391,0.8221508828250401,1927,554,2561,278
high_debt_burden,full,LDA,0.4,0.7796266233766234,0.8712018140589569,0.8228742771471406,0.8445488721804512,0.8256821829855537,1921,543,2572,284
high_debt_burden,full,LDA,0.41000000000000003,0.7853338795575584,0.8693877551020408,0.8252260008609558,0.8473684210526315,0.8317817014446228,1917,524,2591,288
high_debt_burden,full,LDA,0.42,0.7891466445733223,0.8639455782312925,0.8248538644728296,0.8479323308270676,0.8365971107544141,1905,509,2606,300
high_debt_burden,full,LDA,0.43,0.7922240802675585,0.8594104308390023,0.8244507287361322,0.8483082706766917,0.8404494382022472,1895,497,2618,310
high_debt_burden,full,LDA,0.44,0.7952921395544347,0.8580498866213152,0.8254799301919721,0.849624060150376,0.8436597110754415,1892,487,2628,313
high_debt_burden,full,LDA,0.45,0.7999152183128444,0.85578231292517,0.8269062226117441,0.8515037593984962,0.8484751203852328,1887,472,2643,318
high_debt_burden,full,LDA,0.46,0.8043758043758044,0.8503401360544217,0.8267195767195767,0.8522556390977444,0.8536115569823435,1875,456,2659,330
high_debt_burden,full,LDA,0.47000000000000003,0.8075927523727351,0.8489795918367347,0.8277691797479548,0.8535714285714285,0.8568218298555377,1872,446,2669,333
high_debt_burden,full,LDA,0.48,0.8081597222222222,0.8444444444444444,0.8259037480594367,0.8524436090225563,0.8581059390048154,1862,442,2673,343
high_debt_burden,full,LDA,0.49,0.8108344255133246,0.8417233560090703,0.8259902091677793,0.8530075187969924,0.8609951845906902,1856,433,2682,349
high_debt_burden,full,LDA,0.5,0.8114285714285714,0.83718820861678,0.8241071428571428,0.8518796992481203,0.8622792937399679,1846,429,2686,359
high_debt_burden,full,LDA,0.51,0.8166888592987128,0.8344671201814059,0.8254822790489009,0.8537593984962406,0.8674157303370786,1840,413,2702,365
high_debt_burden,full,LDA,0.52,0.8176549264378065,0.8317460317460318,0.8246402877697842,0.8533834586466166,0.8686998394863563,1834,409,2706,371
high_debt_burden,full,LDA,0.53,0.8203861697350696,0.8285714285714286,0.8244584837545126,0.8537593984962406,0.8715890850722311,1827,400,2715,378
high_debt_burden,full,LDA,0.54,0.823556161891769,0.8213151927437642,0.8224341507720254,0.8530075187969924,0.8754414125200642,1811,388,2727,394
high_debt_burden,full,LDA,0.55,0.8281897742975587,0.8154195011337868,0.8217550274223034,0.8533834586466166,0.8802568218298555,1798,373,2742,407
high_debt_burden,full,LDA,0.56,0.8316279069767442,0.8108843537414966,0.8211251435132031,0.8535714285714285,0.8837881219903692,1788,362,2753,417
high_debt_burden,full,LDA,0.5700000000000001,0.8335684062059239,0.8040816326530612,0.8185595567867037,0.8522556390977444,0.8863563402889245,1773,354,2761,432
high_debt_burden,full,LDA,0.58,0.8347619047619048,0.7950113378684808,0.8144018583042973,0.849812030075188,0.8886035313001606,1753,347,2768,452
high_debt_burden,full,LDA,0.59,0.8352490421455939,0.7909297052154195,0.812485441416259,0.8486842105263158,0.8895666131621188,1744,344,2771,461
high_debt_burden,full,LDA,0.6,0.8383984563434635,0.7882086167800454,0.8125292192613371,0.8492481203007519,0.8924558587479936,1738,335,2780,467
high_debt_burden,full,LDA,0.61,0.8400583373845406,0.7836734693877551,0.8108869075551384,0.8484962406015037,0.8943820224719101,1728,329,2786,477
high_debt_burden,full,LDA,0.62,0.843426883308715,0.7768707482993197,0.8087818696883852,0.8477443609022557,0.8979133226324237,1713,318,2797,492
high_debt_burden,full,LDA,0.63,0.846307385229541,0.7691609977324263,0.8058921358992635,0.8464285714285714,0.9011235955056179,1696,308,2807,509
high_debt_burden,full,LDA,0.64,0.8493702770780857,0.7646258503401361,0.8047732696897375,0.8462406015037593,0.9040128410914928,1686,299,2816,519
high_debt_burden,full,LDA,0.65,0.8487780040733197,0.7560090702947846,0.7997121611897338,0.8430451127819549,0.9046548956661317,1667,297,2818,538
high_debt_burden,full,LDA,0.66,0.8493573264781491,0.7492063492063492,0.796144578313253,0.8409774436090226,0.9059390048154093,1652,293,2822,553
high_debt_burden,full,LDA,0.67,0.8546875,0.7442176870748299,0.7956363636363636,0.8415413533834587,0.9104333868378812,1641,279,2836,564
high_debt_burden,full,LDA,0.68,0.8563096500530223,0.7324263038548753,0.7895380102664384,0.8381578947368421,0.9130016051364366,1615,271,2844,590
high_debt_burden,full,LDA,0.6900000000000001,0.8593666129898014,0.726077097505669,0.7871189773844642,0.837218045112782,0.9158908507223114,1601,262,2853,604
high_debt_burden,full,LDA,0.7000000000000001,0.864184008762322,0.7156462585034014,0.7829322748697594,0.8355263157894737,0.9203852327447833,1578,248,2867,627
high_debt_burden,full,LDA,0.71,0.8666297731045932,0.710204081632653,0.7806580259222332,0.8345864661654135,0.9226324237560193,1566,241,2874,639
high_debt_burden,full,LDA,0.72,0.8691011235955056,0.7015873015873015,0.7764115432873274,0.8325187969924812,0.9252006420545746,1547,233,2882,658
high_debt_burden,full,LDA,0.73,0.8704337899543378,0.691609977324263,0.7707859489512257,0.8295112781954888,0.9271268057784912,1525,227,2888,680
high_debt_burden,full,LDA,0.74,0.8714368819080861,0.6793650793650794,0.7635066258919471,0.825563909774436,0.9290529695024077,1498,221,2894,707
high_debt_burden,full,LDA,0.75,0.8735905044510386,0.6675736961451247,0.7568123393316195,0.8221804511278196,0.931621187800963,1472,213,2902,733
high_debt_burden,full,LDA,0.76,0.8747731397459165,0.6557823129251701,0.7496111975116642,0.8184210526315789,0.9335473515248797,1446,207,2908,759
high_debt_burden,full,LDA,0.77,0.877008652657602,0.6435374149659864,0.7423489406225476,0.8148496240601504,0.936115569823435,1419,199,2916,786
high_debt_burden,full,LDA,0.78,0.8800505050505051,0.6321995464852608,0.7358141989970969,0.8118421052631579,0.9390048154093098,1394,190,2925,811
high_debt_burden,full,LDA,0.79,0.8822768434670116,0.61859410430839,0.7272727272727273,0.8077067669172933,0.9415730337078652,1364,182,2933,841
high_debt_burden,full,LDA,0.8,0.8849498327759198,0.6,0.7151351351351352,0.8018796992481203,0.9447833065810594,1323,172,2943,882
high_debt_burden,full,LDA,0.81,0.889958734525447,0.5868480725623583,0.7072970757037442,0.7986842105263158,0.9486356340288925,1294,160,2955,911
high_debt_burden,full,LDA,0.8200000000000001,0.8907142857142857,0.5655328798185941,0.6918169209431345,0.7911654135338346,0.9508828250401284,1247,153,2962,958
high_debt_burden,full,LDA,0.8300000000000001,0.8959580838323353,0.5428571428571428,0.6760802033323918,0.7843984962406015,0.9553772070626003,1197,139,2976,1008
high_debt_burden,full,LDA,0.84,0.8965785381026439,0.5229024943310657,0.6605557146949298,0.7772556390977443,0.9573033707865168,1153,133,2982,1052
high_debt_burden,full,LDA,0.85,0.9004081632653061,0.5002267573696145,0.6431486880466473,0.7699248120300752,0.9608346709470305,1103,122,2993,1102
high_debt_burden,full,LDA,0.86,0.9003466204506065,0.4712018140589569,0.6186364989580232,0.7592105263157894,0.9630818619582665,1039,115,3000,1166
high_debt_burden,full,LDA,0.87,0.900271985494107,0.45034013605442175,0.6003627569528416,0.7515037593984962,0.9646869983948636,993,110,3005,1212
high_debt_burden,full,LDA,0.88,0.9056244041944709,0.4308390022675737,0.5838967424708051,0.7454887218045113,0.9682182985553772,950,99,3016,1255
high_debt_burden,full,LDA,0.89,0.9120654396728016,0.40453514739229024,0.5604775369148602,0.7370300751879699,0.9723916532905297,892,86,3029,1313
high_debt_burden,full,LDA,0.9,0.9192139737991266,0.381859410430839,0.5395706504325537,0.7298872180451128,0.9762439807383627,842,74,3041,1363
high_debt_burden,full,LDA,0.91,0.9262295081967213,0.35873015873015873,0.517162471395881,0.7223684210526315,0.9797752808988764,791,63,3052,1414
high_debt_burden,full,LDA,0.92,0.9310344827586207,0.3306122448979592,0.4879518072289157,0.7124060150375939,0.9826645264847512,729,54,3061,1476
high_debt_burden,full,LDA,0.93,0.9382022471910112,0.3029478458049887,0.4580047994514912,0.7028195488721805,0.9858747993579454,668,44,3071,1537
high_debt_burden,full,LDA,0.9400000000000001,0.9447077409162717,0.27120181405895694,0.4214235377026075,0.6913533834586466,0.9887640449438202,598,35,3080,1607
high_debt_burden,full,LDA,0.9500000000000001,0.9529837251356239,0.23900226757369614,0.3821609862219,0.6796992481203008,0.991653290529695,527,26,3089,1678
high_debt_burden,full,LDA,0.96,0.9599198396793587,0.21723356009070294,0.3542899408284023,0.6718045112781955,0.9935794542536116,479,20,3095,1726
high_debt_burden,full,LDA,0.97,0.9689737470167065,0.18412698412698414,0.3094512195121951,0.6593984962406015,0.9958266452648475,406,13,3102,1799
high_debt_burden,full,LDA,0.98,0.9851190476190477,0.15011337868480726,0.26052735143644234,0.6468045112781955,0.9983948635634029,331,5,3110,1874
high_debt_burden,full,LDA,0.99,0.9866071428571429,0.10022675736961452,0.18196788801976121,0.6265037593984962,0.9990369181380417,221,3,3112,1984
high_debt_burden,full,KNN,0.01,0.441602899718083,0.9945578231292517,0.6116301771022173,0.47650375939849626,0.10979133226324238,2193,2773,342,12
high_debt_burden,full,KNN,0.02,0.441602899718083,0.9945578231292517,0.6116301771022173,0.47650375939849626,0.10979133226324238,2193,2773,342,12
high_debt_burden,full,KNN,0.03,0.441602899718083,0.9945578231292517,0.6116301771022173,0.47650375939849626,0.10979133226324238,2193,2773,342,12
high_debt_burden,full,KNN,0.04,0.441602899718083,0.9945578231292517,0.6116301771022173,0.47650375939849626,0.10979133226324238,2193,2773,342,12
high_debt_burden,full,KNN,0.05,0.441602899718083,0.9945578231292517,0.6116301771022173,0.47650375939849626,0.10979133226324238,2193,2773,342,12
high_debt_burden,full,KNN,0.06,0.441602899718083,0.9945578231292517,0.6116301771022173,0.47650375939849626,0.10979133226324238,2193,2773,342,12
high_debt_burden,full,KNN,0.07,0.4870873568380867,0.9836734693877551,0.6515470111144488,0.5639097744360902,0.2667736757624398,2169,2284,831,36
high_debt_burden,full,KNN,0.08,0.4870873568380867,0.9836734693877551,0.6515470111144488,0.5639097744360902,0.2667736757624398,2169,2284,831,36
high_debt_burden,full,KNN,0.09,0.4870873568380867,0.9836734693877551,0.6515470111144488,0.5639097744360902,0.2667736757624398,2169,2284,831,36
high_debt_burden,full,KNN,0.1,0.4870873568380867,0.9836734693877551,0.6515470111144488,0.5639097744360902,0.2667736757624398,2169,2284,831,36
high_debt_burden,full,KNN,0.11,0.4870873568380867,0.9836734693877551,0.6515470111144488,0.5639097744360902,0.2667736757624398,2169,2284,831,36
high_debt_burden,full,KNN,0.12,0.4870873568380867,0.9836734693877551,0.6515470111144488,0.5639097744360902,0.2667736757624398,2169,2284,831,36
high_debt_burden,full,KNN,0.13,0.4870873568380867,0.9836734693877551,0.6515470111144488,0.5639097744360902,0.2667736757624398,2169,2284,831,36
high_debt_burden,full,KNN,0.14,0.5412566237698713,0.9727891156462585,0.6955252918287937,0.6469924812030076,0.41637239165329054,2145,1818,1297,60
high_debt_burden,full,KNN,0.15,0.5412566237698713,0.9727891156462585,0.6955252918287937,0.6469924812030076,0.41637239165329054,2145,1818,1297,60
high_debt_burden,full,KNN,0.16,0.5412566237698713,0.9727891156462585,0.6955252918287937,0.6469924812030076,0.41637239165329054,2145,1818,1297,60
high_debt_burden,full,KNN,0.17,0.5412566237698713,0.9727891156462585,0.6955252918287937,0.6469924812030076,0.41637239165329054,2145,1818,1297,60
high_debt_burden,full,KNN,0.18,0.5412566237698713,0.9727891156462585,0.6955252918287937,0.6469924812030076,0.41637239165329054,2145,1818,1297,60
high_debt_burden,full,KNN,0.19,0.5412566237698713,0.9727891156462585,0.6955252918287937,0.6469924812030076,0.41637239165329054,2145,1818,1297,60
high_debt_burden,full,KNN,0.2,0.5412566237698713,0.9727891156462585,0.6955252918287937,0.6469924812030076,0.41637239165329054,2145,1818,1297,60
high_debt_burden,full,KNN,0.21,0.592186621697583,0.9555555555555556,0.7312163803574528,0.7088345864661654,0.5341894060995185,2107,1451,1664,98
high_debt_burden,full,KNN,0.22,0.592186621697583,0.9555555555555556,0.7312163803574528,0.7088345864661654,0.5341894060995185,2107,1451,1664,98
high_debt_burden,full,KNN,0.23,0.592186621697583,0.9555555555555556,0.7312163803574528,0.7088345864661654,0.5341894060995185,2107,1451,1664,98
high_debt_burden,full,KNN,0.24,0.592186621697583,0.9555555555555556,0.7312163803574528,0.7088345864661654,0.5341894060995185,2107,1451,1664,98
high_debt_burden,full,KNN,0.25,0.592186621697583,0.9555555555555556,0.7312163803574528,0.7088345864661654,0.5341894060995185,2107,1451,1664,98
high_debt_burden,full,KNN,0.26,0.592186621697583,0.9555555555555556,0.7312163803574528,0.7088345864661654,0.5341894060995185,2107,1451,1664,98
high_debt_burden,full,KNN,0.27,0.6429689946758534,0.9310657596371882,0.7606520933679141,0.7571428571428571,0.6340288924558587,2053,1140,1975,152
high_debt_burden,full,KNN,0.28,0.6429689946758534,0.9310657596371882,0.7606520933679141,0.7571428571428571,0.6340288924558587,2053,1140,1975,152
high_debt_burden,full,KNN,0.29,0.6429689946758534,0.9310657596371882,0.7606520933679141,0.7571428571428571,0.6340288924558587,2053,1140,1975,152
high_debt_burden,full,KNN,0.3,0.6429689946758534,0.9310657596371882,0.7606520933679141,0.7571428571428571,0.6340288924558587,2053,1140,1975,152
high_debt_burden,full,KNN,0.31,0.6429689946758534,0.9310657596371882,0.7606520933679141,0.7571428571428571,0.6340288924558587,2053,1140,1975,152
high_debt_burden,full,KNN,0.32,0.6429689946758534,0.9310657596371882,0.7606520933679141,0.7571428571428571,0.6340288924558587,2053,1140,1975,152
high_debt_burden,full,KNN,0.33,0.6429689946758534,0.9310657596371882,0.7606520933679141,0.7571428571428571,0.6340288924558587,2053,1140,1975,152
high_debt_burden,full,KNN,0.34,0.6903270702853166,0.8997732426303855,0.7812561527859815,0.7911654135338346,0.7142857142857143,1984,890,2225,221
high_debt_burden,full,KNN,0.35000000000000003,0.6903270702853166,0.8997732426303855,0.7812561527859815,0.7911654135338346,0.7142857142857143,1984,890,2225,221
high_debt_burden,full,KNN,0.36,0.6903270702853166,0.8997732426303855,0.7812561527859815,0.7911654135338346,0.7142857142857143,1984,890,2225,221
high_debt_burden,full,KNN,0.37,0.6903270702853166,0.8997732426303855,0.7812561527859815,0.7911654135338346,0.7142857142857143,1984,890,2225,221
high_debt_burden,full,KNN,0.38,0.6903270702853166,0.8997732426303855,0.7812561527859815,0.7911654135338346,0.7142857142857143,1984,890,2225,221
high_debt_burden,full,KNN,0.39,0.6903270702853166,0.8997732426303855,0.7812561527859815,0.7911654135338346,0.7142857142857143,1984,890,2225,221
high_debt_burden,full,KNN,0.4,0.6903270702853166,0.8997732426303855,0.7812561527859815,0.7911654135338346,0.7142857142857143,1984,890,2225,221
high_debt_burden,full,KNN,0.41000000000000003,0.7279752704791345,0.854421768707483,0.7861464635927394,0.8073308270676691,0.7739967897271268,1884,704,2411,321
high_debt_burden,full,KNN,0.42,0.7279752704791345,0.854421768707483,0.7861464635927394,0.8073308270676691,0.7739967897271268,1884,704,2411,321
high_debt_burden,full,KNN,0.43,0.7279752704791345,0.854421768707483,0.7861464635927394,0.8073308270676691,0.7739967897271268,1884,704,2411,321
high_debt_burden,full,KNN,0.44,0.7279752704791345,0.854421768707483,0.7861464635927394,0.8073308270676691,0.7739967897271268,1884,704,2411,321
high_debt_burden,full,KNN,0.45,0.7279752704791345,0.854421768707483,0.7861464635927394,0.8073308270676691,0.7739967897271268,1884,704,2411,321
high_debt_burden,full,KNN,0.46,0.7279752704791345,0.854421768707483,0.7861464635927394,0.8073308270676691,0.7739967897271268,1884,704,2411,321
high_debt_burden,full,KNN,0.47000000000000003,0.7658008658008658,0.8022675736961451,0.783610188261351,0.8163533834586466,0.8263242375601926,1769,541,2574,436
high_debt_burden,full,KNN,0.48,0.7658008658008658,0.8022675736961451,0.783610188261351,0.8163533834586466,0.8263242375601926,1769,541,2574,436
high_debt_burden,full,KNN,0.49,0.7658008658008658,0.8022675736961451,0.783610188261351,0.8163533834586466,0.8263242375601926,1769,541,2574,436
high_debt_burden,full,KNN,0.5,0.7658008658008658,0.8022675736961451,0.783610188261351,0.8163533834586466,0.8263242375601926,1769,541,2574,436
high_debt_burden,full,KNN,0.51,0.7658008658008658,0.8022675736961451,0.783610188261351,0.8163533834586466,0.8263242375601926,1769,541,2574,436
high_debt_burden,full,KNN,0.52,0.7658008658008658,0.8022675736961451,0.783610188261351,0.8163533834586466,0.8263242375601926,1769,541,2574,436
high_debt_burden,full,KNN,0.53,0.7658008658008658,0.8022675736961451,0.783610188261351,0.8163533834586466,0.8263242375601926,1769,541,2574,436
high_debt_burden,full,KNN,0.54,0.7947421638018201,0.7129251700680272,0.7516136743963662,0.8046992481203008,0.8696629213483146,1572,406,2709,633
high_debt_burden,full,KNN,0.55,0.7947421638018201,0.7129251700680272,0.7516136743963662,0.8046992481203008,0.8696629213483146,1572,406,2709,633
high_debt_burden,full,KNN,0.56,0.7947421638018201,0.7129251700680272,0.7516136743963662,0.8046992481203008,0.8696629213483146,1572,406,2709,633
high_debt_burden,full,KNN,0.5700000000000001,0.7947421638018201,0.7129251700680272,0.7516136743963662,0.8046992481203008,0.8696629213483146,1572,406,2709,633
high_debt_burden,full,KNN,0.58,0.7947421638018201,0.7129251700680272,0.7516136743963662,0.8046992481203008,0.8696629213483146,1572,406,2709,633
high_debt_burden,full,KNN,0.59,0.7947421638018201,0.7129251700680272,0.7516136743963662,0.8046992481203008,0.8696629213483146,1572,406,2709,633
high_debt_burden,full,KNN,0.6,0.7947421638018201,0.7129251700680272,0.7516136743963662,0.8046992481203008,0.8696629213483146,1572,406,2709,633
high_debt_burden,full,KNN,0.61,0.8306351183063512,0.6049886621315193,0.7000787194961952,0.7851503759398496,0.9126805778491172,1334,272,2843,871
high_debt_burden,full,KNN,0.62,0.8306351183063512,0.6049886621315193,0.7000787194961952,0.7851503759398496,0.9126805778491172,1334,272,2843,871
high_debt_burden,full,KNN,0.63,0.8306351183063512,0.6049886621315193,0.7000787194961952,0.7851503759398496,0.9126805778491172,1334,272,2843,871
high_debt_burden,full,KNN,0.64,0.8306351183063512,0.6049886621315193,0.7000787194961952,0.7851503759398496,0.9126805778491172,1334,272,2843,871
high_debt_burden,full,KNN,0.65,0.8306351183063512,0.6049886621315193,0.7000787194961952,0.7851503759398496,0.9126805778491172,1334,272,2843,871
high_debt_burden,full,KNN,0.66,0.8306351183063512,0.6049886621315193,0.7000787194961952,0.7851503759398496,0.9126805778491172,1334,272,2843,871
high_debt_burden,full,KNN,0.67,0.8608990670059372,0.4603174603174603,0.5998817966903073,0.7454887218045113,0.9473515248796147,1015,164,2951,1190
high_debt_burden,full,KNN,0.68,0.8608990670059372,0.4603174603174603,0.5998817966903073,0.7454887218045113,0.9473515248796147,1015,164,2951,1190
high_debt_burden,full,KNN,0.6900000000000001,0.8608990670059372,0.4603174603174603,0.5998817966903073,0.7454887218045113,0.9473515248796147,1015,164,2951,1190
high_debt_burden,full,KNN,0.7000000000000001,0.8608990670059372,0.4603174603174603,0.5998817966903073,0.7454887218045113,0.9473515248796147,1015,164,2951,1190
high_debt_burden,full,KNN,0.71,0.8608990670059372,0.4603174603174603,0.5998817966903073,0.7454887218045113,0.9473515248796147,1015,164,2951,1190
high_debt_burden,full,KNN,0.72,0.8608990670059372,0.4603174603174603,0.5998817966903073,0.7454887218045113,0.9473515248796147,1015,164,2951,1190
high_debt_burden,full,KNN,0.73,0.8608990670059372,0.4603174603174603,0.5998817966903073,0.7454887218045113,0.9473515248796147,1015,164,2951,1190
high_debt_burden,full,KNN,0.74,0.8917910447761194,0.3251700680272109,0.4765702891326022,0.7039473684210527,0.9720706260032103,717,87,3028,1488
high_debt_burden,full,KNN,0.75,0.8917910447761194,0.3251700680272109,0.4765702891326022,0.7039473684210527,0.9720706260032103,717,87,3028,1488
high_debt_burden,full,KNN,0.76,0.8917910447761194,0.3251700680272109,0.4765702891326022,0.7039473684210527,0.9720706260032103,717,87,3028,1488
high_debt_burden,full,KNN,0.77,0.8917910447761194,0.3251700680272109,0.4765702891326022,0.7039473684210527,0.9720706260032103,717,87,3028,1488
high_debt_burden,full,KNN,0.78,0.8917910447761194,0.3251700680272109,0.4765702891326022,0.7039473684210527,0.9720706260032103,717,87,3028,1488
high_debt_burden,full,KNN,0.79,0.8917910447761194,0.3251700680272109,0.4765702891326022,0.7039473684210527,0.9720706260032103,717,87,3028,1488
high_debt_burden,full,KNN,0.8,0.8917910447761194,0.3251700680272109,0.4765702891326022,0.7039473684210527,0.9720706260032103,717,87,3028,1488
high_debt_burden,full,KNN,0.81,0.9355555555555556,0.1909297052154195,0.31713747645951035,0.6592105263157895,0.9906902086677367,421,29,3086,1784
high_debt_burden,full,KNN,0.8200000000000001,0.9355555555555556,0.1909297052154195,0.31713747645951035,0.6592105263157895,0.9906902086677367,421,29,3086,1784
high_debt_burden,full,KNN,0.8300000000000001,0.9355555555555556,0.1909297052154195,0.31713747645951035,0.6592105263157895,0.9906902086677367,421,29,3086,1784
high_debt_burden,full,KNN,0.84,0.9355555555555556,0.1909297052154195,0.31713747645951035,0.6592105263157895,0.9906902086677367,421,29,3086,1784
high_debt_burden,full,KNN,0.85,0.9355555555555556,0.1909297052154195,0.31713747645951035,0.6592105263157895,0.9906902086677367,421,29,3086,1784
high_debt_burden,full,KNN,0.86,0.9355555555555556,0.1909297052154195,0.31713747645951035,0.6592105263157895,0.9906902086677367,421,29,3086,1784
high_debt_burden,full,KNN,0.87,0.947136563876652,0.09750566893424037,0.1768092105263158,0.6236842105263158,0.996147672552167,215,12,3103,1990
high_debt_burden,full,KNN,0.88,0.947136563876652,0.09750566893424037,0.1768092105263158,0.6236842105263158,0.996147672552167,215,12,3103,1990
high_debt_burden,full,KNN,0.89,0.947136563876652,0.09750566893424037,0.1768092105263158,0.6236842105263158,0.996147672552167,215,12,3103,1990
high_debt_burden,full,KNN,0.9,0.947136563876652,0.09750566893424037,0.1768092105263158,0.6236842105263158,0.996147672552167,215,12,3103,1990
high_debt_burden,full,KNN,0.91,0.947136563876652,0.09750566893424037,0.1768092105263158,0.6236842105263158,0.996147672552167,215,12,3103,1990
high_debt_burden,full,KNN,0.92,0.947136563876652,0.09750566893424037,0.1768092105263158,0.6236842105263158,0.996147672552167,215,12,3103,1990
high_debt_burden,full,KNN,0.93,0.947136563876652,0.09750566893424037,0.1768092105263158,0.6236842105263158,0.996147672552167,215,12,3103,1990
high_debt_burden,full,KNN,0.9400000000000001,0.9344262295081968,0.02585034013605442,0.05030891438658428,0.5954887218045113,0.9987158908507223,57,4,3111,2148
high_debt_burden,full,KNN,0.9500000000000001,0.9344262295081968,0.02585034013605442,0.05030891438658428,0.5954887218045113,0.9987158908507223,57,4,3111,2148
high_debt_burden,full,KNN,0.96,0.9344262295081968,0.02585034013605442,0.05030891438658428,0.5954887218045113,0.9987158908507223,57,4,3111,2148
high_debt_burden,full,KNN,0.97,0.9344262295081968,0.02585034013605442,0.05030891438658428,0.5954887218045113,0.9987158908507223,57,4,3111,2148
high_debt_burden,full,KNN,0.98,0.9344262295081968,0.02585034013605442,0.05030891438658428,0.5954887218045113,0.9987158908507223,57,4,3111,2148
high_debt_burden,full,KNN,0.99,0.9344262295081968,0.02585034013605442,0.05030891438658428,0.5954887218045113,0.9987158908507223,57,4,3111,2148
high_debt_burden,full,SVM (RBF),0.01,0.4189317620224292,0.999546485260771,0.5904098580230379,0.425187969924812,0.018619582664526485,2204,3057,58,1
high_debt_burden,full,SVM (RBF),0.02,0.44814890570668847,0.9936507936507937,0.6177051029038624,0.49022556390977445,0.13386837881219904,2191,2698,417,14
high_debt_burden,full,SVM (RBF),0.03,0.48081164534627263,0.9886621315192744,0.6469802641341446,0.5528195488721804,0.24430176565008024,2180,2354,761,25
high_debt_burden,full,SVM (RBF),0.04,0.506778868630201,0.9832199546485261,0.668826160728058,0.5964285714285714,0.32263242375601925,2168,2110,1005,37
high_debt_burden,full,SVM (RBF),0.05,0.5293251533742331,0.9782312925170068,0.6869426751592357,0.6304511278195488,0.3842696629213483,2157,1918,1197,48
high_debt_burden,full,SVM (RBF),0.06,0.5508583141173456,0.9750566893424036,0.7039947609692208,0.6601503759398496,0.437239165329053,2150,1753,1362,55
high_debt_burden,full,SVM (RBF),0.07,0.570362473347548,0.9705215419501134,0.7184824576128924,0.6847744360902256,0.4825040128410915,2140,1612,1503,65
high_debt_burden,full,SVM (RBF),0.08,0.5849574526489157,0.9664399092970521,0.7287961696306429,0.7018796992481203,0.5146067415730337,2131,1512,1603,74
high_debt_burden,full,SVM (RBF),0.09,0.5987584650112867,0.962358276643991,0.7382153417985737,0.7171052631578947,0.5434991974317817,2122,1422,1693,83
high_debt_burden,full,SVM (RBF),0.1,0.6114153934851542,0.9619047619047619,0.7476207261191399,0.7308270676691729,0.5672552166934189,2121,1348,1767,84
high_debt_burden,full,SVM (RBF),0.11,0.6195079086115993,0.9591836734693877,0.7528029898558463,0.7389097744360902,0.5829855537720706,2115,1299,1816,90
high_debt_burden,full,SVM (RBF),0.12,0.6326836581709145,0.9569160997732427,0.7617328519855596,0.7518796992481203,0.6067415730337079,2110,1225,1890,95
high_debt_burden,full,SVM (RBF),0.13,0.6420281001832621,0.9532879818594104,0.76729330169739,0.7603383458646616,0.6237560192616373,2102,1172,1943,103
high_debt_burden,full,SVM (RBF),0.14,0.6492097923768205,0.9501133786848073,0.7713549337260677,0.7665413533834586,0.6365971107544142,2095,1132,1983,110
high_debt_burden,full,SVM (RBF),0.15,0.6575557650015709,0.9492063492063492,0.7769116555308093,0.7740601503759399,0.6500802568218299,2093,1090,2025,112
high_debt_burden,full,SVM (RBF),0.16,0.6633789373210308,0.9455782312925171,0.7797307404637248,0.7785714285714286,0.6603531300160513,2085,1058,2057,120
high_debt_burden,full,SVM (RBF),0.17,0.6719457013574661,0.9428571428571428,0.7846763540290622,0.7855263157894737,0.6741573033707865,2079,1015,2100,126
high_debt_burden,full,SVM (RBF),0.18,0.6783376963350786,0.9401360544217687,0.7880631058734082,0.7904135338345865,0.684430176565008,2073,983,2132,132
high_debt_burden,full,SVM (RBF),0.19,0.6864828960478246,0.9374149659863945,0.7925613496932515,0.7966165413533834,0.6969502407704655,2067,944,2171,138
high_debt_burden,full,SVM (RBF),0.2,0.6930326489397509,0.9337868480725624,0.7955950540958269,0.8011278195488721,0.707223113964687,2059,912,2203,146
high_debt_burden,full,SVM (RBF),0.21,0.700238989416183,0.9301587301587302,0.7989871445266848,0.806015037593985,0.7181380417335473,2051,878,2237,154
high_debt_burden,full,SVM (RBF),0.22,0.7054770926627627,0.9287981859410431,0.8018794048551292,0.8097744360902256,0.7255216693418941,2048,855,2260,157
high_debt_burden,full,SVM (RBF),0.23,0.7127361791462561,0.9238095238095239,0.8046612680229114,0.8140977443609022,0.7364365971107544,2037,821,2294,168
high_debt_burden,full,SVM (RBF),0.24,0.7235482721767011,0.9210884353741496,0.8104549082202713,0.8214285714285714,0.7508828250401284,2031,776,2339,174
high_debt_burden,full,SVM (RBF),0.25,0.7297589060813242,0.9197278911564626,0.8138041733547351,0.825563909774436,0.758908507223114,2028,751,2364,177
high_debt_burden,full,SVM (RBF),0.26,0.7346419483824064,0.9165532879818594,0.8155770782889425,0.8281954887218045,0.7656500802568218,2021,730,2385,184
high_debt_burden,full,SVM (RBF),0.27,0.7372663979479663,0.9124716553287981,0.8155654641264694,0.8289473684210527,0.7698234349919744,2012,717,2398,193
high_debt_burden,full,SVM (RBF),0.28,0.7430581266197704,0.9102040816326531,0.8181818181818181,0.8323308270676691,0.777207062600321,2007,694,2421,198
high_debt_burden,full,SVM (RBF),0.29,0.749156355455568,0.9061224489795918,0.8201970443349754,0.8353383458646616,0.7852327447833066,1998,669,2446,207
high_debt_burden,full,SVM (RBF),0.3,0.7566438876233865,0.9038548752834467,0.8237239098987393,0.8396616541353383,0.7942215088282504,1993,641,2474,212
high_debt_burden,full,SVM (RBF),0.31,0.761795166858458,0.9006802721088435,0.8254364089775561,0.8421052631578947,0.8006420545746389,1986,621,2494,219
high_debt_burden,full,SVM (RBF),0.32,0.7682170542635659,0.8988662131519274,0.8284221525600837,0.8456766917293234,0.8080256821829855,1982,598,2517,223
high_debt_burden,full,SVM (RBF),0.33,0.7687524290711232,0.8970521541950114,0.8279614901632483,0.8454887218045113,0.8089887640449438,1978,595,2520,227
high_debt_burden,full,SVM (RBF),0.34,0.7729772191673213,0.8925170068027211,0.8284571669122289,0.8468045112781954,0.814446227929374,1968,578,2537,237
high_debt_burden,full,SVM (RBF),0.35000000000000003,0.776503164556962,0.890249433106576,0.82949503486161,0.8483082706766917,0.8186195826645265,1963,565,2550,242
high_debt_burden,full,SVM (RBF),0.36,0.7825390468562274,0.8861678004535147,0.8311356869417269,0.8507518796992481,0.8256821829855537,1954,543,2572,251
high_debt_burden,full,SVM (RBF),0.37,0.7879401052205585,0.8829931972789116,0.8327630453378956,0.8530075187969924,0.8317817014446228,1947,524,2591,258
high_debt_burden,full,SVM (RBF),0.38,0.7928075194115243,0.8798185941043084,0.8340498710232158,0.8548872180451128,0.837239165329053,1940,507,2608,265
high_debt_burden,full,SVM (RBF),0.39,0.7980173482032218,0.8761904761904762,0.835278858625162,0.8567669172932331,0.8430176565008025,1932,489,2626,273
high_debt_burden,full,SVM (RBF),0.4,0.8013327780091628,0.872562358276644,0.8354320451584889,0.8575187969924812,0.8468699839486357,1924,477,2638,281
high_debt_burden,full,SVM (RBF),0.41000000000000003,0.8030176026823135,0.8689342403628117,0.8346765410585929,0.8573308270676692,0.8491171749598716,1916,470,2645,289
high_debt_burden,full,SVM (RBF),0.42,0.8080508474576271,0.8648526077097506,0.8354874041621029,0.8588345864661654,0.8545746388443017,1907,453,2662,298
high_debt_burden,full,SVM (RBF),0.43,0.8103154305200341,0.8621315192743764,0.8354207866402987,0.8592105263157894,0.8571428571428571,1901,445,2670,304
high_debt_burden,full,SVM (RBF),0.44,0.811587982832618,0.8575963718820862,0.8339581036383682,0.8584586466165414,0.8590690208667737,1891,439,2676,314
high_debt_burden,full,SVM (RBF),0.45,0.8150714595062798,0.853514739229025,0.8338502436863093,0.8590225563909775,0.8629213483146068,1882,427,2688,323
high_debt_burden,full,SVM (RBF),0.46,0.8171528080104484,0.8512471655328798,0.833851621501555,0.8593984962406015,0.8651685393258427,1877,420,2695,328
high_debt_burden,full,SVM (RBF),0.47000000000000003,0.8200965335673541,0.8476190476190476,0.8336306868867083,0.8597744360902255,0.8683788121990369,1869,410,2705,336
high_debt_burden,full,SVM (RBF),0.48,0.8221729490022173,0.8408163265306122,0.831390134529148,0.8586466165413534,0.8712680577849117,1854,401,2714,351
high_debt_burden,full,SVM (RBF),0.49,0.8236607142857143,0.8367346938775511,0.830146231721035,0.8580827067669173,0.8731942215088283,1845,395,2720,360
high_debt_burden,full,SVM (RBF),0.5,0.8240035826242723,0.8344671201814059,0.829202343397927,0.8575187969924812,0.8738362760834671,1840,393,2722,365
high_debt_burden,full,SVM (RBF),0.51,0.8284936479128857,0.8281179138321996,0.8283057382626445,0.8577067669172932,0.8786516853932584,1826,378,2737,379
high_debt_burden,full,SVM (RBF),0.52,0.8303612254229538,0.8235827664399092,0.8269581056466302,0.8571428571428571,0.8808988764044944,1816,371,2744,389
high_debt_burden,full,SVM (RBF),0.53,0.8305709023941068,0.818140589569161,0.8243088873657756,0.8554511278195489,0.8818619582664526,1804,368,2747,401
high_debt_burden,full,SVM (RBF),0.54,0.8327120223671948,0.8104308390022675,0.8214203631349115,0.8539473684210527,0.8847512038523274,1787,359,2756,418
high_debt_burden,full,SVM (RBF),0.55,0.8351338656646313,0.8063492063492064,0.8204891555145364,0.8537593984962406,0.8873194221508828,1778,351,2764,427
high_debt_burden,full,SVM (RBF),0.56,0.8383886255924171,0.8022675736961451,0.8199304750869061,0.8539473684210527,0.8905296950240771,1769,341,2774,436
high_debt_burden,full,SVM (RBF),0.5700000000000001,0.8413461538461539,0.7936507936507936,0.8168028004667445,0.8524436090225563,0.8940609951845907,1750,330,2785,455
high_debt_burden,full,SVM (RBF),0.58,0.8428223844282239,0.7854875283446712,0.8131455399061033,0.850375939849624,0.8963081861958266,1732,323,2792,473
high_debt_burden,full,SVM (RBF),0.59,0.8469135802469135,0.7777777777777778,0.8108747044917257,0.849624060150376,0.9004815409309791,1715,310,2805,490
high_debt_burden,full,SVM (RBF),0.6,0.8494247123561781,0.7700680272108843,0.807802093244529,0.8481203007518797,0.903370786516854,1698,301,2814,507
high_debt_burden,full,SVM (RBF),0.61,0.8509348155634159,0.763718820861678,0.8049713193116634,0.8466165413533835,0.9052969502407705,1684,295,2820,521
high_debt_burden,full,SVM (RBF),0.62,0.8520408163265306,0.7573696145124716,0.8019207683073228,0.8449248120300752,0.9069020866773676,1670,290,2825,535
high_debt_burden,full,SVM (RBF),0.63,0.8538977800722767,0.7501133786848072,0.7986479961371319,0.8432330827067669,0.9091492776886035,1654,283,2832,551
high_debt_burden,full,SVM (RBF),0.64,0.8565488565488566,0.7473922902494331,0.7982562363768466,0.843421052631579,0.9113964686998395,1648,276,2839,557
high_debt_burden,full,SVM (RBF),0.65,0.8611552729199788,0.7369614512471655,0.7942326490713587,0.8417293233082707,0.9158908507223114,1625,262,2853,580
high_debt_burden,full,SVM (RBF),0.66,0.8623460096411355,0.7301587301587301,0.7907662082514734,0.8398496240601504,0.9174959871589085,1610,257,2858,595
high_debt_burden,full,SVM (RBF),0.67,0.8635869565217391,0.7206349206349206,0.7856613102595797,0.8370300751879699,0.9194221508828251,1589,251,2864,616
high_debt_burden,full,SVM (RBF),0.68,0.863761720904578,0.710204081632653,0.7794922847187654,0.8334586466165413,0.9207062600321028,1566,247,2868,639
high_debt_burden,full,SVM (RBF),0.6900000000000001,0.8647887323943662,0.6961451247165533,0.771356783919598,0.8289473684210527,0.9229534510433387,1535,240,2875,670
high_debt_burden,full,SVM (RBF),0.7000000000000001,0.8694652098907418,0.6857142857142857,0.766734279918864,0.8270676691729323,0.9271268057784912,1512,227,2888,693
high_debt_burden,full,SVM (RBF),0.71,0.8717647058823529,0.672108843537415,0.7590268886043533,0.8231203007518797,0.9300160513643659,1482,218,2897,723
high_debt_burden,full,SVM (RBF),0.72,0.8732057416267942,0.6621315192743764,0.7531596595305649,0.8201127819548872,0.9319422150882825,1460,212,2903,745
high_debt_burden,full,SVM (RBF),0.73,0.8743872549019608,0.6471655328798186,0.7438102684388846,0.8152255639097744,0.9341894060995185,1427,205,2910,778
high_debt_burden,full,SVM (RBF),0.74,0.8769617074701821,0.6335600907029478,0.7356503422854134,0.8112781954887218,0.9370786516853933,1397,196,2919,808
high_debt_burden,full,SVM (RBF),0.75,0.8765195137555982,0.6213151927437641,0.7271762208067941,0.8067669172932331,0.9380417335473515,1370,193,2922,835
high_debt_burden,full,SVM (RBF),0.76,0.880764163372859,0.6063492063492063,0.7182379801235562,0.8028195488721804,0.9418940609951846,1337,181,2934,868
high_debt_burden,full,SVM (RBF),0.77,0.8849018280297901,0.5927437641723357,0.7099402498642042,0.7992481203007519,0.9454253611556982,1307,170,2945,898
high_debt_burden,full,SVM (RBF),0.78,0.8898245614035087,0.5750566893424036,0.6986225895316805,0.794360902255639,0.9495987158908508,1268,157,2958,937
high_debt_burden,full,SVM (RBF),0.79,0.8905003625815808,0.5569160997732426,0.6852678571428572,0.7879699248120301,0.9515248796147673,1228,151,2964,977
high_debt_burden,full,SVM (RBF),0.8,0.8961334344200151,0.5360544217687074,0.6708286038592508,0.7819548872180451,0.9560192616372392,1182,137,2978,1023
high_debt_burden,full,SVM (RBF),0.81,0.9016522423288749,0.5197278911564626,0.6593785960874567,0.7774436090225564,0.9598715890850722,1146,125,2990,1059
high_debt_burden,full,SVM (RBF),0.8200000000000001,0.9022185702547247,0.49795918367346936,0.6417299824663939,0.7695488721804511,0.9617977528089887,1098,119,2996,1107
high_debt_burden,full,SVM (RBF),0.8300000000000001,0.9064377682403434,0.47891156462585033,0.626706231454006,0.7635338345864662,0.965008025682183,1056,109,3006,1149
high_debt_burden,full,SVM (RBF),0.84,0.9124548736462094,0.45850340136054424,0.6103229701177181,0.7573308270676692,0.9688603531300161,1011,97,3018,1194
high_debt_burden,full,SVM (RBF),0.85,0.9133333333333333,0.43492063492063493,0.589247311827957,0.7486842105263158,0.9707865168539326,959,91,3024,1246
high_debt_burden,full,SVM (RBF),0.86,0.9109109109109109,0.4126984126984127,0.568039950062422,0.7398496240601504,0.9714285714285714,910,89,3026,1295
high_debt_burden,full,SVM (RBF),0.87,0.9212253829321663,0.381859410430839,0.5399166399487014,0.7302631578947368,0.9768860353130016,842,72,3043,1363
high_debt_burden,full,SVM (RBF),0.88,0.9265402843601895,0.3546485260770975,0.512955067235159,0.7208646616541353,0.9800963081861959,782,62,3053,1423
high_debt_burden,full,SVM (RBF),0.89,0.9276485788113695,0.32562358276643993,0.482040953340047,0.7099624060150376,0.9820224719101124,718,56,3059,1487
high_debt_burden,full,SVM (RBF),0.9,0.9352112676056338,0.30113378684807257,0.4555746140651801,0.7016917293233083,0.9852327447833066,664,46,3069,1541
high_debt_burden,full,SVM (RBF),0.91,0.9443561208267091,0.2693877551020408,0.41919548341566687,0.6906015037593985,0.9887640449438202,594,35,3080,1611
high_debt_burden,full,SVM (RBF),0.92,0.9538188277087034,0.24353741496598638,0.3880057803468208,0.6815789473684211,0.991653290529695,537,26,3089,1668
high_debt_burden,full,SVM (RBF),0.93,0.9562624254473161,0.218140589569161,0.35524372230428364,0.6718045112781955,0.9929373996789728,481,22,3093,1724
high_debt_burden,full,SVM (RBF),0.9400000000000001,0.9581497797356828,0.19727891156462585,0.327190673185408,0.6637218045112782,0.993900481540931,435,19,3096,1770
high_debt_burden,full,SVM (RBF),0.9500000000000001,0.9698492462311558,0.17505668934240362,0.29658086822896657,0.655827067669173,0.996147672552167,386,12,3103,1819
high_debt_burden,full,SVM (RBF),0.96,0.9721448467966574,0.1582766439909297,0.2722308892355694,0.6492481203007519,0.9967897271268058,349,10,3105,1856
high_debt_burden,full,SVM (RBF),0.97,0.9771241830065359,0.13560090702947847,0.23815213062524893,0.6404135338345864,0.9977528089887641,299,7,3108,1906
high_debt_burden,full,SVM (RBF),0.98,0.991304347826087,0.10340136054421768,0.18726899383983572,0.6280075187969925,0.9993579454253612,228,2,3113,1977
high_debt_burden,full,SVM (RBF),0.99,0.9867549668874173,0.06757369614512472,0.12648556876061123,0.6131578947368421,0.9993579454253612,149,2,3113,2056
high_debt_burden,full,Random Forest,0.01,0.4144736842105263,1.0,0.586046511627907,0.4144736842105263,0.0,2205,3115,0,0
high_debt_burden,full,Random Forest,0.02,0.4144736842105263,1.0,0.586046511627907,0.4144736842105263,0.0,2205,3115,0,0
high_debt_burden,full,Random Forest,0.03,0.4144736842105263,1.0,0.586046511627907,0.4144736842105263,0.0,2205,3115,0,0
high_debt_burden,full,Random Forest,0.04,0.4144736842105263,1.0,0.586046511627907,0.4144736842105263,0.0,2205,3115,0,0
high_debt_burden,full,Random Forest,0.05,0.4144736842105263,1.0,0.586046511627907,0.4144736842105263,0.0,2205,3115,0,0
high_debt_burden,full,Random Forest,0.06,0.4150197628458498,1.0,0.5865921787709497,0.41578947368421054,0.0022471910112359553,2205,3108,7,0
high_debt_burden,full,Random Forest,0.07,0.41655641655641656,0.999546485260771,0.5880469583778015,0.4195488721804511,0.008988764044943821,2204,3087,28,1
high_debt_burden,full,Random Forest,0.08,0.4209320091673033,0.999546485260771,0.592393495497917,0.42988721804511276,0.026645264847512038,2204,3032,83,1
high_debt_burden,full,Random Forest,0.09,0.4285992596921878,0.9977324263038548,0.5996184246388662,0.4477443609022556,0.058426966292134834,2200,2933,182,5
high_debt_burden,full,Random Forest,0.1,0.4379736737136019,0.9959183673469387,0.6083945144756892,0.468609022556391,0.09534510433386838,2196,2818,297,9
high_debt_burden,full,Random Forest,0.11,0.45024671052631576,0.9931972789115646,0.6196067336256896,0.4945488721804511,0.14157303370786517,2190,2674,441,15
high_debt_burden,full,Random Forest,0.12,0.4628922815945717,0.9900226757369615,0.6308336945528102,0.5197368421052632,0.1868378812199037,2183,2533,582,22
high_debt_burden,full,Random Forest,0.13,0.47610697062691804,0.9850340136054422,0.6419388207477464,0.5445488721804511,0.23274478330658105,2172,2390,725,33
high_debt_burden,full,Random Forest,0.14,0.49147920927062033,0.9809523809523809,0.6548592188919165,0.5714285714285714,0.28154093097913324,2163,2238,877,42
high_debt_burden,full,Random Forest,0.15,0.5051498127340824,0.9786848072562359,0.6663578817353714,0.593796992481203,0.32134831460674157,2158,2114,1001,47
high_debt_burden,full,Random Forest,0.16,0.5221626887481734,0.9723356009070295,0.6794485818412295,0.6197368421052631,0.37014446227929376,2144,1962,1153,61
high_debt_burden,full,Random Forest,0.17,0.5415079969535415,0.9673469387755103,0.6943359374999999,0.6469924812030076,0.4202247191011236,2133,1806,1309,72
high_debt_burden,full,Random Forest,0.18,0.5638496400959744,0.9591836734693877,0.7102081934184016,0.6755639097744361,0.4747993579454254,2115,1636,1479,90
high_debt_burden,full,Random Forest,0.19,0.5909474276075345,0.9532879818594104,0.729607775078098,0.7071428571428572,0.5329052969502408,2102,1455,1660,103
high_debt_burden,full,Random Forest,0.2,0.6193164933135216,0.945124716553288,0.7482944344703769,0.7364661654135338,0.5887640449438202,2084,1281,1834,121
high_debt_burden,full,Random Forest,0.21,0.6455538221528861,0.9383219954648526,0.7648798521256932,0.7609022556390977,0.6353130016051365,2069,1136,1979,136
high_debt_burden,full,Random Forest,0.22,0.6697127937336814,0.9306122448979591,0.7788954260770544,0.7810150375939849,0.6751203852327448,2052,1012,2103,153
high_debt_burden,full,Random Forest,0.23,0.6956670078471512,0.9247165532879819,0.7940031152647975,0.8011278195488721,0.7136436597110755,2039,892,2223,166
high_debt_burden,full,Random Forest,0.24,0.7130250617719732,0.9160997732426304,0.8019055180627233,0.812406015037594,0.7390048154093098,2020,813,2302,185
high_debt_burden,full,Random Forest,0.25,0.7335766423357665,0.9115646258503401,0.8129423660262892,0.8261278195488722,0.7656500802568218,2010,730,2385,195
high_debt_burden,full,Random Forest,0.26,0.7488755622188905,0.9061224489795918,0.820028729735276,0.8351503759398496,0.7849117174959872,1998,670,2445,207
high_debt_burden,full,Random Forest,0.27,0.7599085365853658,0.9043083900226757,0.8258438600124249,0.8419172932330827,0.797752808988764,1994,630,2485,211
high_debt_burden,full,Random Forest,0.28,0.7671814671814672,0.9011337868480725,0.8287799791449426,0.8456766917293234,0.8064205457463884,1987,603,2512,218
high_debt_burden,full,Random Forest,0.29,0.773224043715847,0.8984126984126984,0.8311306901615272,0.8486842105263158,0.8134831460674158,1981,581,2534,224
high_debt_burden,full,Random Forest,0.3,0.7807190833662584,0.8961451247165533,0.8344594594594594,0.8526315789473684,0.8218298555377207,1976,555,2560,229
high_debt_burden,full,Random Forest,0.31,0.7833863275039745,0.8938775510204081,0.8349925863164583,0.8535714285714285,0.8250401284109149,1971,545,2570,234
high_debt_burden,full,Random Forest,0.32,0.7874299439551641,0.8920634920634921,0.8364873485009567,0.8554511278195489,0.8295345104333869,1967,531,2584,238
high_debt_burden,full,Random Forest,0.33,0.790491539081386,0.889795918367347,0.8372093023255814,0.8565789473684211,0.8330658105939005,1962,520,2595,243
high_debt_burden,full,Random Forest,0.34,0.7916666666666666,0.8875283446712018,0.8368612358349369,0.8565789473684211,0.8346709470304976,1957,515,2600,248
high_debt_burden,full,Random Forest,0.35000000000000003,0.7950386335908906,0.8866213151927438,0.8383361921097771,0.8582706766917293,0.8382022471910112,1955,504,2611,250
high_debt_burden,full,Random Forest,0.36,0.7960848287112561,0.8852607709750567,0.8383079235559373,0.8584586466165414,0.8394863563402889,1952,500,2615,253
high_debt_burden,full,Random Forest,0.37,0.800082270670506,0.8820861678004536,0.8390854184641933,0.8597744360902255,0.8439807383627609,1945,486,2629,260
high_debt_burden,full,Random Forest,0.38,0.8014888337468983,0.8789115646258503,0.8384166125892277,0.8595864661654136,0.8459069020866774,1938,480,2635,267
high_debt_burden,full,Random Forest,0.39,0.8055091819699499,0.8752834467120182,0.8389480547707021,0.8607142857142858,0.8504012841091493,1930,466,2649,275
high_debt_burden,full,Random Forest,0.4,0.8072894847088395,0.873922902494331,0.8392857142857143,0.8612781954887218,0.8523274478330658,1927,460,2655,278
high_debt_burden,full,Random Forest,0.41000000000000003,0.8092631578947368,0.871655328798186,0.839301310043668,0.8616541353383459,0.8545746388443017,1922,453,2662,283
high_debt_burden,full,Random Forest,0.42,0.8106508875739645,0.8698412698412699,0.8392036753445636,0.8618421052631579,0.8561797752808988,1918,448,2667,287
high_debt_burden,full,Random Forest,0.43,0.8106734434561627,0.8680272108843538,0.8383705650459921,0.8612781954887218,0.8565008025682183,1914,447,2668,291
high_debt_burden,full,Random Forest,0.44,0.8136962994470438,0.8675736961451247,0.8397717295873574,0.8627819548872181,0.8593900481540931,1913,438,2677,292
high_debt_burden,full,Random Forest,0.45,0.8145780051150895,0.8666666666666667,0.8398154251812788,0.86296992481203,0.8603531300160514,1911,435,2680,294
high_debt_burden,full,Random Forest,0.46,0.8166595105195363,0.8625850340136054,0.8389942655491839,0.8627819548872181,0.8629213483146068,1902,427,2688,303
high_debt_burden,full,Random Forest,0.47000000000000003,0.8188123103597746,0.8566893424036282,0.837322695035461,0.8620300751879699,0.8658105939004815,1889,418,2697,316
high_debt_burden,full,Random Forest,0.48,0.821475338280227,0.853514739229025,0.8371886120996441,0.862406015037594,0.8686998394863563,1882,409,2706,323
high_debt_burden,full,Random Forest,0.49,0.8229623137598597,0.8517006802721089,0.8370849119679072,0.862593984962406,0.8703049759229534,1878,404,2711,327
high_debt_burden,full,Random Forest,0.5,0.823555359505955,0.8467120181405896,0.8349731663685153,0.8612781954887218,0.8715890850722311,1867,400,2715,338
high_debt_burden,full,Random Forest,0.51,0.8250444049733571,0.8426303854875283,0.8337446713035674,0.8607142857142858,0.8735152487961477,1858,394,2721,347
high_debt_burden,full,Random Forest,0.52,0.8263392857142857,0.8394557823129252,0.8328458942632171,0.8603383458646616,0.8751203852327448,1851,389,2726,354
high_debt_burden,full,Random Forest,0.53,0.8272768057424854,0.836281179138322,0.8317546233649075,0.8597744360902255,0.8764044943820225,1844,385,2730,361
high_debt_burden,full,Random Forest,0.54,0.8283242258652095,0.8249433106575964,0.8266303112928881,0.8565789473684211,0.8789727126805779,1819,377,2738,386
high_debt_burden,full,Random Forest,0.55,0.8291226458429031,0.81859410430839,0.8238247375627568,0.8548872180451128,0.880577849117175,1805,372,2743,400
high_debt_burden,full,Random Forest,0.56,0.8304691128657687,0.8108843537414966,0.820559889857733,0.8530075187969924,0.8828250401284109,1788,365,2750,417
high_debt_burden,full,Random Forest,0.5700000000000001,0.8306754221388368,0.8031746031746032,0.8166935669817847,0.8505639097744361,0.8841091492776886,1771,361,2754,434
high_debt_burden,full,Random Forest,0.58,0.8329355608591885,0.7913832199546486,0.8116279069767441,0.8477443609022557,0.8876404494382022,1745,350,2765,460
high_debt_burden,full,Random Forest,0.59,0.8356694055099082,0.7841269841269841,0.8090781469349555,0.8466165413533835,0.8908507223113965,1729,340,2775,476
high_debt_burden,full,Random Forest,0.6,0.8401960784313726,0.7773242630385487,0.8075382803297998,0.8464285714285714,0.8953451043338684,1714,326,2789,491
high_debt_burden,full,Random Forest,0.61,0.8422885572139304,0.7678004535147392,0.8033214709371292,0.844172932330827,0.8982343499197432,1693,317,2798,512
high_debt_burden,full,Random Forest,0.62,0.8466632705043301,0.7537414965986394,0.7975047984644913,0.8413533834586466,0.903370786516854,1662,301,2814,543
high_debt_burden,full,Random Forest,0.63,0.8496595075955998,0.7356009070294784,0.78852698104035,0.8364661654135338,0.9078651685393259,1622,287,2828,583
high_debt_burden,full,Random Forest,0.64,0.8524853019775521,0.7233560090702947,0.782630029440628,0.8334586466165413,0.9113964686998395,1595,276,2839,610
high_debt_burden,full,Random Forest,0.65,0.854006586169045,0.7056689342403628,0.7727837099577849,0.8280075187969925,0.9146067415730337,1556,266,2849,649
high_debt_burden,full,Random Forest,0.66,0.8556119571347998,0.6879818594104309,0.762694821518351,0.8225563909774436,0.9178170144462279,1517,256,2859,688
high_debt_burden,full,Random Forest,0.67,0.8596491228070176,0.6666666666666666,0.7509578544061303,0.8167293233082706,0.9229534510433387,1470,240,2875,735
high_debt_burden,full,Random Forest,0.68,0.8646341463414634,0.6430839002267573,0.7375812743823147,0.8103383458646617,0.9287319422150883,1418,222,2893,787
high_debt_burden,full,Random Forest,0.6900000000000001,0.8727390180878553,0.6126984126984127,0.7199573674393818,0.8024436090225564,0.9367576243980739,1351,197,2918,854
high_debt_burden,full,Random Forest,0.7000000000000001,0.8731138545953361,0.5773242630385488,0.695058695058695,0.7900375939849624,0.9406099518459069,1273,185,2930,932
high_debt_burden,full,Random Forest,0.71,0.8761904761904762,0.5424036281179139,0.6700280112044817,0.7785714285714286,0.9457463884430176,1196,169,2946,1009
high_debt_burden,full,Random Forest,0.72,0.8792270531400966,0.49523809523809526,0.6335944299390776,0.762593984962406,0.9518459069020867,1092,150,2965,1113
high_debt_burden,full,Random Forest,0.73,0.8814159292035398,0.45170068027210886,0.5973013493253374,0.7475563909774436,0.9569823434991974,996,134,2981,1209
high_debt_burden,full,Random Forest,0.74,0.8866799204771372,0.40453514739229024,0.5555901588290252,0.7317669172932331,0.9634028892455859,892,114,3001,1313
high_debt_burden,full,Random Forest,0.75,0.8913773796192609,0.36099773242630384,0.513879922530665,0.7169172932330827,0.9688603531300161,796,97,3018,1409
high_debt_burden,full,Random Forest,0.76,0.8948751642575559,0.308843537414966,0.459204315576534,0.6984962406015037,0.9743178170144462,681,80,3035,1524
high_debt_burden,full,Random Forest,0.77,0.9012738853503185,0.2566893424036281,0.39957642075538297,0.6802631578947368,0.9800963081861959,566,62,3053,1639
high_debt_burden,full,Random Forest,0.78,0.9049429657794676,0.21587301587301588,0.34859025997803,0.6656015037593985,0.9839486356340289,476,50,3065,1729
high_debt_burden,full,Random Forest,0.79,0.9259259259259259,0.17006802721088435,0.28735632183908044,0.650375939849624,0.9903691813804173,375,30,3085,1830
high_debt_burden,full,Random Forest,0.8,0.9385665529010239,0.12471655328798185,0.22017614091273016,0.6338345864661654,0.9942215088282504,275,18,3097,1930
high_debt_burden,full,Random Forest,0.81,0.9493087557603687,0.09342403628117914,0.17010734929810073,0.6221804511278195,0.9964686998394864,206,11,3104,1999
high_debt_burden,full,Random Forest,0.8200000000000001,0.9534883720930233,0.055782312925170066,0.10539845758354756,0.6075187969924812,0.9980738362760835,123,6,3109,2082
high_debt_burden,full,Random Forest,0.8300000000000001,0.967391304347826,0.04036281179138322,0.07749238136700044,0.6016917293233083,0.9990369181380417,89,3,3112,2116
high_debt_burden,full,Random Forest,0.84,0.96,0.021768707482993196,0.0425720620842572,0.594172932330827,0.9993579454253612,48,2,3113,2157
high_debt_burden,full,Random Forest,0.85,0.9565217391304348,0.009977324263038548,0.019748653500897665,0.5894736842105263,0.9996789727126806,22,1,3114,2183
high_debt_burden,full,Random Forest,0.86,1.0,0.0045351473922902496,0.009029345372460496,0.5874060150375939,1.0,10,0,3115,2195
high_debt_burden,full,Random Forest,0.87,1.0,0.0009070294784580499,0.0018124150430448573,0.5859022556390977,1.0,2,0,3115,2203
high_debt_burden,full,Random Forest,0.88,0.0,0.0,0.0,0.5855263157894737,1.0,0,0,3115,2205
high_debt_burden,full,Random Forest,0.89,0.0,0.0,0.0,0.5855263157894737,1.0,0,0,3115,2205
high_debt_burden,full,Random Forest,0.9,0.0,0.0,0.0,0.5855263157894737,1.0,0,0,3115,2205
high_debt_burden,full,Random Forest,0.91,0.0,0.0,0.0,0.5855263157894737,1.0,0,0,3115,2205
high_debt_burden,full,Random Forest,0.92,0.0,0.0,0.0,0.5855263157894737,1.0,0,0,3115,2205
high_debt_burden,full,Random Forest,0.93,0.0,0.0,0.0,0.5855263157894737,1.0,0,0,3115,2205
high_debt_burden,full,Random Forest,0.9400000000000001,0.0,0.0,0.0,0.5855263157894737,1.0,0,0,3115,2205
high_debt_burden,full,Random Forest,0.9500000000000001,0.0,0.0,0.0,0.5855263157894737,1.0,0,0,3115,2205
high_debt_burden,full,Random Forest,0.96,0.0,0.0,0.0,0.5855263157894737,1.0,0,0,3115,2205
high_debt_burden,full,Random Forest,0.97,0.0,0.0,0.0,0.5855263157894737,1.0,0,0,3115,2205
high_debt_burden,full,Random Forest,0.98,0.0,0.0,0.0,0.5855263157894737,1.0,0,0,3115,2205
high_debt_burden,full,Random Forest,0.99,0.0,0.0,0.0,0.5855263157894737,1.0,0,0,3115,2205
high_debt_burden,full,Gradient Boosting,0.01,0.4144736842105263,1.0,0.586046511627907,0.4144736842105263,0.0,2205,3115,0,0
high_debt_burden,full,Gradient Boosting,0.02,0.4173451997727703,0.999546485260771,0.5888324873096448,0.42142857142857143,0.012199036918138041,2204,3077,38,1
high_debt_burden,full,Gradient Boosting,0.03,0.4586733626281649,0.9941043083900227,0.6277205040091638,0.5112781954887218,0.16950240770465488,2192,2587,528,13
high_debt_burden,full,Gradient Boosting,0.04,0.4990855052583448,0.9900226757369615,0.6636266909864722,0.5840225563909774,0.2966292134831461,2183,2191,924,22
high_debt_burden,full,Gradient Boosting,0.05,0.5257931702591426,0.9845804988662131,0.685506788759078,0.6255639097744361,0.37142857142857144,2171,1958,1157,34
high_debt_burden,full,Gradient Boosting,0.06,0.5487557135601828,0.9800453514739229,0.7035650333713169,0.6577067669172932,0.42953451043338686,2161,1777,1338,44
high_debt_burden,full,Gradient Boosting,0.07,0.5696471212523215,0.9736961451247166,0.718781386006026,0.6842105263157895,0.47929373996789726,2147,1622,1493,58
high_debt_burden,full,Gradient Boosting,0.08,0.5899062327633756,0.9700680272108844,0.7336648945292402,0.7080827067669173,0.5226324237560193,2139,1487,1628,66
high_debt_burden,full,Gradient Boosting,0.09,0.6132947976878613,0.962358276643991,0.749161518093557,0.7328947368421053,0.5704654895666131,2122,1338,1777,83
high_debt_burden,full,Gradient Boosting,0.1,0.6283924843423799,0.9555555555555556,0.7581863979848866,0.7473684210526316,0.6,2107,1246,1869,98
high_debt_burden,full,Gradient Boosting,0.11,0.6474775611265862,0.9487528344671202,0.7696835908756439,0.7646616541353384,0.6343499197431782,2092,1139,1976,113
high_debt_burden,full,Gradient Boosting,0.12,0.6669868715978227,0.944671201814059,0.781906906906907,0.781578947368421,0.666131621187801,2083,1040,2075,122
high_debt_burden,full,Gradient Boosting,0.13,0.6813693219223174,0.9387755102040817,0.7896242609193209,0.7926691729323309,0.6892455858747993,2070,968,2147,135
high_debt_burden,full,Gradient Boosting,0.14,0.6923335574983187,0.9337868480725624,0.7951341957906932,0.8005639097744361,0.7062600321027287,2059,915,2200,146
high_debt_burden,full,Gradient Boosting,0.15,0.7038435140700069,0.9301587301587302,0.801328384450088,0.8088345864661655,0.7229534510433386,2051,863,2252,154
high_debt_burden,full,Gradient Boosting,0.16,0.7126436781609196,0.927891156462585,0.806146572104019,0.8150375939849624,0.7351524879614767,2046,825,2290,159
high_debt_burden,full,Gradient Boosting,0.17,0.7224388514711095,0.9242630385487528,0.8109828889773179,0.8214285714285714,0.7486356340288924,2038,783,2332,167
high_debt_burden,full,Gradient Boosting,0.18,0.7313379011900469,0.9197278911564626,0.8147850542386501,0.8266917293233083,0.7608346709470305,2028,745,2370,177
high_debt_burden,full,Gradient Boosting,0.19,0.7443913203383596,0.9179138321995465,0.8220958570268073,0.8353383458646616,0.7768860353130016,2024,695,2420,181
high_debt_burden,full,Gradient Boosting,0.2,0.7528928704740575,0.9147392290249433,0.825962325962326,0.8402255639097744,0.7874799357945426,2017,662,2453,188
high_debt_burden,full,Gradient Boosting,0.21,0.7579185520361991,0.9115646258503401,0.8276714021000616,0.8426691729323308,0.793900481540931,2010,642,2473,195
high_debt_burden,full,Gradient Boosting,0.22,0.7633384146341463,0.908390022675737,0.8295713398219092,0.8453007518796992,0.8006420545746389,2003,621,2494,202
high_debt_burden,full,Gradient Boosting,0.23,0.7671653241273494,0.9070294784580499,0.8312551953449709,0.8473684210526315,0.8051364365971108,2000,607,2508,205
high_debt_burden,full,Gradient Boosting,0.24,0.7714285714285715,0.9061224489795918,0.8333680917622522,0.849812030075188,0.8099518459069021,1998,592,2523,207
high_debt_burden,full,Gradient Boosting,0.25,0.775875486381323,0.9043083900226757,0.8351832460732984,0.8520676691729323,0.8150882825040129,1994,576,2539,211
high_debt_burden,full,Gradient Boosting,0.26,0.778646851779429,0.9029478458049887,0.8362032759344812,0.8533834586466166,0.8182985553772071,1991,566,2549,214
high_debt_burden,full,Gradient Boosting,0.27,0.7805261091480172,0.9015873015873016,0.8367003367003367,0.8541353383458646,0.820545746388443,1988,559,2556,217
high_debt_burden,full,Gradient Boosting,0.28,0.783175355450237,0.8993197278911564,0.837238758708043,0.8550751879699248,0.8237560192616372,1983,549,2566,222
high_debt_burden,full,Gradient Boosting,0.29,0.787445371473977,0.8988662131519274,0.8394747988140618,0.8575187969924812,0.8282504012841091,1982,535,2580,223
high_debt_burden,full,Gradient Boosting,0.3,0.7893685051958433,0.8956916099773242,0.8391756957722541,0.8577067669172932,0.8308186195826646,1975,527,2588,230
high_debt_burden,full,Gradient Boosting,0.31,0.7914995990376904,0.8952380952380953,0.8401787614386039,0.8588345864661654,0.8330658105939005,1974,520,2595,231
high_debt_burden,full,Gradient Boosting,0.32,0.7926731078904992,0.8929705215419501,0.8398379185327363,0.8588345864661654,0.8346709470304976,1969,515,2600,236
high_debt_burden,full,Gradient Boosting,0.33,0.7947368421052632,0.890249433106576,0.8397860962566845,0.8592105263157894,0.837239165329053,1963,507,2608,242
high_debt_burden,full,Gradient Boosting,0.34,0.7965825874694874,0.8879818594104308,0.8398027021230967,0.8595864661654136,0.8394863563402889,1958,500,2615,247
high_debt_burden,full,Gradient Boosting,0.35000000000000003,0.7983673469387755,0.8870748299319728,0.8403866809881848,0.8603383458646616,0.8414125200642054,1956,494,2621,249
high_debt_burden,full,Gradient Boosting,0.36,0.8003280032800328,0.8852607709750567,0.8406546080964686,0.8609022556390977,0.8436597110754415,1952,487,2628,253
high_debt_burden,full,Gradient Boosting,0.37,0.8022249690976514,0.8829931972789116,0.8406735751295336,0.8612781954887218,0.8459069020866774,1947,480,2635,258
high_debt_burden,full,Gradient Boosting,0.38,0.8031430934656741,0.8807256235827664,0.8401470906337876,0.8610902255639098,0.8471910112359551,1942,476,2639,263
high_debt_burden,full,Gradient Boosting,0.39,0.8039052762775238,0.8775510204081632,0.839115351257589,0.8605263157894737,0.8484751203852328,1935,472,2643,270
high_debt_burden,full,Gradient Boosting,0.4,0.8051024675867837,0.873015873015873,0.8376849434290687,0.8597744360902255,0.8504012841091493,1925,466,2649,280
high_debt_burden,full,Gradient Boosting,0.41000000000000003,0.8088421052631579,0.8712018140589569,0.8388646288209608,0.8612781954887218,0.8542536115569823,1921,454,2661,284
high_debt_burden,full,Gradient Boosting,0.42,0.8103885135135135,0.8702947845804989,0.8392739995626504,0.8618421052631579,0.8558587479935794,1919,449,2666,286
high_debt_burden,full,Gradient Boosting,0.43,0.811864406779661,0.8689342403628117,0.8394304490690033,0.862218045112782,0.8574638844301765,1916,444,2671,289
high_debt_burden,full,Gradient Boosting,0.44,0.8122344944774851,0.8671201814058956,0.8387804343057688,0.8618421052631579,0.8581059390048154,1912,442,2673,293
high_debt_burden,full,Gradient Boosting,0.45,0.814767392232181,0.8657596371882086,0.8394898856640282,0.8627819548872181,0.8606741573033708,1909,434,2681,296
high_debt_burden,full,Gradient Boosting,0.46,0.8155298155298155,0.8621315192743764,0.8381834215167548,0.8620300751879699,0.8619582664526485,1901,430,2685,304
high_debt_burden,full,Gradient Boosting,0.47000000000000003,0.8190064794816415,0.8598639455782313,0.838938053097345,0.8631578947368421,0.8654895666131621,1896,419,2696,309
high_debt_burden,full,Gradient Boosting,0.48,0.821304347826087,0.8566893424036282,0.8386237513873475,0.8633458646616541,0.8680577849117175,1889,411,2704,316
high_debt_burden,full,Gradient Boosting,0.49,0.8224258289703316,0.854875283446712,0.8383366688903713,0.8633458646616541,0.8693418940609952,1885,407,2708,320
high_debt_burden,full,Gradient Boosting,0.5,0.8244073748902546,0.8517006802721089,0.8378318090564355,0.8633458646616541,0.8715890850722311,1878,400,2715,327
high_debt_burden,full,Gradient Boosting,0.51,0.8271441202475686,0.8485260770975057,0.8376986792030446,0.8637218045112782,0.874478330658106,1871,391,2724,334
high_debt_burden,full,Gradient Boosting,0.52,0.8291814946619217,0.8453514739229024,0.8371884123063104,0.8637218045112782,0.8767255216693419,1864,384,2731,341
high_debt_burden,full,Gradient Boosting,0.53,0.8318385650224215,0.8412698412698413,0.8365276211950394,0.8637218045112782,0.8796147672552167,1855,375,2740,350
high_debt_burden,full,Gradient Boosting,0.54,0.8326549072817729,0.834920634920635,0.833786231884058,0.8620300751879699,0.8812199036918138,1841,370,2745,364
high_debt_burden,full,Gradient Boosting,0.55,0.8332576101771921,0.8317460317460318,0.8325011348161597,0.8612781954887218,0.8821829855537721,1834,367,2748,371
high_debt_burden,full,Gradient Boosting,0.56,0.8333333333333334,0.8276643990929705,0.8304891922639362,0.8599624060150376,0.8828250401284109,1825,365,2750,380
high_debt_burden,full,Gradient Boosting,0.5700000000000001,0.8341777982496545,0.8213151927437642,0.8276965265082268,0.8582706766917293,0.884430176565008,1811,360,2755,394
high_debt_burden,full,Gradient Boosting,0.58,0.8360352014821677,0.81859410430839,0.8272227314390467,0.8582706766917293,0.8863563402889245,1805,354,2761,400
high_debt_burden,full,Gradient Boosting,0.59,0.8369818351187703,0.8149659863945579,0.8258272058823528,0.8575187969924812,0.8876404494382022,1797,350,2765,408
high_debt_burden,full,Gradient Boosting,0.6,0.8380907814693496,0.8122448979591836,0.8249654537079688,0.8571428571428571,0.88892455858748,1791,346,2769,414
high_debt_burden,full,Gradient Boosting,0.61,0.8411126826968411,0.8090702947845805,0.8247803975959316,0.8575187969924812,0.8918138041733548,1784,337,2778,421
high_debt_burden,full,Gradient Boosting,0.62,0.844328429046037,0.8068027210884354,0.8251391465677181,0.8582706766917293,0.8947030497592295,1779,328,2787,426
high_debt_burden,full,Gradient Boosting,0.63,0.8461538461538461,0.8031746031746032,0.8241042345276873,0.8578947368421053,0.8966292134831461,1771,322,2793,434
high_debt_burden,full,Gradient Boosting,0.64,0.847041847041847,0.7986394557823129,0.8221288515406163,0.8567669172932331,0.8979133226324237,1761,318,2797,444
high_debt_burden,full,Gradient Boosting,0.65,0.8488372093023255,0.7945578231292517,0.8208011243851019,0.856203007518797,0.8998394863563403,1752,312,2803,453
high_debt_burden,full,Gradient Boosting,0.66,0.8492413117963779,0.7868480725623582,0.8168549905838041,0.8537593984962406,0.9011235955056179,1735,308,2807,470
high_debt_burden,full,Gradient Boosting,0.67,0.851431391905232,0.782312925170068,0.8154100685417159,0.8531954887218045,0.903370786516854,1725,301,2814,480
high_debt_burden,full,Gradient Boosting,0.68,0.8527209186220669,0.7746031746031746,0.811787072243346,0.8511278195488722,0.9052969502407705,1708,295,2820,497
high_debt_burden,full,Gradient Boosting,0.6900000000000001,0.8539156626506024,0.7714285714285715,0.810578984989278,0.8505639097744361,0.9065810593900482,1701,291,2824,504
high_debt_burden,full,Gradient Boosting,0.7000000000000001,0.8556176919166243,0.763265306122449,0.8068072866730585,0.8484962406015037,0.9088282504012841,1683,284,2831,522
high_debt_burden,full,Gradient Boosting,0.71,0.8586844809866393,0.7578231292517007,0.8051072030835944,0.8479323308270676,0.9117174959871589,1671,275,2840,534
high_debt_burden,full,Gradient Boosting,0.72,0.8618524332810047,0.746938775510204,0.8002915451895043,0.8454887218045113,0.9152487961476725,1647,264,2851,558
high_debt_burden,full,Gradient Boosting,0.73,0.8639021796916534,0.7369614512471655,0.795398923152227,0.8428571428571429,0.9178170144462279,1625,256,2859,580
high_debt_burden,full,Gradient Boosting,0.74,0.865945945945946,0.726530612244898,0.7901356350184957,0.8400375939849624,0.9203852327447833,1602,248,2867,603
high_debt_burden,full,Gradient Boosting,0.75,0.8680593732820231,0.7160997732426304,0.7847912524850895,0.837218045112782,0.9229534510433387,1579,240,2875,626
high_debt_burden,full,Gradient Boosting,0.76,0.8693946188340808,0.7034013605442176,0.7776385058912008,0.8332706766917293,0.9252006420545746,1551,233,2882,654
high_debt_burden,full,Gradient Boosting,0.77,0.8704663212435233,0.6857142857142857,0.7671232876712328,0.8274436090225564,0.92776886035313,1512,225,2890,693
high_debt_burden,full,Gradient Boosting,0.78,0.875,0.6634920634920635,0.754707247872066,0.8212406015037594,0.9329052969502408,1463,209,2906,742
high_debt_burden,full,Gradient Boosting,0.79,0.8811757348342715,0.6390022675736962,0.7407991587802314,0.8146616541353383,0.9390048154093098,1409,190,2925,796
high_debt_burden,full,Gradient Boosting,0.8,0.8839344262295082,0.6113378684807256,0.7227882037533512,0.8056390977443609,0.9431781701444623,1348,177,2938,857
high_debt_burden,full,Gradient Boosting,0.81,0.8864418444597385,0.5841269841269842,0.704209950792783,0.7966165413533834,0.9470304975922953,1288,165,2950,917
high_debt_burden,full,Gradient Boosting,0.8200000000000001,0.8942731277533039,0.5523809523809524,0.6829268292682927,0.787406015037594,0.9537720706260032,1218,144,2971,987
high_debt_burden,full,Gradient Boosting,0.8300000000000001,0.8981042654028436,0.5156462585034014,0.65514261019879,0.775,0.9585874799357945,1137,129,2986,1068
high_debt_burden,full,Gradient Boosting,0.84,0.9031986531986532,0.48662131519274376,0.6324786324786325,0.7656015037593985,0.9630818619582665,1073,115,3000,1132
high_debt_burden,full,Gradient Boosting,0.85,0.9087591240875912,0.45170068027210886,0.6034534989397152,0.7539473684210526,0.9678972712680578,996,100,3015,1209
high_debt_burden,full,Gradient Boosting,0.86,0.916919959473151,0.41043083900226757,0.5670426065162908,0.7402255639097745,0.9736757624398074,905,82,3033,1300
high_debt_burden,full,Gradient Boosting,0.87,0.9278466741826381,0.37324263038548755,0.5323415265200518,0.7281954887218045,0.979454253611557,823,64,3051,1382
high_debt_burden,full,Gradient Boosting,0.88,0.9314214463840399,0.33877551020408164,0.4968407050216163,0.7156015037593985,0.9823434991974318,747,55,3060,1458
high_debt_burden,full,Gradient Boosting,0.89,0.9385474860335196,0.3047619047619048,0.46011639849366653,0.7035714285714286,0.9858747993579454,672,44,3071,1533
high_debt_burden,full,Gradient Boosting,0.9,0.9466019417475728,0.2653061224489796,0.4144527098831031,0.6892857142857143,0.989406099518459,585,33,3082,1620
high_debt_burden,full,Gradient Boosting,0.91,0.9528985507246377,0.2385487528344671,0.3815741748277112,0.6795112781954887,0.991653290529695,526,26,3089,1679
high_debt_burden,full,Gradient Boosting,0.92,0.9568788501026694,0.2113378684807256,0.3462109955423477,0.6691729323308271,0.9932584269662922,466,21,3094,1739
high_debt_burden,full,Gradient Boosting,0.93,0.9625292740046838,0.18639455782312925,0.3123100303951368,0.6597744360902256,0.9948635634028893,411,16,3099,1794
high_debt_burden,full,Gradient Boosting,0.9400000000000001,0.967391304347826,0.16145124716553289,0.2767197823552274,0.650187969924812,0.996147672552167,356,12,3103,1849
high_debt_burden,full,Gradient Boosting,0.9500000000000001,0.9773462783171522,0.13696145124716552,0.24025457438345268,0.6409774436090225,0.9977528089887641,302,7,3108,1903
high_debt_burden,full,Gradient Boosting,0.96,0.9835390946502057,0.10839002267573696,0.19526143790849673,0.6296992481203008,0.9987158908507223,239,4,3111,1966
high_debt_burden,full,Gradient Boosting,0.97,0.9864864864864865,0.06621315192743764,0.12409689757756054,0.612593984962406,0.9993579454253612,146,2,3113,2059
high_debt_burden,full,Gradient Boosting,0.98,0.9642857142857143,0.012244897959183673,0.024182713837886248,0.5904135338345865,0.9996789727126806,27,1,3114,2178
high_debt_burden,full,Gradient Boosting,0.99,0.0,0.0,0.0,0.5855263157894737,1.0,0,0,3115,2205
