outcome,feature_set,model,fpr,tpr,threshold,auc
default,full,Logistic L2,0.0,0.0,inf,0.8292986831122425
default,full,Logistic L2,0.00015262515262515263,0.0,0.9998192900289449,0.8292986831122425
default,full,Logistic L2,0.001221001221001221,0.0,0.99655719213966,0.8292986831122425
default,full,Logistic L2,0.001221001221001221,0.005649717514124294,0.9964975942021973,0.8292986831122425
default,full,Logistic L2,0.0013736263736263737,0.005649717514124294,0.9962738154944972,0.8292986831122425
default,full,Logistic L2,0.0013736263736263737,0.011299435028248588,0.9961352989843809,0.8292986831122425
default,full,Logistic L2,0.001678876678876679,0.011299435028248588,0.994793510218109,0.8292986831122425
default,full,Logistic L2,0.001678876678876679,0.01694915254237288,0.9947159521786082,0.8292986831122425
default,full,Logistic L2,0.001984126984126984,0.01694915254237288,0.9942624631036873,0.8292986831122425
default,full,Logistic L2,0.001984126984126984,0.022598870056497175,0.9941840846217789,0.8292986831122425
default,full,Logistic L2,0.0030525030525030525,0.022598870056497175,0.9930130424469155,0.8292986831122425
default,full,Logistic L2,0.0030525030525030525,0.02824858757062147,0.9925308110314427,0.8292986831122425
default,full,Logistic L2,0.004426129426129426,0.02824858757062147,0.9884826951124949,0.8292986831122425
default,full,Logistic L2,0.004426129426129426,0.03954802259887006,0.9878814017040582,0.8292986831122425
default,full,Logistic L2,0.005494505494505495,0.03954802259887006,0.9854480208668347,0.8292986831122425
default,full,Logistic L2,0.005494505494505495,0.04519774011299435,0.9853107423620802,0.8292986831122425
default,full,Logistic L2,0.006105006105006105,0.04519774011299435,0.9841587611312622,0.8292986831122425
default,full,Logistic L2,0.006105006105006105,0.05084745762711865,0.9841056531095373,0.8292986831122425
default,full,Logistic L2,0.00641025641025641,0.05084745762711865,0.9837813208788639,0.8292986831122425
default,full,Logistic L2,0.00641025641025641,0.05649717514124294,0.9837796607992648,0.8292986831122425
default,full,Logistic L2,0.007936507936507936,0.05649717514124294,0.9808296879074463,0.8292986831122425
default,full,Logistic L2,0.007936507936507936,0.062146892655367235,0.9806530033659464,0.8292986831122425
default,full,Logistic L2,0.00931013431013431,0.062146892655367235,0.9787428595285034,0.8292986831122425
default,full,Logistic L2,0.00931013431013431,0.06779661016949153,0.9785309799408978,0.8292986831122425
default,full,Logistic L2,0.010225885225885226,0.06779661016949153,0.976733579596419,0.8292986831122425
default,full,Logistic L2,0.010225885225885226,0.07344632768361582,0.975788651435888,0.8292986831122425
default,full,Logistic L2,0.010378510378510378,0.07344632768361582,0.9757866513333004,0.8292986831122425
default,full,Logistic L2,0.010378510378510378,0.07909604519774012,0.9743330463508558,0.8292986831122425
default,full,Logistic L2,0.010531135531135532,0.07909604519774012,0.9742966509178821,0.8292986831122425
default,full,Logistic L2,0.010531135531135532,0.0847457627118644,0.9740097933351083,0.8292986831122425
default,full,Logistic L2,0.01098901098901099,0.0847457627118644,0.9737145481752919,0.8292986831122425
default,full,Logistic L2,0.01098901098901099,0.096045197740113,0.9732945955133824,0.8292986831122425
default,full,Logistic L2,0.011752136752136752,0.096045197740113,0.9714437331918724,0.8292986831122425
default,full,Logistic L2,0.011752136752136752,0.1016949152542373,0.9711427797495505,0.8292986831122425
default,full,Logistic L2,0.01282051282051282,0.1016949152542373,0.9698881400362751,0.8292986831122425
default,full,Logistic L2,0.01282051282051282,0.10734463276836158,0.9691548663931348,0.8292986831122425
default,full,Logistic L2,0.012973137973137974,0.10734463276836158,0.9684609933294114,0.8292986831122425
default,full,Logistic L2,0.012973137973137974,0.11299435028248588,0.9683119299112494,0.8292986831122425
default,full,Logistic L2,0.013431013431013432,0.11299435028248588,0.9679614394126461,0.8292986831122425
default,full,Logistic L2,0.013431013431013432,0.11864406779661017,0.9679532765194279,0.8292986831122425
default,full,Logistic L2,0.016025641025641024,0.11864406779661017,0.9636486084914634,0.8292986831122425
default,full,Logistic L2,0.016025641025641024,0.12429378531073447,0.9628450253823491,0.8292986831122425
default,full,Logistic L2,0.016330891330891332,0.12429378531073447,0.9627368402332093,0.8292986831122425
default,full,Logistic L2,0.016330891330891332,0.13559322033898305,0.9620266877230786,0.8292986831122425
default,full,Logistic L2,0.016483516483516484,0.13559322033898305,0.9610138070038344,0.8292986831122425
default,full,Logistic L2,0.016483516483516484,0.14124293785310735,0.960999984342789,0.8292986831122425
default,full,Logistic L2,0.017704517704517704,0.14124293785310735,0.9601067090433575,0.8292986831122425
default,full,Logistic L2,0.017704517704517704,0.14689265536723164,0.9601018432487168,0.8292986831122425
default,full,Logistic L2,0.018162393162393164,0.14689265536723164,0.9599580471815323,0.8292986831122425
default,full,Logistic L2,0.018162393162393164,0.15254237288135594,0.9596937909577845,0.8292986831122425
default,full,Logistic L2,0.021062271062271064,0.15254237288135594,0.9568602123064189,0.8292986831122425
default,full,Logistic L2,0.021062271062271064,0.15819209039548024,0.9564328683006216,0.8292986831122425
default,full,Logistic L2,0.021672771672771672,0.15819209039548024,0.955021588556392,0.8292986831122425
default,full,Logistic L2,0.021672771672771672,0.1638418079096045,0.9545611519111346,0.8292986831122425
default,full,Logistic L2,0.025030525030525032,0.1638418079096045,0.946070482062121,0.8292986831122425
default,full,Logistic L2,0.025030525030525032,0.1694915254237288,0.9458453204966363,0.8292986831122425
default,full,Logistic L2,0.026404151404151404,0.1694915254237288,0.9408372739258617,0.8292986831122425
default,full,Logistic L2,0.026404151404151404,0.1807909604519774,0.9406317607981615,0.8292986831122425
default,full,Logistic L2,0.02731990231990232,0.1807909604519774,0.9384007977722002,0.8292986831122425
default,full,Logistic L2,0.02731990231990232,0.1864406779661017,0.9379967537446987,0.8292986831122425
default,full,Logistic L2,0.030067155067155068,0.1864406779661017,0.9306350700231594,0.8292986831122425
default,full,Logistic L2,0.030067155067155068,0.192090395480226,0.9305634220313264,0.8292986831122425
default,full,Logistic L2,0.030982905982905984,0.192090395480226,0.9276047016000811,0.8292986831122425
default,full,Logistic L2,0.030982905982905984,0.1977401129943503,0.9275660470905336,0.8292986831122425
default,full,Logistic L2,0.032661782661782664,0.1977401129943503,0.9232243647538144,0.8292986831122425
default,full,Logistic L2,0.032661782661782664,0.2033898305084746,0.9231214980829435,0.8292986831122425
default,full,Logistic L2,0.033424908424908424,0.2033898305084746,0.9213794199773213,0.8292986831122425
default,full,Logistic L2,0.033424908424908424,0.20903954802259886,0.9212213683607549,0.8292986831122425
default,full,Logistic L2,0.0347985347985348,0.20903954802259886,0.9175372224214599,0.8292986831122425
default,full,Logistic L2,0.0347985347985348,0.21468926553672316,0.9165851761180507,0.8292986831122425
default,full,Logistic L2,0.035103785103785104,0.21468926553672316,0.9157291712027682,0.8292986831122425
default,full,Logistic L2,0.035103785103785104,0.22033898305084745,0.9157088903127414,0.8292986831122425
default,full,Logistic L2,0.03556166056166056,0.22033898305084745,0.9137106094508742,0.8292986831122425
default,full,Logistic L2,0.03556166056166056,0.22598870056497175,0.9135507941791003,0.8292986831122425
default,full,Logistic L2,0.036019536019536016,0.22598870056497175,0.9114183247178598,0.8292986831122425
default,full,Logistic L2,0.036019536019536016,0.23163841807909605,0.9107229823310625,0.8292986831122425
default,full,Logistic L2,0.03632478632478633,0.23163841807909605,0.909800438636554,0.8292986831122425
default,full,Logistic L2,0.03632478632478633,0.23728813559322035,0.9092092403309018,0.8292986831122425
default,full,Logistic L2,0.03952991452991453,0.23728813559322035,0.9019526669185761,0.8292986831122425
default,full,Logistic L2,0.03952991452991453,0.24293785310734464,0.9012414047930835,0.8292986831122425
default,full,Logistic L2,0.04075091575091575,0.24293785310734464,0.8989464481113034,0.8292986831122425
default,full,Logistic L2,0.04075091575091575,0.24858757062146894,0.8975915695040072,0.8292986831122425
default,full,Logistic L2,0.041819291819291816,0.24858757062146894,0.895282770715214,0.8292986831122425
default,full,Logistic L2,0.041819291819291816,0.2542372881355932,0.8949181358627422,0.8292986831122425
default,full,Logistic L2,0.04227716727716728,0.2542372881355932,0.893371793007625,0.8292986831122425
default,full,Logistic L2,0.04227716727716728,0.2598870056497175,0.8919201721700756,0.8292986831122425
default,full,Logistic L2,0.04319291819291819,0.2598870056497175,0.888811983611333,0.8292986831122425
default,full,Logistic L2,0.04319291819291819,0.2768361581920904,0.8875178873555492,0.8292986831122425
default,full,Logistic L2,0.04548229548229548,0.2768361581920904,0.8805531669393686,0.8292986831122425
default,full,Logistic L2,0.04548229548229548,0.2824858757062147,0.8805282858553927,0.8292986831122425
default,full,Logistic L2,0.0463980463980464,0.2824858757062147,0.8795618510818938,0.8292986831122425
default,full,Logistic L2,0.0463980463980464,0.288135593220339,0.879199944208336,0.8292986831122425
default,full,Logistic L2,0.04655067155067155,0.288135593220339,0.8790862757022362,0.8292986831122425
default,full,Logistic L2,0.04655067155067155,0.2937853107344633,0.878797370142174,0.8292986831122425
default,full,Logistic L2,0.04792429792429793,0.2937853107344633,0.8756055844955808,0.8292986831122425
default,full,Logistic L2,0.04792429792429793,0.2994350282485876,0.875474206643814,0.8292986831122425
default,full,Logistic L2,0.05143467643467643,0.2994350282485876,0.8635953583906407,0.8292986831122425
default,full,Logistic L2,0.05143467643467643,0.3050847457627119,0.8630930182004309,0.8292986831122425
default,full,Logistic L2,0.05280830280830281,0.3050847457627119,0.8605627613017884,0.8292986831122425
default,full,Logistic L2,0.05280830280830281,0.3107344632768362,0.8605094274934222,0.8292986831122425
default,full,Logistic L2,0.05387667887667888,0.3107344632768362,0.8557628161671887,0.8292986831122425
default,full,Logistic L2,0.05387667887667888,0.3163841807909605,0.855209202107759,0.8292986831122425
default,full,Logistic L2,0.057387057387057384,0.3163841807909605,0.8430734544794579,0.8292986831122425
default,full,Logistic L2,0.057387057387057384,0.3220338983050847,0.8423445268434254,0.8292986831122425
default,full,Logistic L2,0.057539682539682536,0.3220338983050847,0.8422290907513458,0.8292986831122425
default,full,Logistic L2,0.057539682539682536,0.327683615819209,0.8407886791965968,0.8292986831122425
default,full,Logistic L2,0.05860805860805861,0.327683615819209,0.8379193083065243,0.8292986831122425
default,full,Logistic L2,0.05860805860805861,0.3333333333333333,0.8368485649425689,0.8292986831122425
default,full,Logistic L2,0.06562881562881563,0.3333333333333333,0.8113641893361629,0.8292986831122425
default,full,Logistic L2,0.06562881562881563,0.3389830508474576,0.8111782427007591,0.8292986831122425
default,full,Logistic L2,0.0666971916971917,0.3389830508474576,0.8032917536508628,0.8292986831122425
default,full,Logistic L2,0.0666971916971917,0.3446327683615819,0.8031014136640473,0.8292986831122425
default,full,Logistic L2,0.06868131868131869,0.3446327683615819,0.7954340816361019,0.8292986831122425
default,full,Logistic L2,0.06868131868131869,0.3502824858757062,0.7949353451982378,0.8292986831122425
default,full,Logistic L2,0.0695970695970696,0.3502824858757062,0.7922025289877735,0.8292986831122425
default,full,Logistic L2,0.0695970695970696,0.3559322033898305,0.7916238841299342,0.8292986831122425
default,full,Logistic L2,0.07097069597069597,0.3559322033898305,0.7811381749812334,0.8292986831122425
default,full,Logistic L2,0.07097069597069597,0.3615819209039548,0.7806205870218723,0.8292986831122425
default,full,Logistic L2,0.07356532356532357,0.3615819209039548,0.7700933437513133,0.8292986831122425
default,full,Logistic L2,0.07356532356532357,0.3672316384180791,0.7697774554281017,0.8292986831122425
default,full,Logistic L2,0.07448107448107448,0.3672316384180791,0.7667040859389913,0.8292986831122425
default,full,Logistic L2,0.07448107448107448,0.3728813559322034,0.7666293161027089,0.8292986831122425
default,full,Logistic L2,0.07554945054945054,0.3728813559322034,0.7621904196928374,0.8292986831122425
default,full,Logistic L2,0.07554945054945054,0.3785310734463277,0.7621613022151377,0.8292986831122425
default,full,Logistic L2,0.07615995115995115,0.3785310734463277,0.7588320346217293,0.8292986831122425
default,full,Logistic L2,0.07615995115995115,0.384180790960452,0.7581368760766276,0.8292986831122425
default,full,Logistic L2,0.07661782661782662,0.384180790960452,0.7565464292551984,0.8292986831122425
default,full,Logistic L2,0.07661782661782662,0.3898305084745763,0.7555362286318156,0.8292986831122425
default,full,Logistic L2,0.07936507936507936,0.3898305084745763,0.7434529901035601,0.8292986831122425
default,full,Logistic L2,0.07936507936507936,0.3954802259887006,0.7432031836336285,0.8292986831122425
default,full,Logistic L2,0.08165445665445666,0.3954802259887006,0.7343512031385413,0.8292986831122425
default,full,Logistic L2,0.08165445665445666,0.4011299435028249,0.7323112931696616,0.8292986831122425
default,full,Logistic L2,0.08287545787545787,0.4011299435028249,0.7275878825862342,0.8292986831122425
default,full,Logistic L2,0.08287545787545787,0.4067796610169492,0.7268679249236486,0.8292986831122425
default,full,Logistic L2,0.08363858363858363,0.4067796610169492,0.7251484347606406,0.8292986831122425
default,full,Logistic L2,0.08363858363858363,0.4124293785310734,0.7249123671475086,0.8292986831122425
default,full,Logistic L2,0.0840964590964591,0.4124293785310734,0.7206326448524062,0.8292986831122425
default,full,Logistic L2,0.0840964590964591,0.4180790960451977,0.7198706411254656,0.8292986831122425
default,full,Logistic L2,0.09035409035409035,0.4180790960451977,0.6900149034405382,0.8292986831122425
default,full,Logistic L2,0.09035409035409035,0.423728813559322,0.6897502588690272,0.8292986831122425
default,full,Logistic L2,0.0905067155067155,0.423728813559322,0.6889572856741212,0.8292986831122425
default,full,Logistic L2,0.0905067155067155,0.4293785310734463,0.6877315572126105,0.8292986831122425
default,full,Logistic L2,0.09065934065934066,0.4293785310734463,0.6875893292763025,0.8292986831122425
default,full,Logistic L2,0.09065934065934066,0.4350282485875706,0.6874648803134689,0.8292986831122425
default,full,Logistic L2,0.09523809523809523,0.4350282485875706,0.670931259865469,0.8292986831122425
default,full,Logistic L2,0.09523809523809523,0.4406779661016949,0.670555727679176,0.8292986831122425
default,full,Logistic L2,0.0989010989010989,0.4406779661016949,0.6505539025130928,0.8292986831122425
default,full,Logistic L2,0.0989010989010989,0.4463276836158192,0.649999298328056,0.8292986831122425
default,full,Logistic L2,0.10195360195360195,0.4463276836158192,0.6401878255313289,0.8292986831122425
default,full,Logistic L2,0.10195360195360195,0.4519774011299435,0.6397497929095476,0.8292986831122425
default,full,Logistic L2,0.10241147741147741,0.4519774011299435,0.6375113058010735,0.8292986831122425
default,full,Logistic L2,0.10241147741147741,0.4632768361581921,0.6365294195990346,0.8292986831122425
default,full,Logistic L2,0.10454822954822955,0.4632768361581921,0.6270265245498106,0.8292986831122425
default,full,Logistic L2,0.10454822954822955,0.4689265536723164,0.6269562815307479,0.8292986831122425
default,full,Logistic L2,0.10607448107448107,0.4689265536723164,0.6211518953248241,0.8292986831122425
default,full,Logistic L2,0.10607448107448107,0.4745762711864407,0.620369462276125,0.8292986831122425
default,full,Logistic L2,0.10943223443223443,0.4745762711864407,0.603766612695813,0.8292986831122425
default,full,Logistic L2,0.10943223443223443,0.480225988700565,0.6035051749033462,0.8292986831122425
default,full,Logistic L2,0.1111111111111111,0.480225988700565,0.5986748419926321,0.8292986831122425
default,full,Logistic L2,0.1111111111111111,0.4858757062146893,0.598088487226128,0.8292986831122425
default,full,Logistic L2,0.11156898656898658,0.4858757062146893,0.5966966317193769,0.8292986831122425
default,full,Logistic L2,0.11156898656898658,0.4915254237288136,0.5962256106443726,0.8292986831122425
default,full,Logistic L2,0.11202686202686203,0.4915254237288136,0.5952760212126391,0.8292986831122425
default,full,Logistic L2,0.11202686202686203,0.5028248587570622,0.5939945447246312,0.8292986831122425
default,full,Logistic L2,0.11401098901098901,0.5028248587570622,0.5869713402711088,0.8292986831122425
default,full,Logistic L2,0.11401098901098901,0.5084745762711864,0.5861157859284168,0.8292986831122425
default,full,Logistic L2,0.11553724053724054,0.5084745762711864,0.5817644798398058,0.8292986831122425
default,full,Logistic L2,0.11553724053724054,0.5141242937853108,0.5816369015822698,0.8292986831122425
default,full,Logistic L2,0.1156898656898657,0.5141242937853108,0.5808516987689273,0.8292986831122425
default,full,Logistic L2,0.1156898656898657,0.519774011299435,0.5806965339329403,0.8292986831122425
default,full,Logistic L2,0.12393162393162394,0.519774011299435,0.5482049905375815,0.8292986831122425
default,full,Logistic L2,0.12393162393162394,0.5254237288135594,0.5480964700350796,0.8292986831122425
default,full,Logistic L2,0.12683150183150182,0.5254237288135594,0.532547421724456,0.8292986831122425
default,full,Logistic L2,0.12683150183150182,0.5310734463276836,0.5324121488703655,0.8292986831122425
default,full,Logistic L2,0.1285103785103785,0.5310734463276836,0.5262246675178448,0.8292986831122425
default,full,Logistic L2,0.1285103785103785,0.536723163841808,0.5252986552360137,0.8292986831122425
default,full,Logistic L2,0.12896825396825398,0.536723163841808,0.5243231936044149,0.8292986831122425
default,full,Logistic L2,0.12896825396825398,0.5423728813559322,0.5238773962671909,0.8292986831122425
default,full,Logistic L2,0.12912087912087913,0.5423728813559322,0.5236246000749385,0.8292986831122425
default,full,Logistic L2,0.12912087912087913,0.5480225988700564,0.5235301240150955,0.8292986831122425
default,full,Logistic L2,0.12927350427350429,0.5480225988700564,0.5229992740098797,0.8292986831122425
default,full,Logistic L2,0.12927350427350429,0.5536723163841808,0.5223654001792619,0.8292986831122425
default,full,Logistic L2,0.13247863247863248,0.5536723163841808,0.5038870184760683,0.8292986831122425
default,full,Logistic L2,0.13247863247863248,0.559322033898305,0.5031869976627564,0.8292986831122425
default,full,Logistic L2,0.1391941391941392,0.559322033898305,0.4776997212492536,0.8292986831122425
default,full,Logistic L2,0.1391941391941392,0.5706214689265536,0.4754502362628129,0.8292986831122425
default,full,Logistic L2,0.14377289377289376,0.5706214689265536,0.4629477469702873,0.8292986831122425
default,full,Logistic L2,0.14377289377289376,0.576271186440678,0.4628968715681215,0.8292986831122425
default,full,Logistic L2,0.14514652014652016,0.576271186440678,0.4535480989585675,0.8292986831122425
default,full,Logistic L2,0.14514652014652016,0.5819209039548022,0.45353409998177646,0.8292986831122425
default,full,Logistic L2,0.14560439560439561,0.5819209039548022,0.44964135631360613,0.8292986831122425
default,full,Logistic L2,0.14560439560439561,0.5875706214689266,0.44881221935701643,0.8292986831122425
default,full,Logistic L2,0.1491147741147741,0.5875706214689266,0.4415117229642848,0.8292986831122425
default,full,Logistic L2,0.1491147741147741,0.5932203389830508,0.4409655753559693,0.8292986831122425
default,full,Logistic L2,0.1517094017094017,0.5932203389830508,0.430566998855895,0.8292986831122425
default,full,Logistic L2,0.1517094017094017,0.5988700564971752,0.4302380544659029,0.8292986831122425
default,full,Logistic L2,0.152014652014652,0.5988700564971752,0.4299113439421191,0.8292986831122425
default,full,Logistic L2,0.152014652014652,0.6045197740112994,0.4279698280289505,0.8292986831122425
default,full,Logistic L2,0.15552503052503053,0.6045197740112994,0.41661672825692386,0.8292986831122425
default,full,Logistic L2,0.15552503052503053,0.6101694915254238,0.41661419277395073,0.8292986831122425
default,full,Logistic L2,0.16254578754578755,0.6101694915254238,0.39195095677390673,0.8292986831122425
default,full,Logistic L2,0.16254578754578755,0.615819209039548,0.3904645011895904,0.8292986831122425
default,full,Logistic L2,0.1713980463980464,0.615819209039548,0.3592106821270307,0.8292986831122425
default,full,Logistic L2,0.1713980463980464,0.6214689265536724,0.3590226835979927,0.8292986831122425
default,full,Logistic L2,0.17384004884004883,0.6214689265536724,0.34888493628408906,0.8292986831122425
default,full,Logistic L2,0.17384004884004883,0.6271186440677966,0.3479230155530088,0.8292986831122425
default,full,Logistic L2,0.1746031746031746,0.6271186440677966,0.34652197418337727,0.8292986831122425
default,full,Logistic L2,0.1746031746031746,0.632768361581921,0.3449850405688939,0.8292986831122425
default,full,Logistic L2,0.17735042735042736,0.632768361581921,0.33640520232721655,0.8292986831122425
default,full,Logistic L2,0.17735042735042736,0.6384180790960452,0.33567829038555297,0.8292986831122425
default,full,Logistic L2,0.1804029304029304,0.6384180790960452,0.32530101455440985,0.8292986831122425
default,full,Logistic L2,0.1804029304029304,0.6440677966101694,0.3253007848903518,0.8292986831122425
default,full,Logistic L2,0.1807081807081807,0.6440677966101694,0.3252344147011304,0.8292986831122425
default,full,Logistic L2,0.1807081807081807,0.6497175141242938,0.32510469289809346,0.8292986831122425
default,full,Logistic L2,0.18452380952380953,0.6497175141242938,0.3152869158284167,0.8292986831122425
default,full,Logistic L2,0.18452380952380953,0.655367231638418,0.31518001065521456,0.8292986831122425
default,full,Logistic L2,0.19184981684981686,0.655367231638418,0.29682611228292227,0.8292986831122425
default,full,Logistic L2,0.19184981684981686,0.6610169491525424,0.2961371891772199,0.8292986831122425
default,full,Logistic L2,0.19276556776556777,0.6610169491525424,0.29321732226837566,0.8292986831122425
default,full,Logistic L2,0.19276556776556777,0.6666666666666666,0.2922537619519422,0.8292986831122425
default,full,Logistic L2,0.19474969474969475,0.6666666666666666,0.2886949678634596,0.8292986831122425
default,full,Logistic L2,0.19474969474969475,0.672316384180791,0.2881727002858265,0.8292986831122425
default,full,Logistic L2,0.19719169719169719,0.672316384180791,0.2803761695721975,0.8292986831122425
default,full,Logistic L2,0.19719169719169719,0.6779661016949152,0.28014643605543915,0.8292986831122425
default,full,Logistic L2,0.1981074481074481,0.6779661016949152,0.27878438882800594,0.8292986831122425
default,full,Logistic L2,0.1981074481074481,0.6836158192090396,0.2784044285397144,0.8292986831122425
default,full,Logistic L2,0.19887057387057386,0.6836158192090396,0.27764738183124954,0.8292986831122425
default,full,Logistic L2,0.19887057387057386,0.6892655367231638,0.2771619821627479,0.8292986831122425
default,full,Logistic L2,0.20146520146520147,0.6892655367231638,0.272171265640434,0.8292986831122425
default,full,Logistic L2,0.20146520146520147,0.6949152542372882,0.2718306326524358,0.8292986831122425
default,full,Logistic L2,0.20741758241758243,0.6949152542372882,0.25863773723948436,0.8292986831122425
default,full,Logistic L2,0.20741758241758243,0.7005649717514124,0.2586152058759559,0.8292986831122425
default,full,Logistic L2,0.20863858363858365,0.7005649717514124,0.2567608145395683,0.8292986831122425
default,full,Logistic L2,0.20863858363858365,0.7062146892655368,0.25542227265034384,0.8292986831122425
default,full,Logistic L2,0.21672771672771673,0.7062146892655368,0.23437527944255074,0.8292986831122425
default,full,Logistic L2,0.21672771672771673,0.711864406779661,0.23412882211951838,0.8292986831122425
default,full,Logistic L2,0.2235958485958486,0.711864406779661,0.2176007908330779,0.8292986831122425
default,full,Logistic L2,0.2235958485958486,0.7231638418079096,0.21713594562673133,0.8292986831122425
default,full,Logistic L2,0.22435897435897437,0.7231638418079096,0.21567608658088921,0.8292986831122425
default,full,Logistic L2,0.22435897435897437,0.7288135593220338,0.21544997266588167,0.8292986831122425
default,full,Logistic L2,0.23275335775335776,0.7288135593220338,0.1982952839691069,0.8292986831122425
default,full,Logistic L2,0.23275335775335776,0.7344632768361582,0.1980977375871256,0.8292986831122425
default,full,Logistic L2,0.23458485958485958,0.7344632768361582,0.19363465123522014,0.8292986831122425
default,full,Logistic L2,0.23458485958485958,0.7401129943502824,0.19271990542873352,0.8292986831122425
default,full,Logistic L2,0.24023199023199024,0.7401129943502824,0.17974773718554107,0.8292986831122425
default,full,Logistic L2,0.24023199023199024,0.7457627118644068,0.17962962273032607,0.8292986831122425
default,full,Logistic L2,0.2442002442002442,0.7457627118644068,0.1724981865566156,0.8292986831122425
default,full,Logistic L2,0.2442002442002442,0.751412429378531,0.17245015875443068,0.8292986831122425
default,full,Logistic L2,0.24801587301587302,0.751412429378531,0.1663354454628344,0.8292986831122425
default,full,Logistic L2,0.24801587301587302,0.7570621468926554,0.16616150895828882,0.8292986831122425
default,full,Logistic L2,0.26434676434676435,0.7570621468926554,0.14190475303032202,0.8292986831122425
default,full,Logistic L2,0.26434676434676435,0.7627118644067796,0.14189877496813982,0.8292986831122425
default,full,Logistic L2,0.27014652014652013,0.7627118644067796,0.13353077677684264,0.8292986831122425
default,full,Logistic L2,0.27014652014652013,0.7740112994350282,0.13331586578981192,0.8292986831122425
default,full,Logistic L2,0.27075702075702074,0.7740112994350282,0.13293687205881546,0.8292986831122425
default,full,Logistic L2,0.27075702075702074,0.7796610169491526,0.13278065154775992,0.8292986831122425
default,full,Logistic L2,0.2828144078144078,0.7796610169491526,0.11701321543816301,0.8292986831122425
default,full,Logistic L2,0.2828144078144078,0.7853107344632768,0.11699210494981364,0.8292986831122425
default,full,Logistic L2,0.28708791208791207,0.7853107344632768,0.11357525447229103,0.8292986831122425
default,full,Logistic L2,0.28708791208791207,0.7909604519774012,0.11351040010836662,0.8292986831122425
default,full,Logistic L2,0.2938034188034188,0.7909604519774012,0.10677823817708229,0.8292986831122425
default,full,Logistic L2,0.2938034188034188,0.7966101694915254,0.10645679148139957,0.8292986831122425
default,full,Logistic L2,0.298992673992674,0.7966101694915254,0.1017712047863887,0.8292986831122425
default,full,Logistic L2,0.298992673992674,0.8022598870056498,0.10126361058398957,0.8292986831122425
default,full,Logistic L2,0.29945054945054944,0.8022598870056498,0.1009460964704975,0.8292986831122425
default,full,Logistic L2,0.29945054945054944,0.807909604519774,0.10078488287650839,0.8292986831122425
default,full,Logistic L2,0.30387667887667885,0.807909604519774,0.09643455181202791,0.8292986831122425
default,full,Logistic L2,0.30387667887667885,0.8135593220338984,0.09609719196369922,0.8292986831122425
default,full,Logistic L2,0.30845543345543347,0.8135593220338984,0.09214265107903785,0.8292986831122425
default,full,Logistic L2,0.30845543345543347,0.8192090395480226,0.09206827306790794,0.8292986831122425
default,full,Logistic L2,0.3096764346764347,0.8192090395480226,0.0915047109634268,0.8292986831122425
default,full,Logistic L2,0.3096764346764347,0.8248587570621468,0.09147099869974532,0.8292986831122425
default,full,Logistic L2,0.31105006105006106,0.8248587570621468,0.08912376315413571,0.8292986831122425
default,full,Logistic L2,0.31105006105006106,0.8305084745762712,0.08911514295833016,0.8292986831122425
default,full,Logistic L2,0.33195970695970695,0.8305084745762712,0.07355998594808617,0.8292986831122425
default,full,Logistic L2,0.33195970695970695,0.8361581920903954,0.07349159516002128,0.8292986831122425
default,full,Logistic L2,0.3481379731379731,0.8361581920903954,0.06462830054904257,0.8292986831122425
default,full,Logistic L2,0.3481379731379731,0.8418079096045198,0.06445777389934167,0.8292986831122425
default,full,Logistic L2,0.35180097680097683,0.8418079096045198,0.06221337311377913,0.8292986831122425
default,full,Logistic L2,0.35180097680097683,0.847457627118644,0.06197434430240103,0.8292986831122425
default,full,Logistic L2,0.364010989010989,0.847457627118644,0.053137034501389194,0.8292986831122425
default,full,Logistic L2,0.364010989010989,0.8531073446327684,0.05312686414531396,0.8292986831122425
default,full,Logistic L2,0.3666056166056166,0.8531073446327684,0.05144866784084561,0.8292986831122425
default,full,Logistic L2,0.3666056166056166,0.8587570621468926,0.05142302143756704,0.8292986831122425
default,full,Logistic L2,0.37637362637362637,0.8587570621468926,0.04674257271099617,0.8292986831122425
default,full,Logistic L2,0.37637362637362637,0.864406779661017,0.0465791993946904,0.8292986831122425
default,full,Logistic L2,0.38431013431013433,0.864406779661017,0.04361735825831957,0.8292986831122425
default,full,Logistic L2,0.38431013431013433,0.8700564971751412,0.04347763324565743,0.8292986831122425
default,full,Logistic L2,0.38614163614163616,0.8700564971751412,0.04301758154907628,0.8292986831122425
default,full,Logistic L2,0.38614163614163616,0.8757062146892656,0.042956840605026594,0.8292986831122425
default,full,Logistic L2,0.39407814407814407,0.8757062146892656,0.039929620628063565,0.8292986831122425
default,full,Logistic L2,0.39407814407814407,0.8870056497175142,0.03986264407810068,0.8292986831122425
default,full,Logistic L2,0.4053724053724054,0.8870056497175142,0.0362422080602846,0.8292986831122425
default,full,Logistic L2,0.4053724053724054,0.8926553672316384,0.036221654182220966,0.8292986831122425
default,full,Logistic L2,0.4097985347985348,0.8926553672316384,0.034699988227991495,0.8292986831122425
default,full,Logistic L2,0.4097985347985348,0.8983050847457628,0.0346823535869715,0.8292986831122425
default,full,Logistic L2,0.4116300366300366,0.8983050847457628,0.033818280944965896,0.8292986831122425
default,full,Logistic L2,0.4116300366300366,0.903954802259887,0.033773375488995006,0.8292986831122425
default,full,Logistic L2,0.4181929181929182,0.903954802259887,0.03159020247102098,0.8292986831122425
default,full,Logistic L2,0.4181929181929182,0.9096045197740112,0.03157561024486302,0.8292986831122425
default,full,Logistic L2,0.4207875457875458,0.9096045197740112,0.030710788941452835,0.8292986831122425
default,full,Logistic L2,0.4207875457875458,0.9152542372881356,0.030650166301796605,0.8292986831122425
default,full,Logistic L2,0.42414529914529914,0.9152542372881356,0.029785769409334,0.8292986831122425
default,full,Logistic L2,0.42414529914529914,0.9209039548022598,0.029742796760698395,0.8292986831122425
default,full,Logistic L2,0.43162393162393164,0.9209039548022598,0.02806303373683986,0.8292986831122425
default,full,Logistic L2,0.43162393162393164,0.9265536723163842,0.02793009149615744,0.8292986831122425
default,full,Logistic L2,0.44307081807081805,0.9265536723163842,0.025041778067516902,0.8292986831122425
default,full,Logistic L2,0.44307081807081805,0.9322033898305084,0.02494166957090721,0.8292986831122425
default,full,Logistic L2,0.44871794871794873,0.9322033898305084,0.02350059440125157,0.8292986831122425
default,full,Logistic L2,0.44871794871794873,0.9378531073446328,0.023448921164274047,0.8292986831122425
default,full,Logistic L2,0.4491758241758242,0.9378531073446328,0.023417040696315332,0.8292986831122425
default,full,Logistic L2,0.4491758241758242,0.943502824858757,0.02333900938018909,0.8292986831122425
default,full,Logistic L2,0.489010989010989,0.943502824858757,0.01571363453264997,0.8292986831122425
default,full,Logistic L2,0.489010989010989,0.9491525423728814,0.01566266024228015,0.8292986831122425
default,full,Logistic L2,0.503052503052503,0.9491525423728814,0.013885543215104833,0.8292986831122425
default,full,Logistic L2,0.503052503052503,0.9548022598870056,0.013879314630412615,0.8292986831122425
default,full,Logistic L2,0.5172466422466423,0.9548022598870056,0.01193592307687816,0.8292986831122425
default,full,Logistic L2,0.5172466422466423,0.96045197740113,0.01192596160109125,0.8292986831122425
default,full,Logistic L2,0.5873015873015873,0.96045197740113,0.006152678546493443,0.8292986831122425
default,full,Logistic L2,0.5873015873015873,0.9661016949152542,0.006144756633706203,0.8292986831122425
default,full,Logistic L2,0.5982905982905983,0.9661016949152542,0.005412039162245074,0.8292986831122425
default,full,Logistic L2,0.5982905982905983,0.9717514124293786,0.005410294180680006,0.8292986831122425
default,full,Logistic L2,0.6422466422466423,0.9717514124293786,0.0035397038626348953,0.8292986831122425
default,full,Logistic L2,0.6422466422466423,0.9774011299435028,0.0035368005440834537,0.8292986831122425
default,full,Logistic L2,0.7083333333333334,0.9774011299435028,0.001659481422775744,0.8292986831122425
default,full,Logistic L2,0.7083333333333334,0.9830508474576272,0.0016582255374638234,0.8292986831122425
default,full,Logistic L2,0.7185592185592186,0.9830508474576272,0.0014074420824192668,0.8292986831122425
default,full,Logistic L2,0.7185592185592186,0.9887005649717514,0.0014027294629967745,0.8292986831122425
default,full,Logistic L2,0.8116605616605617,0.9887005649717514,0.0004355160269315296,0.8292986831122425
default,full,Logistic L2,0.8116605616605617,0.9943502824858758,0.0004346030151390794,0.8292986831122425
default,full,Logistic L2,0.8655372405372406,0.9943502824858758,0.00018701395268702858,0.8292986831122425
default,full,Logistic L2,0.8655372405372406,1.0,0.0001865557913011785,0.8292986831122425
default,full,Logistic L2,1.0,1.0,3.2217324509889897e-09,0.8292986831122425
default,full,Logistic L1,0.0,0.0,inf,0.8292038313224753
default,full,Logistic L1,0.00015262515262515263,0.0,0.9997845098112224,0.8292038313224753
default,full,Logistic L1,0.0009157509157509158,0.0,0.998232695490412,0.8292038313224753
default,full,Logistic L1,0.0009157509157509158,0.005649717514124294,0.9980296091599348,0.8292038313224753
default,full,Logistic L1,0.0018315018315018315,0.005649717514124294,0.9969228096066175,0.8292038313224753
default,full,Logistic L1,0.0018315018315018315,0.011299435028248588,0.9967269521980098,0.8292038313224753
default,full,Logistic L1,0.0027472527472527475,0.011299435028248588,0.9953167272423394,0.8292038313224753
default,full,Logistic L1,0.0027472527472527475,0.01694915254237288,0.995205460002941,0.8292038313224753
default,full,Logistic L1,0.0030525030525030525,0.01694915254237288,0.9943207370916025,0.8292038313224753
default,full,Logistic L1,0.0030525030525030525,0.022598870056497175,0.9942032149578928,0.8292038313224753
default,full,Logistic L1,0.003205128205128205,0.022598870056497175,0.9940208134268402,0.8292038313224753
default,full,Logistic L1,0.003205128205128205,0.02824858757062147,0.9938973234592269,0.8292038313224753
default,full,Logistic L1,0.004120879120879121,0.02824858757062147,0.9923401912907883,0.8292038313224753
default,full,Logistic L1,0.004120879120879121,0.03389830508474576,0.9917254921885295,0.8292038313224753
default,full,Logistic L1,0.004578754578754579,0.03389830508474576,0.9906730066008537,0.8292038313224753
default,full,Logistic L1,0.004578754578754579,0.04519774011299435,0.9905666710851799,0.8292038313224753
default,full,Logistic L1,0.007936507936507936,0.04519774011299435,0.9858276137626247,0.8292038313224753
default,full,Logistic L1,0.007936507936507936,0.05084745762711865,0.9857539739127532,0.8292038313224753
default,full,Logistic L1,0.009462759462759462,0.05084745762711865,0.983071745700465,0.8292038313224753
default,full,Logistic L1,0.009462759462759462,0.062146892655367235,0.9826473152489861,0.8292038313224753
default,full,Logistic L1,0.009615384615384616,0.062146892655367235,0.9823775252844776,0.8292038313224753
default,full,Logistic L1,0.009615384615384616,0.07909604519774012,0.9821322871409889,0.8292038313224753
default,full,Logistic L1,0.01098901098901099,0.07909604519774012,0.9784978896086268,0.8292038313224753
default,full,Logistic L1,0.01098901098901099,0.0847457627118644,0.9782813765237206,0.8292038313224753
default,full,Logistic L1,0.011141636141636142,0.0847457627118644,0.9782056451958151,0.8292038313224753
default,full,Logistic L1,0.011141636141636142,0.0903954802259887,0.9781585467760441,0.8292038313224753
default,full,Logistic L1,0.012667887667887668,0.0903954802259887,0.9772249965764455,0.8292038313224753
default,full,Logistic L1,0.012667887667887668,0.096045197740113,0.9769888011278441,0.8292038313224753
default,full,Logistic L1,0.014041514041514042,0.096045197740113,0.975145537118286,0.8292038313224753
default,full,Logistic L1,0.014041514041514042,0.10734463276836158,0.9745419400827501,0.8292038313224753
default,full,Logistic L1,0.014194139194139194,0.10734463276836158,0.974463500831425,0.8292038313224753
default,full,Logistic L1,0.014194139194139194,0.11299435028248588,0.9743928946263144,0.8292038313224753
default,full,Logistic L1,0.014346764346764346,0.11299435028248588,0.9732641731197375,0.8292038313224753
default,full,Logistic L1,0.014346764346764346,0.11864406779661017,0.9732578346361733,0.8292038313224753
default,full,Logistic L1,0.014957264957264958,0.11864406779661017,0.9725083139331766,0.8292038313224753
default,full,Logistic L1,0.014957264957264958,0.12429378531073447,0.9720111683833637,0.8292038313224753
default,full,Logistic L1,0.015873015873015872,0.12429378531073447,0.970536902988882,0.8292038313224753
default,full,Logistic L1,0.015873015873015872,0.12994350282485875,0.9704813784423109,0.8292038313224753
default,full,Logistic L1,0.016788766788766788,0.12994350282485875,0.9689832540735126,0.8292038313224753
default,full,Logistic L1,0.016788766788766788,0.13559322033898305,0.9688856938615206,0.8292038313224753
default,full,Logistic L1,0.018772893772893772,0.13559322033898305,0.9650737304746456,0.8292038313224753
default,full,Logistic L1,0.018772893772893772,0.14124293785310735,0.9650498834947286,0.8292038313224753
default,full,Logistic L1,0.019230769230769232,0.14124293785310735,0.964578447159081,0.8292038313224753
default,full,Logistic L1,0.019230769230769232,0.14689265536723164,0.9645371639348352,0.8292038313224753
default,full,Logistic L1,0.019688644688644688,0.14689265536723164,0.9634067997233909,0.8292038313224753
default,full,Logistic L1,0.019688644688644688,0.15254237288135594,0.9632815669368763,0.8292038313224753
default,full,Logistic L1,0.023046398046398048,0.15254237288135594,0.9568621190557727,0.8292038313224753
default,full,Logistic L1,0.023046398046398048,0.15819209039548024,0.9568112205685917,0.8292038313224753
default,full,Logistic L1,0.023504273504273504,0.15819209039548024,0.956131866516942,0.8292038313224753
default,full,Logistic L1,0.023504273504273504,0.1638418079096045,0.9559495203407923,0.8292038313224753
default,full,Logistic L1,0.025030525030525032,0.1638418079096045,0.953771846456717,0.8292038313224753
default,full,Logistic L1,0.025030525030525032,0.1694915254237288,0.9534239259766065,0.8292038313224753
default,full,Logistic L1,0.02854090354090354,0.1694915254237288,0.9476452526747814,0.8292038313224753
default,full,Logistic L1,0.02854090354090354,0.1751412429378531,0.9471525444829553,0.8292038313224753
default,full,Logistic L1,0.028693528693528692,0.1751412429378531,0.9466685114713032,0.8292038313224753
default,full,Logistic L1,0.028693528693528692,0.1807909604519774,0.9465678078789195,0.8292038313224753
default,full,Logistic L1,0.028998778998779,0.1807909604519774,0.946098442968564,0.8292038313224753
default,full,Logistic L1,0.028998778998779,0.1864406779661017,0.9454533070025176,0.8292038313224753
default,full,Logistic L1,0.029304029304029304,0.1864406779661017,0.9447569575916213,0.8292038313224753
default,full,Logistic L1,0.029304029304029304,0.192090395480226,0.9441795603065952,0.8292038313224753
default,full,Logistic L1,0.029914529914529916,0.192090395480226,0.9424864640434955,0.8292038313224753
default,full,Logistic L1,0.029914529914529916,0.1977401129943503,0.9423055940101407,0.8292038313224753
default,full,Logistic L1,0.03418803418803419,0.1977401129943503,0.9308163691081649,0.8292038313224753
default,full,Logistic L1,0.03418803418803419,0.20903954802259886,0.9305189388744213,0.8292038313224753
default,full,Logistic L1,0.034493284493284496,0.20903954802259886,0.9296526209780095,0.8292038313224753
default,full,Logistic L1,0.034493284493284496,0.21468926553672316,0.9293462310884469,0.8292038313224753
default,full,Logistic L1,0.036782661782661784,0.21468926553672316,0.9230420245118928,0.8292038313224753
default,full,Logistic L1,0.036782661782661784,0.22033898305084745,0.9226046228450955,0.8292038313224753
default,full,Logistic L1,0.037545787545787544,0.22033898305084745,0.9201359419550893,0.8292038313224753
default,full,Logistic L1,0.037545787545787544,0.22598870056497175,0.9199500623260677,0.8292038313224753
default,full,Logistic L1,0.03876678876678877,0.22598870056497175,0.9170646611641909,0.8292038313224753
default,full,Logistic L1,0.03876678876678877,0.23163841807909605,0.9168338755280354,0.8292038313224753
default,full,Logistic L1,0.03891941391941392,0.23163841807909605,0.9167875526845343,0.8292038313224753
default,full,Logistic L1,0.03891941391941392,0.24293785310734464,0.9158152747287414,0.8292038313224753
default,full,Logistic L1,0.03907203907203907,0.24293785310734464,0.9154724864380174,0.8292038313224753
default,full,Logistic L1,0.03907203907203907,0.24858757062146894,0.9145859603496475,0.8292038313224753
default,full,Logistic L1,0.04197191697191697,0.24858757062146894,0.9010913888841744,0.8292038313224753
default,full,Logistic L1,0.04197191697191697,0.2542372881355932,0.9004247478836719,0.8292038313224753
default,full,Logistic L1,0.04242979242979243,0.2542372881355932,0.899332928539158,0.8292038313224753
default,full,Logistic L1,0.04242979242979243,0.2598870056497175,0.8992951500635338,0.8292038313224753
default,full,Logistic L1,0.04304029304029304,0.2598870056497175,0.8979818103399595,0.8292038313224753
default,full,Logistic L1,0.04304029304029304,0.2655367231638418,0.8948605179914749,0.8292038313224753
default,full,Logistic L1,0.04487179487179487,0.2655367231638418,0.8879871906194577,0.8292038313224753
default,full,Logistic L1,0.04487179487179487,0.2711864406779661,0.8878542858020483,0.8292038313224753
default,full,Logistic L1,0.0463980463980464,0.2711864406779661,0.8836071067914274,0.8292038313224753
default,full,Logistic L1,0.0463980463980464,0.2768361581920904,0.8835630085027717,0.8292038313224753
default,full,Logistic L1,0.04731379731379731,0.2768361581920904,0.8822806869408366,0.8292038313224753
default,full,Logistic L1,0.04731379731379731,0.2824858757062147,0.8817629186400961,0.8292038313224753
default,full,Logistic L1,0.04884004884004884,0.2824858757062147,0.8765811375428499,0.8292038313224753
default,full,Logistic L1,0.04884004884004884,0.288135593220339,0.876114809050822,0.8292038313224753
default,full,Logistic L1,0.050976800976800976,0.288135593220339,0.8705570664005161,0.8292038313224753
default,full,Logistic L1,0.050976800976800976,0.2937853107344633,0.8703072275841001,0.8292038313224753
default,full,Logistic L1,0.05143467643467643,0.2937853107344633,0.869298448322781,0.8292038313224753
default,full,Logistic L1,0.05143467643467643,0.2994350282485876,0.8691725724877762,0.8292038313224753
default,full,Logistic L1,0.052503052503052504,0.2994350282485876,0.8660962842171489,0.8292038313224753
default,full,Logistic L1,0.052503052503052504,0.3050847457627119,0.8644831779685181,0.8292038313224753
default,full,Logistic L1,0.053418803418803416,0.3050847457627119,0.8613858441785649,0.8292038313224753
default,full,Logistic L1,0.053418803418803416,0.3107344632768362,0.8600334348497768,0.8292038313224753
default,full,Logistic L1,0.05479242979242979,0.3107344632768362,0.8557954933100566,0.8292038313224753
default,full,Logistic L1,0.05479242979242979,0.3163841807909605,0.8557267486552158,0.8292038313224753
default,full,Logistic L1,0.058302808302808304,0.3163841807909605,0.8476919573311597,0.8292038313224753
default,full,Logistic L1,0.058302808302808304,0.3220338983050847,0.8476874115065343,0.8292038313224753
default,full,Logistic L1,0.059981684981684984,0.3220338983050847,0.8420684412588044,0.8292038313224753
default,full,Logistic L1,0.059981684981684984,0.327683615819209,0.8413854013184394,0.8292038313224753
default,full,Logistic L1,0.06196581196581197,0.327683615819209,0.8343681345521795,0.8292038313224753
default,full,Logistic L1,0.06196581196581197,0.3389830508474576,0.8316782167812001,0.8292038313224753
default,full,Logistic L1,0.0641025641025641,0.3389830508474576,0.8256374228465111,0.8292038313224753
default,full,Logistic L1,0.0641025641025641,0.3446327683615819,0.824713379247519,0.8292038313224753
default,full,Logistic L1,0.06471306471306472,0.3446327683615819,0.821420268485282,0.8292038313224753
default,full,Logistic L1,0.06471306471306472,0.3502824858757062,0.8199259031754182,0.8292038313224753
default,full,Logistic L1,0.06501831501831502,0.3502824858757062,0.8188407498617616,0.8292038313224753
default,full,Logistic L1,0.06501831501831502,0.3559322033898305,0.8182239529582841,0.8292038313224753
default,full,Logistic L1,0.06639194139194139,0.3559322033898305,0.8090797544472439,0.8292038313224753
default,full,Logistic L1,0.06639194139194139,0.3615819209039548,0.8082066273599573,0.8292038313224753
default,full,Logistic L1,0.06776556776556776,0.3615819209039548,0.8010012423067225,0.8292038313224753
default,full,Logistic L1,0.06776556776556776,0.3672316384180791,0.8009934328631525,0.8292038313224753
default,full,Logistic L1,0.06898656898656899,0.3672316384180791,0.7952849734871346,0.8292038313224753
default,full,Logistic L1,0.06898656898656899,0.3728813559322034,0.7950778389706104,0.8292038313224753
default,full,Logistic L1,0.0699023199023199,0.3728813559322034,0.7920084480511161,0.8292038313224753
default,full,Logistic L1,0.0699023199023199,0.3785310734463277,0.7917709442907567,0.8292038313224753
default,full,Logistic L1,0.07020757020757021,0.3785310734463277,0.7904610750497362,0.8292038313224753
default,full,Logistic L1,0.07020757020757021,0.384180790960452,0.7895119326394444,0.8292038313224753
default,full,Logistic L1,0.07585470085470085,0.384180790960452,0.7574866440497277,0.8292038313224753
default,full,Logistic L1,0.07585470085470085,0.3898305084745763,0.7561851650756842,0.8292038313224753
default,full,Logistic L1,0.07692307692307693,0.3898305084745763,0.7528919183346492,0.8292038313224753
default,full,Logistic L1,0.07692307692307693,0.3954802259887006,0.7528126790509578,0.8292038313224753
default,full,Logistic L1,0.08272283272283272,0.3954802259887006,0.730328994164998,0.8292038313224753
default,full,Logistic L1,0.08272283272283272,0.4011299435028249,0.7296121435976591,0.8292038313224753
default,full,Logistic L1,0.08287545787545787,0.4011299435028249,0.7293686563810297,0.8292038313224753
default,full,Logistic L1,0.08287545787545787,0.4067796610169492,0.7259363230866166,0.8292038313224753
default,full,Logistic L1,0.08470695970695971,0.4067796610169492,0.7139290385263712,0.8292038313224753
default,full,Logistic L1,0.08470695970695971,0.4124293785310734,0.7139126913887496,0.8292038313224753
default,full,Logistic L1,0.09081196581196581,0.4124293785310734,0.6861775349264223,0.8292038313224753
default,full,Logistic L1,0.09081196581196581,0.4180790960451977,0.6844668461609887,0.8292038313224753
default,full,Logistic L1,0.09188034188034189,0.4180790960451977,0.6789836749994891,0.8292038313224753
default,full,Logistic L1,0.09188034188034189,0.423728813559322,0.6770320019593512,0.8292038313224753
default,full,Logistic L1,0.09539072039072038,0.423728813559322,0.6632343194303952,0.8292038313224753
default,full,Logistic L1,0.09539072039072038,0.4293785310734463,0.6632325673921927,0.8292038313224753
default,full,Logistic L1,0.09645909645909646,0.4293785310734463,0.6595318439744929,0.8292038313224753
default,full,Logistic L1,0.09645909645909646,0.4350282485875706,0.6586703728789789,0.8292038313224753
default,full,Logistic L1,0.09722222222222222,0.4350282485875706,0.6552507113401692,0.8292038313224753
default,full,Logistic L1,0.09722222222222222,0.4406779661016949,0.6550497168065694,0.8292038313224753
default,full,Logistic L1,0.09768009768009768,0.4406779661016949,0.6510937071792343,0.8292038313224753
default,full,Logistic L1,0.09768009768009768,0.4463276836158192,0.6509399206857363,0.8292038313224753
default,full,Logistic L1,0.09783272283272283,0.4463276836158192,0.6499949437703325,0.8292038313224753
default,full,Logistic L1,0.09783272283272283,0.4519774011299435,0.6490940673465857,0.8292038313224753
default,full,Logistic L1,0.09844322344322344,0.4519774011299435,0.6451325948431491,0.8292038313224753
default,full,Logistic L1,0.09844322344322344,0.4576271186440678,0.6444632062769244,0.8292038313224753
default,full,Logistic L1,0.09874847374847374,0.4576271186440678,0.6423791133095792,0.8292038313224753
default,full,Logistic L1,0.09874847374847374,0.4745762711864407,0.6394296606758219,0.8292038313224753
default,full,Logistic L1,0.09905372405372405,0.4745762711864407,0.6380789648008088,0.8292038313224753
default,full,Logistic L1,0.09905372405372405,0.480225988700565,0.6376183617009562,0.8292038313224753
default,full,Logistic L1,0.10103785103785104,0.480225988700565,0.6332880165999631,0.8292038313224753
default,full,Logistic L1,0.10103785103785104,0.4858757062146893,0.6332709188642541,0.8292038313224753
default,full,Logistic L1,0.10195360195360195,0.4858757062146893,0.6297276388706797,0.8292038313224753
default,full,Logistic L1,0.10195360195360195,0.4915254237288136,0.6297249086781993,0.8292038313224753
default,full,Logistic L1,0.10531135531135531,0.4915254237288136,0.6151004921318314,0.8292038313224753
default,full,Logistic L1,0.10531135531135531,0.4971751412429379,0.6148089581865707,0.8292038313224753
default,full,Logistic L1,0.10607448107448107,0.4971751412429379,0.6094688869748683,0.8292038313224753
default,full,Logistic L1,0.10607448107448107,0.5028248587570622,0.6094595652826992,0.8292038313224753
default,full,Logistic L1,0.10989010989010989,0.5028248587570622,0.5898997230844051,0.8292038313224753
default,full,Logistic L1,0.10989010989010989,0.5084745762711864,0.5889214053051982,0.8292038313224753
default,full,Logistic L1,0.11385836385836386,0.5084745762711864,0.5717786362556349,0.8292038313224753
default,full,Logistic L1,0.11385836385836386,0.5141242937853108,0.5709079480082213,0.8292038313224753
default,full,Logistic L1,0.11507936507936507,0.5141242937853108,0.5642970870767298,0.8292038313224753
default,full,Logistic L1,0.11507936507936507,0.519774011299435,0.5639668470380378,0.8292038313224753
default,full,Logistic L1,0.115995115995116,0.519774011299435,0.5580274917544145,0.8292038313224753
default,full,Logistic L1,0.115995115995116,0.5254237288135594,0.5576754773780993,0.8292038313224753
default,full,Logistic L1,0.11797924297924298,0.5254237288135594,0.5436968243930824,0.8292038313224753
default,full,Logistic L1,0.11797924297924298,0.5310734463276836,0.5432641671475953,0.8292038313224753
default,full,Logistic L1,0.12148962148962149,0.5310734463276836,0.5264852394381156,0.8292038313224753
default,full,Logistic L1,0.12148962148962149,0.536723163841808,0.5263904861809324,0.8292038313224753
default,full,Logistic L1,0.12194749694749694,0.536723163841808,0.5255090518594624,0.8292038313224753
default,full,Logistic L1,0.12194749694749694,0.5423728813559322,0.5251579737546459,0.8292038313224753
default,full,Logistic L1,0.12393162393162394,0.5423728813559322,0.5185556988712449,0.8292038313224753
default,full,Logistic L1,0.12393162393162394,0.5480225988700564,0.5176747223195457,0.8292038313224753
default,full,Logistic L1,0.1253052503052503,0.5480225988700564,0.5113666734269692,0.8292038313224753
default,full,Logistic L1,0.1253052503052503,0.5536723163841808,0.5107961539638723,0.8292038313224753
default,full,Logistic L1,0.1298840048840049,0.5536723163841808,0.4930064678423771,0.8292038313224753
default,full,Logistic L1,0.1298840048840049,0.559322033898305,0.4928136578072,0.8292038313224753
default,full,Logistic L1,0.1301892551892552,0.559322033898305,0.4927310344174334,0.8292038313224753
default,full,Logistic L1,0.1301892551892552,0.5649717514124294,0.4917855800712808,0.8292038313224753
default,full,Logistic L1,0.13156288156288157,0.5649717514124294,0.4873558698993846,0.8292038313224753
default,full,Logistic L1,0.13156288156288157,0.5706214689265536,0.4867516911210284,0.8292038313224753
default,full,Logistic L1,0.14117826617826618,0.5706214689265536,0.4535390411736692,0.8292038313224753
default,full,Logistic L1,0.14117826617826618,0.5819209039548022,0.451712503691722,0.8292038313224753
default,full,Logistic L1,0.14346764346764346,0.5819209039548022,0.44344185514154055,0.8292038313224753
default,full,Logistic L1,0.14346764346764346,0.5875706214689266,0.4430849743278165,0.8292038313224753
default,full,Logistic L1,0.14636752136752137,0.5875706214689266,0.4261009757959665,0.8292038313224753
default,full,Logistic L1,0.14636752136752137,0.5932203389830508,0.4258093073211326,0.8292038313224753
default,full,Logistic L1,0.14697802197802198,0.5932203389830508,0.423998351673724,0.8292038313224753
default,full,Logistic L1,0.14697802197802198,0.5988700564971752,0.4230527081141256,0.8292038313224753
default,full,Logistic L1,0.14926739926739926,0.5988700564971752,0.41545551266578745,0.8292038313224753
default,full,Logistic L1,0.14926739926739926,0.6045197740112994,0.41323977631048764,0.8292038313224753
default,full,Logistic L1,0.15598290598290598,0.6045197740112994,0.3874391398821955,0.8292038313224753
default,full,Logistic L1,0.15598290598290598,0.6101694915254238,0.3867786671323662,0.8292038313224753
default,full,Logistic L1,0.15766178266178266,0.6101694915254238,0.38085423240180644,0.8292038313224753
default,full,Logistic L1,0.15766178266178266,0.615819209039548,0.3800405742503491,0.8292038313224753
default,full,Logistic L1,0.15995115995115994,0.615819209039548,0.3726920157272116,0.8292038313224753
default,full,Logistic L1,0.15995115995115994,0.6214689265536724,0.370943115994807,0.8292038313224753
default,full,Logistic L1,0.16697191697191696,0.6214689265536724,0.3427231454382308,0.8292038313224753
default,full,Logistic L1,0.16697191697191696,0.632768361581921,0.34037484882594876,0.8292038313224753
default,full,Logistic L1,0.17307692307692307,0.632768361581921,0.32161608167841343,0.8292038313224753
default,full,Logistic L1,0.17307692307692307,0.6384180790960452,0.3214866935163992,0.8292038313224753
default,full,Logistic L1,0.17780830280830281,0.6384180790960452,0.30763554502444307,0.8292038313224753
default,full,Logistic L1,0.17780830280830281,0.6440677966101694,0.3070586209927275,0.8292038313224753
default,full,Logistic L1,0.17994505494505494,0.6440677966101694,0.30177441138540007,0.8292038313224753
default,full,Logistic L1,0.17994505494505494,0.655367231638418,0.3012046529040008,0.8292038313224753
default,full,Logistic L1,0.18315018315018314,0.655367231638418,0.2923262671255934,0.8292038313224753
default,full,Logistic L1,0.18315018315018314,0.6610169491525424,0.29063313179033745,0.8292038313224753
default,full,Logistic L1,0.18742368742368742,0.6610169491525424,0.2752930790847067,0.8292038313224753
default,full,Logistic L1,0.18742368742368742,0.6666666666666666,0.2752409036235947,0.8292038313224753
default,full,Logistic L1,0.19047619047619047,0.6666666666666666,0.2703273754803393,0.8292038313224753
default,full,Logistic L1,0.19047619047619047,0.672316384180791,0.27024726114001413,0.8292038313224753
default,full,Logistic L1,0.19291819291819293,0.672316384180791,0.26419034374733225,0.8292038313224753
default,full,Logistic L1,0.19291819291819293,0.6779661016949152,0.26363487199454544,0.8292038313224753
default,full,Logistic L1,0.19474969474969475,0.6779661016949152,0.25775301631467734,0.8292038313224753
default,full,Logistic L1,0.19474969474969475,0.6836158192090396,0.2569831703514508,0.8292038313224753
default,full,Logistic L1,0.1997863247863248,0.6836158192090396,0.24526589468460705,0.8292038313224753
default,full,Logistic L1,0.1997863247863248,0.6892655367231638,0.24500668939023612,0.8292038313224753
default,full,Logistic L1,0.20772283272283273,0.6892655367231638,0.2247562710318724,0.8292038313224753
default,full,Logistic L1,0.20772283272283273,0.6949152542372882,0.22431685582704608,0.8292038313224753
default,full,Logistic L1,0.20802808302808304,0.6949152542372882,0.2236551202295056,0.8292038313224753
default,full,Logistic L1,0.20802808302808304,0.7005649717514124,0.2229238962429777,0.8292038313224753
default,full,Logistic L1,0.2090964590964591,0.7005649717514124,0.22030376797827694,0.8292038313224753
default,full,Logistic L1,0.2090964590964591,0.7062146892655368,0.22011045039338475,0.8292038313224753
default,full,Logistic L1,0.23076923076923078,0.7062146892655368,0.17364901558964516,0.8292038313224753
default,full,Logistic L1,0.23076923076923078,0.711864406779661,0.1732599549273399,0.8292038313224753
default,full,Logistic L1,0.23397435897435898,0.711864406779661,0.16559271350424856,0.8292038313224753
default,full,Logistic L1,0.23397435897435898,0.7175141242937854,0.16540592570840165,0.8292038313224753
default,full,Logistic L1,0.2538156288156288,0.7175141242937854,0.13522346083433986,0.8292038313224753
default,full,Logistic L1,0.2538156288156288,0.7231638418079096,0.13512747488549723,0.8292038313224753
default,full,Logistic L1,0.25625763125763124,0.7231638418079096,0.13192828780750646,0.8292038313224753
default,full,Logistic L1,0.25625763125763124,0.7288135593220338,0.13190982886537836,0.8292038313224753
default,full,Logistic L1,0.257020757020757,0.7288135593220338,0.13112508766415115,0.8292038313224753
default,full,Logistic L1,0.257020757020757,0.7344632768361582,0.13099854373518685,0.8292038313224753
default,full,Logistic L1,0.2588522588522589,0.7344632768361582,0.12836588495626233,0.8292038313224753
default,full,Logistic L1,0.2588522588522589,0.7401129943502824,0.12815037898741255,0.8292038313224753
default,full,Logistic L1,0.2597680097680098,0.7401129943502824,0.12755872347327646,0.8292038313224753
default,full,Logistic L1,0.2597680097680098,0.7457627118644068,0.12748458785001102,0.8292038313224753
default,full,Logistic L1,0.262973137973138,0.7457627118644068,0.12279968212550058,0.8292038313224753
default,full,Logistic L1,0.262973137973138,0.751412429378531,0.122107913952076,0.8292038313224753
default,full,Logistic L1,0.2689255189255189,0.751412429378531,0.11652482720842983,0.8292038313224753
default,full,Logistic L1,0.2689255189255189,0.7570621468926554,0.11626254912584756,0.8292038313224753
default,full,Logistic L1,0.269993894993895,0.7570621468926554,0.11502516274600329,0.8292038313224753
default,full,Logistic L1,0.269993894993895,0.7627118644067796,0.114950057543713,0.8292038313224753
default,full,Logistic L1,0.2706043956043956,0.7627118644067796,0.11400220980302578,0.8292038313224753
default,full,Logistic L1,0.2706043956043956,0.768361581920904,0.11380321098146667,0.8292038313224753
default,full,Logistic L1,0.273046398046398,0.768361581920904,0.11064603506527745,0.8292038313224753
default,full,Logistic L1,0.273046398046398,0.7740112994350282,0.11010213609852644,0.8292038313224753
default,full,Logistic L1,0.2745726495726496,0.7740112994350282,0.10878509708201864,0.8292038313224753
default,full,Logistic L1,0.2745726495726496,0.7796610169491526,0.10863196266522626,0.8292038313224753
default,full,Logistic L1,0.2764041514041514,0.7796610169491526,0.10686062721024911,0.8292038313224753
default,full,Logistic L1,0.2764041514041514,0.7853107344632768,0.10685877823252465,0.8292038313224753
default,full,Logistic L1,0.28556166056166055,0.7853107344632768,0.09574000745107754,0.8292038313224753
default,full,Logistic L1,0.28556166056166055,0.7909604519774012,0.0956976045868348,0.8292038313224753
default,full,Logistic L1,0.2907509157509158,0.7909604519774012,0.09159847593211526,0.8292038313224753
default,full,Logistic L1,0.2907509157509158,0.7966101694915254,0.09136891371514985,0.8292038313224753
default,full,Logistic L1,0.29273504273504275,0.7966101694915254,0.0898008302495684,0.8292038313224753
default,full,Logistic L1,0.29273504273504275,0.8022598870056498,0.08960073620806759,0.8292038313224753
default,full,Logistic L1,0.29334554334554336,0.8022598870056498,0.08889801689622606,0.8292038313224753
default,full,Logistic L1,0.29334554334554336,0.807909604519774,0.08885319645786537,0.8292038313224753
default,full,Logistic L1,0.30097680097680096,0.807909604519774,0.0830391720355302,0.8292038313224753
default,full,Logistic L1,0.30097680097680096,0.8135593220338984,0.08270402808318247,0.8292038313224753
default,full,Logistic L1,0.3025030525030525,0.8135593220338984,0.08168204402474663,0.8292038313224753
default,full,Logistic L1,0.3025030525030525,0.8192090395480226,0.08147996080157657,0.8292038313224753
default,full,Logistic L1,0.30753968253968256,0.8192090395480226,0.07762684976648856,0.8292038313224753
default,full,Logistic L1,0.30753968253968256,0.8248587570621468,0.07735485101953868,0.8292038313224753
default,full,Logistic L1,0.3128815628815629,0.8248587570621468,0.07344315574959037,0.8292038313224753
default,full,Logistic L1,0.3128815628815629,0.8305084745762712,0.07334146666911018,0.8292038313224753
default,full,Logistic L1,0.32173382173382176,0.8305084745762712,0.06516519305957372,0.8292038313224753
default,full,Logistic L1,0.32173382173382176,0.8361581920903954,0.06508425535770401,0.8292038313224753
default,full,Logistic L1,0.3421855921855922,0.8361581920903954,0.052830586144412765,0.8292038313224753
default,full,Logistic L1,0.3421855921855922,0.8418079096045198,0.05280354255758934,0.8292038313224753
default,full,Logistic L1,0.3434065934065934,0.8418079096045198,0.051866329519030266,0.8292038313224753
default,full,Logistic L1,0.3434065934065934,0.847457627118644,0.05186214119459509,0.8292038313224753
default,full,Logistic L1,0.3495115995115995,0.847457627118644,0.04805734944290706,0.8292038313224753
default,full,Logistic L1,0.3495115995115995,0.8531073446327684,0.04795515601392659,0.8292038313224753
default,full,Logistic L1,0.35057997557997556,0.8531073446327684,0.047571748550434695,0.8292038313224753
default,full,Logistic L1,0.35057997557997556,0.8587570621468926,0.0474418215159701,0.8292038313224753
default,full,Logistic L1,0.3617216117216117,0.8587570621468926,0.04262858288317693,0.8292038313224753
default,full,Logistic L1,0.3617216117216117,0.864406779661017,0.0426120085683355,0.8292038313224753
default,full,Logistic L1,0.36385836385836384,0.864406779661017,0.041829088098433664,0.8292038313224753
default,full,Logistic L1,0.36385836385836384,0.8700564971751412,0.041816938801788654,0.8292038313224753
default,full,Logistic L1,0.37011599511599513,0.8700564971751412,0.039292361622265605,0.8292038313224753
default,full,Logistic L1,0.37011599511599513,0.8757062146892656,0.039247812200453674,0.8292038313224753
default,full,Logistic L1,0.38125763125763124,0.8757062146892656,0.03483346067444973,0.8292038313224753
default,full,Logistic L1,0.38125763125763124,0.8813559322033898,0.03465169363172645,0.8292038313224753
default,full,Logistic L1,0.3826312576312576,0.8813559322033898,0.03434312984315969,0.8292038313224753
default,full,Logistic L1,0.3826312576312576,0.8870056497175142,0.034248180803183335,0.8292038313224753
default,full,Logistic L1,0.38522588522588525,0.8870056497175142,0.033504367411953104,0.8292038313224753
default,full,Logistic L1,0.38522588522588525,0.8926553672316384,0.03339853969888594,0.8292038313224753
default,full,Logistic L1,0.39407814407814407,0.8926553672316384,0.029698533460894648,0.8292038313224753
default,full,Logistic L1,0.39407814407814407,0.8983050847457628,0.029678536209384695,0.8292038313224753
default,full,Logistic L1,0.3946886446886447,0.8983050847457628,0.029487539378972454,0.8292038313224753
default,full,Logistic L1,0.3946886446886447,0.903954802259887,0.029477657691900687,0.8292038313224753
default,full,Logistic L1,0.40766178266178266,0.903954802259887,0.025773704853455568,0.8292038313224753
default,full,Logistic L1,0.40766178266178266,0.9096045197740112,0.02576187954798234,0.8292038313224753
default,full,Logistic L1,0.4139194139194139,0.9096045197740112,0.024102023736644666,0.8292038313224753
default,full,Logistic L1,0.4139194139194139,0.9152542372881356,0.024085294757051366,0.8292038313224753
default,full,Logistic L1,0.422008547008547,0.9152542372881356,0.022013015334116794,0.8292038313224753
default,full,Logistic L1,0.422008547008547,0.9209039548022598,0.021955977360186896,0.8292038313224753
default,full,Logistic L1,0.4365079365079365,0.9209039548022598,0.019157794305915934,0.8292038313224753
default,full,Logistic L1,0.4365079365079365,0.9265536723163842,0.019119091897742014,0.8292038313224753
default,full,Logistic L1,0.44368131868131866,0.9265536723163842,0.01784616296776163,0.8292038313224753
default,full,Logistic L1,0.44368131868131866,0.9322033898305084,0.017844092664412465,0.8292038313224753
default,full,Logistic L1,0.45222832722832723,0.9322033898305084,0.01620517001732957,0.8292038313224753
default,full,Logistic L1,0.45222832722832723,0.9378531073446328,0.0161720247612407,0.8292038313224753
default,full,Logistic L1,0.4787851037851038,0.9378531073446328,0.012121143940488573,0.8292038313224753
default,full,Logistic L1,0.4787851037851038,0.943502824858757,0.012099967267204161,0.8292038313224753
default,full,Logistic L1,0.48412698412698413,0.943502824858757,0.011300815284518945,0.8292038313224753
default,full,Logistic L1,0.48412698412698413,0.9491525423728814,0.011254610630576905,0.8292038313224753
default,full,Logistic L1,0.49511599511599513,0.9491525423728814,0.010314463601873476,0.8292038313224753
default,full,Logistic L1,0.49511599511599513,0.9548022598870056,0.010314330042697002,0.8292038313224753
default,full,Logistic L1,0.5438034188034188,0.9548022598870056,0.0061588826201143575,0.8292038313224753
default,full,Logistic L1,0.5438034188034188,0.96045197740113,0.006156830035091582,0.8292038313224753
default,full,Logistic L1,0.5865384615384616,0.96045197740113,0.003923145002923297,0.8292038313224753
default,full,Logistic L1,0.5865384615384616,0.9661016949152542,0.003916790892228142,0.8292038313224753
default,full,Logistic L1,0.5902014652014652,0.9661016949152542,0.0037956535823751724,0.8292038313224753
default,full,Logistic L1,0.5902014652014652,0.9717514124293786,0.0037930333234125735,0.8292038313224753
default,full,Logistic L1,0.6994810744810744,0.9717514124293786,0.0010610761986700435,0.8292038313224753
default,full,Logistic L1,0.6994810744810744,0.9774011299435028,0.0010609072808814425,0.8292038313224753
default,full,Logistic L1,0.7156593406593407,0.9774011299435028,0.0008443399342048536,0.8292038313224753
default,full,Logistic L1,0.7156593406593407,0.9830508474576272,0.0008414324178929858,0.8292038313224753
default,full,Logistic L1,0.7583943833943834,0.9830508474576272,0.00048513280523337563,0.8292038313224753
default,full,Logistic L1,0.7583943833943834,0.9887005649717514,0.0004820793723252627,0.8292038313224753
default,full,Logistic L1,0.7951770451770451,0.9887005649717514,0.0002925597956651574,0.8292038313224753
default,full,Logistic L1,0.7951770451770451,0.9943502824858758,0.0002917980575582569,0.8292038313224753
default,full,Logistic L1,0.9529914529914529,0.9943502824858758,5.817142944340214e-06,0.8292038313224753
default,full,Logistic L1,0.9529914529914529,1.0,5.779613314264745e-06,0.8292038313224753
default,full,Logistic L1,1.0,1.0,5.001175778528496e-11,0.8292038313224753
default,full,LDA,0.0,0.0,inf,0.8118976911349792
default,full,LDA,0.00015262515262515263,0.0,0.9999878710182396,0.8118976911349792
default,full,LDA,0.002442002442002442,0.0,0.8482555112579911,0.8118976911349792
default,full,LDA,0.002442002442002442,0.005649717514124294,0.8381388710879122,0.8118976911349792
default,full,LDA,0.003968253968253968,0.005649717514124294,0.7411378396504996,0.8118976911349792
default,full,LDA,0.003968253968253968,0.011299435028248588,0.7387207857091794,0.8118976911349792
default,full,LDA,0.006715506715506716,0.011299435028248588,0.6147024962969472,0.8118976911349792
default,full,LDA,0.006715506715506716,0.022598870056497175,0.5970706308315757,0.8118976911349792
default,full,LDA,0.007326007326007326,0.022598870056497175,0.585757309373029,0.8118976911349792
default,full,LDA,0.007326007326007326,0.02824858757062147,0.5756247579784917,0.8118976911349792
default,full,LDA,0.007478632478632479,0.02824858757062147,0.5715061892824186,0.8118976911349792
default,full,LDA,0.007478632478632479,0.03389830508474576,0.564114375817485,0.8118976911349792
default,full,LDA,0.0115995115995116,0.03389830508474576,0.47637861371884493,0.8118976911349792
default,full,LDA,0.0115995115995116,0.03954802259887006,0.4691304166803743,0.8118976911349792
default,full,LDA,0.011904761904761904,0.03954802259887006,0.45772966083813804,0.8118976911349792
default,full,LDA,0.011904761904761904,0.04519774011299435,0.45752382789343404,0.8118976911349792
default,full,LDA,0.012362637362637362,0.04519774011299435,0.4413601055283678,0.8118976911349792
default,full,LDA,0.012362637362637362,0.05084745762711865,0.44008726493309347,0.8118976911349792
default,full,LDA,0.013125763125763126,0.05084745762711865,0.4225130975824557,0.8118976911349792
default,full,LDA,0.013125763125763126,0.05649717514124294,0.42090417558623755,0.8118976911349792
default,full,LDA,0.013736263736263736,0.05649717514124294,0.41730051226503306,0.8118976911349792
default,full,LDA,0.013736263736263736,0.062146892655367235,0.4124783497506972,0.8118976911349792
default,full,LDA,0.0144993894993895,0.062146892655367235,0.40680820357959435,0.8118976911349792
default,full,LDA,0.0144993894993895,0.06779661016949153,0.40214121534049263,0.8118976911349792
default,full,LDA,0.01510989010989011,0.06779661016949153,0.3886127550611582,0.8118976911349792
default,full,LDA,0.01510989010989011,0.07344632768361582,0.3865438786947299,0.8118976911349792
default,full,LDA,0.016636141636141636,0.07344632768361582,0.35633712053297706,0.8118976911349792
default,full,LDA,0.016636141636141636,0.07909604519774012,0.35576754000627125,0.8118976911349792
default,full,LDA,0.017704517704517704,0.07909604519774012,0.34658509962740264,0.8118976911349792
default,full,LDA,0.017704517704517704,0.0847457627118644,0.3450161613852111,0.8118976911349792
default,full,LDA,0.018315018315018316,0.0847457627118644,0.33658860883833874,0.8118976911349792
default,full,LDA,0.018315018315018316,0.0903954802259887,0.33606141800871614,0.8118976911349792
default,full,LDA,0.019688644688644688,0.0903954802259887,0.30929341486129497,0.8118976911349792
default,full,LDA,0.019688644688644688,0.096045197740113,0.3081415495155553,0.8118976911349792
default,full,LDA,0.020909645909645908,0.096045197740113,0.2961086127899196,0.8118976911349792
default,full,LDA,0.020909645909645908,0.1016949152542373,0.2945394953516403,0.8118976911349792
default,full,LDA,0.021214896214896216,0.1016949152542373,0.2925342355477225,0.8118976911349792
default,full,LDA,0.021214896214896216,0.10734463276836158,0.2905068398352726,0.8118976911349792
default,full,LDA,0.0231990231990232,0.10734463276836158,0.27336714298787396,0.8118976911349792
default,full,LDA,0.0231990231990232,0.11299435028248588,0.2731154684890013,0.8118976911349792
default,full,LDA,0.023351648351648352,0.11299435028248588,0.27271323286457994,0.8118976911349792
default,full,LDA,0.023351648351648352,0.11864406779661017,0.2699747823049033,0.8118976911349792
default,full,LDA,0.023504273504273504,0.11864406779661017,0.26936218228925407,0.8118976911349792
default,full,LDA,0.023504273504273504,0.12429378531073447,0.2692743126379294,0.8118976911349792
default,full,LDA,0.023809523809523808,0.12429378531073447,0.2672545975892109,0.8118976911349792
default,full,LDA,0.023809523809523808,0.12994350282485875,0.2648126392262944,0.8118976911349792
default,full,LDA,0.023962148962148964,0.12994350282485875,0.2630947769868357,0.8118976911349792
default,full,LDA,0.023962148962148964,0.14124293785310735,0.26262548633177607,0.8118976911349792
default,full,LDA,0.025030525030525032,0.14124293785310735,0.25590746491023963,0.8118976911349792
default,full,LDA,0.025030525030525032,0.14689265536723164,0.2543064975866938,0.8118976911349792
default,full,LDA,0.028846153846153848,0.14689265536723164,0.2273872181069245,0.8118976911349792
default,full,LDA,0.028846153846153848,0.15254237288135594,0.22552395440110268,0.8118976911349792
default,full,LDA,0.0322039072039072,0.15254237288135594,0.20844288223978694,0.8118976911349792
default,full,LDA,0.0322039072039072,0.15819209039548024,0.20655546664416286,0.8118976911349792
default,full,LDA,0.03250915750915751,0.15819209039548024,0.2051532954889663,0.8118976911349792
default,full,LDA,0.03250915750915751,0.1638418079096045,0.20314469884293693,0.8118976911349792
default,full,LDA,0.032661782661782664,0.1638418079096045,0.202112870320981,0.8118976911349792
default,full,LDA,0.032661782661782664,0.1694915254237288,0.2020834390211417,0.8118976911349792
default,full,LDA,0.033424908424908424,0.1694915254237288,0.20072904175374082,0.8118976911349792
default,full,LDA,0.033424908424908424,0.1751412429378531,0.19845985336511177,0.8118976911349792
default,full,LDA,0.033577533577533576,0.1751412429378531,0.1977760290669087,0.8118976911349792
default,full,LDA,0.033577533577533576,0.1864406779661017,0.19571885353657406,0.8118976911349792
default,full,LDA,0.03373015873015873,0.1864406779661017,0.19464589146358177,0.8118976911349792
default,full,LDA,0.03373015873015873,0.192090395480226,0.19333400441262533,0.8118976911349792
default,full,LDA,0.03495115995115995,0.192090395480226,0.18915334940882728,0.8118976911349792
default,full,LDA,0.03495115995115995,0.1977401129943503,0.1881182046696233,0.8118976911349792
default,full,LDA,0.03556166056166056,0.1977401129943503,0.184412448866423,0.8118976911349792
default,full,LDA,0.03556166056166056,0.2033898305084746,0.18253224742390065,0.8118976911349792
default,full,LDA,0.03830891330891331,0.2033898305084746,0.17324443174866427,0.8118976911349792
default,full,LDA,0.03830891330891331,0.20903954802259886,0.1724693023245157,0.8118976911349792
default,full,LDA,0.040140415140415144,0.20903954802259886,0.16534531474682165,0.8118976911349792
default,full,LDA,0.040140415140415144,0.21468926553672316,0.1649871179367017,0.8118976911349792
default,full,LDA,0.04136141636141636,0.21468926553672316,0.15745610176107575,0.8118976911349792
default,full,LDA,0.04136141636141636,0.22033898305084745,0.15702378006694384,0.8118976911349792
default,full,LDA,0.042582417582417584,0.22033898305084745,0.15276869038562693,0.8118976911349792
default,full,LDA,0.042582417582417584,0.22598870056497175,0.15239831914030277,0.8118976911349792
default,full,LDA,0.04487179487179487,0.22598870056497175,0.1447739706784826,0.8118976911349792
default,full,LDA,0.04487179487179487,0.23163841807909605,0.1443199008424605,0.8118976911349792
default,full,LDA,0.04532967032967033,0.23163841807909605,0.14363322907306814,0.8118976911349792
default,full,LDA,0.04532967032967033,0.23728813559322035,0.142798839023544,0.8118976911349792
default,full,LDA,0.045940170940170943,0.23728813559322035,0.14166065534556568,0.8118976911349792
default,full,LDA,0.045940170940170943,0.24293785310734464,0.14127514107977873,0.8118976911349792
default,full,LDA,0.04655067155067155,0.24293785310734464,0.13889262442981945,0.8118976911349792
default,full,LDA,0.04655067155067155,0.2542372881355932,0.1385832916020068,0.8118976911349792
default,full,LDA,0.04731379731379731,0.2542372881355932,0.13777711581839855,0.8118976911349792
default,full,LDA,0.04731379731379731,0.2598870056497175,0.13773174516145595,0.8118976911349792
default,full,LDA,0.050824175824175824,0.2598870056497175,0.1252625535685465,0.8118976911349792
default,full,LDA,0.050824175824175824,0.2824858757062147,0.12421782661890277,0.8118976911349792
default,full,LDA,0.05280830280830281,0.2824858757062147,0.1182885414439718,0.8118976911349792
default,full,LDA,0.05280830280830281,0.288135593220339,0.1174660773527852,0.8118976911349792
default,full,LDA,0.05372405372405373,0.288135593220339,0.11622062987726077,0.8118976911349792
default,full,LDA,0.05372405372405373,0.2937853107344633,0.11616505041018656,0.8118976911349792
default,full,LDA,0.05463980463980464,0.2937853107344633,0.11421617101899059,0.8118976911349792
default,full,LDA,0.05463980463980464,0.2994350282485876,0.11378626039298864,0.8118976911349792
default,full,LDA,0.05479242979242979,0.2994350282485876,0.11358349754746325,0.8118976911349792
default,full,LDA,0.05479242979242979,0.3050847457627119,0.11343833254891562,0.8118976911349792
default,full,LDA,0.055097680097680096,0.3050847457627119,0.11297590504480876,0.8118976911349792
default,full,LDA,0.055097680097680096,0.3107344632768362,0.11287375281530945,0.8118976911349792
default,full,LDA,0.057387057387057384,0.3107344632768362,0.10716011279560388,0.8118976911349792
default,full,LDA,0.057387057387057384,0.3163841807909605,0.10607439996975108,0.8118976911349792
default,full,LDA,0.05937118437118437,0.3163841807909605,0.09901152323393855,0.8118976911349792
default,full,LDA,0.05937118437118437,0.3220338983050847,0.09875025119350503,0.8118976911349792
default,full,LDA,0.06135531135531135,0.3220338983050847,0.09623305117248582,0.8118976911349792
default,full,LDA,0.06135531135531135,0.327683615819209,0.09558198494673098,0.8118976911349792
default,full,LDA,0.061507936507936505,0.327683615819209,0.0954440487675867,0.8118976911349792
default,full,LDA,0.061507936507936505,0.3333333333333333,0.09541914532469514,0.8118976911349792
default,full,LDA,0.06227106227106227,0.3333333333333333,0.09409294441013537,0.8118976911349792
default,full,LDA,0.06227106227106227,0.3389830508474576,0.09358360579693464,0.8118976911349792
default,full,LDA,0.06272893772893773,0.3389830508474576,0.09264186692073349,0.8118976911349792
default,full,LDA,0.06272893772893773,0.3446327683615819,0.0926112898174847,0.8118976911349792
default,full,LDA,0.06303418803418803,0.3446327683615819,0.0920904983232008,0.8118976911349792
default,full,LDA,0.06303418803418803,0.3502824858757062,0.09161017994203222,0.8118976911349792
default,full,LDA,0.06333943833943834,0.3502824858757062,0.09049548921873106,0.8118976911349792
default,full,LDA,0.06333943833943834,0.3559322033898305,0.09032467996160902,0.8118976911349792
default,full,LDA,0.06394993894993894,0.3559322033898305,0.08935569665533807,0.8118976911349792
default,full,LDA,0.06394993894993894,0.3615819209039548,0.08916618890913998,0.8118976911349792
default,full,LDA,0.06517094017094018,0.3615819209039548,0.08653118775205795,0.8118976911349792
default,full,LDA,0.06517094017094018,0.3672316384180791,0.0864574590096932,0.8118976911349792
default,full,LDA,0.06776556776556776,0.3672316384180791,0.08253369559459249,0.8118976911349792
default,full,LDA,0.06776556776556776,0.3728813559322034,0.08249567837116648,0.8118976911349792
default,full,LDA,0.07112332112332112,0.3728813559322034,0.07863696504725322,0.8118976911349792
default,full,LDA,0.07112332112332112,0.3785310734463277,0.07844922320903908,0.8118976911349792
default,full,LDA,0.07463369963369963,0.3785310734463277,0.07444207981212586,0.8118976911349792
default,full,LDA,0.07463369963369963,0.384180790960452,0.07422211179836663,0.8118976911349792
default,full,LDA,0.07631257631257632,0.384180790960452,0.07210857926234479,0.8118976911349792
default,full,LDA,0.07631257631257632,0.3898305084745763,0.07191881218403133,0.8118976911349792
default,full,LDA,0.07951770451770451,0.3898305084745763,0.06827401292518985,0.8118976911349792
default,full,LDA,0.07951770451770451,0.3954802259887006,0.06824270158719284,0.8118976911349792
default,full,LDA,0.0808913308913309,0.3954802259887006,0.06639236087364066,0.8118976911349792
default,full,LDA,0.0808913308913309,0.4011299435028249,0.06635101151067714,0.8118976911349792
default,full,LDA,0.08272283272283272,0.4011299435028249,0.06493118133709486,0.8118976911349792
default,full,LDA,0.08272283272283272,0.4067796610169492,0.06487867388357285,0.8118976911349792
default,full,LDA,0.08440170940170941,0.4067796610169492,0.0636103129844585,0.8118976911349792
default,full,LDA,0.08440170940170941,0.4124293785310734,0.06359909988581526,0.8118976911349792
default,full,LDA,0.08638583638583638,0.4124293785310734,0.062172841469146034,0.8118976911349792
default,full,LDA,0.08638583638583638,0.4180790960451977,0.06206080751857701,0.8118976911349792
default,full,LDA,0.08684371184371184,0.4180790960451977,0.06184597724162975,0.8118976911349792
default,full,LDA,0.08684371184371184,0.423728813559322,0.06178855169418477,0.8118976911349792
default,full,LDA,0.08745421245421245,0.423728813559322,0.061015417630076695,0.8118976911349792
default,full,LDA,0.08745421245421245,0.4293785310734463,0.061014781494993106,0.8118976911349792
default,full,LDA,0.09157509157509157,0.4293785310734463,0.05831421488322939,0.8118976911349792
default,full,LDA,0.09157509157509157,0.4350282485875706,0.058281121214178055,0.8118976911349792
default,full,LDA,0.09325396825396826,0.4350282485875706,0.05658440717610014,0.8118976911349792
default,full,LDA,0.09325396825396826,0.4406779661016949,0.05656448168007929,0.8118976911349792
default,full,LDA,0.09859584859584859,0.4406779661016949,0.053297334475554355,0.8118976911349792
default,full,LDA,0.09859584859584859,0.4463276836158192,0.05327654682284696,0.8118976911349792
default,full,LDA,0.09935897435897435,0.4463276836158192,0.052584116846427185,0.8118976911349792
default,full,LDA,0.09935897435897435,0.4519774011299435,0.052566026670541686,0.8118976911349792
default,full,LDA,0.10195360195360195,0.4519774011299435,0.05040139180735787,0.8118976911349792
default,full,LDA,0.10195360195360195,0.4576271186440678,0.050343419550920636,0.8118976911349792
default,full,LDA,0.10225885225885226,0.4576271186440678,0.050001973889937046,0.8118976911349792
default,full,LDA,0.10225885225885226,0.4632768361581921,0.04992750207189878,0.8118976911349792
default,full,LDA,0.10393772893772894,0.4632768361581921,0.049229157890047996,0.8118976911349792
default,full,LDA,0.10393772893772894,0.4689265536723164,0.049067912485748044,0.8118976911349792
default,full,LDA,0.10561660561660562,0.4689265536723164,0.04812151047514463,0.8118976911349792
default,full,LDA,0.10561660561660562,0.4745762711864407,0.0480675808776344,0.8118976911349792
default,full,LDA,0.10943223443223443,0.4745762711864407,0.04608616536003583,0.8118976911349792
default,full,LDA,0.10943223443223443,0.480225988700565,0.046030938442768454,0.8118976911349792
default,full,LDA,0.10958485958485958,0.480225988700565,0.04600453344585193,0.8118976911349792
default,full,LDA,0.10958485958485958,0.4858757062146893,0.0459683246322403,0.8118976911349792
default,full,LDA,0.11019536019536019,0.4858757062146893,0.04590116286792683,0.8118976911349792
default,full,LDA,0.11019536019536019,0.4915254237288136,0.04589726740536815,0.8118976911349792
default,full,LDA,0.11034798534798534,0.4915254237288136,0.045761202310342926,0.8118976911349792
default,full,LDA,0.11034798534798534,0.4971751412429379,0.04558655065042678,0.8118976911349792
default,full,LDA,0.11141636141636142,0.4971751412429379,0.044930360330750194,0.8118976911349792
default,full,LDA,0.11141636141636142,0.5028248587570622,0.04481391843625427,0.8118976911349792
default,full,LDA,0.1156898656898657,0.5028248587570622,0.042833519928944845,0.8118976911349792
default,full,LDA,0.1156898656898657,0.5084745762711864,0.0428233982011574,0.8118976911349792
default,full,LDA,0.11584249084249085,0.5084745762711864,0.042798953356661826,0.8118976911349792
default,full,LDA,0.11584249084249085,0.5141242937853108,0.04279666431680008,0.8118976911349792
default,full,LDA,0.1221001221001221,0.5141242937853108,0.03994871380966477,0.8118976911349792
default,full,LDA,0.1221001221001221,0.519774011299435,0.03982976511872556,0.8118976911349792
default,full,LDA,0.12393162393162394,0.519774011299435,0.03880962188268055,0.8118976911349792
default,full,LDA,0.12393162393162394,0.5254237288135594,0.03878436724185257,0.8118976911349792
default,full,LDA,0.12408424908424909,0.5254237288135594,0.038606489048171565,0.8118976911349792
default,full,LDA,0.12408424908424909,0.5310734463276836,0.038571066298389,0.8118976911349792
default,full,LDA,0.1253052503052503,0.5310734463276836,0.03808312462568153,0.8118976911349792
default,full,LDA,0.1253052503052503,0.536723163841808,0.0380737999760273,0.8118976911349792
default,full,LDA,0.13537851037851037,0.536723163841808,0.033867303600103614,0.8118976911349792
default,full,LDA,0.13537851037851037,0.5423728813559322,0.033843617726340446,0.8118976911349792
default,full,LDA,0.1385836385836386,0.5423728813559322,0.03250684570601395,0.8118976911349792
default,full,LDA,0.1385836385836386,0.5480225988700564,0.032470155794855605,0.8118976911349792
default,full,LDA,0.14560439560439561,0.5480225988700564,0.03007147277231608,0.8118976911349792
default,full,LDA,0.14560439560439561,0.5536723163841808,0.0300486179817911,0.8118976911349792
default,full,LDA,0.1514041514041514,0.5536723163841808,0.02831918727683946,0.8118976911349792
default,full,LDA,0.1514041514041514,0.5649717514124294,0.028167717181442068,0.8118976911349792
default,full,LDA,0.1517094017094017,0.5649717514124294,0.027961601157515878,0.8118976911349792
default,full,LDA,0.1517094017094017,0.5706214689265536,0.0279159392491683,0.8118976911349792
default,full,LDA,0.15644078144078144,0.5706214689265536,0.02690550543586253,0.8118976911349792
default,full,LDA,0.15644078144078144,0.576271186440678,0.026901839260712684,0.8118976911349792
default,full,LDA,0.1572039072039072,0.576271186440678,0.026868987225500393,0.8118976911349792
default,full,LDA,0.1572039072039072,0.5819209039548022,0.026845747189868353,0.8118976911349792
default,full,LDA,0.1668192918192918,0.5819209039548022,0.024315692212772175,0.8118976911349792
default,full,LDA,0.1668192918192918,0.5875706214689266,0.024253373766653548,0.8118976911349792
default,full,LDA,0.16758241758241757,0.5875706214689266,0.02401762199075902,0.8118976911349792
default,full,LDA,0.16758241758241757,0.5932203389830508,0.023997794092526423,0.8118976911349792
default,full,LDA,0.17246642246642246,0.5932203389830508,0.02324414815578699,0.8118976911349792
default,full,LDA,0.17246642246642246,0.5988700564971752,0.023200612234289864,0.8118976911349792
default,full,LDA,0.1813186813186813,0.5988700564971752,0.021429064982922807,0.8118976911349792
default,full,LDA,0.1813186813186813,0.6045197740112994,0.021422802823861598,0.8118976911349792
default,full,LDA,0.18192918192918192,0.6045197740112994,0.021341295576725997,0.8118976911349792
default,full,LDA,0.18192918192918192,0.6101694915254238,0.02131802744952973,0.8118976911349792
default,full,LDA,0.18360805860805862,0.6101694915254238,0.020991984262150737,0.8118976911349792
default,full,LDA,0.18360805860805862,0.615819209039548,0.020971924590202296,0.8118976911349792
default,full,LDA,0.18437118437118438,0.615819209039548,0.020826313276234118,0.8118976911349792
default,full,LDA,0.18437118437118438,0.6214689265536724,0.0207995582824669,0.8118976911349792
default,full,LDA,0.18452380952380953,0.6214689265536724,0.02076422095339503,0.8118976911349792
default,full,LDA,0.18452380952380953,0.6271186440677966,0.020753114473717183,0.8118976911349792
default,full,LDA,0.18757631257631258,0.6271186440677966,0.02013362180494886,0.8118976911349792
default,full,LDA,0.18757631257631258,0.632768361581921,0.02013219708597643,0.8118976911349792
default,full,LDA,0.18956043956043955,0.632768361581921,0.0198098466138555,0.8118976911349792
default,full,LDA,0.18956043956043955,0.6384180790960452,0.019743999297750135,0.8118976911349792
default,full,LDA,0.190018315018315,0.6384180790960452,0.01969645540902621,0.8118976911349792
default,full,LDA,0.190018315018315,0.6440677966101694,0.01968189191092193,0.8118976911349792
default,full,LDA,0.19139194139194138,0.6440677966101694,0.019447774380753596,0.8118976911349792
default,full,LDA,0.19139194139194138,0.6497175141242938,0.019387321445739347,0.8118976911349792
default,full,LDA,0.19154456654456656,0.6497175141242938,0.019345705208734448,0.8118976911349792
default,full,LDA,0.19154456654456656,0.655367231638418,0.019268577792886873,0.8118976911349792
default,full,LDA,0.19215506715506717,0.655367231638418,0.01917570950724786,0.8118976911349792
default,full,LDA,0.19215506715506717,0.6610169491525424,0.019150954217080445,0.8118976911349792
default,full,LDA,0.19826007326007325,0.6610169491525424,0.01834832865090933,0.8118976911349792
default,full,LDA,0.19826007326007325,0.6666666666666666,0.01832001810620686,0.8118976911349792
default,full,LDA,0.19917582417582416,0.6666666666666666,0.01821178169932865,0.8118976911349792
default,full,LDA,0.19917582417582416,0.672316384180791,0.018188297840665127,0.8118976911349792
default,full,LDA,0.2045177045177045,0.672316384180791,0.01750947433062507,0.8118976911349792
default,full,LDA,0.2045177045177045,0.6779661016949152,0.017478787442973605,0.8118976911349792
default,full,LDA,0.20665445665445664,0.6779661016949152,0.017212995377090052,0.8118976911349792
default,full,LDA,0.20665445665445664,0.6836158192090396,0.017149104581994604,0.8118976911349792
default,full,LDA,0.20924908424908426,0.6836158192090396,0.016730977547383345,0.8118976911349792
default,full,LDA,0.20924908424908426,0.6892655367231638,0.01671598408100993,0.8118976911349792
default,full,LDA,0.2126068376068376,0.6892655367231638,0.016265145590856747,0.8118976911349792
default,full,LDA,0.2126068376068376,0.6949152542372882,0.01624993138780963,0.8118976911349792
default,full,LDA,0.21886446886446886,0.6949152542372882,0.015376565616605373,0.8118976911349792
default,full,LDA,0.21886446886446886,0.7005649717514124,0.015293895062364156,0.8118976911349792
default,full,LDA,0.21932234432234432,0.7005649717514124,0.01526198579056406,0.8118976911349792
default,full,LDA,0.21932234432234432,0.7062146892655368,0.015254258043006492,0.8118976911349792
default,full,LDA,0.22512210012210013,0.7062146892655368,0.014571918860565077,0.8118976911349792
default,full,LDA,0.22512210012210013,0.7175141242937854,0.01455132365288243,0.8118976911349792
default,full,LDA,0.23122710622710624,0.7175141242937854,0.013966033661936637,0.8118976911349792
default,full,LDA,0.23122710622710624,0.7231638418079096,0.013951762321729304,0.8118976911349792
default,full,LDA,0.23305860805860806,0.7231638418079096,0.013849743763641491,0.8118976911349792
default,full,LDA,0.23305860805860806,0.7288135593220338,0.01384905225826493,0.8118976911349792
default,full,LDA,0.23458485958485958,0.7288135593220338,0.013695951868034045,0.8118976911349792
default,full,LDA,0.23458485958485958,0.7344632768361582,0.013690253208373878,0.8118976911349792
default,full,LDA,0.24923687423687424,0.7344632768361582,0.012450939773133652,0.8118976911349792
default,full,LDA,0.24923687423687424,0.7401129943502824,0.0124306441468367,0.8118976911349792
default,full,LDA,0.2553418803418803,0.7401129943502824,0.011956402264539397,0.8118976911349792
default,full,LDA,0.2553418803418803,0.7457627118644068,0.011950878263344077,0.8118976911349792
default,full,LDA,0.257020757020757,0.7457627118644068,0.011825560665638465,0.8118976911349792
default,full,LDA,0.257020757020757,0.751412429378531,0.011785095736103016,0.8118976911349792
default,full,LDA,0.268009768009768,0.751412429378531,0.01092301692091181,0.8118976911349792
default,full,LDA,0.268009768009768,0.7570621468926554,0.010921367100996872,0.8118976911349792
default,full,LDA,0.2767094017094017,0.7570621468926554,0.0102896477468673,0.8118976911349792
default,full,LDA,0.2767094017094017,0.7627118644067796,0.010283600505685934,0.8118976911349792
default,full,LDA,0.2838827838827839,0.7627118644067796,0.009850318212469206,0.8118976911349792
default,full,LDA,0.2838827838827839,0.768361581920904,0.009842065503132904,0.8118976911349792
default,full,LDA,0.2902930402930403,0.768361581920904,0.009410040759676976,0.8118976911349792
default,full,LDA,0.2902930402930403,0.7740112994350282,0.009408947063177624,0.8118976911349792
default,full,LDA,0.2963980463980464,0.7740112994350282,0.009023911492829086,0.8118976911349792
default,full,LDA,0.2963980463980464,0.7796610169491526,0.00902030963907052,0.8118976911349792
default,full,LDA,0.30387667887667885,0.7796610169491526,0.008633084213176066,0.8118976911349792
default,full,LDA,0.30387667887667885,0.7853107344632768,0.008631593260805847,0.8118976911349792
default,full,LDA,0.3043345543345543,0.7853107344632768,0.00861772674875817,0.8118976911349792
default,full,LDA,0.3043345543345543,0.7909604519774012,0.008611935320831208,0.8118976911349792
default,full,LDA,0.31578144078144077,0.7909604519774012,0.008080367741604805,0.8118976911349792
default,full,LDA,0.31578144078144077,0.7966101694915254,0.008075938209128889,0.8118976911349792
default,full,LDA,0.3228021978021978,0.7966101694915254,0.007725724156201495,0.8118976911349792
default,full,LDA,0.3228021978021978,0.8022598870056498,0.007710450424008949,0.8118976911349792
default,full,LDA,0.32646520146520147,0.8022598870056498,0.007576838096575432,0.8118976911349792
default,full,LDA,0.32646520146520147,0.807909604519774,0.007561205991990783,0.8118976911349792
default,full,LDA,0.3453907203907204,0.807909604519774,0.006662872836456568,0.8118976911349792
default,full,LDA,0.3453907203907204,0.8135593220338984,0.006657740689363185,0.8118976911349792
default,full,LDA,0.351953601953602,0.8135593220338984,0.006423915191751726,0.8118976911349792
default,full,LDA,0.351953601953602,0.8192090395480226,0.0064206615485472825,0.8118976911349792
default,full,LDA,0.35561660561660563,0.8192090395480226,0.006293946452877655,0.8118976911349792
default,full,LDA,0.35561660561660563,0.8248587570621468,0.006286095735818525,0.8118976911349792
default,full,LDA,0.3566849816849817,0.8248587570621468,0.006246372058939669,0.8118976911349792
default,full,LDA,0.3566849816849817,0.8305084745762712,0.006238832022966452,0.8118976911349792
default,full,LDA,0.37515262515262515,0.8305084745762712,0.00563936723993009,0.8118976911349792
default,full,LDA,0.37515262515262515,0.8361581920903954,0.00563844385457632,0.8118976911349792
default,full,LDA,0.3803418803418803,0.8361581920903954,0.005508463713708532,0.8118976911349792
default,full,LDA,0.3803418803418803,0.8418079096045198,0.00550439696254334,0.8118976911349792
default,full,LDA,0.38904151404151405,0.8418079096045198,0.005297971657484358,0.8118976911349792
default,full,LDA,0.38904151404151405,0.847457627118644,0.005294171238338289,0.8118976911349792
default,full,LDA,0.3998778998778999,0.847457627118644,0.004992185486398486,0.8118976911349792
default,full,LDA,0.3998778998778999,0.8531073446327684,0.004989484984658632,0.8118976911349792
default,full,LDA,0.4084249084249084,0.8531073446327684,0.0047520691685394014,0.8118976911349792
default,full,LDA,0.4084249084249084,0.8587570621468926,0.004750856191471065,0.8118976911349792
default,full,LDA,0.41239316239316237,0.8587570621468926,0.004665495257455275,0.8118976911349792
default,full,LDA,0.41239316239316237,0.864406779661017,0.0046609529588742754,0.8118976911349792
default,full,LDA,0.4139194139194139,0.864406779661017,0.004613458228958964,0.8118976911349792
default,full,LDA,0.4139194139194139,0.8700564971751412,0.004609962234194818,0.8118976911349792
default,full,LDA,0.41620879120879123,0.8700564971751412,0.004506686807718456,0.8118976911349792
default,full,LDA,0.41620879120879123,0.8757062146892656,0.004505275255684415,0.8118976911349792
default,full,LDA,0.4300976800976801,0.8757062146892656,0.0042006885981181975,0.8118976911349792
default,full,LDA,0.4300976800976801,0.8813559322033898,0.004199880773122594,0.8118976911349792
default,full,LDA,0.43925518925518925,0.8813559322033898,0.004005362374780702,0.8118976911349792
default,full,LDA,0.43925518925518925,0.8870056497175142,0.004000882737168587,0.8118976911349792
default,full,LDA,0.4532967032967033,0.8870056497175142,0.0037198519798025648,0.8118976911349792
default,full,LDA,0.4532967032967033,0.8926553672316384,0.0037158939724679886,0.8118976911349792
default,full,LDA,0.45848595848595847,0.8926553672316384,0.003619152780515896,0.8118976911349792
default,full,LDA,0.45848595848595847,0.8983050847457628,0.003618614437779403,0.8118976911349792
default,full,LDA,0.4589438339438339,0.8983050847457628,0.0036102437273328922,0.8118976911349792
default,full,LDA,0.4589438339438339,0.903954802259887,0.003609788838253625,0.8118976911349792
default,full,LDA,0.47145909645909645,0.903954802259887,0.0033739788583149006,0.8118976911349792
default,full,LDA,0.47145909645909645,0.9096045197740112,0.0033734818213314497,0.8118976911349792
default,full,LDA,0.49725274725274726,0.9096045197740112,0.0029528486101960986,0.8118976911349792
default,full,LDA,0.49725274725274726,0.9152542372881356,0.0029520615034266517,0.8118976911349792
default,full,LDA,0.514041514041514,0.9152542372881356,0.002701708586041343,0.8118976911349792
default,full,LDA,0.514041514041514,0.9209039548022598,0.0026988055282905063,0.8118976911349792
default,full,LDA,0.5227411477411478,0.9209039548022598,0.00257877521494875,0.8118976911349792
default,full,LDA,0.5227411477411478,0.9265536723163842,0.0025749248137635736,0.8118976911349792
default,full,LDA,0.5486874236874237,0.9265536723163842,0.0022448002422542864,0.8118976911349792
default,full,LDA,0.5486874236874237,0.9322033898305084,0.0022400506990410854,0.8118976911349792
default,full,LDA,0.5949328449328449,0.9322033898305084,0.0017904726875832794,0.8118976911349792
default,full,LDA,0.5949328449328449,0.9378531073446328,0.0017902752499953402,0.8118976911349792
default,full,LDA,0.6033272283272283,0.9378531073446328,0.0017113141024159464,0.8118976911349792
default,full,LDA,0.6033272283272283,0.943502824858757,0.0017111057792251775,0.8118976911349792
default,full,LDA,0.614010989010989,0.943502824858757,0.001630765841571523,0.8118976911349792
default,full,LDA,0.614010989010989,0.9491525423728814,0.001624795139765572,0.8118976911349792
default,full,LDA,0.6205738705738706,0.9491525423728814,0.0015619015568784735,0.8118976911349792
default,full,LDA,0.6205738705738706,0.9548022598870056,0.001561520162188587,0.8118976911349792
default,full,LDA,0.6544566544566545,0.9548022598870056,0.0013003667424655448,0.8118976911349792
default,full,LDA,0.6544566544566545,0.96045197740113,0.0012991977493469957,0.8118976911349792
default,full,LDA,0.6961233211233211,0.96045197740113,0.001040247414836852,0.8118976911349792
default,full,LDA,0.6961233211233211,0.9661016949152542,0.0010391804471462894,0.8118976911349792
default,full,LDA,0.6987179487179487,0.9661016949152542,0.001021528280669661,0.8118976911349792
default,full,LDA,0.6987179487179487,0.9717514124293786,0.0010210890119270676,0.8118976911349792
default,full,LDA,0.7258852258852259,0.9717514124293786,0.0008654068544559035,0.8118976911349792
default,full,LDA,0.7258852258852259,0.9774011299435028,0.0008642257714124423,0.8118976911349792
default,full,LDA,0.7297008547008547,0.9774011299435028,0.000839770304931155,0.8118976911349792
default,full,LDA,0.7297008547008547,0.9830508474576272,0.0008393342139812192,0.8118976911349792
default,full,LDA,0.7458791208791209,0.9830508474576272,0.0007686261803081481,0.8118976911349792
default,full,LDA,0.7458791208791209,0.9887005649717514,0.0007685835097830456,0.8118976911349792
default,full,LDA,0.7982295482295483,0.9887005649717514,0.0005671827950991126,0.8118976911349792
default,full,LDA,0.7982295482295483,0.9943502824858758,0.0005670981024530102,0.8118976911349792
default,full,LDA,0.8672161172161172,0.9943502824858758,0.0003330701416740085,0.8118976911349792
default,full,LDA,0.8672161172161172,1.0,0.0003329767749535752,0.8118976911349792
default,full,LDA,1.0,1.0,5.24726894930002e-07,0.8118976911349792
default,full,KNN,0.0,0.0,inf,0.6820399860654098
default,full,KNN,0.00015262515262515263,0.0,0.4,0.6820399860654098
default,full,KNN,0.0006105006105006105,0.0,0.3333333333333333,0.6820399860654098
default,full,KNN,0.004426129426129426,0.022598870056497175,0.26666666666666666,0.6820399860654098
default,full,KNN,0.016330891330891332,0.07344632768361582,0.2,0.6820399860654098
default,full,KNN,0.06318681318681318,0.2711864406779661,0.13333333333333333,0.6820399860654098
default,full,KNN,0.24877899877899878,0.5819209039548022,0.06666666666666667,0.6820399860654098
default,full,KNN,1.0,1.0,0.0,0.6820399860654098
default,full,SVM (RBF),0.0,0.0,inf,0.8314518187399544
default,full,SVM (RBF),0.00015262515262515263,0.0,0.5784738214588686,0.8314518187399544
default,full,SVM (RBF),0.001221001221001221,0.0,0.40644679898674557,0.8314518187399544
default,full,SVM (RBF),0.001221001221001221,0.005649717514124294,0.4062866196093609,0.8314518187399544
default,full,SVM (RBF),0.002136752136752137,0.005649717514124294,0.3590295683191217,0.8314518187399544
default,full,SVM (RBF),0.002136752136752137,0.011299435028248588,0.3523441247979589,0.8314518187399544
default,full,SVM (RBF),0.002442002442002442,0.011299435028248588,0.3426000157350752,0.8314518187399544
default,full,SVM (RBF),0.002442002442002442,0.01694915254237288,0.34199596688951905,0.8314518187399544
default,full,SVM (RBF),0.0025946275946275945,0.01694915254237288,0.33682780799657336,0.8314518187399544
default,full,SVM (RBF),0.0025946275946275945,0.022598870056497175,0.3317630693027941,0.8314518187399544
default,full,SVM (RBF),0.0027472527472527475,0.022598870056497175,0.32838181423845886,0.8314518187399544
default,full,SVM (RBF),0.0027472527472527475,0.02824858757062147,0.3161719588874322,0.8314518187399544
default,full,SVM (RBF),0.0028998778998779,0.02824858757062147,0.31380532048983123,0.8314518187399544
default,full,SVM (RBF),0.0028998778998779,0.03389830508474576,0.30224148754397645,0.8314518187399544
default,full,SVM (RBF),0.0030525030525030525,0.03389830508474576,0.2963971085418091,0.8314518187399544
default,full,SVM (RBF),0.0030525030525030525,0.04519774011299435,0.2928198014228443,0.8314518187399544
default,full,SVM (RBF),0.004426129426129426,0.04519774011299435,0.2735932241224357,0.8314518187399544
default,full,SVM (RBF),0.004426129426129426,0.05084745762711865,0.26765149532337784,0.8314518187399544
default,full,SVM (RBF),0.004731379731379731,0.05084745762711865,0.2655858338006259,0.8314518187399544
default,full,SVM (RBF),0.004731379731379731,0.05649717514124294,0.25499669315923956,0.8314518187399544
default,full,SVM (RBF),0.005189255189255189,0.05649717514124294,0.25239205431296996,0.8314518187399544
default,full,SVM (RBF),0.005189255189255189,0.062146892655367235,0.25215085372853346,0.8314518187399544
default,full,SVM (RBF),0.005494505494505495,0.062146892655367235,0.2502844550362113,0.8314518187399544
default,full,SVM (RBF),0.005494505494505495,0.06779661016949153,0.2429634977077865,0.8314518187399544
default,full,SVM (RBF),0.006868131868131868,0.06779661016949153,0.23115150210909668,0.8314518187399544
default,full,SVM (RBF),0.006868131868131868,0.07909604519774012,0.22943405678348625,0.8314518187399544
default,full,SVM (RBF),0.007478632478632479,0.07909604519774012,0.22339656760555957,0.8314518187399544
default,full,SVM (RBF),0.007478632478632479,0.0847457627118644,0.2199978980681732,0.8314518187399544
default,full,SVM (RBF),0.008547008547008548,0.0847457627118644,0.20944513325477995,0.8314518187399544
default,full,SVM (RBF),0.008547008547008548,0.0903954802259887,0.2079717453286449,0.8314518187399544
default,full,SVM (RBF),0.00992063492063492,0.0903954802259887,0.19530724622729506,0.8314518187399544
default,full,SVM (RBF),0.00992063492063492,0.096045197740113,0.19447873440146604,0.8314518187399544
default,full,SVM (RBF),0.011446886446886446,0.096045197740113,0.18795162549745367,0.8314518187399544
default,full,SVM (RBF),0.011446886446886446,0.1016949152542373,0.1878162664352616,0.8314518187399544
default,full,SVM (RBF),0.01282051282051282,0.1016949152542373,0.1833845366121729,0.8314518187399544
default,full,SVM (RBF),0.01282051282051282,0.10734463276836158,0.1814028848293424,0.8314518187399544
default,full,SVM (RBF),0.012973137973137974,0.10734463276836158,0.18105184441305477,0.8314518187399544
default,full,SVM (RBF),0.012973137973137974,0.11299435028248588,0.1805215371099436,0.8314518187399544
default,full,SVM (RBF),0.013736263736263736,0.11299435028248588,0.17645952893028088,0.8314518187399544
default,full,SVM (RBF),0.013736263736263736,0.11864406779661017,0.17521332438304701,0.8314518187399544
default,full,SVM (RBF),0.014041514041514042,0.11864406779661017,0.17299658924567937,0.8314518187399544
default,full,SVM (RBF),0.014041514041514042,0.12429378531073447,0.17276174763912525,0.8314518187399544
default,full,SVM (RBF),0.0173992673992674,0.12429378531073447,0.1603301210892202,0.8314518187399544
default,full,SVM (RBF),0.0173992673992674,0.13559322033898305,0.16021925903901882,0.8314518187399544
default,full,SVM (RBF),0.018009768009768008,0.13559322033898305,0.1577364932773161,0.8314518187399544
default,full,SVM (RBF),0.018009768009768008,0.14124293785310735,0.15757653085925127,0.8314518187399544
default,full,SVM (RBF),0.01862026862026862,0.14124293785310735,0.15553056572211688,0.8314518187399544
default,full,SVM (RBF),0.01862026862026862,0.14689265536723164,0.15552192927202166,0.8314518187399544
default,full,SVM (RBF),0.024725274725274724,0.14689265536723164,0.13816803125258273,0.8314518187399544
default,full,SVM (RBF),0.024725274725274724,0.15819209039548024,0.13668375400875465,0.8314518187399544
default,full,SVM (RBF),0.025946275946275948,0.15819209039548024,0.1323023540590582,0.8314518187399544
default,full,SVM (RBF),0.025946275946275948,0.1694915254237288,0.13149907053773957,0.8314518187399544
default,full,SVM (RBF),0.027625152625152624,0.1694915254237288,0.12737621506481478,0.8314518187399544
default,full,SVM (RBF),0.027625152625152624,0.1751412429378531,0.12655817980763395,0.8314518187399544
default,full,SVM (RBF),0.028388278388278388,0.1751412429378531,0.12581729391419808,0.8314518187399544
default,full,SVM (RBF),0.028388278388278388,0.1864406779661017,0.12488185651289314,0.8314518187399544
default,full,SVM (RBF),0.029151404151404152,0.1864406779661017,0.12305980277851256,0.8314518187399544
default,full,SVM (RBF),0.029151404151404152,0.192090395480226,0.12186542525396153,0.8314518187399544
default,full,SVM (RBF),0.031746031746031744,0.192090395480226,0.11909365387167183,0.8314518187399544
default,full,SVM (RBF),0.031746031746031744,0.1977401129943503,0.1187270452973994,0.8314518187399544
default,full,SVM (RBF),0.033424908424908424,0.1977401129943503,0.11525627280864269,0.8314518187399544
default,full,SVM (RBF),0.033424908424908424,0.2033898305084746,0.11523212688495936,0.8314518187399544
default,full,SVM (RBF),0.03373015873015873,0.2033898305084746,0.1150768115570465,0.8314518187399544
default,full,SVM (RBF),0.03373015873015873,0.20903954802259886,0.1149999162211416,0.8314518187399544
default,full,SVM (RBF),0.03647741147741148,0.20903954802259886,0.11101972746512953,0.8314518187399544
default,full,SVM (RBF),0.03647741147741148,0.21468926553672316,0.1108460948595723,0.8314518187399544
default,full,SVM (RBF),0.03830891330891331,0.21468926553672316,0.10816465976102241,0.8314518187399544
default,full,SVM (RBF),0.03830891330891331,0.22598870056497175,0.10795843906737303,0.8314518187399544
default,full,SVM (RBF),0.038461538461538464,0.22598870056497175,0.10731181727316541,0.8314518187399544
default,full,SVM (RBF),0.038461538461538464,0.23163841807909605,0.10711190164945734,0.8314518187399544
default,full,SVM (RBF),0.040140415140415144,0.23163841807909605,0.10590882773196184,0.8314518187399544
default,full,SVM (RBF),0.040140415140415144,0.23728813559322035,0.10581786902922317,0.8314518187399544
default,full,SVM (RBF),0.040293040293040296,0.23728813559322035,0.10531694829912316,0.8314518187399544
default,full,SVM (RBF),0.040293040293040296,0.24293785310734464,0.10530943604156409,0.8314518187399544
default,full,SVM (RBF),0.040903540903540904,0.24293785310734464,0.10455819296897718,0.8314518187399544
default,full,SVM (RBF),0.040903540903540904,0.24858757062146894,0.10455199652044277,0.8314518187399544
default,full,SVM (RBF),0.043345543345543344,0.24858757062146894,0.10065770265078552,0.8314518187399544
default,full,SVM (RBF),0.043345543345543344,0.2598870056497175,0.10041677728794383,0.8314518187399544
default,full,SVM (RBF),0.04700854700854701,0.2598870056497175,0.09603607013356352,0.8314518187399544
default,full,SVM (RBF),0.04700854700854701,0.2655367231638418,0.09593553105880205,0.8314518187399544
default,full,SVM (RBF),0.047619047619047616,0.2655367231638418,0.09514886470803983,0.8314518187399544
default,full,SVM (RBF),0.047619047619047616,0.2768361581920904,0.0947231279057541,0.8314518187399544
default,full,SVM (RBF),0.04899267399267399,0.2768361581920904,0.09276601247582489,0.8314518187399544
default,full,SVM (RBF),0.04899267399267399,0.2824858757062147,0.09210839273173535,0.8314518187399544
default,full,SVM (RBF),0.04975579975579975,0.2824858757062147,0.09164589597665533,0.8314518187399544
default,full,SVM (RBF),0.04975579975579975,0.288135593220339,0.09158441738911392,0.8314518187399544
default,full,SVM (RBF),0.04990842490842491,0.288135593220339,0.09153080335316753,0.8314518187399544
default,full,SVM (RBF),0.04990842490842491,0.2937853107344633,0.09147096356929252,0.8314518187399544
default,full,SVM (RBF),0.05067155067155067,0.2937853107344633,0.09035190795663028,0.8314518187399544
default,full,SVM (RBF),0.05067155067155067,0.2994350282485876,0.09035178249509636,0.8314518187399544
default,full,SVM (RBF),0.050976800976800976,0.2994350282485876,0.09022233422459551,0.8314518187399544
default,full,SVM (RBF),0.050976800976800976,0.3050847457627119,0.09021305159896874,0.8314518187399544
default,full,SVM (RBF),0.051892551892551896,0.3050847457627119,0.0891208239998832,0.8314518187399544
default,full,SVM (RBF),0.051892551892551896,0.3163841807909605,0.08873618268562837,0.8314518187399544
default,full,SVM (RBF),0.0521978021978022,0.3163841807909605,0.08818606123073565,0.8314518187399544
default,full,SVM (RBF),0.0521978021978022,0.327683615819209,0.08806142419245692,0.8314518187399544
default,full,SVM (RBF),0.05448717948717949,0.327683615819209,0.0864931828970646,0.8314518187399544
default,full,SVM (RBF),0.05448717948717949,0.3333333333333333,0.08631251275960546,0.8314518187399544
default,full,SVM (RBF),0.05631868131868132,0.3333333333333333,0.08457690154292724,0.8314518187399544
default,full,SVM (RBF),0.05631868131868132,0.3389830508474576,0.08453536432425318,0.8314518187399544
default,full,SVM (RBF),0.05723443223443223,0.3389830508474576,0.084122328684755,0.8314518187399544
default,full,SVM (RBF),0.05723443223443223,0.3446327683615819,0.08406281775586134,0.8314518187399544
default,full,SVM (RBF),0.059981684981684984,0.3446327683615819,0.08214738872446216,0.8314518187399544
default,full,SVM (RBF),0.059981684981684984,0.3502824858757062,0.08213997205346313,0.8314518187399544
default,full,SVM (RBF),0.060744810744810744,0.3502824858757062,0.08170851519411584,0.8314518187399544
default,full,SVM (RBF),0.060744810744810744,0.3559322033898305,0.08157684164819211,0.8314518187399544
default,full,SVM (RBF),0.06379731379731379,0.3559322033898305,0.07971676575701281,0.8314518187399544
default,full,SVM (RBF),0.06379731379731379,0.3615819209039548,0.07962107641654502,0.8314518187399544
default,full,SVM (RBF),0.06425518925518925,0.3615819209039548,0.07883061553906612,0.8314518187399544
default,full,SVM (RBF),0.06425518925518925,0.3672316384180791,0.07870094331682394,0.8314518187399544
default,full,SVM (RBF),0.06532356532356533,0.3672316384180791,0.07722065211146807,0.8314518187399544
default,full,SVM (RBF),0.06532356532356533,0.3728813559322034,0.0771693652687317,0.8314518187399544
default,full,SVM (RBF),0.06547619047619048,0.3728813559322034,0.07714043954242114,0.8314518187399544
default,full,SVM (RBF),0.06547619047619048,0.384180790960452,0.07701746957045323,0.8314518187399544
default,full,SVM (RBF),0.067002442002442,0.384180790960452,0.07652979138135116,0.8314518187399544
default,full,SVM (RBF),0.067002442002442,0.3898305084745763,0.07629597533201166,0.8314518187399544
default,full,SVM (RBF),0.07203907203907203,0.3898305084745763,0.07407971218183274,0.8314518187399544
default,full,SVM (RBF),0.07203907203907203,0.3954802259887006,0.07403737872213453,0.8314518187399544
default,full,SVM (RBF),0.07356532356532357,0.3954802259887006,0.07341592578962759,0.8314518187399544
default,full,SVM (RBF),0.07356532356532357,0.4011299435028249,0.07325172070738234,0.8314518187399544
default,full,SVM (RBF),0.07539682539682539,0.4011299435028249,0.07191363621022469,0.8314518187399544
default,full,SVM (RBF),0.07539682539682539,0.4067796610169492,0.07190753829979718,0.8314518187399544
default,full,SVM (RBF),0.07844932844932845,0.4067796610169492,0.06986337693150292,0.8314518187399544
default,full,SVM (RBF),0.07844932844932845,0.4124293785310734,0.06957319435950864,0.8314518187399544
default,full,SVM (RBF),0.07997557997557997,0.4124293785310734,0.06858087877694978,0.8314518187399544
default,full,SVM (RBF),0.07997557997557997,0.4180790960451977,0.06857073880694778,0.8314518187399544
default,full,SVM (RBF),0.08058608058608059,0.4180790960451977,0.06822560766284745,0.8314518187399544
default,full,SVM (RBF),0.08058608058608059,0.423728813559322,0.06822060577684295,0.8314518187399544
default,full,SVM (RBF),0.08241758241758242,0.423728813559322,0.06699877312679263,0.8314518187399544
default,full,SVM (RBF),0.08241758241758242,0.4293785310734463,0.06695868229623243,0.8314518187399544
default,full,SVM (RBF),0.08501221001221002,0.4293785310734463,0.06528493321776642,0.8314518187399544
default,full,SVM (RBF),0.08501221001221002,0.4406779661016949,0.0652186395617288,0.8314518187399544
default,full,SVM (RBF),0.08562271062271062,0.4406779661016949,0.06473791277636985,0.8314518187399544
default,full,SVM (RBF),0.08562271062271062,0.4463276836158192,0.0647111442976375,0.8314518187399544
default,full,SVM (RBF),0.08959096459096459,0.4463276836158192,0.06202890858609652,0.8314518187399544
default,full,SVM (RBF),0.08959096459096459,0.4519774011299435,0.061998119980514826,0.8314518187399544
default,full,SVM (RBF),0.09065934065934066,0.4519774011299435,0.06171853940536791,0.8314518187399544
default,full,SVM (RBF),0.09065934065934066,0.4576271186440678,0.06170513277927788,0.8314518187399544
default,full,SVM (RBF),0.09157509157509157,0.4576271186440678,0.06157796000663838,0.8314518187399544
default,full,SVM (RBF),0.09157509157509157,0.4632768361581921,0.06154904824823142,0.8314518187399544
default,full,SVM (RBF),0.09355921855921856,0.4632768361581921,0.06126408217837064,0.8314518187399544
default,full,SVM (RBF),0.09355921855921856,0.4689265536723164,0.0611955134225117,0.8314518187399544
default,full,SVM (RBF),0.09447496947496947,0.4689265536723164,0.06092468202869025,0.8314518187399544
default,full,SVM (RBF),0.09447496947496947,0.4745762711864407,0.0608576217696131,0.8314518187399544
default,full,SVM (RBF),0.09966422466422467,0.4745762711864407,0.059748547843096037,0.8314518187399544
default,full,SVM (RBF),0.09966422466422467,0.480225988700565,0.059712489129072684,0.8314518187399544
default,full,SVM (RBF),0.10592185592185592,0.480225988700565,0.05736394707097332,0.8314518187399544
default,full,SVM (RBF),0.10592185592185592,0.4858757062146893,0.05735996854165345,0.8314518187399544
default,full,SVM (RBF),0.10973748473748474,0.4858757062146893,0.055918764980530826,0.8314518187399544
default,full,SVM (RBF),0.10973748473748474,0.4915254237288136,0.055907351664106965,0.8314518187399544
default,full,SVM (RBF),0.11004273504273504,0.4915254237288136,0.055889811299347336,0.8314518187399544
default,full,SVM (RBF),0.11004273504273504,0.5028248587570622,0.05582911194183608,0.8314518187399544
default,full,SVM (RBF),0.1105006105006105,0.5028248587570622,0.055552049014046236,0.8314518187399544
default,full,SVM (RBF),0.1105006105006105,0.5084745762711864,0.05546181843202416,0.8314518187399544
default,full,SVM (RBF),0.11187423687423688,0.5084745762711864,0.055088101046044,0.8314518187399544
default,full,SVM (RBF),0.11187423687423688,0.5141242937853108,0.05506236699409654,0.8314518187399544
default,full,SVM (RBF),0.11278998778998779,0.5141242937853108,0.05474842615766595,0.8314518187399544
default,full,SVM (RBF),0.11278998778998779,0.519774011299435,0.054746189852706136,0.8314518187399544
default,full,SVM (RBF),0.11446886446886446,0.519774011299435,0.053932423654451146,0.8314518187399544
default,full,SVM (RBF),0.11446886446886446,0.5254237288135594,0.05390723668143318,0.8314518187399544
default,full,SVM (RBF),0.11752136752136752,0.5254237288135594,0.05290974774377089,0.8314518187399544
default,full,SVM (RBF),0.11752136752136752,0.5310734463276836,0.05290708176481624,0.8314518187399544
default,full,SVM (RBF),0.11858974358974358,0.5310734463276836,0.05276714215113508,0.8314518187399544
default,full,SVM (RBF),0.11858974358974358,0.536723163841808,0.05269090316533652,0.8314518187399544
default,full,SVM (RBF),0.12225274725274725,0.536723163841808,0.0513601983573488,0.8314518187399544
default,full,SVM (RBF),0.12225274725274725,0.5423728813559322,0.05135828015560858,0.8314518187399544
default,full,SVM (RBF),0.12423687423687424,0.5423728813559322,0.05072879330065342,0.8314518187399544
default,full,SVM (RBF),0.12423687423687424,0.5480225988700564,0.0503459533880956,0.8314518187399544
default,full,SVM (RBF),0.12438949938949939,0.5480225988700564,0.0503314848514265,0.8314518187399544
default,full,SVM (RBF),0.12438949938949939,0.5536723163841808,0.05030148266208386,0.8314518187399544
default,full,SVM (RBF),0.13003663003663005,0.5536723163841808,0.04869461955484197,0.8314518187399544
default,full,SVM (RBF),0.13003663003663005,0.559322033898305,0.048653893321107124,0.8314518187399544
default,full,SVM (RBF),0.13232600732600733,0.559322033898305,0.04774366022394873,0.8314518187399544
default,full,SVM (RBF),0.13232600732600733,0.5649717514124294,0.047602807708341965,0.8314518187399544
default,full,SVM (RBF),0.13476800976800976,0.5649717514124294,0.04695968651794888,0.8314518187399544
default,full,SVM (RBF),0.13476800976800976,0.5706214689265536,0.046840904764577695,0.8314518187399544
default,full,SVM (RBF),0.13751526251526253,0.5706214689265536,0.04606760765490435,0.8314518187399544
default,full,SVM (RBF),0.13751526251526253,0.576271186440678,0.04605232134924857,0.8314518187399544
default,full,SVM (RBF),0.14117826617826618,0.576271186440678,0.04506742416669536,0.8314518187399544
default,full,SVM (RBF),0.14117826617826618,0.5819209039548022,0.04499744714471124,0.8314518187399544
default,full,SVM (RBF),0.14194139194139194,0.5819209039548022,0.044895373031208476,0.8314518187399544
default,full,SVM (RBF),0.14194139194139194,0.5875706214689266,0.04480951440887059,0.8314518187399544
default,full,SVM (RBF),0.14514652014652016,0.5875706214689266,0.044217945834239325,0.8314518187399544
default,full,SVM (RBF),0.14514652014652016,0.5932203389830508,0.04417683936945014,0.8314518187399544
default,full,SVM (RBF),0.14942002442002442,0.5932203389830508,0.042849954045264045,0.8314518187399544
default,full,SVM (RBF),0.14942002442002442,0.5988700564971752,0.04283264939856859,0.8314518187399544
default,full,SVM (RBF),0.15445665445665446,0.5988700564971752,0.04181265420154965,0.8314518187399544
default,full,SVM (RBF),0.15445665445665446,0.6045197740112994,0.0417969803489488,0.8314518187399544
default,full,SVM (RBF),0.1572039072039072,0.6045197740112994,0.04125342120094556,0.8314518187399544
default,full,SVM (RBF),0.1572039072039072,0.6101694915254238,0.041224552812688955,0.8314518187399544
default,full,SVM (RBF),0.1633089133089133,0.6101694915254238,0.04011555177703808,0.8314518187399544
default,full,SVM (RBF),0.1633089133089133,0.615819209039548,0.04010703672990169,0.8314518187399544
default,full,SVM (RBF),0.16697191697191696,0.615819209039548,0.03915215804568056,0.8314518187399544
default,full,SVM (RBF),0.16697191697191696,0.6214689265536724,0.03912558938147424,0.8314518187399544
default,full,SVM (RBF),0.1752136752136752,0.6214689265536724,0.037968625917570956,0.8314518187399544
default,full,SVM (RBF),0.1752136752136752,0.6271186440677966,0.03795000213492641,0.8314518187399544
default,full,SVM (RBF),0.17780830280830281,0.6271186440677966,0.03733826603087083,0.8314518187399544
default,full,SVM (RBF),0.17780830280830281,0.632768361581921,0.03732527422415611,0.8314518187399544
default,full,SVM (RBF),0.18253968253968253,0.632768361581921,0.03652259727237541,0.8314518187399544
default,full,SVM (RBF),0.18253968253968253,0.6384180790960452,0.03651151499133126,0.8314518187399544
default,full,SVM (RBF),0.1846764346764347,0.6384180790960452,0.03617237182328942,0.8314518187399544
default,full,SVM (RBF),0.1846764346764347,0.6440677966101694,0.036085133801495244,0.8314518187399544
default,full,SVM (RBF),0.1865079365079365,0.6440677966101694,0.03594472492474308,0.8314518187399544
default,full,SVM (RBF),0.1865079365079365,0.6497175141242938,0.03593640155252972,0.8314518187399544
default,full,SVM (RBF),0.18696581196581197,0.6497175141242938,0.03585441320834857,0.8314518187399544
default,full,SVM (RBF),0.18696581196581197,0.655367231638418,0.035835370486558035,0.8314518187399544
default,full,SVM (RBF),0.18788156288156288,0.655367231638418,0.0356919405707742,0.8314518187399544
default,full,SVM (RBF),0.18788156288156288,0.6610169491525424,0.035682239123338635,0.8314518187399544
default,full,SVM (RBF),0.1891025641025641,0.6610169491525424,0.03557959804122913,0.8314518187399544
default,full,SVM (RBF),0.1891025641025641,0.6666666666666666,0.03554971573060232,0.8314518187399544
default,full,SVM (RBF),0.19917582417582416,0.6666666666666666,0.03420773606006937,0.8314518187399544
default,full,SVM (RBF),0.19917582417582416,0.672316384180791,0.03419950959017761,0.8314518187399544
default,full,SVM (RBF),0.20085470085470086,0.672316384180791,0.03404733422488363,0.8314518187399544
default,full,SVM (RBF),0.20085470085470086,0.6779661016949152,0.0339739791381718,0.8314518187399544
default,full,SVM (RBF),0.2026862026862027,0.6779661016949152,0.03365371865552008,0.8314518187399544
default,full,SVM (RBF),0.2026862026862027,0.6836158192090396,0.03364193441751138,0.8314518187399544
default,full,SVM (RBF),0.20634920634920634,0.6836158192090396,0.0331764520362801,0.8314518187399544
default,full,SVM (RBF),0.20634920634920634,0.6892655367231638,0.03315509371211967,0.8314518187399544
default,full,SVM (RBF),0.20863858363858365,0.6892655367231638,0.03287523338151584,0.8314518187399544
default,full,SVM (RBF),0.20863858363858365,0.6949152542372882,0.03283902011301387,0.8314518187399544
default,full,SVM (RBF),0.21047008547008547,0.6949152542372882,0.032578519199366475,0.8314518187399544
default,full,SVM (RBF),0.21047008547008547,0.7005649717514124,0.03256317217071909,0.8314518187399544
default,full,SVM (RBF),0.21657509157509158,0.7005649717514124,0.03159856271340469,0.8314518187399544
default,full,SVM (RBF),0.21657509157509158,0.7062146892655368,0.0315919982469857,0.8314518187399544
default,full,SVM (RBF),0.21764346764346765,0.7062146892655368,0.03146941530308977,0.8314518187399544
default,full,SVM (RBF),0.21764346764346765,0.711864406779661,0.031359643235826545,0.8314518187399544
default,full,SVM (RBF),0.22725885225885226,0.711864406779661,0.02999865424666739,0.8314518187399544
default,full,SVM (RBF),0.22725885225885226,0.7175141242937854,0.029995365489011234,0.8314518187399544
default,full,SVM (RBF),0.23153235653235654,0.7175141242937854,0.029466111674134467,0.8314518187399544
default,full,SVM (RBF),0.23153235653235654,0.7231638418079096,0.029463210064954306,0.8314518187399544
default,full,SVM (RBF),0.2512210012210012,0.7231638418079096,0.02745002131142948,0.8314518187399544
default,full,SVM (RBF),0.2512210012210012,0.7288135593220338,0.02741957816857803,0.8314518187399544
default,full,SVM (RBF),0.25778388278388276,0.7288135593220338,0.026749357885356678,0.8314518187399544
default,full,SVM (RBF),0.25778388278388276,0.7344632768361582,0.026737203794810798,0.8314518187399544
default,full,SVM (RBF),0.26022588522588525,0.7344632768361582,0.02654960016950215,0.8314518187399544
default,full,SVM (RBF),0.26022588522588525,0.7401129943502824,0.02654074852306864,0.8314518187399544
default,full,SVM (RBF),0.26144688644688646,0.7401129943502824,0.026429334288620834,0.8314518187399544
default,full,SVM (RBF),0.26144688644688646,0.7457627118644068,0.026422482700682193,0.8314518187399544
default,full,SVM (RBF),0.2622100122100122,0.7457627118644068,0.026360631280701548,0.8314518187399544
default,full,SVM (RBF),0.2622100122100122,0.751412429378531,0.026351359287604115,0.8314518187399544
default,full,SVM (RBF),0.2664835164835165,0.751412429378531,0.025981117058111607,0.8314518187399544
default,full,SVM (RBF),0.2664835164835165,0.7570621468926554,0.02597694366573918,0.8314518187399544
default,full,SVM (RBF),0.26663614163614163,0.7570621468926554,0.025957049690828835,0.8314518187399544
default,full,SVM (RBF),0.26663614163614163,0.7627118644067796,0.025906503589436268,0.8314518187399544
default,full,SVM (RBF),0.26724664224664224,0.7627118644067796,0.02586469829579608,0.8314518187399544
default,full,SVM (RBF),0.26724664224664224,0.768361581920904,0.025849732131791547,0.8314518187399544
default,full,SVM (RBF),0.2709096459096459,0.768361581920904,0.02552359169035071,0.8314518187399544
default,full,SVM (RBF),0.2709096459096459,0.7740112994350282,0.0255232123196855,0.8314518187399544
default,full,SVM (RBF),0.273962148962149,0.7740112994350282,0.025350327527908667,0.8314518187399544
default,full,SVM (RBF),0.273962148962149,0.7796610169491526,0.02531751925620698,0.8314518187399544
default,full,SVM (RBF),0.28235653235653235,0.7796610169491526,0.024577733302395273,0.8314518187399544
default,full,SVM (RBF),0.28235653235653235,0.7853107344632768,0.02455142602994748,0.8314518187399544
default,full,SVM (RBF),0.2834249084249084,0.7853107344632768,0.024455931696577022,0.8314518187399544
default,full,SVM (RBF),0.2834249084249084,0.7909604519774012,0.024419354149845262,0.8314518187399544
default,full,SVM (RBF),0.29716117216117216,0.7909604519774012,0.0232922918482218,0.8314518187399544
default,full,SVM (RBF),0.29716117216117216,0.7966101694915254,0.023286790316031983,0.8314518187399544
default,full,SVM (RBF),0.30097680097680096,0.7966101694915254,0.022877370891549068,0.8314518187399544
default,full,SVM (RBF),0.30097680097680096,0.8022598870056498,0.02286652457343501,0.8314518187399544
default,full,SVM (RBF),0.3018925518925519,0.8022598870056498,0.02278644773725198,0.8314518187399544
default,full,SVM (RBF),0.3018925518925519,0.807909604519774,0.022778853693489285,0.8314518187399544
default,full,SVM (RBF),0.30387667887667885,0.807909604519774,0.022674031942957272,0.8314518187399544
default,full,SVM (RBF),0.30387667887667885,0.8135593220338984,0.022663208626539123,0.8314518187399544
default,full,SVM (RBF),0.307997557997558,0.8135593220338984,0.022290324609560777,0.8314518187399544
default,full,SVM (RBF),0.307997557997558,0.8192090395480226,0.02229015842953299,0.8314518187399544
default,full,SVM (RBF),0.3202075702075702,0.8192090395480226,0.021377117689083885,0.8314518187399544
default,full,SVM (RBF),0.3202075702075702,0.8248587570621468,0.021343896456237316,0.8314518187399544
default,full,SVM (RBF),0.32493894993894995,0.8248587570621468,0.02104820319253757,0.8314518187399544
default,full,SVM (RBF),0.32493894993894995,0.8305084745762712,0.02104700025366903,0.8314518187399544
default,full,SVM (RBF),0.3253968253968254,0.8305084745762712,0.021027252916523517,0.8314518187399544
default,full,SVM (RBF),0.3253968253968254,0.8361581920903954,0.021006472274348296,0.8314518187399544
default,full,SVM (RBF),0.33287545787545786,0.8361581920903954,0.02053232284316504,0.8314518187399544
default,full,SVM (RBF),0.33287545787545786,0.8418079096045198,0.0205310302285129,0.8314518187399544
default,full,SVM (RBF),0.3347069597069597,0.8418079096045198,0.020387851651588632,0.8314518187399544
default,full,SVM (RBF),0.3347069597069597,0.847457627118644,0.020383320026786146,0.8314518187399544
default,full,SVM (RBF),0.3377594627594628,0.847457627118644,0.020166317405783424,0.8314518187399544
default,full,SVM (RBF),0.3377594627594628,0.8531073446327684,0.020158439011205606,0.8314518187399544
default,full,SVM (RBF),0.3386752136752137,0.8531073446327684,0.020046544120532212,0.8314518187399544
default,full,SVM (RBF),0.3386752136752137,0.8587570621468926,0.020044315258722124,0.8314518187399544
default,full,SVM (RBF),0.35454822954822957,0.8587570621468926,0.01917562545915948,0.8314518187399544
default,full,SVM (RBF),0.35454822954822957,0.864406779661017,0.019168253728348673,0.8314518187399544
default,full,SVM (RBF),0.3740842490842491,0.864406779661017,0.01809615445585356,0.8314518187399544
default,full,SVM (RBF),0.3740842490842491,0.8700564971751412,0.01808266456782399,0.8314518187399544
default,full,SVM (RBF),0.37805250305250304,0.8700564971751412,0.017858936597398387,0.8314518187399544
default,full,SVM (RBF),0.37805250305250304,0.8757062146892656,0.017850202135273746,0.8314518187399544
default,full,SVM (RBF),0.3830891330891331,0.8757062146892656,0.017479544432588704,0.8314518187399544
default,full,SVM (RBF),0.3830891330891331,0.8813559322033898,0.017470838157109106,0.8314518187399544
default,full,SVM (RBF),0.3844627594627595,0.8813559322033898,0.01739733184635654,0.8314518187399544
default,full,SVM (RBF),0.3844627594627595,0.8870056497175142,0.017385515947965165,0.8314518187399544
default,full,SVM (RBF),0.38812576312576313,0.8870056497175142,0.017207583032415066,0.8314518187399544
default,full,SVM (RBF),0.38812576312576313,0.8926553672316384,0.017199450790997738,0.8314518187399544
default,full,SVM (RBF),0.39026251526251526,0.8926553672316384,0.01706505886956474,0.8314518187399544
default,full,SVM (RBF),0.39026251526251526,0.8983050847457628,0.017064123281096615,0.8314518187399544
default,full,SVM (RBF),0.39056776556776557,0.8983050847457628,0.01705729095751769,0.8314518187399544
default,full,SVM (RBF),0.39056776556776557,0.903954802259887,0.01703735581301551,0.8314518187399544
default,full,SVM (RBF),0.3942307692307692,0.903954802259887,0.016901599860795924,0.8314518187399544
default,full,SVM (RBF),0.3942307692307692,0.9096045197740112,0.016888872592301908,0.8314518187399544
default,full,SVM (RBF),0.3995726495726496,0.9096045197740112,0.016660892505688314,0.8314518187399544
default,full,SVM (RBF),0.3995726495726496,0.9152542372881356,0.01665271009729559,0.8314518187399544
default,full,SVM (RBF),0.40231990231990233,0.9152542372881356,0.01649717264988603,0.8314518187399544
default,full,SVM (RBF),0.40231990231990233,0.9209039548022598,0.016493527987515678,0.8314518187399544
default,full,SVM (RBF),0.40995115995115994,0.9209039548022598,0.016036863083585384,0.8314518187399544
default,full,SVM (RBF),0.40995115995115994,0.9265536723163842,0.016030648670933387,0.8314518187399544
default,full,SVM (RBF),0.4391025641025641,0.9265536723163842,0.014724334114243419,0.8314518187399544
default,full,SVM (RBF),0.4391025641025641,0.9322033898305084,0.014717327722396143,0.8314518187399544
default,full,SVM (RBF),0.44017094017094016,0.9322033898305084,0.01467542488631657,0.8314518187399544
default,full,SVM (RBF),0.44017094017094016,0.9378531073446328,0.014675028944226327,0.8314518187399544
default,full,SVM (RBF),0.44551282051282054,0.9378531073446328,0.014396505685136247,0.8314518187399544
default,full,SVM (RBF),0.44551282051282054,0.943502824858757,0.014382723145054604,0.8314518187399544
default,full,SVM (RBF),0.4481074481074481,0.943502824858757,0.014246116017900533,0.8314518187399544
default,full,SVM (RBF),0.4481074481074481,0.9491525423728814,0.014244817753588797,0.8314518187399544
default,full,SVM (RBF),0.471001221001221,0.9491525423728814,0.013368886520723761,0.8314518187399544
default,full,SVM (RBF),0.471001221001221,0.9548022598870056,0.013364370750684106,0.8314518187399544
default,full,SVM (RBF),0.5654761904761905,0.9548022598870056,0.010379203342626713,0.8314518187399544
default,full,SVM (RBF),0.5654761904761905,0.96045197740113,0.01037686068490111,0.8314518187399544
default,full,SVM (RBF),0.5927960927960928,0.96045197740113,0.009730901187828055,0.8314518187399544
default,full,SVM (RBF),0.5927960927960928,0.9661016949152542,0.009728837251486313,0.8314518187399544
default,full,SVM (RBF),0.6222527472527473,0.9661016949152542,0.008943413035637506,0.8314518187399544
default,full,SVM (RBF),0.6222527472527473,0.9717514124293786,0.008943357760897584,0.8314518187399544
default,full,SVM (RBF),0.6706349206349206,0.9717514124293786,0.007791766909693445,0.8314518187399544
default,full,SVM (RBF),0.6706349206349206,0.9774011299435028,0.007790405191892618,0.8314518187399544
default,full,SVM (RBF),0.6846764346764347,0.9774011299435028,0.007480174947559746,0.8314518187399544
default,full,SVM (RBF),0.6846764346764347,0.9830508474576272,0.00747794094012616,0.8314518187399544
default,full,SVM (RBF),0.7522893772893773,0.9830508474576272,0.006172731359439059,0.8314518187399544
default,full,SVM (RBF),0.7522893772893773,0.9887005649717514,0.006169096152437255,0.8314518187399544
default,full,SVM (RBF),0.7528998778998779,0.9887005649717514,0.006162935245217805,0.8314518187399544
default,full,SVM (RBF),0.7528998778998779,0.9943502824858758,0.0061583844270513615,0.8314518187399544
default,full,SVM (RBF),0.902014652014652,0.9943502824858758,0.003646265495719364,0.8314518187399544
default,full,SVM (RBF),0.902014652014652,1.0,0.0036459851848180624,0.8314518187399544
default,full,SVM (RBF),1.0,1.0,0.0004335865157444457,0.8314518187399544
default,full,Random Forest,0.0,0.0,inf,0.8482673164876555
default,full,Random Forest,0.00015262515262515263,0.0,0.22254988787206875,0.8482673164876555
default,full,Random Forest,0.00030525030525030525,0.0,0.19796471447415948,0.8482673164876555
default,full,Random Forest,0.00030525030525030525,0.005649717514124294,0.19453710481222733,0.8482673164876555
default,full,Random Forest,0.0004578754578754579,0.005649717514124294,0.19373667661111255,0.8482673164876555
default,full,Random Forest,0.0004578754578754579,0.011299435028248588,0.18652235654275948,0.8482673164876555
default,full,Random Forest,0.0010683760683760685,0.011299435028248588,0.17162450799125387,0.8482673164876555
default,full,Random Forest,0.0010683760683760685,0.01694915254237288,0.17079125455494956,0.8482673164876555
default,full,Random Forest,0.0028998778998779,0.01694915254237288,0.15911124003036003,0.8482673164876555
default,full,Random Forest,0.0028998778998779,0.022598870056497175,0.15736421653940452,0.8482673164876555
default,full,Random Forest,0.003663003663003663,0.022598870056497175,0.15256316518103424,0.8482673164876555
default,full,Random Forest,0.003663003663003663,0.02824858757062147,0.15071889116117834,0.8482673164876555
default,full,Random Forest,0.005647130647130647,0.02824858757062147,0.14140748192243704,0.8482673164876555
default,full,Random Forest,0.005647130647130647,0.03389830508474576,0.14131927831601432,0.8482673164876555
default,full,Random Forest,0.0057997557997558,0.03389830508474576,0.1403741479225527,0.8482673164876555
default,full,Random Forest,0.0057997557997558,0.03954802259887006,0.1393541041117633,0.8482673164876555
default,full,Random Forest,0.007020757020757021,0.03954802259887006,0.1357957646708585,0.8482673164876555
default,full,Random Forest,0.007020757020757021,0.04519774011299435,0.13574175958601528,0.8482673164876555
default,full,Random Forest,0.007326007326007326,0.04519774011299435,0.13385354862211335,0.8482673164876555
default,full,Random Forest,0.007326007326007326,0.05084745762711865,0.1326612795124809,0.8482673164876555
default,full,Random Forest,0.007478632478632479,0.05084745762711865,0.1323656736726356,0.8482673164876555
default,full,Random Forest,0.007478632478632479,0.05649717514124294,0.13176594750991807,0.8482673164876555
default,full,Random Forest,0.007631257631257631,0.05649717514124294,0.1309982728366229,0.8482673164876555
default,full,Random Forest,0.007631257631257631,0.062146892655367235,0.1303020691394024,0.8482673164876555
default,full,Random Forest,0.009157509157509158,0.062146892655367235,0.1258761517497589,0.8482673164876555
default,full,Random Forest,0.009157509157509158,0.06779661016949153,0.12565490160253132,0.8482673164876555
default,full,Random Forest,0.009615384615384616,0.06779661016949153,0.12309902657827329,0.8482673164876555
default,full,Random Forest,0.009615384615384616,0.07344632768361582,0.12308629505817421,0.8482673164876555
default,full,Random Forest,0.010531135531135532,0.07344632768361582,0.1205176384041241,0.8482673164876555
default,full,Random Forest,0.010531135531135532,0.07909604519774012,0.12025099592335507,0.8482673164876555
default,full,Random Forest,0.01282051282051282,0.07909604519774012,0.11675439371534314,0.8482673164876555
default,full,Random Forest,0.01282051282051282,0.0847457627118644,0.11668538910360696,0.8482673164876555
default,full,Random Forest,0.012973137973137974,0.0847457627118644,0.11623033346377558,0.8482673164876555
default,full,Random Forest,0.012973137973137974,0.0903954802259887,0.11619302230525608,0.8482673164876555
default,full,Random Forest,0.013583638583638584,0.0903954802259887,0.11569461264392068,0.8482673164876555
default,full,Random Forest,0.013583638583638584,0.096045197740113,0.11563205797463454,0.8482673164876555
default,full,Random Forest,0.013888888888888888,0.096045197740113,0.11497265624733707,0.8482673164876555
default,full,Random Forest,0.013888888888888888,0.1016949152542373,0.11487653046911481,0.8482673164876555
default,full,Random Forest,0.014957264957264958,0.1016949152542373,0.11389114779897108,0.8482673164876555
default,full,Random Forest,0.014957264957264958,0.10734463276836158,0.11362453269005046,0.8482673164876555
default,full,Random Forest,0.017094017094017096,0.10734463276836158,0.11037631068652308,0.8482673164876555
default,full,Random Forest,0.017094017094017096,0.12429378531073447,0.1091258625485158,0.8482673164876555
default,full,Random Forest,0.018772893772893772,0.12429378531073447,0.10633414177554057,0.8482673164876555
default,full,Random Forest,0.018772893772893772,0.12994350282485875,0.10627509562388064,0.8482673164876555
default,full,Random Forest,0.019688644688644688,0.12994350282485875,0.10470608190355823,0.8482673164876555
default,full,Random Forest,0.019688644688644688,0.13559322033898305,0.10457474409080088,0.8482673164876555
default,full,Random Forest,0.020757020757020756,0.13559322033898305,0.10320072581929766,0.8482673164876555
default,full,Random Forest,0.020757020757020756,0.15254237288135594,0.10265932883023995,0.8482673164876555
default,full,Random Forest,0.021214896214896216,0.15254237288135594,0.10191669429269348,0.8482673164876555
default,full,Random Forest,0.021214896214896216,0.15819209039548024,0.1016491416502668,0.8482673164876555
default,full,Random Forest,0.021825396825396824,0.15819209039548024,0.10130327875507622,0.8482673164876555
default,full,Random Forest,0.021825396825396824,0.1638418079096045,0.10067428700272407,0.8482673164876555
default,full,Random Forest,0.02274114774114774,0.1638418079096045,0.09959146330220574,0.8482673164876555
default,full,Random Forest,0.02274114774114774,0.1694915254237288,0.09923380232491795,0.8482673164876555
default,full,Random Forest,0.0231990231990232,0.1694915254237288,0.09905424624853235,0.8482673164876555
default,full,Random Forest,0.0231990231990232,0.1751412429378531,0.09902621418886329,0.8482673164876555
default,full,Random Forest,0.024725274725274724,0.1751412429378531,0.0979745849322377,0.8482673164876555
default,full,Random Forest,0.024725274725274724,0.1807909604519774,0.09793737893226688,0.8482673164876555
default,full,Random Forest,0.02564102564102564,0.1807909604519774,0.09696555509622001,0.8482673164876555
default,full,Random Forest,0.02564102564102564,0.1864406779661017,0.09683072904006877,0.8482673164876555
default,full,Random Forest,0.025793650793650792,0.1864406779661017,0.09680547282249304,0.8482673164876555
default,full,Random Forest,0.025793650793650792,0.1977401129943503,0.09629822182713216,0.8482673164876555
default,full,Random Forest,0.025946275946275948,0.1977401129943503,0.09625659187965352,0.8482673164876555
default,full,Random Forest,0.025946275946275948,0.2033898305084746,0.0957415343990334,0.8482673164876555
default,full,Random Forest,0.029304029304029304,0.2033898305084746,0.09250866327991025,0.8482673164876555
default,full,Random Forest,0.029304029304029304,0.20903954802259886,0.09247080473520851,0.8482673164876555
default,full,Random Forest,0.029609279609279608,0.20903954802259886,0.09206572509038244,0.8482673164876555
default,full,Random Forest,0.029609279609279608,0.21468926553672316,0.09192065306403234,0.8482673164876555
default,full,Random Forest,0.029914529914529916,0.21468926553672316,0.09161306829155567,0.8482673164876555
default,full,Random Forest,0.029914529914529916,0.22033898305084745,0.09153724963526336,0.8482673164876555
default,full,Random Forest,0.03021978021978022,0.22033898305084745,0.09103403270841438,0.8482673164876555
default,full,Random Forest,0.03021978021978022,0.22598870056497175,0.09100351898781185,0.8482673164876555
default,full,Random Forest,0.030372405372405372,0.22598870056497175,0.09099927999534724,0.8482673164876555
default,full,Random Forest,0.030372405372405372,0.23163841807909605,0.0905494389213504,0.8482673164876555
default,full,Random Forest,0.03205128205128205,0.23163841807909605,0.08898851461585298,0.8482673164876555
default,full,Random Forest,0.03205128205128205,0.23728813559322035,0.0889780254862877,0.8482673164876555
default,full,Random Forest,0.03571428571428571,0.23728813559322035,0.08596442021261838,0.8482673164876555
default,full,Random Forest,0.03571428571428571,0.24293785310734464,0.08593394740419416,0.8482673164876555
default,full,Random Forest,0.035866910866910864,0.24293785310734464,0.08589485396058422,0.8482673164876555
default,full,Random Forest,0.035866910866910864,0.24858757062146894,0.08583959497111275,0.8482673164876555
default,full,Random Forest,0.037545787545787544,0.24858757062146894,0.08481051826544181,0.8482673164876555
default,full,Random Forest,0.037545787545787544,0.2542372881355932,0.08479818723846493,0.8482673164876555
default,full,Random Forest,0.03785103785103785,0.2542372881355932,0.08438679535060603,0.8482673164876555
default,full,Random Forest,0.03785103785103785,0.2598870056497175,0.08428517598634992,0.8482673164876555
default,full,Random Forest,0.03815628815628816,0.2598870056497175,0.08405959769262895,0.8482673164876555
default,full,Random Forest,0.03815628815628816,0.2655367231638418,0.0840502253622011,0.8482673164876555
default,full,Random Forest,0.038614163614163616,0.2655367231638418,0.08385966123578147,0.8482673164876555
default,full,Random Forest,0.038614163614163616,0.2711864406779661,0.08383324400572384,0.8482673164876555
default,full,Random Forest,0.04075091575091575,0.2711864406779661,0.08275737987455928,0.8482673164876555
default,full,Random Forest,0.04075091575091575,0.2768361581920904,0.0827141035545003,0.8482673164876555
default,full,Random Forest,0.042582417582417584,0.2768361581920904,0.0820297921319215,0.8482673164876555
default,full,Random Forest,0.042582417582417584,0.2824858757062147,0.08195655874200637,0.8482673164876555
default,full,Random Forest,0.0438034188034188,0.2824858757062147,0.08134742527278953,0.8482673164876555
default,full,Random Forest,0.0438034188034188,0.288135593220339,0.08125721013528846,0.8482673164876555
default,full,Random Forest,0.04395604395604396,0.288135593220339,0.08123877198840092,0.8482673164876555
default,full,Random Forest,0.04395604395604396,0.2937853107344633,0.0812169336202142,0.8482673164876555
default,full,Random Forest,0.045787545787545784,0.2937853107344633,0.08025986256062252,0.8482673164876555
default,full,Random Forest,0.045787545787545784,0.2994350282485876,0.0800041633939402,0.8482673164876555
default,full,Random Forest,0.04700854700854701,0.2994350282485876,0.07929587782210266,0.8482673164876555
default,full,Random Forest,0.04700854700854701,0.3050847457627119,0.07925260969345536,0.8482673164876555
default,full,Random Forest,0.047466422466422464,0.3050847457627119,0.07911239227627342,0.8482673164876555
default,full,Random Forest,0.047466422466422464,0.3107344632768362,0.07889479843116512,0.8482673164876555
default,full,Random Forest,0.048534798534798536,0.3107344632768362,0.07836318212290215,0.8482673164876555
default,full,Random Forest,0.048534798534798536,0.3163841807909605,0.07835290351704664,0.8482673164876555
default,full,Random Forest,0.05036630036630037,0.3163841807909605,0.07787794389565046,0.8482673164876555
default,full,Random Forest,0.05036630036630037,0.3220338983050847,0.07784138082847768,0.8482673164876555
default,full,Random Forest,0.05448717948717949,0.3220338983050847,0.07567488312833431,0.8482673164876555
default,full,Random Forest,0.05448717948717949,0.327683615819209,0.07549781987518132,0.8482673164876555
default,full,Random Forest,0.057539682539682536,0.327683615819209,0.07450921073420791,0.8482673164876555
default,full,Random Forest,0.057539682539682536,0.3333333333333333,0.07446966427327788,0.8482673164876555
default,full,Random Forest,0.05784493284493285,0.3333333333333333,0.07434095562321921,0.8482673164876555
default,full,Random Forest,0.05784493284493285,0.3389830508474576,0.07421911157955398,0.8482673164876555
default,full,Random Forest,0.06059218559218559,0.3389830508474576,0.07320161788852418,0.8482673164876555
default,full,Random Forest,0.06059218559218559,0.3446327683615819,0.0731851418097486,0.8482673164876555
default,full,Random Forest,0.060897435897435896,0.3446327683615819,0.07312780776051145,0.8482673164876555
default,full,Random Forest,0.060897435897435896,0.3502824858757062,0.07307116479638433,0.8482673164876555
default,full,Random Forest,0.06318681318681318,0.3502824858757062,0.07234383153773667,0.8482673164876555
default,full,Random Forest,0.06318681318681318,0.3559322033898305,0.07228679021200539,0.8482673164876555
default,full,Random Forest,0.06425518925518925,0.3559322033898305,0.07191694830422905,0.8482673164876555
default,full,Random Forest,0.06425518925518925,0.3615819209039548,0.07188694016254046,0.8482673164876555
default,full,Random Forest,0.0644078144078144,0.3615819209039548,0.07185140233501253,0.8482673164876555
default,full,Random Forest,0.0644078144078144,0.3672316384180791,0.07180459196300529,0.8482673164876555
default,full,Random Forest,0.06822344322344322,0.3672316384180791,0.07050414815573894,0.8482673164876555
default,full,Random Forest,0.06822344322344322,0.384180790960452,0.07022773400941072,0.8482673164876555
default,full,Random Forest,0.06852869352869354,0.384180790960452,0.07014657895090187,0.8482673164876555
default,full,Random Forest,0.06852869352869354,0.3898305084745763,0.07003184704941937,0.8482673164876555
default,full,Random Forest,0.06868131868131869,0.3898305084745763,0.07002881973014902,0.8482673164876555
default,full,Random Forest,0.06868131868131869,0.4011299435028249,0.06995657649670757,0.8482673164876555
default,full,Random Forest,0.07051282051282051,0.4011299435028249,0.06926434377353441,0.8482673164876555
default,full,Random Forest,0.07051282051282051,0.4067796610169492,0.06920154248572735,0.8482673164876555
default,full,Random Forest,0.07280219780219781,0.4067796610169492,0.06844929445606655,0.8482673164876555
default,full,Random Forest,0.07280219780219781,0.4124293785310734,0.0683526601660184,0.8482673164876555
default,full,Random Forest,0.07539682539682539,0.4124293785310734,0.06771469186204425,0.8482673164876555
default,full,Random Forest,0.07539682539682539,0.4180790960451977,0.06770821338390887,0.8482673164876555
default,full,Random Forest,0.07646520146520147,0.4180790960451977,0.06745337564020759,0.8482673164876555
default,full,Random Forest,0.07646520146520147,0.4293785310734463,0.06738691952168487,0.8482673164876555
default,full,Random Forest,0.07814407814407814,0.4293785310734463,0.06681569247860564,0.8482673164876555
default,full,Random Forest,0.07814407814407814,0.4350282485875706,0.06680526105035096,0.8482673164876555
default,full,Random Forest,0.07905982905982906,0.4350282485875706,0.06620984402798974,0.8482673164876555
default,full,Random Forest,0.07905982905982906,0.4406779661016949,0.06611226827753086,0.8482673164876555
default,full,Random Forest,0.07982295482295482,0.4406779661016949,0.06569372076394597,0.8482673164876555
default,full,Random Forest,0.07982295482295482,0.4463276836158192,0.06569208144523812,0.8482673164876555
default,full,Random Forest,0.08165445665445666,0.4463276836158192,0.06525044626177877,0.8482673164876555
default,full,Random Forest,0.08165445665445666,0.4519774011299435,0.06521294275328518,0.8482673164876555
default,full,Random Forest,0.08241758241758242,0.4519774011299435,0.06511514439209218,0.8482673164876555
default,full,Random Forest,0.08241758241758242,0.4576271186440678,0.06510148059574992,0.8482673164876555
default,full,Random Forest,0.08348595848595848,0.4576271186440678,0.06464948073156424,0.8482673164876555
default,full,Random Forest,0.08348595848595848,0.4632768361581921,0.06451329884312285,0.8482673164876555
default,full,Random Forest,0.0840964590964591,0.4632768361581921,0.06441524222689105,0.8482673164876555
default,full,Random Forest,0.0840964590964591,0.4745762711864407,0.06440342152264968,0.8482673164876555
default,full,Random Forest,0.08424908424908426,0.4745762711864407,0.06440320367516912,0.8482673164876555
default,full,Random Forest,0.08424908424908426,0.480225988700565,0.06432838778557198,0.8482673164876555
default,full,Random Forest,0.08455433455433456,0.480225988700565,0.06427172515472886,0.8482673164876555
default,full,Random Forest,0.08455433455433456,0.4858757062146893,0.06421391158819571,0.8482673164876555
default,full,Random Forest,0.08775946275946275,0.4858757062146893,0.06348155521553503,0.8482673164876555
default,full,Random Forest,0.08775946275946275,0.4915254237288136,0.0634680880793501,0.8482673164876555
default,full,Random Forest,0.08791208791208792,0.4915254237288136,0.0634215225880151,0.8482673164876555
default,full,Random Forest,0.08791208791208792,0.4971751412429379,0.06341231935518035,0.8482673164876555
default,full,Random Forest,0.08836996336996338,0.4971751412429379,0.06320629492793595,0.8482673164876555
default,full,Random Forest,0.08836996336996338,0.5028248587570622,0.06316246659478573,0.8482673164876555
default,full,Random Forest,0.08852258852258853,0.5028248587570622,0.06314286470012596,0.8482673164876555
default,full,Random Forest,0.08852258852258853,0.5084745762711864,0.06313870424052173,0.8482673164876555
default,full,Random Forest,0.09478021978021978,0.5084745762711864,0.0617604612149571,0.8482673164876555
default,full,Random Forest,0.09478021978021978,0.5141242937853108,0.061736357915258465,0.8482673164876555
default,full,Random Forest,0.0989010989010989,0.5141242937853108,0.06048057305307668,0.8482673164876555
default,full,Random Forest,0.0989010989010989,0.519774011299435,0.06041958268387555,0.8482673164876555
default,full,Random Forest,0.0995115995115995,0.519774011299435,0.06030552691211504,0.8482673164876555
default,full,Random Forest,0.0995115995115995,0.5254237288135594,0.06017796367460053,0.8482673164876555
default,full,Random Forest,0.10271672771672771,0.5254237288135594,0.05921663922305283,0.8482673164876555
default,full,Random Forest,0.10271672771672771,0.5310734463276836,0.059206806743908956,0.8482673164876555
default,full,Random Forest,0.10332722832722832,0.5310734463276836,0.059099130086474834,0.8482673164876555
default,full,Random Forest,0.10332722832722832,0.536723163841808,0.05906312914706911,0.8482673164876555
default,full,Random Forest,0.10622710622710622,0.536723163841808,0.058632336066802807,0.8482673164876555
default,full,Random Forest,0.10622710622710622,0.5423728813559322,0.058630942456425666,0.8482673164876555
default,full,Random Forest,0.10683760683760683,0.5423728813559322,0.05858102484299151,0.8482673164876555
default,full,Random Forest,0.10683760683760683,0.5480225988700564,0.05853757680530439,0.8482673164876555
default,full,Random Forest,0.10744810744810745,0.5480225988700564,0.05847436014944758,0.8482673164876555
default,full,Random Forest,0.10744810744810745,0.5536723163841808,0.05840731834948587,0.8482673164876555
default,full,Random Forest,0.10775335775335776,0.5536723163841808,0.05838772009356145,0.8482673164876555
default,full,Random Forest,0.10775335775335776,0.559322033898305,0.05838286658251846,0.8482673164876555
default,full,Random Forest,0.1111111111111111,0.559322033898305,0.057711507997706565,0.8482673164876555
default,full,Random Forest,0.1111111111111111,0.5649717514124294,0.05770504136529393,0.8482673164876555
default,full,Random Forest,0.11217948717948718,0.5649717514124294,0.05746189483548687,0.8482673164876555
default,full,Random Forest,0.11217948717948718,0.5706214689265536,0.05744826685888219,0.8482673164876555
default,full,Random Forest,0.1130952380952381,0.5706214689265536,0.057321909180391255,0.8482673164876555
default,full,Random Forest,0.1130952380952381,0.576271186440678,0.0573122698423115,0.8482673164876555
default,full,Random Forest,0.11614774114774115,0.576271186440678,0.056416031152714166,0.8482673164876555
default,full,Random Forest,0.11614774114774115,0.5819209039548022,0.05638240408612316,0.8482673164876555
default,full,Random Forest,0.11920024420024421,0.5819209039548022,0.05582324729172095,0.8482673164876555
default,full,Random Forest,0.11920024420024421,0.5875706214689266,0.055818869686624396,0.8482673164876555
default,full,Random Forest,0.12332112332112333,0.5875706214689266,0.05513499828386236,0.8482673164876555
default,full,Random Forest,0.12332112332112333,0.5932203389830508,0.055070628332347944,0.8482673164876555
default,full,Random Forest,0.12377899877899878,0.5932203389830508,0.05498140620806669,0.8482673164876555
default,full,Random Forest,0.12377899877899878,0.5988700564971752,0.054940294205143715,0.8482673164876555
default,full,Random Forest,0.12606837606837606,0.5988700564971752,0.054292085148949336,0.8482673164876555
default,full,Random Forest,0.12606837606837606,0.6045197740112994,0.054273462308226404,0.8482673164876555
default,full,Random Forest,0.12744200244200243,0.6045197740112994,0.054066497751340814,0.8482673164876555
default,full,Random Forest,0.12744200244200243,0.6101694915254238,0.054021344330146895,0.8482673164876555
default,full,Random Forest,0.1295787545787546,0.6101694915254238,0.0535230531154909,0.8482673164876555
default,full,Random Forest,0.1295787545787546,0.615819209039548,0.05351231799759995,0.8482673164876555
default,full,Random Forest,0.1333943833943834,0.615819209039548,0.05294233658205033,0.8482673164876555
default,full,Random Forest,0.1333943833943834,0.6214689265536724,0.052885783680003365,0.8482673164876555
default,full,Random Forest,0.13507326007326007,0.6214689265536724,0.05259273527916058,0.8482673164876555
default,full,Random Forest,0.13507326007326007,0.6271186440677966,0.05258490867438024,0.8482673164876555
default,full,Random Forest,0.13583638583638583,0.6271186440677966,0.05248178766286586,0.8482673164876555
default,full,Random Forest,0.13583638583638583,0.632768361581921,0.052475566380648785,0.8482673164876555
default,full,Random Forest,0.13766788766788768,0.632768361581921,0.05207629623536961,0.8482673164876555
default,full,Random Forest,0.13766788766788768,0.6384180790960452,0.05207197683832874,0.8482673164876555
default,full,Random Forest,0.14117826617826618,0.6384180790960452,0.05122605745179496,0.8482673164876555
default,full,Random Forest,0.14117826617826618,0.6440677966101694,0.05112834477555106,0.8482673164876555
default,full,Random Forest,0.14148351648351648,0.6440677966101694,0.05107733588688252,0.8482673164876555
default,full,Random Forest,0.14148351648351648,0.6497175141242938,0.051039946649381183,0.8482673164876555
default,full,Random Forest,0.1481990231990232,0.6497175141242938,0.04977908120714937,0.8482673164876555
default,full,Random Forest,0.1481990231990232,0.655367231638418,0.04973854886452321,0.8482673164876555
default,full,Random Forest,0.15262515262515264,0.655367231638418,0.049214732368381746,0.8482673164876555
default,full,Random Forest,0.15262515262515264,0.6666666666666666,0.049187272899829916,0.8482673164876555
default,full,Random Forest,0.15476190476190477,0.6666666666666666,0.048760737806373515,0.8482673164876555
default,full,Random Forest,0.15476190476190477,0.672316384180791,0.048685916733108556,0.8482673164876555
default,full,Random Forest,0.15613553113553114,0.672316384180791,0.048580056512079514,0.8482673164876555
default,full,Random Forest,0.15613553113553114,0.6779661016949152,0.04852395538821721,0.8482673164876555
default,full,Random Forest,0.15888278388278387,0.6779661016949152,0.04815429343429168,0.8482673164876555
default,full,Random Forest,0.15888278388278387,0.6836158192090396,0.048139713068480736,0.8482673164876555
default,full,Random Forest,0.16163003663003664,0.6836158192090396,0.04767968139821205,0.8482673164876555
default,full,Random Forest,0.16163003663003664,0.6892655367231638,0.04767004757177615,0.8482673164876555
default,full,Random Forest,0.18284493284493283,0.6892655367231638,0.0438428380597677,0.8482673164876555
default,full,Random Forest,0.18284493284493283,0.6949152542372882,0.04382880879048931,0.8482673164876555
default,full,Random Forest,0.1862026862026862,0.6949152542372882,0.04309847758414169,0.8482673164876555
default,full,Random Forest,0.1862026862026862,0.7005649717514124,0.043097359225239454,0.8482673164876555
default,full,Random Forest,0.19017094017094016,0.7005649717514124,0.04238253446918245,0.8482673164876555
default,full,Random Forest,0.19017094017094016,0.7062146892655368,0.04234951848519637,0.8482673164876555
default,full,Random Forest,0.1916971916971917,0.7062146892655368,0.042111950027791674,0.8482673164876555
default,full,Random Forest,0.1916971916971917,0.711864406779661,0.0420775574002694,0.8482673164876555
default,full,Random Forest,0.19444444444444445,0.711864406779661,0.04169888009817208,0.8482673164876555
default,full,Random Forest,0.19444444444444445,0.7175141242937854,0.041690501215485974,0.8482673164876555
default,full,Random Forest,0.19734432234432234,0.7175141242937854,0.04135212566352018,0.8482673164876555
default,full,Random Forest,0.19734432234432234,0.7231638418079096,0.04130808708750993,0.8482673164876555
default,full,Random Forest,0.20589133089133088,0.7231638418079096,0.04009073794657474,0.8482673164876555
default,full,Random Forest,0.20589133089133088,0.7288135593220338,0.040077294877195024,0.8482673164876555
default,full,Random Forest,0.21138583638583638,0.7288135593220338,0.03943336607945896,0.8482673164876555
default,full,Random Forest,0.21138583638583638,0.7344632768361582,0.03941799461452601,0.8482673164876555
default,full,Random Forest,0.2148962148962149,0.7344632768361582,0.039026947792227144,0.8482673164876555
default,full,Random Forest,0.2148962148962149,0.7401129943502824,0.03902633587592001,0.8482673164876555
default,full,Random Forest,0.21596459096459097,0.7401129943502824,0.03888566538615667,0.8482673164876555
default,full,Random Forest,0.21596459096459097,0.7457627118644068,0.038880111760390135,0.8482673164876555
default,full,Random Forest,0.22008547008547008,0.7457627118644068,0.038327409661708646,0.8482673164876555
default,full,Random Forest,0.22008547008547008,0.751412429378531,0.03831158624016791,0.8482673164876555
default,full,Random Forest,0.22557997557997558,0.751412429378531,0.03785499771708121,0.8482673164876555
default,full,Random Forest,0.22557997557997558,0.7570621468926554,0.03784492181580097,0.8482673164876555
default,full,Random Forest,0.22954822954822954,0.7570621468926554,0.037327973885431506,0.8482673164876555
default,full,Random Forest,0.22954822954822954,0.7627118644067796,0.037309025105321296,0.8482673164876555
default,full,Random Forest,0.2297008547008547,0.7627118644067796,0.037301943786109376,0.8482673164876555
default,full,Random Forest,0.2297008547008547,0.768361581920904,0.03725892961287208,0.8482673164876555
default,full,Random Forest,0.2322954822954823,0.768361581920904,0.03693491243730255,0.8482673164876555
default,full,Random Forest,0.2322954822954823,0.7740112994350282,0.03690674101641419,0.8482673164876555
default,full,Random Forest,0.23595848595848595,0.7740112994350282,0.036358396097403524,0.8482673164876555
default,full,Random Forest,0.23595848595848595,0.7796610169491526,0.036351537364369566,0.8482673164876555
default,full,Random Forest,0.2361111111111111,0.7796610169491526,0.03633984391792638,0.8482673164876555
default,full,Random Forest,0.2361111111111111,0.7853107344632768,0.036334114711503336,0.8482673164876555
default,full,Random Forest,0.23656898656898656,0.7853107344632768,0.036306972766126,0.8482673164876555
default,full,Random Forest,0.23656898656898656,0.7909604519774012,0.03630656576931012,0.8482673164876555
default,full,Random Forest,0.23855311355311357,0.7909604519774012,0.03605028048527547,0.8482673164876555
default,full,Random Forest,0.23855311355311357,0.7966101694915254,0.03603805121551991,0.8482673164876555
default,full,Random Forest,0.24404761904761904,0.7966101694915254,0.03550030358969218,0.8482673164876555
default,full,Random Forest,0.24404761904761904,0.8022598870056498,0.03549435514487821,0.8482673164876555
default,full,Random Forest,0.2451159951159951,0.8022598870056498,0.03545668812908662,0.8482673164876555
default,full,Random Forest,0.2451159951159951,0.807909604519774,0.03544312818399543,0.8482673164876555
default,full,Random Forest,0.2515262515262515,0.807909604519774,0.034781556735810494,0.8482673164876555
default,full,Random Forest,0.2515262515262515,0.8135593220338984,0.03477282552176778,0.8482673164876555
default,full,Random Forest,0.25274725274725274,0.8135593220338984,0.03458623344877923,0.8482673164876555
default,full,Random Forest,0.25274725274725274,0.8192090395480226,0.03451636538345917,0.8482673164876555
default,full,Random Forest,0.2626678876678877,0.8192090395480226,0.03339647796473899,0.8482673164876555
default,full,Random Forest,0.2626678876678877,0.8248587570621468,0.03339377934614855,0.8482673164876555
default,full,Random Forest,0.26282051282051283,0.8248587570621468,0.03339166425643675,0.8482673164876555
default,full,Random Forest,0.26282051282051283,0.8305084745762712,0.0333893139670365,0.8482673164876555
default,full,Random Forest,0.2751831501831502,0.8305084745762712,0.032040257419630916,0.8482673164876555
default,full,Random Forest,0.2751831501831502,0.8361581920903954,0.03200915254198991,0.8482673164876555
default,full,Random Forest,0.2802197802197802,0.8361581920903954,0.031572764314172726,0.8482673164876555
default,full,Random Forest,0.2802197802197802,0.8418079096045198,0.031564814644879056,0.8482673164876555
default,full,Random Forest,0.2834249084249084,0.8418079096045198,0.031114563140962503,0.8482673164876555
default,full,Random Forest,0.2834249084249084,0.847457627118644,0.031105619083725687,0.8482673164876555
default,full,Random Forest,0.28647741147741146,0.847457627118644,0.030803323325531005,0.8482673164876555
default,full,Random Forest,0.28647741147741146,0.8531073446327684,0.030786641007659318,0.8482673164876555
default,full,Random Forest,0.29716117216117216,0.8531073446327684,0.029567206747941655,0.8482673164876555
default,full,Random Forest,0.29716117216117216,0.8587570621468926,0.029560458242745984,0.8482673164876555
default,full,Random Forest,0.3031135531135531,0.8587570621468926,0.028899075504477463,0.8482673164876555
default,full,Random Forest,0.3031135531135531,0.864406779661017,0.028880088904329373,0.8482673164876555
default,full,Random Forest,0.31898656898656896,0.864406779661017,0.02744531501579281,0.8482673164876555
default,full,Random Forest,0.31898656898656896,0.8700564971751412,0.02743076426922783,0.8482673164876555
default,full,Random Forest,0.32997557997557997,0.8700564971751412,0.02657174088101233,0.8482673164876555
default,full,Random Forest,0.32997557997557997,0.8757062146892656,0.026556705422968063,0.8482673164876555
default,full,Random Forest,0.34172771672771673,0.8757062146892656,0.0255010193259603,0.8482673164876555
default,full,Random Forest,0.34172771672771673,0.8813559322033898,0.02550059395889616,0.8482673164876555
default,full,Random Forest,0.34294871794871795,0.8813559322033898,0.025384867569179605,0.8482673164876555
default,full,Random Forest,0.34294871794871795,0.8870056497175142,0.025383429752867094,0.8482673164876555
default,full,Random Forest,0.3579059829059829,0.8870056497175142,0.024349969170827247,0.8482673164876555
default,full,Random Forest,0.3579059829059829,0.8926553672316384,0.024348746797403054,0.8482673164876555
default,full,Random Forest,0.3743894993894994,0.8926553672316384,0.023240991163710197,0.8482673164876555
default,full,Random Forest,0.3743894993894994,0.8983050847457628,0.023229359238346164,0.8482673164876555
default,full,Random Forest,0.376984126984127,0.8983050847457628,0.023031106522854897,0.8482673164876555
default,full,Random Forest,0.376984126984127,0.903954802259887,0.02302127302213727,0.8482673164876555
default,full,Random Forest,0.39133089133089133,0.903954802259887,0.022083991719091683,0.8482673164876555
default,full,Random Forest,0.39133089133089133,0.9096045197740112,0.02206956736840274,0.8482673164876555
default,full,Random Forest,0.3956043956043956,0.9096045197740112,0.021806786987131614,0.8482673164876555
default,full,Random Forest,0.3956043956043956,0.9152542372881356,0.02180380865073512,0.8482673164876555
default,full,Random Forest,0.4078144078144078,0.9152542372881356,0.021044656413533036,0.8482673164876555
default,full,Random Forest,0.4078144078144078,0.9209039548022598,0.02104303334402907,0.8482673164876555
default,full,Random Forest,0.4532967032967033,0.9209039548022598,0.0185605767271219,0.8482673164876555
default,full,Random Forest,0.4532967032967033,0.9265536723163842,0.0185489915222542,0.8482673164876555
default,full,Random Forest,0.46321733821733824,0.9265536723163842,0.017987724570142364,0.8482673164876555
default,full,Random Forest,0.46321733821733824,0.9322033898305084,0.017940915128380433,0.8482673164876555
default,full,Random Forest,0.4832112332112332,0.9322033898305084,0.016997085143242205,0.8482673164876555
default,full,Random Forest,0.4832112332112332,0.9378531073446328,0.016995894889089952,0.8482673164876555
default,full,Random Forest,0.48946886446886445,0.9378531073446328,0.016612240868991567,0.8482673164876555
default,full,Random Forest,0.48946886446886445,0.943502824858757,0.016607819601247912,0.8482673164876555
default,full,Random Forest,0.5137362637362637,0.943502824858757,0.015441082947261769,0.8482673164876555
default,full,Random Forest,0.5137362637362637,0.9491525423728814,0.01543764462335273,0.8482673164876555
default,full,Random Forest,0.5236568986568987,0.9491525423728814,0.01502435131637574,0.8482673164876555
default,full,Random Forest,0.5236568986568987,0.9548022598870056,0.015016839207310673,0.8482673164876555
default,full,Random Forest,0.543040293040293,0.9548022598870056,0.014282177974664433,0.8482673164876555
default,full,Random Forest,0.543040293040293,0.96045197740113,0.014276411305442051,0.8482673164876555
default,full,Random Forest,0.5497557997557998,0.96045197740113,0.01398056411647859,0.8482673164876555
default,full,Random Forest,0.5497557997557998,0.9661016949152542,0.013977311935259407,0.8482673164876555
default,full,Random Forest,0.5592185592185592,0.9661016949152542,0.013597839693614926,0.8482673164876555
default,full,Random Forest,0.5592185592185592,0.9717514124293786,0.013595887771940048,0.8482673164876555
default,full,Random Forest,0.5596764346764347,0.9717514124293786,0.013588743069582939,0.8482673164876555
default,full,Random Forest,0.5596764346764347,0.9774011299435028,0.01358636147003913,0.8482673164876555
default,full,Random Forest,0.63003663003663,0.9774011299435028,0.011114691128541689,0.8482673164876555
default,full,Random Forest,0.63003663003663,0.9830508474576272,0.011111830156273417,0.8482673164876555
default,full,Random Forest,0.652014652014652,0.9830508474576272,0.010411088837903664,0.8482673164876555
default,full,Random Forest,0.652014652014652,0.9887005649717514,0.010408809275788238,0.8482673164876555
default,full,Random Forest,0.701007326007326,0.9887005649717514,0.008973095674391869,0.8482673164876555
default,full,Random Forest,0.701007326007326,0.9943502824858758,0.008972420552764693,0.8482673164876555
default,full,Random Forest,0.9682539682539683,0.9943502824858758,0.00153675645342312,0.8482673164876555
default,full,Random Forest,0.9682539682539683,1.0,0.001536207855894267,0.8482673164876555
default,full,Random Forest,0.9996947496947497,1.0,4.9751243781094526e-05,0.8482673164876555
default,full,Random Forest,1.0,1.0,0.0,0.8482673164876555
default,full,Gradient Boosting,0.0,0.0,inf,0.8943592502914537
default,full,Gradient Boosting,0.0,0.005649717514124294,0.7949526594891135,0.8943592502914537
default,full,Gradient Boosting,0.0,0.01694915254237288,0.7831270226787405,0.8943592502914537
default,full,Gradient Boosting,0.00015262515262515263,0.01694915254237288,0.7659461596422487,0.8943592502914537
default,full,Gradient Boosting,0.00015262515262515263,0.022598870056497175,0.7312938898837612,0.8943592502914537
default,full,Gradient Boosting,0.0004578754578754579,0.022598870056497175,0.6249556985957442,0.8943592502914537
default,full,Gradient Boosting,0.0004578754578754579,0.03954802259887006,0.6036728191928241,0.8943592502914537
default,full,Gradient Boosting,0.0006105006105006105,0.03954802259887006,0.5996070980042658,0.8943592502914537
default,full,Gradient Boosting,0.0006105006105006105,0.05084745762711865,0.5565168551223585,0.8943592502914537
default,full,Gradient Boosting,0.0009157509157509158,0.05084745762711865,0.5200134558345421,0.8943592502914537
default,full,Gradient Boosting,0.0009157509157509158,0.06779661016949153,0.46075708657809283,0.8943592502914537
default,full,Gradient Boosting,0.001221001221001221,0.06779661016949153,0.4549152261213593,0.8943592502914537
default,full,Gradient Boosting,0.001221001221001221,0.0847457627118644,0.45135151943167795,0.8943592502914537
default,full,Gradient Boosting,0.0013736263736263737,0.0847457627118644,0.4474695059435709,0.8943592502914537
default,full,Gradient Boosting,0.0013736263736263737,0.0903954802259887,0.44268403057155203,0.8943592502914537
default,full,Gradient Boosting,0.0015262515262515263,0.0903954802259887,0.4371496443417095,0.8943592502914537
default,full,Gradient Boosting,0.0015262515262515263,0.1016949152542373,0.42530661116166135,0.8943592502914537
default,full,Gradient Boosting,0.001678876678876679,0.1016949152542373,0.41825917229292287,0.8943592502914537
default,full,Gradient Boosting,0.001678876678876679,0.10734463276836158,0.4081987601006207,0.8943592502914537
default,full,Gradient Boosting,0.0018315018315018315,0.10734463276836158,0.4016123369080311,0.8943592502914537
default,full,Gradient Boosting,0.0018315018315018315,0.11299435028248588,0.40107302730397404,0.8943592502914537
default,full,Gradient Boosting,0.002136752136752137,0.11299435028248588,0.3919240888666199,0.8943592502914537
default,full,Gradient Boosting,0.002136752136752137,0.12429378531073447,0.37964573193124,0.8943592502914537
default,full,Gradient Boosting,0.0022893772893772895,0.12429378531073447,0.3788753828408222,0.8943592502914537
default,full,Gradient Boosting,0.0022893772893772895,0.12994350282485875,0.37452187768871553,0.8943592502914537
default,full,Gradient Boosting,0.0035103785103785105,0.12994350282485875,0.3257781122268407,0.8943592502914537
default,full,Gradient Boosting,0.0035103785103785105,0.13559322033898305,0.32509918481205125,0.8943592502914537
default,full,Gradient Boosting,0.003968253968253968,0.13559322033898305,0.32076153638340144,0.8943592502914537
default,full,Gradient Boosting,0.003968253968253968,0.14124293785310735,0.3163724063282536,0.8943592502914537
default,full,Gradient Boosting,0.004426129426129426,0.14124293785310735,0.3058041166670084,0.8943592502914537
default,full,Gradient Boosting,0.004426129426129426,0.14689265536723164,0.30319451150828924,0.8943592502914537
default,full,Gradient Boosting,0.004731379731379731,0.14689265536723164,0.2981652133626742,0.8943592502914537
default,full,Gradient Boosting,0.004731379731379731,0.15254237288135594,0.29803665845186433,0.8943592502914537
default,full,Gradient Boosting,0.005189255189255189,0.15254237288135594,0.2905596688729924,0.8943592502914537
default,full,Gradient Boosting,0.005189255189255189,0.1638418079096045,0.287816069437747,0.8943592502914537
default,full,Gradient Boosting,0.005647130647130647,0.1638418079096045,0.2854652742719095,0.8943592502914537
default,full,Gradient Boosting,0.005647130647130647,0.1694915254237288,0.2821945010553617,0.8943592502914537
default,full,Gradient Boosting,0.007326007326007326,0.1694915254237288,0.2574189995730746,0.8943592502914537
default,full,Gradient Boosting,0.007326007326007326,0.1807909604519774,0.24858132923441462,0.8943592502914537
default,full,Gradient Boosting,0.007631257631257631,0.1807909604519774,0.245483953291133,0.8943592502914537
default,full,Gradient Boosting,0.007631257631257631,0.1864406779661017,0.2431801842998237,0.8943592502914537
default,full,Gradient Boosting,0.009157509157509158,0.1864406779661017,0.22162494741005653,0.8943592502914537
default,full,Gradient Boosting,0.009157509157509158,0.192090395480226,0.22151427870503182,0.8943592502914537
default,full,Gradient Boosting,0.00931013431013431,0.192090395480226,0.2194203365337574,0.8943592502914537
default,full,Gradient Boosting,0.00931013431013431,0.1977401129943503,0.21831634185404702,0.8943592502914537
default,full,Gradient Boosting,0.010225885225885226,0.1977401129943503,0.21218114034343163,0.8943592502914537
default,full,Gradient Boosting,0.010225885225885226,0.2033898305084746,0.2113836906518286,0.8943592502914537
default,full,Gradient Boosting,0.010378510378510378,0.2033898305084746,0.21065762622492976,0.8943592502914537
default,full,Gradient Boosting,0.010378510378510378,0.20903954802259886,0.20945149234332647,0.8943592502914537
default,full,Gradient Boosting,0.011294261294261294,0.20903954802259886,0.20309956409256166,0.8943592502914537
default,full,Gradient Boosting,0.011294261294261294,0.21468926553672316,0.20133207900942954,0.8943592502914537
default,full,Gradient Boosting,0.014041514041514042,0.21468926553672316,0.1798675677809975,0.8943592502914537
default,full,Gradient Boosting,0.014041514041514042,0.22033898305084745,0.17837708477141853,0.8943592502914537
default,full,Gradient Boosting,0.0144993894993895,0.22033898305084745,0.1758730748302134,0.8943592502914537
default,full,Gradient Boosting,0.0144993894993895,0.22598870056497175,0.17498632005751044,0.8943592502914537
default,full,Gradient Boosting,0.015415140415140416,0.22598870056497175,0.1727579818057202,0.8943592502914537
default,full,Gradient Boosting,0.015415140415140416,0.23163841807909605,0.1727018417392269,0.8943592502914537
default,full,Gradient Boosting,0.01617826617826618,0.23163841807909605,0.166418361629076,0.8943592502914537
default,full,Gradient Boosting,0.01617826617826618,0.23728813559322035,0.16616611905514136,0.8943592502914537
default,full,Gradient Boosting,0.017551892551892552,0.23728813559322035,0.16308200602904394,0.8943592502914537
default,full,Gradient Boosting,0.017551892551892552,0.24858757062146894,0.1613860606810945,0.8943592502914537
default,full,Gradient Boosting,0.018315018315018316,0.24858757062146894,0.160115345847216,0.8943592502914537
default,full,Gradient Boosting,0.018315018315018316,0.2542372881355932,0.15948616802703697,0.8943592502914537
default,full,Gradient Boosting,0.01862026862026862,0.2542372881355932,0.1588644605227489,0.8943592502914537
default,full,Gradient Boosting,0.01862026862026862,0.2598870056497175,0.15806873816133674,0.8943592502914537
default,full,Gradient Boosting,0.018925518925518924,0.2598870056497175,0.1580390297777004,0.8943592502914537
default,full,Gradient Boosting,0.018925518925518924,0.2655367231638418,0.15799391280434752,0.8943592502914537
default,full,Gradient Boosting,0.021672771672771672,0.2655367231638418,0.15208980324374202,0.8943592502914537
default,full,Gradient Boosting,0.021672771672771672,0.2711864406779661,0.15144056179436544,0.8943592502914537
default,full,Gradient Boosting,0.022435897435897436,0.2711864406779661,0.1493569526224607,0.8943592502914537
default,full,Gradient Boosting,0.022435897435897436,0.2768361581920904,0.14813738466764492,0.8943592502914537
default,full,Gradient Boosting,0.02274114774114774,0.2768361581920904,0.1464067444311041,0.8943592502914537
default,full,Gradient Boosting,0.02274114774114774,0.288135593220339,0.1451356176301008,0.8943592502914537
default,full,Gradient Boosting,0.022893772893772892,0.288135593220339,0.14506104566896552,0.8943592502914537
default,full,Gradient Boosting,0.022893772893772892,0.2937853107344633,0.14387082733775322,0.8943592502914537
default,full,Gradient Boosting,0.023046398046398048,0.2937853107344633,0.14236290712210284,0.8943592502914537
default,full,Gradient Boosting,0.023046398046398048,0.2994350282485876,0.1415587961817256,0.8943592502914537
default,full,Gradient Boosting,0.023656898656898656,0.2994350282485876,0.13996825836661292,0.8943592502914537
default,full,Gradient Boosting,0.023656898656898656,0.3050847457627119,0.1397966146622269,0.8943592502914537
default,full,Gradient Boosting,0.023809523809523808,0.3050847457627119,0.13937955193375684,0.8943592502914537
default,full,Gradient Boosting,0.023809523809523808,0.3163841807909605,0.13624324832425,0.8943592502914537
default,full,Gradient Boosting,0.026404151404151404,0.3163841807909605,0.130334793848646,0.8943592502914537
default,full,Gradient Boosting,0.026404151404151404,0.3220338983050847,0.13028051315291203,0.8943592502914537
default,full,Gradient Boosting,0.027014652014652016,0.3220338983050847,0.13004079952426925,0.8943592502914537
default,full,Gradient Boosting,0.027014652014652016,0.327683615819209,0.12949372540841722,0.8943592502914537
default,full,Gradient Boosting,0.027777777777777776,0.327683615819209,0.12821930609413779,0.8943592502914537
default,full,Gradient Boosting,0.027777777777777776,0.3333333333333333,0.12776150343492484,0.8943592502914537
default,full,Gradient Boosting,0.028083028083028084,0.3333333333333333,0.1275216231007805,0.8943592502914537
default,full,Gradient Boosting,0.028083028083028084,0.3389830508474576,0.12717401033492948,0.8943592502914537
default,full,Gradient Boosting,0.028998778998779,0.3389830508474576,0.12439695645295161,0.8943592502914537
default,full,Gradient Boosting,0.028998778998779,0.3446327683615819,0.12393408406281053,0.8943592502914537
default,full,Gradient Boosting,0.029304029304029304,0.3446327683615819,0.1238247058683092,0.8943592502914537
default,full,Gradient Boosting,0.029304029304029304,0.3502824858757062,0.12365737212541451,0.8943592502914537
default,full,Gradient Boosting,0.029456654456654456,0.3502824858757062,0.12353353371686501,0.8943592502914537
default,full,Gradient Boosting,0.029456654456654456,0.3559322033898305,0.12279092723991629,0.8943592502914537
default,full,Gradient Boosting,0.03021978021978022,0.3559322033898305,0.12164539205281509,0.8943592502914537
default,full,Gradient Boosting,0.03021978021978022,0.3615819209039548,0.12132397071217262,0.8943592502914537
default,full,Gradient Boosting,0.03144078144078144,0.3615819209039548,0.11894046778165829,0.8943592502914537
default,full,Gradient Boosting,0.03144078144078144,0.3672316384180791,0.11868881511941101,0.8943592502914537
default,full,Gradient Boosting,0.031746031746031744,0.3672316384180791,0.1180429721748669,0.8943592502914537
default,full,Gradient Boosting,0.031746031746031744,0.3728813559322034,0.11756750551535942,0.8943592502914537
default,full,Gradient Boosting,0.03235653235653236,0.3728813559322034,0.11556121598800971,0.8943592502914537
default,full,Gradient Boosting,0.03235653235653236,0.3785310734463277,0.1151584548924555,0.8943592502914537
default,full,Gradient Boosting,0.03327228327228327,0.3785310734463277,0.1134287580439747,0.8943592502914537
default,full,Gradient Boosting,0.03327228327228327,0.384180790960452,0.11314143459243153,0.8943592502914537
default,full,Gradient Boosting,0.033577533577533576,0.384180790960452,0.11244616353380177,0.8943592502914537
default,full,Gradient Boosting,0.033577533577533576,0.3898305084745763,0.11221332199713593,0.8943592502914537
default,full,Gradient Boosting,0.03403540903540903,0.3898305084745763,0.11022237426050883,0.8943592502914537
default,full,Gradient Boosting,0.03403540903540903,0.3954802259887006,0.11012099067920357,0.8943592502914537
default,full,Gradient Boosting,0.036782661782661784,0.3954802259887006,0.10658434156139546,0.8943592502914537
default,full,Gradient Boosting,0.036782661782661784,0.4011299435028249,0.10658211577267189,0.8943592502914537
default,full,Gradient Boosting,0.03815628815628816,0.4011299435028249,0.10444109368784467,0.8943592502914537
default,full,Gradient Boosting,0.03815628815628816,0.4067796610169492,0.10436590644312922,0.8943592502914537
default,full,Gradient Boosting,0.04075091575091575,0.4067796610169492,0.10082907226969764,0.8943592502914537
default,full,Gradient Boosting,0.04075091575091575,0.4124293785310734,0.10074969884341861,0.8943592502914537
default,full,Gradient Boosting,0.041056166056166056,0.4124293785310734,0.09964855084383142,0.8943592502914537
default,full,Gradient Boosting,0.041056166056166056,0.4180790960451977,0.09954744724590814,0.8943592502914537
default,full,Gradient Boosting,0.04120879120879121,0.4180790960451977,0.09951297604728382,0.8943592502914537
default,full,Gradient Boosting,0.04120879120879121,0.423728813559322,0.09940245958574923,0.8943592502914537
default,full,Gradient Boosting,0.04242979242979243,0.423728813559322,0.09761863306653293,0.8943592502914537
default,full,Gradient Boosting,0.04242979242979243,0.4293785310734463,0.09727300989074592,0.8943592502914537
default,full,Gradient Boosting,0.04288766788766789,0.4293785310734463,0.09713227644659225,0.8943592502914537
default,full,Gradient Boosting,0.04288766788766789,0.4406779661016949,0.09687288574334797,0.8943592502914537
default,full,Gradient Boosting,0.045940170940170943,0.4406779661016949,0.0932747320616358,0.8943592502914537
default,full,Gradient Boosting,0.045940170940170943,0.4463276836158192,0.09325622877725946,0.8943592502914537
default,full,Gradient Boosting,0.04899267399267399,0.4463276836158192,0.09044621885122657,0.8943592502914537
default,full,Gradient Boosting,0.04899267399267399,0.4519774011299435,0.08994234929773302,0.8943592502914537
default,full,Gradient Boosting,0.04945054945054945,0.4519774011299435,0.08979375615602543,0.8943592502914537
default,full,Gradient Boosting,0.04945054945054945,0.4576271186440678,0.08954513831959303,0.8943592502914537
default,full,Gradient Boosting,0.04975579975579975,0.4576271186440678,0.08880600048625113,0.8943592502914537
default,full,Gradient Boosting,0.04975579975579975,0.4632768361581921,0.08840335610535811,0.8943592502914537
default,full,Gradient Boosting,0.04990842490842491,0.4632768361581921,0.08833073166466064,0.8943592502914537
default,full,Gradient Boosting,0.04990842490842491,0.4689265536723164,0.08828389033067767,0.8943592502914537
default,full,Gradient Boosting,0.05036630036630037,0.4689265536723164,0.08794748976492318,0.8943592502914537
default,full,Gradient Boosting,0.05036630036630037,0.4745762711864407,0.08725236091107315,0.8943592502914537
default,full,Gradient Boosting,0.050824175824175824,0.4745762711864407,0.08612512053492923,0.8943592502914537
default,full,Gradient Boosting,0.050824175824175824,0.480225988700565,0.08601204489589634,0.8943592502914537
default,full,Gradient Boosting,0.05555555555555555,0.480225988700565,0.08099239586727842,0.8943592502914537
default,full,Gradient Boosting,0.05555555555555555,0.4971751412429379,0.08050138716242775,0.8943592502914537
default,full,Gradient Boosting,0.056776556776556776,0.4971751412429379,0.07970998136495508,0.8943592502914537
default,full,Gradient Boosting,0.056776556776556776,0.5028248587570622,0.07935245729001039,0.8943592502914537
default,full,Gradient Boosting,0.061660561660561664,0.5028248587570622,0.07510650948260147,0.8943592502914537
default,full,Gradient Boosting,0.061660561660561664,0.5084745762711864,0.07498485754975813,0.8943592502914537
default,full,Gradient Boosting,0.06303418803418803,0.5084745762711864,0.07408958671910242,0.8943592502914537
default,full,Gradient Boosting,0.06303418803418803,0.5141242937853108,0.07397170531038684,0.8943592502914537
default,full,Gradient Boosting,0.06471306471306472,0.5141242937853108,0.0729732061910598,0.8943592502914537
default,full,Gradient Boosting,0.06471306471306472,0.519774011299435,0.07270875858640173,0.8943592502914537
default,full,Gradient Boosting,0.06593406593406594,0.519774011299435,0.07117507338122372,0.8943592502914537
default,full,Gradient Boosting,0.06593406593406594,0.5254237288135594,0.07116004369475933,0.8943592502914537
default,full,Gradient Boosting,0.06807081807081806,0.5254237288135594,0.06933070012771657,0.8943592502914537
default,full,Gradient Boosting,0.06807081807081806,0.5310734463276836,0.06891634213012461,0.8943592502914537
default,full,Gradient Boosting,0.06837606837606838,0.5310734463276836,0.06889122231429115,0.8943592502914537
default,full,Gradient Boosting,0.06837606837606838,0.536723163841808,0.06887353087125964,0.8943592502914537
default,full,Gradient Boosting,0.06868131868131869,0.536723163841808,0.06878602315341208,0.8943592502914537
default,full,Gradient Boosting,0.06868131868131869,0.5480225988700564,0.06840818225539722,0.8943592502914537
default,full,Gradient Boosting,0.07219169719169719,0.5480225988700564,0.06665208137697254,0.8943592502914537
default,full,Gradient Boosting,0.07219169719169719,0.5536723163841808,0.06664860871207177,0.8943592502914537
default,full,Gradient Boosting,0.07234432234432235,0.5536723163841808,0.0665898497855901,0.8943592502914537
default,full,Gradient Boosting,0.07234432234432235,0.559322033898305,0.06651836157691628,0.8943592502914537
default,full,Gradient Boosting,0.07310744810744811,0.559322033898305,0.06643568357979952,0.8943592502914537
default,full,Gradient Boosting,0.07310744810744811,0.5649717514124294,0.06634427396869728,0.8943592502914537
default,full,Gradient Boosting,0.07402319902319902,0.5649717514124294,0.06550766655339146,0.8943592502914537
default,full,Gradient Boosting,0.07402319902319902,0.5706214689265536,0.06550453123698165,0.8943592502914537
default,full,Gradient Boosting,0.07661782661782662,0.5706214689265536,0.06402500111526654,0.8943592502914537
default,full,Gradient Boosting,0.07661782661782662,0.576271186440678,0.06385131975674437,0.8943592502914537
default,full,Gradient Boosting,0.07707570207570208,0.576271186440678,0.0634300816026216,0.8943592502914537
default,full,Gradient Boosting,0.07707570207570208,0.5819209039548022,0.06336029921299118,0.8943592502914537
default,full,Gradient Boosting,0.07936507936507936,0.5819209039548022,0.06213260675528273,0.8943592502914537
default,full,Gradient Boosting,0.07936507936507936,0.5875706214689266,0.06196343989971438,0.8943592502914537
default,full,Gradient Boosting,0.08012820512820513,0.5875706214689266,0.06172820948180924,0.8943592502914537
default,full,Gradient Boosting,0.08012820512820513,0.5932203389830508,0.061551441834124455,0.8943592502914537
default,full,Gradient Boosting,0.08165445665445666,0.5932203389830508,0.06066749887372322,0.8943592502914537
default,full,Gradient Boosting,0.08165445665445666,0.5988700564971752,0.06055314521381633,0.8943592502914537
default,full,Gradient Boosting,0.08791208791208792,0.5988700564971752,0.05722919332634405,0.8943592502914537
default,full,Gradient Boosting,0.08791208791208792,0.6045197740112994,0.057186135618009074,0.8943592502914537
default,full,Gradient Boosting,0.09355921855921856,0.6045197740112994,0.05363343604976115,0.8943592502914537
default,full,Gradient Boosting,0.09355921855921856,0.6101694915254238,0.053360606438206094,0.8943592502914537
default,full,Gradient Boosting,0.09783272283272283,0.6101694915254238,0.05136466514853225,0.8943592502914537
default,full,Gradient Boosting,0.09783272283272283,0.615819209039548,0.05128740766889677,0.8943592502914537
default,full,Gradient Boosting,0.09844322344322344,0.615819209039548,0.05107739470819095,0.8943592502914537
default,full,Gradient Boosting,0.09844322344322344,0.6214689265536724,0.05104874365177708,0.8943592502914537
default,full,Gradient Boosting,0.0989010989010989,0.6214689265536724,0.050952480690932785,0.8943592502914537
default,full,Gradient Boosting,0.0989010989010989,0.6271186440677966,0.050935924505971605,0.8943592502914537
default,full,Gradient Boosting,0.10027472527472528,0.6271186440677966,0.05016849085866367,0.8943592502914537
default,full,Gradient Boosting,0.10027472527472528,0.632768361581921,0.050114370298595626,0.8943592502914537
default,full,Gradient Boosting,0.10073260073260074,0.632768361581921,0.04991383720950033,0.8943592502914537
default,full,Gradient Boosting,0.10073260073260074,0.6384180790960452,0.049906064102086985,0.8943592502914537
default,full,Gradient Boosting,0.10241147741147741,0.6384180790960452,0.04949578522068189,0.8943592502914537
default,full,Gradient Boosting,0.10241147741147741,0.6440677966101694,0.04939045251439245,0.8943592502914537
default,full,Gradient Boosting,0.10958485958485958,0.6440677966101694,0.04671152704954417,0.8943592502914537
default,full,Gradient Boosting,0.10958485958485958,0.6497175141242938,0.04670658674671743,0.8943592502914537
default,full,Gradient Boosting,0.11507936507936507,0.6497175141242938,0.044745104795043705,0.8943592502914537
default,full,Gradient Boosting,0.11507936507936507,0.655367231638418,0.04468730788713498,0.8943592502914537
default,full,Gradient Boosting,0.11935286935286936,0.655367231638418,0.04342448750576427,0.8943592502914537
default,full,Gradient Boosting,0.11935286935286936,0.6610169491525424,0.04338445470354638,0.8943592502914537
default,full,Gradient Boosting,0.12026862026862027,0.6610169491525424,0.04298000617750829,0.8943592502914537
default,full,Gradient Boosting,0.12026862026862027,0.6666666666666666,0.04293036873901984,0.8943592502914537
default,full,Gradient Boosting,0.1304945054945055,0.6666666666666666,0.039695899985576676,0.8943592502914537
default,full,Gradient Boosting,0.1304945054945055,0.672316384180791,0.03967570612995551,0.8943592502914537
default,full,Gradient Boosting,0.13095238095238096,0.672316384180791,0.039427267984491164,0.8943592502914537
default,full,Gradient Boosting,0.13095238095238096,0.6779661016949152,0.039396784969571635,0.8943592502914537
default,full,Gradient Boosting,0.13202075702075702,0.6779661016949152,0.039227321892071905,0.8943592502914537
default,full,Gradient Boosting,0.13202075702075702,0.6836158192090396,0.03922046577202145,0.8943592502914537
default,full,Gradient Boosting,0.13263125763125763,0.6836158192090396,0.03907384292240225,0.8943592502914537
default,full,Gradient Boosting,0.13263125763125763,0.6892655367231638,0.03904763843785655,0.8943592502914537
default,full,Gradient Boosting,0.13324175824175824,0.6892655367231638,0.03898670609630465,0.8943592502914537
default,full,Gradient Boosting,0.13324175824175824,0.6949152542372882,0.03893613525024547,0.8943592502914537
default,full,Gradient Boosting,0.13583638583638583,0.6949152542372882,0.038113270016790636,0.8943592502914537
default,full,Gradient Boosting,0.13583638583638583,0.7005649717514124,0.038098340600345115,0.8943592502914537
default,full,Gradient Boosting,0.13812576312576313,0.7005649717514124,0.03758419987845051,0.8943592502914537
default,full,Gradient Boosting,0.13812576312576313,0.7062146892655368,0.03758006395281669,0.8943592502914537
default,full,Gradient Boosting,0.14102564102564102,0.7062146892655368,0.03673706419058782,0.8943592502914537
default,full,Gradient Boosting,0.14102564102564102,0.711864406779661,0.03671254775596132,0.8943592502914537
default,full,Gradient Boosting,0.1433150183150183,0.711864406779661,0.036055091037105184,0.8943592502914537
default,full,Gradient Boosting,0.1433150183150183,0.7175141242937854,0.03602426612457892,0.8943592502914537
default,full,Gradient Boosting,0.14621489621489622,0.7175141242937854,0.03555874610129262,0.8943592502914537
default,full,Gradient Boosting,0.14621489621489622,0.7288135593220338,0.035526928265204295,0.8943592502914537
default,full,Gradient Boosting,0.1475885225885226,0.7288135593220338,0.035190938075002426,0.8943592502914537
default,full,Gradient Boosting,0.1475885225885226,0.7344632768361582,0.03512611181689299,0.8943592502914537
default,full,Gradient Boosting,0.1481990231990232,0.7344632768361582,0.03485440600797902,0.8943592502914537
default,full,Gradient Boosting,0.1481990231990232,0.7401129943502824,0.03484440092370331,0.8943592502914537
default,full,Gradient Boosting,0.1523199023199023,0.7401129943502824,0.033698121391003505,0.8943592502914537
default,full,Gradient Boosting,0.1523199023199023,0.7457627118644068,0.03365572916491655,0.8943592502914537
default,full,Gradient Boosting,0.15460927960927962,0.7457627118644068,0.032817456278117246,0.8943592502914537
default,full,Gradient Boosting,0.15460927960927962,0.751412429378531,0.032707861792229447,0.8943592502914537
default,full,Gradient Boosting,0.15537240537240538,0.751412429378531,0.03249637613311147,0.8943592502914537
default,full,Gradient Boosting,0.15537240537240538,0.7570621468926554,0.03243743424386845,0.8943592502914537
default,full,Gradient Boosting,0.1581196581196581,0.7570621468926554,0.032026789125822804,0.8943592502914537
default,full,Gradient Boosting,0.1581196581196581,0.768361581920904,0.03200221807873699,0.8943592502914537
default,full,Gradient Boosting,0.15918803418803418,0.768361581920904,0.031818774947515144,0.8943592502914537
default,full,Gradient Boosting,0.15918803418803418,0.7740112994350282,0.03179866222761959,0.8943592502914537
default,full,Gradient Boosting,0.15964590964590963,0.7740112994350282,0.03166966423421956,0.8943592502914537
default,full,Gradient Boosting,0.15964590964590963,0.7796610169491526,0.03165191308429228,0.8943592502914537
default,full,Gradient Boosting,0.16056166056166057,0.7796610169491526,0.03132603133323524,0.8943592502914537
default,full,Gradient Boosting,0.16056166056166057,0.7853107344632768,0.031299146823129086,0.8943592502914537
default,full,Gradient Boosting,0.16071428571428573,0.7853107344632768,0.031251490865072284,0.8943592502914537
default,full,Gradient Boosting,0.16071428571428573,0.7909604519774012,0.031218622285200965,0.8943592502914537
default,full,Gradient Boosting,0.16132478632478633,0.7909604519774012,0.031181924830331505,0.8943592502914537
default,full,Gradient Boosting,0.16132478632478633,0.7966101694915254,0.031153226888461897,0.8943592502914537
default,full,Gradient Boosting,0.16224053724053725,0.7966101694915254,0.03091892604117624,0.8943592502914537
default,full,Gradient Boosting,0.16224053724053725,0.8022598870056498,0.030907316887576,0.8943592502914537
default,full,Gradient Boosting,0.16468253968253968,0.8022598870056498,0.030353837431586084,0.8943592502914537
default,full,Gradient Boosting,0.16468253968253968,0.807909604519774,0.030220135466680877,0.8943592502914537
default,full,Gradient Boosting,0.16498778998778998,0.807909604519774,0.030059876112195422,0.8943592502914537
default,full,Gradient Boosting,0.16498778998778998,0.8135593220338984,0.03005249937015654,0.8943592502914537
default,full,Gradient Boosting,0.1797924297924298,0.8135593220338984,0.027773835934119927,0.8943592502914537
default,full,Gradient Boosting,0.1797924297924298,0.8192090395480226,0.027726130793156254,0.8943592502914537
default,full,Gradient Boosting,0.18055555555555555,0.8192090395480226,0.027674573872354623,0.8943592502914537
default,full,Gradient Boosting,0.18055555555555555,0.8248587570621468,0.027553520866251343,0.8943592502914537
default,full,Gradient Boosting,0.18345543345543344,0.8248587570621468,0.026976574974916387,0.8943592502914537
default,full,Gradient Boosting,0.18345543345543344,0.8305084745762712,0.02695470185247049,0.8943592502914537
default,full,Gradient Boosting,0.18421855921855923,0.8305084745762712,0.02686745286431203,0.8943592502914537
default,full,Gradient Boosting,0.18421855921855923,0.8361581920903954,0.026809035311227324,0.8943592502914537
default,full,Gradient Boosting,0.1942918192918193,0.8361581920903954,0.025398527362914956,0.8943592502914537
default,full,Gradient Boosting,0.1942918192918193,0.8418079096045198,0.025383401251437496,0.8943592502914537
default,full,Gradient Boosting,0.20314407814407814,0.8418079096045198,0.024359171343160166,0.8943592502914537
default,full,Gradient Boosting,0.20314407814407814,0.847457627118644,0.024354531432627204,0.8943592502914537
default,full,Gradient Boosting,0.20482295482295482,0.847457627118644,0.024244930807336376,0.8943592502914537
default,full,Gradient Boosting,0.20482295482295482,0.8531073446327684,0.024232655870100837,0.8943592502914537
default,full,Gradient Boosting,0.20863858363858365,0.8531073446327684,0.02379857904270876,0.8943592502914537
default,full,Gradient Boosting,0.20863858363858365,0.8587570621468926,0.023795997631391442,0.8943592502914537
default,full,Gradient Boosting,0.21153846153846154,0.8587570621468926,0.02345230598482116,0.8943592502914537
default,full,Gradient Boosting,0.21153846153846154,0.864406779661017,0.023432844891231236,0.8943592502914537
default,full,Gradient Boosting,0.22054334554334554,0.864406779661017,0.022251430855449717,0.8943592502914537
default,full,Gradient Boosting,0.22054334554334554,0.8700564971751412,0.02224153602777218,0.8943592502914537
default,full,Gradient Boosting,0.22374847374847376,0.8700564971751412,0.021779987869318788,0.8943592502914537
default,full,Gradient Boosting,0.22374847374847376,0.8757062146892656,0.021763393833378025,0.8943592502914537
default,full,Gradient Boosting,0.22725885225885226,0.8757062146892656,0.02140473024597673,0.8943592502914537
default,full,Gradient Boosting,0.22725885225885226,0.8813559322033898,0.02140156918231716,0.8943592502914537
default,full,Gradient Boosting,0.23321123321123322,0.8813559322033898,0.020486889614110177,0.8943592502914537
default,full,Gradient Boosting,0.23321123321123322,0.8870056497175142,0.020458069477391268,0.8943592502914537
default,full,Gradient Boosting,0.23458485958485958,0.8870056497175142,0.02030667566182305,0.8943592502914537
default,full,Gradient Boosting,0.23458485958485958,0.8926553672316384,0.020293733854522267,0.8943592502914537
default,full,Gradient Boosting,0.23809523809523808,0.8926553672316384,0.0197991515461005,0.8943592502914537
default,full,Gradient Boosting,0.23809523809523808,0.8983050847457628,0.01979692984881629,0.8943592502914537
default,full,Gradient Boosting,0.2512210012210012,0.8983050847457628,0.01827576411531845,0.8943592502914537
default,full,Gradient Boosting,0.2512210012210012,0.903954802259887,0.01825967471501365,0.8943592502914537
default,full,Gradient Boosting,0.2692307692307692,0.903954802259887,0.016396973793969268,0.8943592502914537
default,full,Gradient Boosting,0.2692307692307692,0.9096045197740112,0.01639365854337836,0.8943592502914537
default,full,Gradient Boosting,0.2718253968253968,0.9096045197740112,0.016209927430271966,0.8943592502914537
default,full,Gradient Boosting,0.2718253968253968,0.9152542372881356,0.016208813829399604,0.8943592502914537
default,full,Gradient Boosting,0.2806776556776557,0.9152542372881356,0.015327694286973104,0.8943592502914537
default,full,Gradient Boosting,0.2806776556776557,0.9209039548022598,0.015319800333866363,0.8943592502914537
default,full,Gradient Boosting,0.2854090354090354,0.9209039548022598,0.014941934711490851,0.8943592502914537
default,full,Gradient Boosting,0.2854090354090354,0.9265536723163842,0.014941862624243223,0.8943592502914537
default,full,Gradient Boosting,0.29624542124542125,0.9265536723163842,0.014130651504290223,0.8943592502914537
default,full,Gradient Boosting,0.29624542124542125,0.9322033898305084,0.014111147527479509,0.8943592502914537
default,full,Gradient Boosting,0.30128205128205127,0.9322033898305084,0.013739492562430714,0.8943592502914537
default,full,Gradient Boosting,0.30128205128205127,0.9378531073446328,0.013728674715204704,0.8943592502914537
default,full,Gradient Boosting,0.30265567765567764,0.9378531073446328,0.013591335064998291,0.8943592502914537
default,full,Gradient Boosting,0.30296092796092794,0.9378531073446328,0.013582749963612435,0.8943592502914537
default,full,Gradient Boosting,0.30815018315018317,0.9378531073446328,0.013192517212783353,0.8943592502914537
default,full,Gradient Boosting,0.30815018315018317,0.943502824858757,0.013188352100124008,0.8943592502914537
default,full,Gradient Boosting,0.3446275946275946,0.943502824858757,0.010764414707063871,0.8943592502914537
default,full,Gradient Boosting,0.3446275946275946,0.9491525423728814,0.010733846493746623,0.8943592502914537
default,full,Gradient Boosting,0.3592796092796093,0.9491525423728814,0.009750169339792175,0.8943592502914537
default,full,Gradient Boosting,0.3592796092796093,0.9548022598870056,0.009749291142958883,0.8943592502914537
default,full,Gradient Boosting,0.3663003663003663,0.9548022598870056,0.009312947078230679,0.8943592502914537
default,full,Gradient Boosting,0.3666056166056166,0.9548022598870056,0.009304426374989462,0.8943592502914537
default,full,Gradient Boosting,0.38354700854700857,0.9548022598870056,0.008427270659072143,0.8943592502914537
default,full,Gradient Boosting,0.38354700854700857,0.96045197740113,0.008422183902371915,0.8943592502914537
default,full,Gradient Boosting,0.4128510378510378,0.96045197740113,0.0070154343470723345,0.8943592502914537
default,full,Gradient Boosting,0.4128510378510378,0.9661016949152542,0.007012876831712729,0.8943592502914537
default,full,Gradient Boosting,0.42353479853479853,0.9661016949152542,0.006593607143018428,0.8943592502914537
default,full,Gradient Boosting,0.42353479853479853,0.9717514124293786,0.006593460080562489,0.8943592502914537
default,full,Gradient Boosting,0.4368131868131868,0.9717514124293786,0.0060348771258051034,0.8943592502914537
default,full,Gradient Boosting,0.4368131868131868,0.9774011299435028,0.006006046275275375,0.8943592502914537
default,full,Gradient Boosting,0.47954822954822957,0.9774011299435028,0.004762977834670061,0.8943592502914537
default,full,Gradient Boosting,0.47954822954822957,0.9830508474576272,0.004759099478464011,0.8943592502914537
default,full,Gradient Boosting,0.5099206349206349,0.9830508474576272,0.004086573063314605,0.8943592502914537
default,full,Gradient Boosting,0.5102258852258852,0.9830508474576272,0.0040859098336312365,0.8943592502914537
default,full,Gradient Boosting,0.5633394383394383,0.9830508474576272,0.003356278820757577,0.8943592502914537
default,full,Gradient Boosting,0.5636446886446886,0.9830508474576272,0.0033493678394889083,0.8943592502914537
default,full,Gradient Boosting,0.57997557997558,0.9830508474576272,0.0031774935018827493,0.8943592502914537
default,full,Gradient Boosting,0.5802808302808303,0.9830508474576272,0.003176781270386166,0.8943592502914537
default,full,Gradient Boosting,0.632020757020757,0.9830508474576272,0.002745011728220149,0.8943592502914537
default,full,Gradient Boosting,0.6323260073260073,0.9830508474576272,0.0027441106749944294,0.8943592502914537
default,full,Gradient Boosting,0.6335470085470085,0.9830508474576272,0.0027349528922893116,0.8943592502914537
default,full,Gradient Boosting,0.6335470085470085,0.9887005649717514,0.0027343620812341728,0.8943592502914537
default,full,Gradient Boosting,0.6356837606837606,0.9887005649717514,0.002720312754724488,0.8943592502914537
default,full,Gradient Boosting,0.635989010989011,0.9887005649717514,0.0027200494763334397,0.8943592502914537
default,full,Gradient Boosting,0.6375152625152625,0.9887005649717514,0.002708047001255398,0.8943592502914537
default,full,Gradient Boosting,0.6378205128205128,0.9887005649717514,0.0027075748410969385,0.8943592502914537
default,full,Gradient Boosting,0.6414835164835165,0.9887005649717514,0.002684191696269855,0.8943592502914537
default,full,Gradient Boosting,0.6417887667887668,0.9887005649717514,0.0026841680905553477,0.8943592502914537
default,full,Gradient Boosting,0.6790293040293041,0.9887005649717514,0.002454109708728942,0.8943592502914537
default,full,Gradient Boosting,0.6794871794871795,0.9887005649717514,0.0024537953315264087,0.8943592502914537
default,full,Gradient Boosting,0.6865079365079365,0.9887005649717514,0.0024143218449693897,0.8943592502914537
default,full,Gradient Boosting,0.6868131868131868,0.9887005649717514,0.0024142428113063277,0.8943592502914537
default,full,Gradient Boosting,0.6962759462759462,0.9887005649717514,0.002375358604668809,0.8943592502914537
default,full,Gradient Boosting,0.6965811965811965,0.9887005649717514,0.0023744192224427287,0.8943592502914537
default,full,Gradient Boosting,0.6973443223443223,0.9887005649717514,0.0023654321722456468,0.8943592502914537
default,full,Gradient Boosting,0.6976495726495726,0.9887005649717514,0.0023645711756406923,0.8943592502914537
default,full,Gradient Boosting,0.7037545787545788,0.9887005649717514,0.002335060645935958,0.8943592502914537
default,full,Gradient Boosting,0.7040598290598291,0.9887005649717514,0.0023347873404715607,0.8943592502914537
default,full,Gradient Boosting,0.7080280830280831,0.9887005649717514,0.00231689768235331,0.8943592502914537
default,full,Gradient Boosting,0.7083333333333334,0.9887005649717514,0.002314414058501806,0.8943592502914537
default,full,Gradient Boosting,0.7152014652014652,0.9887005649717514,0.0022833188102168497,0.8943592502914537
default,full,Gradient Boosting,0.7155067155067155,0.9887005649717514,0.002282821203982487,0.8943592502914537
default,full,Gradient Boosting,0.7239010989010989,0.9887005649717514,0.0022392945358359812,0.8943592502914537
default,full,Gradient Boosting,0.7245115995115995,0.9887005649717514,0.002238112289530514,0.8943592502914537
default,full,Gradient Boosting,0.726037851037851,0.9887005649717514,0.0022309773571686678,0.8943592502914537
default,full,Gradient Boosting,0.7263431013431013,0.9887005649717514,0.0022293743422860035,0.8943592502914537
default,full,Gradient Boosting,0.7269536019536019,0.9887005649717514,0.002227498038900253,0.8943592502914537
default,full,Gradient Boosting,0.7274114774114774,0.9887005649717514,0.0022271096258821327,0.8943592502914537
default,full,Gradient Boosting,0.7277167277167277,0.9887005649717514,0.0022267202409592844,0.8943592502914537
default,full,Gradient Boosting,0.7380952380952381,0.9887005649717514,0.002180237116557277,0.8943592502914537
default,full,Gradient Boosting,0.7384004884004884,0.9887005649717514,0.002179815315336485,0.8943592502914537
default,full,Gradient Boosting,0.7402319902319903,0.9887005649717514,0.0021710498369872403,0.8943592502914537
default,full,Gradient Boosting,0.7405372405372406,0.9887005649717514,0.0021703617165078626,0.8943592502914537
default,full,Gradient Boosting,0.7428266178266179,0.9887005649717514,0.002163220402762844,0.8943592502914537
default,full,Gradient Boosting,0.7431318681318682,0.9887005649717514,0.002162760994236742,0.8943592502914537
default,full,Gradient Boosting,0.7510683760683761,0.9887005649717514,0.0021301800411005446,0.8943592502914537
default,full,Gradient Boosting,0.7513736263736264,0.9887005649717514,0.002129699366375865,0.8943592502914537
default,full,Gradient Boosting,0.7515262515262515,0.9887005649717514,0.002129172568733728,0.8943592502914537
default,full,Gradient Boosting,0.7518315018315018,0.9887005649717514,0.0021289514466246227,0.8943592502914537
default,full,Gradient Boosting,0.7571733821733821,0.9887005649717514,0.0021107323279129435,0.8943592502914537
default,full,Gradient Boosting,0.7574786324786325,0.9887005649717514,0.0021101201583549455,0.8943592502914537
default,full,Gradient Boosting,0.762057387057387,0.9887005649717514,0.002088158792030107,0.8943592502914537
default,full,Gradient Boosting,0.7623626373626373,0.9887005649717514,0.0020877965724384355,0.8943592502914537
default,full,Gradient Boosting,0.7666361416361417,0.9887005649717514,0.002072362763502193,0.8943592502914537
default,full,Gradient Boosting,0.7666361416361417,0.9943502824858758,0.0020720275863945524,0.8943592502914537
default,full,Gradient Boosting,0.766941391941392,0.9943502824858758,0.0020707665827366145,0.8943592502914537
default,full,Gradient Boosting,0.7673992673992674,0.9943502824858758,0.0020690011935423453,0.8943592502914537
default,full,Gradient Boosting,0.7831196581196581,0.9943502824858758,0.0020031864435890493,0.8943592502914537
default,full,Gradient Boosting,0.7834249084249084,0.9943502824858758,0.0020030231244440927,0.8943592502914537
default,full,Gradient Boosting,0.7892246642246642,0.9943502824858758,0.0019808678291620948,0.8943592502914537
default,full,Gradient Boosting,0.7896825396825397,0.9943502824858758,0.0019807546488989996,0.8943592502914537
default,full,Gradient Boosting,0.7928876678876678,0.9943502824858758,0.001965408093781766,0.8943592502914537
default,full,Gradient Boosting,0.7933455433455433,0.9943502824858758,0.0019646994774457373,0.8943592502914537
default,full,Gradient Boosting,0.7945665445665445,0.9943502824858758,0.0019610889467027576,0.8943592502914537
default,full,Gradient Boosting,0.7948717948717948,0.9943502824858758,0.0019609561601159255,0.8943592502914537
default,full,Gradient Boosting,0.7970085470085471,0.9943502824858758,0.001951958033627973,0.8943592502914537
default,full,Gradient Boosting,0.7973137973137974,0.9943502824858758,0.0019516708030049732,0.8943592502914537
default,full,Gradient Boosting,0.8052503052503053,0.9943502824858758,0.001911340756321366,0.8943592502914537
default,full,Gradient Boosting,0.8055555555555556,0.9943502824858758,0.0019089692300010496,0.8943592502914537
default,full,Gradient Boosting,0.8058608058608059,0.9943502824858758,0.001906848341399029,0.8943592502914537
default,full,Gradient Boosting,0.8063186813186813,0.9943502824858758,0.001906695846512552,0.8943592502914537
default,full,Gradient Boosting,0.8075396825396826,0.9943502824858758,0.0019030691573045846,0.8943592502914537
default,full,Gradient Boosting,0.8078449328449329,0.9943502824858758,0.0019015613750758998,0.8943592502914537
default,full,Gradient Boosting,0.8163919413919414,0.9943502824858758,0.0018662634010182494,0.8943592502914537
default,full,Gradient Boosting,0.8166971916971917,0.9943502824858758,0.0018656074511252847,0.8943592502914537
default,full,Gradient Boosting,0.8173076923076923,0.9943502824858758,0.001861891265558997,0.8943592502914537
default,full,Gradient Boosting,0.8176129426129426,0.9943502824858758,0.0018616272931395483,0.8943592502914537
default,full,Gradient Boosting,0.8237179487179487,0.9943502824858758,0.0018356204674881272,0.8943592502914537
default,full,Gradient Boosting,0.8241758241758241,0.9943502824858758,0.0018354366160910562,0.8943592502914537
default,full,Gradient Boosting,0.8278388278388278,0.9943502824858758,0.0018209051305783605,0.8943592502914537
default,full,Gradient Boosting,0.8281440781440782,0.9943502824858758,0.0018196506407537182,0.8943592502914537
default,full,Gradient Boosting,0.8287545787545788,0.9943502824858758,0.0018182388454788612,0.8943592502914537
default,full,Gradient Boosting,0.8292124542124543,0.9943502824858758,0.0018180635734010883,0.8943592502914537
default,full,Gradient Boosting,0.8301282051282052,0.9943502824858758,0.0018109491527832585,0.8943592502914537
default,full,Gradient Boosting,0.8304334554334555,0.9943502824858758,0.0018103358200144064,0.8943592502914537
default,full,Gradient Boosting,0.8336385836385837,0.9943502824858758,0.0017965025020122286,0.8943592502914537
default,full,Gradient Boosting,0.833943833943834,0.9943502824858758,0.001796425942581555,0.8943592502914537
default,full,Gradient Boosting,0.8458485958485958,0.9943502824858758,0.0017487852231212078,0.8943592502914537
default,full,Gradient Boosting,0.8461538461538461,0.9943502824858758,0.0017486468203296033,0.8943592502914537
default,full,Gradient Boosting,0.8478327228327228,0.9943502824858758,0.00173783606945471,0.8943592502914537
default,full,Gradient Boosting,0.8481379731379731,0.9943502824858758,0.0017377677938534661,0.8943592502914537
default,full,Gradient Boosting,0.849053724053724,0.9943502824858758,0.0017336760392396072,0.8943592502914537
default,full,Gradient Boosting,0.8493589743589743,0.9943502824858758,0.0017336315934602903,0.8943592502914537
default,full,Gradient Boosting,0.8522588522588522,0.9943502824858758,0.001722104456793064,0.8943592502914537
default,full,Gradient Boosting,0.8525641025641025,0.9943502824858758,0.0017220040027928444,0.8943592502914537
default,full,Gradient Boosting,0.8605006105006106,0.9943502824858758,0.0016997282917844633,0.8943592502914537
default,full,Gradient Boosting,0.8608058608058609,0.9943502824858758,0.0016994453569359228,0.8943592502914537
default,full,Gradient Boosting,0.862942612942613,0.9943502824858758,0.001694353217375473,0.8943592502914537
default,full,Gradient Boosting,0.8632478632478633,0.9943502824858758,0.0016941144390616712,0.8943592502914537
default,full,Gradient Boosting,0.8650793650793651,0.9943502824858758,0.0016827696414566354,0.8943592502914537
default,full,Gradient Boosting,0.8653846153846154,0.9943502824858758,0.0016823337692166733,0.8943592502914537
default,full,Gradient Boosting,0.8664529914529915,0.9943502824858758,0.0016777125468893908,0.8943592502914537
default,full,Gradient Boosting,0.8669108669108669,0.9943502824858758,0.0016759958841632819,0.8943592502914537
default,full,Gradient Boosting,0.8731684981684982,0.9943502824858758,0.0016484537076921829,0.8943592502914537
default,full,Gradient Boosting,0.8734737484737485,0.9943502824858758,0.0016478018819571234,0.8943592502914537
default,full,Gradient Boosting,0.8751526251526252,0.9943502824858758,0.0016414242555435254,0.8943592502914537
default,full,Gradient Boosting,0.8754578754578755,0.9943502824858758,0.001641029531526512,0.8943592502914537
default,full,Gradient Boosting,0.8852258852258852,0.9943502824858758,0.0015962947906282988,0.8943592502914537
default,full,Gradient Boosting,0.8855311355311355,0.9943502824858758,0.0015949046343497828,0.8943592502914537
default,full,Gradient Boosting,0.8858363858363858,0.9943502824858758,0.0015945573364445694,0.8943592502914537
default,full,Gradient Boosting,0.8861416361416361,0.9943502824858758,0.0015944978849679414,0.8943592502914537
default,full,Gradient Boosting,0.8882783882783882,0.9943502824858758,0.0015860412061421067,0.8943592502914537
default,full,Gradient Boosting,0.8885836385836385,0.9943502824858758,0.0015850647052901609,0.8943592502914537
default,full,Gradient Boosting,0.8927045177045178,0.9943502824858758,0.0015670920318263098,0.8943592502914537
default,full,Gradient Boosting,0.8930097680097681,0.9943502824858758,0.0015646931503874649,0.8943592502914537
default,full,Gradient Boosting,0.8934676434676435,0.9943502824858758,0.0015624010026011714,0.8943592502914537
default,full,Gradient Boosting,0.8937728937728938,0.9943502824858758,0.0015620772083974198,0.8943592502914537
default,full,Gradient Boosting,0.8940781440781441,0.9943502824858758,0.0015599888183828099,0.8943592502914537
default,full,Gradient Boosting,0.8943833943833944,0.9943502824858758,0.001559604896502042,0.8943592502914537
default,full,Gradient Boosting,0.9012515262515263,0.9943502824858758,0.0015280752912972503,0.8943592502914537
default,full,Gradient Boosting,0.9018620268620269,0.9943502824858758,0.0015272356691350198,0.8943592502914537
default,full,Gradient Boosting,0.9026251526251526,0.9943502824858758,0.0015260907134187498,0.8943592502914537
default,full,Gradient Boosting,0.9029304029304029,0.9943502824858758,0.0015256263076176577,0.8943592502914537
default,full,Gradient Boosting,0.903998778998779,0.9943502824858758,0.0015202600636850321,0.8943592502914537
default,full,Gradient Boosting,0.9043040293040293,0.9943502824858758,0.0015187118435893885,0.8943592502914537
default,full,Gradient Boosting,0.9058302808302808,0.9943502824858758,0.0015126836106788258,0.8943592502914537
default,full,Gradient Boosting,0.9061355311355311,0.9943502824858758,0.0015123324318125225,0.8943592502914537
default,full,Gradient Boosting,0.907051282051282,0.9943502824858758,0.0015080681361534232,0.8943592502914537
default,full,Gradient Boosting,0.9075091575091575,0.9943502824858758,0.0015073749599511022,0.8943592502914537
default,full,Gradient Boosting,0.9087301587301587,0.9943502824858758,0.001500159623316897,0.8943592502914537
default,full,Gradient Boosting,0.909035409035409,0.9943502824858758,0.0014995569748113683,0.8943592502914537
default,full,Gradient Boosting,0.9094932844932845,0.9943502824858758,0.0014979773750722724,0.8943592502914537
default,full,Gradient Boosting,0.9097985347985348,0.9943502824858758,0.0014975957160566745,0.8943592502914537
default,full,Gradient Boosting,0.9101037851037851,0.9943502824858758,0.0014971511480894363,0.8943592502914537
default,full,Gradient Boosting,0.9104090354090354,0.9943502824858758,0.0014949982239760384,0.8943592502914537
default,full,Gradient Boosting,0.911019536019536,0.9943502824858758,0.0014936860223410695,0.8943592502914537
default,full,Gradient Boosting,0.9113247863247863,0.9943502824858758,0.0014920117080612402,0.8943592502914537
default,full,Gradient Boosting,0.9117826617826618,0.9943502824858758,0.001488183517405211,0.8943592502914537
default,full,Gradient Boosting,0.9120879120879121,0.9943502824858758,0.001487690522887963,0.8943592502914537
default,full,Gradient Boosting,0.9159035409035409,0.9943502824858758,0.001466713181052797,0.8943592502914537
default,full,Gradient Boosting,0.9162087912087912,0.9943502824858758,0.0014642241248336795,0.8943592502914537
default,full,Gradient Boosting,0.9163614163614163,0.9943502824858758,0.001464213285078297,0.8943592502914537
default,full,Gradient Boosting,0.9166666666666666,0.9943502824858758,0.0014639493296516547,0.8943592502914537
default,full,Gradient Boosting,0.922924297924298,0.9943502824858758,0.0014291391271476636,0.8943592502914537
default,full,Gradient Boosting,0.922924297924298,1.0,0.0014274674792655422,0.8943592502914537
default,full,Gradient Boosting,0.9270451770451771,1.0,0.0014017796439616639,0.8943592502914537
default,full,Gradient Boosting,0.9273504273504274,1.0,0.0014002900429928784,0.8943592502914537
default,full,Gradient Boosting,0.9282661782661783,1.0,0.001397402922308884,0.8943592502914537
default,full,Gradient Boosting,0.9285714285714286,1.0,0.0013967063056153353,0.8943592502914537
default,full,Gradient Boosting,0.9342185592185592,1.0,0.0013666623287348883,0.8943592502914537
default,full,Gradient Boosting,0.9346764346764347,1.0,0.0013661357410703699,0.8943592502914537
default,full,Gradient Boosting,0.9355921855921856,1.0,0.0013631712890146501,0.8943592502914537
default,full,Gradient Boosting,0.9362026862026862,1.0,0.0013617995073037807,0.8943592502914537
default,full,Gradient Boosting,0.9363553113553114,1.0,0.0013604901169783738,0.8943592502914537
default,full,Gradient Boosting,0.9366605616605617,1.0,0.0013602666680436548,0.8943592502914537
default,full,Gradient Boosting,0.9386446886446886,1.0,0.001348263143741884,0.8943592502914537
default,full,Gradient Boosting,0.938949938949939,1.0,0.0013479634969673084,0.8943592502914537
default,full,Gradient Boosting,0.9413919413919414,1.0,0.0013370155128223566,0.8943592502914537
default,full,Gradient Boosting,0.9416971916971917,1.0,0.0013369569462807675,0.8943592502914537
default,full,Gradient Boosting,0.9427655677655677,1.0,0.0013335498078112355,0.8943592502914537
default,full,Gradient Boosting,0.943070818070818,1.0,0.001333265168884146,0.8943592502914537
default,full,Gradient Boosting,0.9455128205128205,1.0,0.0013167382080993715,0.8943592502914537
default,full,Gradient Boosting,0.9458180708180708,1.0,0.0013159659738724838,0.8943592502914537
default,full,Gradient Boosting,0.9461233211233211,1.0,0.0013148651681323651,0.8943592502914537
default,full,Gradient Boosting,0.9464285714285714,1.0,0.0013095163839308948,0.8943592502914537
default,full,Gradient Boosting,0.9471916971916972,1.0,0.0013059275070077213,0.8943592502914537
default,full,Gradient Boosting,0.9474969474969475,1.0,0.0013020875826928362,0.8943592502914537
default,full,Gradient Boosting,0.9606227106227107,1.0,0.0012222919384648416,0.8943592502914537
default,full,Gradient Boosting,0.960927960927961,1.0,0.0012217158045824182,0.8943592502914537
default,full,Gradient Boosting,0.9632173382173382,1.0,0.001202864483918999,0.8943592502914537
default,full,Gradient Boosting,0.9635225885225885,1.0,0.0012015239998797178,0.8943592502914537
default,full,Gradient Boosting,0.9685592185592186,1.0,0.001175568348318955,0.8943592502914537
default,full,Gradient Boosting,0.9688644688644689,1.0,0.0011737569608645034,0.8943592502914537
default,full,Gradient Boosting,0.9694749694749695,1.0,0.0011717761119920127,0.8943592502914537
default,full,Gradient Boosting,0.9697802197802198,1.0,0.0011710748980313483,0.8943592502914537
default,full,Gradient Boosting,0.9699328449328449,1.0,0.0011704522789350125,0.8943592502914537
default,full,Gradient Boosting,0.9702380952380952,1.0,0.0011656666383613988,0.8943592502914537
default,full,Gradient Boosting,0.9757326007326007,1.0,0.0011253833195233626,0.8943592502914537
default,full,Gradient Boosting,0.976037851037851,1.0,0.0011186784920762388,0.8943592502914537
default,full,Gradient Boosting,0.9784798534798534,1.0,0.001101977613871994,0.8943592502914537
default,full,Gradient Boosting,0.979090354090354,1.0,0.0010976813626172486,0.8943592502914537
default,full,Gradient Boosting,0.9818376068376068,1.0,0.0010752846272505116,0.8943592502914537
default,full,Gradient Boosting,0.9821428571428571,1.0,0.0010746752434520359,0.8943592502914537
default,full,Gradient Boosting,0.9916056166056166,1.0,0.0009470486998173303,0.8943592502914537
default,full,Gradient Boosting,0.9919108669108669,1.0,0.000939043996943899,0.8943592502914537
default,full,Gradient Boosting,0.9952686202686203,1.0,0.0008825044106375191,0.8943592502914537
default,full,Gradient Boosting,0.9958791208791209,1.0,0.0008688989007923869,0.8943592502914537
default,full,Gradient Boosting,0.9975579975579976,1.0,0.0008139592352329471,0.8943592502914537
default,full,Gradient Boosting,0.9981684981684982,1.0,0.0007923443289338391,0.8943592502914537
default,full,Gradient Boosting,1.0,1.0,0.0006209051377392929,0.8943592502914537
