outcome,feature_set,model,fpr,tpr,threshold,auc
default,app,"Logistic (app, calibrated)",0.0,0.0,inf,0.6763600884363596
default,app,"Logistic (app, calibrated)",0.00015262515262515263,0.0,0.20145678076712561,0.6763600884363596
default,app,"Logistic (app, calibrated)",0.0004578754578754579,0.0,0.1917522237702283,0.6763600884363596
default,app,"Logistic (app, calibrated)",0.0007631257631257631,0.0,0.15979719632818618,0.6763600884363596
default,app,"Logistic (app, calibrated)",0.0010683760683760685,0.005649717514124294,0.14939685567349262,0.6763600884363596
default,app,"Logistic (app, calibrated)",0.001984126984126984,0.005649717514124294,0.1438858772219976,0.6763600884363596
default,app,"Logistic (app, calibrated)",0.0025946275946275945,0.005649717514124294,0.13236469610635454,0.6763600884363596
default,app,"Logistic (app, calibrated)",0.004273504273504274,0.011299435028248588,0.1292522237702283,0.6763600884363596
default,app,"Logistic (app, calibrated)",0.004426129426129426,0.011299435028248588,0.12708210639724757,0.6763600884363596
default,app,"Logistic (app, calibrated)",0.005036630036630037,0.011299435028248588,0.1225855571035616,0.6763600884363596
default,app,"Logistic (app, calibrated)",0.005647130647130647,0.01694915254237288,0.12217535090620815,0.6763600884363596
default,app,"Logistic (app, calibrated)",0.0057997557997558,0.01694915254237288,0.12132532916072283,0.6763600884363596
default,app,"Logistic (app, calibrated)",0.006105006105006105,0.01694915254237288,0.12107885967813799,0.6763600884363596
default,app,"Logistic (app, calibrated)",0.006257631257631258,0.01694915254237288,0.11829658955653603,0.6763600884363596
default,app,"Logistic (app, calibrated)",0.007478632478632479,0.02824858757062147,0.1179622161550743,0.6763600884363596
default,app,"Logistic (app, calibrated)",0.007478632478632479,0.03389830508474576,0.1160635223401593,0.6763600884363596
default,app,"Logistic (app, calibrated)",0.007783882783882784,0.03389830508474576,0.11027808222900859,0.6763600884363596
default,app,"Logistic (app, calibrated)",0.007783882783882784,0.03954802259887006,0.10876682960295,0.6763600884363596
default,app,"Logistic (app, calibrated)",0.008394383394383394,0.03954802259887006,0.10856886977542654,0.6763600884363596
default,app,"Logistic (app, calibrated)",0.008394383394383394,0.04519774011299435,0.10836733079203202,0.6763600884363596
default,app,"Logistic (app, calibrated)",0.0086996336996337,0.04519774011299435,0.10656703858504309,0.6763600884363596
default,app,"Logistic (app, calibrated)",0.009157509157509158,0.04519774011299435,0.10379302215091549,0.6763600884363596
default,app,"Logistic (app, calibrated)",0.009157509157509158,0.05084745762711865,0.10370441816870217,0.6763600884363596
default,app,"Logistic (app, calibrated)",0.009462759462759462,0.05084745762711865,0.101720424079495,0.6763600884363596
default,app,"Logistic (app, calibrated)",0.010531135531135532,0.05084745762711865,0.10170612467738734,0.6763600884363596
default,app,"Logistic (app, calibrated)",0.010683760683760684,0.05084745762711865,0.10084345405714153,0.6763600884363596
default,app,"Logistic (app, calibrated)",0.0115995115995116,0.05084745762711865,0.10003066688400072,0.6763600884363596
default,app,"Logistic (app, calibrated)",0.011904761904761904,0.05084745762711865,0.09938945025782082,0.6763600884363596
default,app,"Logistic (app, calibrated)",0.012515262515262516,0.05649717514124294,0.09936833336234849,0.6763600884363596
default,app,"Logistic (app, calibrated)",0.01282051282051282,0.05649717514124294,0.09885090903867769,0.6763600884363596
default,app,"Logistic (app, calibrated)",0.013278388278388278,0.05649717514124294,0.09803741987172539,0.6763600884363596
default,app,"Logistic (app, calibrated)",0.013888888888888888,0.05649717514124294,0.09755498685049174,0.6763600884363596
default,app,"Logistic (app, calibrated)",0.014346764346764346,0.05649717514124294,0.09740403393502375,0.6763600884363596
default,app,"Logistic (app, calibrated)",0.014957264957264958,0.05649717514124294,0.09609473141548822,0.6763600884363596
default,app,"Logistic (app, calibrated)",0.015262515262515262,0.05649717514124294,0.09450548321038607,0.6763600884363596
default,app,"Logistic (app, calibrated)",0.01572039072039072,0.05649717514124294,0.09384130011793708,0.6763600884363596
default,app,"Logistic (app, calibrated)",0.017094017094017096,0.062146892655367235,0.09378626107977436,0.6763600884363596
default,app,"Logistic (app, calibrated)",0.017857142857142856,0.062146892655367235,0.08808524504155546,0.6763600884363596
default,app,"Logistic (app, calibrated)",0.019536019536019536,0.062146892655367235,0.08705630328716055,0.6763600884363596
default,app,"Logistic (app, calibrated)",0.020146520146520148,0.062146892655367235,0.0853699066014931,0.6763600884363596
default,app,"Logistic (app, calibrated)",0.021214896214896216,0.06779661016949153,0.0853027122690044,0.6763600884363596
default,app,"Logistic (app, calibrated)",0.021367521367521368,0.07344632768361582,0.08523591621443628,0.6763600884363596
default,app,"Logistic (app, calibrated)",0.021672771672771672,0.07909604519774012,0.08479257164590548,0.6763600884363596
default,app,"Logistic (app, calibrated)",0.021825396825396824,0.07909604519774012,0.08392049010492524,0.6763600884363596
default,app,"Logistic (app, calibrated)",0.022283272283272284,0.07909604519774012,0.08375170558601111,0.6763600884363596
default,app,"Logistic (app, calibrated)",0.02274114774114774,0.07909604519774012,0.08253729164350539,0.6763600884363596
default,app,"Logistic (app, calibrated)",0.0231990231990232,0.0847457627118644,0.08236832922166307,0.6763600884363596
default,app,"Logistic (app, calibrated)",0.023656898656898656,0.0847457627118644,0.08223803425603875,0.6763600884363596
default,app,"Logistic (app, calibrated)",0.023809523809523808,0.096045197740113,0.08201941855040837,0.6763600884363596
default,app,"Logistic (app, calibrated)",0.023962148962148964,0.096045197740113,0.08117788639572664,0.6763600884363596
default,app,"Logistic (app, calibrated)",0.025030525030525032,0.1016949152542373,0.08068306566822572,0.6763600884363596
default,app,"Logistic (app, calibrated)",0.025335775335775336,0.1016949152542373,0.07948210511757256,0.6763600884363596
default,app,"Logistic (app, calibrated)",0.025793650793650792,0.1016949152542373,0.07943717718392096,0.6763600884363596
default,app,"Logistic (app, calibrated)",0.026404151404151404,0.1016949152542373,0.07912086782577069,0.6763600884363596
default,app,"Logistic (app, calibrated)",0.027014652014652016,0.1016949152542373,0.07766130771149941,0.6763600884363596
default,app,"Logistic (app, calibrated)",0.027930402930402932,0.1016949152542373,0.0774456139766038,0.6763600884363596
default,app,"Logistic (app, calibrated)",0.029304029304029304,0.1016949152542373,0.07547834058075897,0.6763600884363596
default,app,"Logistic (app, calibrated)",0.02976190476190476,0.1016949152542373,0.0754275376738022,0.6763600884363596
default,app,"Logistic (app, calibrated)",0.03373015873015873,0.12429378531073447,0.07454706325196611,0.6763600884363596
default,app,"Logistic (app, calibrated)",0.03418803418803419,0.12429378531073447,0.07363785860497356,0.6763600884363596
default,app,"Logistic (app, calibrated)",0.0347985347985348,0.12429378531073447,0.07340478254571292,0.6763600884363596
default,app,"Logistic (app, calibrated)",0.035103785103785104,0.12429378531073447,0.0727838107868167,0.6763600884363596
default,app,"Logistic (app, calibrated)",0.03571428571428571,0.12429378531073447,0.07257978985612129,0.6763600884363596
default,app,"Logistic (app, calibrated)",0.03571428571428571,0.12994350282485875,0.07253066688400071,0.6763600884363596
default,app,"Logistic (app, calibrated)",0.036935286935286936,0.12994350282485875,0.07138467008957296,0.6763600884363596
default,app,"Logistic (app, calibrated)",0.03708791208791209,0.12994350282485875,0.07137048652707578,0.6763600884363596
default,app,"Logistic (app, calibrated)",0.03739316239316239,0.13559322033898305,0.07136451066001555,0.6763600884363596
default,app,"Logistic (app, calibrated)",0.03830891330891331,0.13559322033898305,0.07092116090632097,0.6763600884363596
default,app,"Logistic (app, calibrated)",0.03876678876678877,0.13559322033898305,0.07013942444484014,0.6763600884363596
default,app,"Logistic (app, calibrated)",0.03907203907203907,0.13559322033898305,0.07004247642328547,0.6763600884363596
default,app,"Logistic (app, calibrated)",0.039224664224664224,0.13559322033898305,0.0700211694482484,0.6763600884363596
default,app,"Logistic (app, calibrated)",0.039987789987789985,0.13559322033898305,0.06996877995394002,0.6763600884363596
default,app,"Logistic (app, calibrated)",0.04044566544566545,0.13559322033898305,0.06929180799671086,0.6763600884363596
default,app,"Logistic (app, calibrated)",0.04242979242979243,0.13559322033898305,0.06913788140927306,0.6763600884363596
default,app,"Logistic (app, calibrated)",0.042735042735042736,0.13559322033898305,0.06745238996937136,0.6763600884363596
default,app,"Logistic (app, calibrated)",0.043345543345543344,0.13559322033898305,0.06679417677933684,0.6763600884363596
default,app,"Logistic (app, calibrated)",0.04548229548229548,0.13559322033898305,0.06580454807593972,0.6763600884363596
default,app,"Logistic (app, calibrated)",0.045940170940170943,0.13559322033898305,0.06507245755945182,0.6763600884363596
default,app,"Logistic (app, calibrated)",0.04655067155067155,0.13559322033898305,0.06447691405138214,0.6763600884363596
default,app,"Logistic (app, calibrated)",0.046703296703296704,0.13559322033898305,0.06435955909824201,0.6763600884363596
default,app,"Logistic (app, calibrated)",0.04731379731379731,0.13559322033898305,0.06391672221560049,0.6763600884363596
default,app,"Logistic (app, calibrated)",0.04777167277167277,0.13559322033898305,0.06334668217860949,0.6763600884363596
default,app,"Logistic (app, calibrated)",0.048382173382173384,0.14124293785310735,0.06291837225267777,0.6763600884363596
default,app,"Logistic (app, calibrated)",0.04868742368742369,0.14124293785310735,0.06288205608869266,0.6763600884363596
default,app,"Logistic (app, calibrated)",0.050213675213675216,0.15254237288135594,0.06282592281108287,0.6763600884363596
default,app,"Logistic (app, calibrated)",0.05067155067155067,0.15254237288135594,0.06257687904203427,0.6763600884363596
default,app,"Logistic (app, calibrated)",0.050976800976800976,0.15254237288135594,0.0621073864607203,0.6763600884363596
default,app,"Logistic (app, calibrated)",0.05128205128205128,0.15254237288135594,0.061830621533786045,0.6763600884363596
default,app,"Logistic (app, calibrated)",0.051739926739926737,0.15254237288135594,0.06116639107385968,0.6763600884363596
default,app,"Logistic (app, calibrated)",0.05204517704517705,0.15254237288135594,0.06097372524083626,0.6763600884363596
default,app,"Logistic (app, calibrated)",0.053266178266178264,0.15819209039548024,0.06094468804215145,0.6763600884363596
default,app,"Logistic (app, calibrated)",0.05357142857142857,0.15819209039548024,0.059972327222701495,0.6763600884363596
default,app,"Logistic (app, calibrated)",0.054181929181929184,0.15819209039548024,0.05968314403647788,0.6763600884363596
default,app,"Logistic (app, calibrated)",0.062423687423687424,0.1751412429378531,0.059613774551528345,0.6763600884363596
default,app,"Logistic (app, calibrated)",0.06257631257631258,0.1751412429378531,0.05944159343560858,0.6763600884363596
default,app,"Logistic (app, calibrated)",0.07509157509157509,0.1807909604519774,0.05903887150828295,0.6763600884363596
default,app,"Logistic (app, calibrated)",0.07524420024420024,0.1807909604519774,0.058934351797022555,0.6763600884363596
default,app,"Logistic (app, calibrated)",0.07722832722832723,0.1807909604519774,0.05891380212043869,0.6763600884363596
default,app,"Logistic (app, calibrated)",0.07768620268620269,0.1864406779661017,0.05830174595783209,0.6763600884363596
default,app,"Logistic (app, calibrated)",0.0786019536019536,0.1864406779661017,0.05811067994498546,0.6763600884363596
default,app,"Logistic (app, calibrated)",0.07982295482295482,0.1864406779661017,0.0580030744682297,0.6763600884363596
default,app,"Logistic (app, calibrated)",0.08043345543345544,0.1864406779661017,0.057961410821037763,0.6763600884363596
default,app,"Logistic (app, calibrated)",0.08058608058608059,0.1864406779661017,0.057893464967649244,0.6763600884363596
default,app,"Logistic (app, calibrated)",0.08134920634920635,0.1864406779661017,0.05776520001146453,0.6763600884363596
default,app,"Logistic (app, calibrated)",0.08180708180708181,0.1864406779661017,0.05766912753968684,0.6763600884363596
default,app,"Logistic (app, calibrated)",0.08211233211233211,0.1864406779661017,0.05738730718596926,0.6763600884363596
default,app,"Logistic (app, calibrated)",0.08302808302808302,0.1864406779661017,0.0572542703832155,0.6763600884363596
default,app,"Logistic (app, calibrated)",0.08318070818070818,0.1864406779661017,0.05696046713485362,0.6763600884363596
default,app,"Logistic (app, calibrated)",0.08379120879120878,0.1864406779661017,0.05616603293314395,0.6763600884363596
default,app,"Logistic (app, calibrated)",0.08440170940170941,0.1864406779661017,0.05603580107238487,0.6763600884363596
default,app,"Logistic (app, calibrated)",0.09233821733821734,0.20903954802259886,0.05587750353358967,0.6763600884363596
default,app,"Logistic (app, calibrated)",0.09264346764346765,0.20903954802259886,0.055834460257898635,0.6763600884363596
default,app,"Logistic (app, calibrated)",0.09264346764346765,0.21468926553672316,0.05574655773171779,0.6763600884363596
default,app,"Logistic (app, calibrated)",0.09294871794871795,0.21468926553672316,0.055629553644230514,0.6763600884363596
default,app,"Logistic (app, calibrated)",0.09478021978021978,0.21468926553672316,0.05562099547410419,0.6763600884363596
default,app,"Logistic (app, calibrated)",0.09523809523809523,0.21468926553672316,0.05554482474755131,0.6763600884363596
default,app,"Logistic (app, calibrated)",0.09584859584859586,0.21468926553672316,0.055543009645816765,0.6763600884363596
default,app,"Logistic (app, calibrated)",0.09722222222222222,0.22033898305084745,0.05546576103539388,0.6763600884363596
default,app,"Logistic (app, calibrated)",0.09752747252747253,0.22033898305084745,0.05521268491813144,0.6763600884363596
default,app,"Logistic (app, calibrated)",0.09798534798534798,0.22033898305084745,0.05486832922166307,0.6763600884363596
default,app,"Logistic (app, calibrated)",0.09844322344322344,0.22033898305084745,0.054775346255389955,0.6763600884363596
default,app,"Logistic (app, calibrated)",0.09844322344322344,0.22598870056497175,0.05471010438499528,0.6763600884363596
default,app,"Logistic (app, calibrated)",0.09859584859584859,0.22598870056497175,0.05459412286399011,0.6763600884363596
default,app,"Logistic (app, calibrated)",0.09905372405372405,0.22598870056497175,0.054543534786859006,0.6763600884363596
default,app,"Logistic (app, calibrated)",0.09935897435897435,0.22598870056497175,0.054410910565995674,0.6763600884363596
default,app,"Logistic (app, calibrated)",0.09935897435897435,0.23163841807909605,0.05412743548818608,0.6763600884363596
default,app,"Logistic (app, calibrated)",0.1014957264957265,0.23728813559322035,0.053959559508576324,0.6763600884363596
default,app,"Logistic (app, calibrated)",0.1021062271062271,0.23728813559322035,0.05388327068121675,0.6763600884363596
default,app,"Logistic (app, calibrated)",0.1021062271062271,0.24293785310734464,0.05382533184624425,0.6763600884363596
default,app,"Logistic (app, calibrated)",0.10225885225885226,0.24293785310734464,0.05372230516187384,0.6763600884363596
default,app,"Logistic (app, calibrated)",0.10271672771672771,0.24293785310734464,0.05368490663238901,0.6763600884363596
default,app,"Logistic (app, calibrated)",0.10286935286935286,0.24858757062146894,0.053629523988134455,0.6763600884363596
default,app,"Logistic (app, calibrated)",0.10668498168498168,0.2542372881355932,0.05349848763954905,0.6763600884363596
default,app,"Logistic (app, calibrated)",0.10714285714285714,0.2542372881355932,0.05347518649532508,0.6763600884363596
default,app,"Logistic (app, calibrated)",0.10744810744810745,0.2542372881355932,0.053385326959743816,0.6763600884363596
default,app,"Logistic (app, calibrated)",0.10775335775335776,0.2542372881355932,0.053363206918006556,0.6763600884363596
default,app,"Logistic (app, calibrated)",0.10821123321123322,0.2542372881355932,0.05329474089311809,0.6763600884363596
default,app,"Logistic (app, calibrated)",0.11385836385836386,0.2655367231638418,0.053080629344859166,0.6763600884363596
default,app,"Logistic (app, calibrated)",0.11401098901098901,0.2655367231638418,0.05300251754423113,0.6763600884363596
default,app,"Logistic (app, calibrated)",0.11462148962148962,0.2711864406779661,0.05295038519664972,0.6763600884363596
default,app,"Logistic (app, calibrated)",0.11645299145299146,0.2768361581920904,0.05287340790999171,0.6763600884363596
default,app,"Logistic (app, calibrated)",0.11828449328449328,0.2768361581920904,0.05271081665038533,0.6763600884363596
default,app,"Logistic (app, calibrated)",0.11874236874236874,0.2768361581920904,0.052410346557323295,0.6763600884363596
default,app,"Logistic (app, calibrated)",0.11965811965811966,0.2768361581920904,0.0522692642450867,0.6763600884363596
default,app,"Logistic (app, calibrated)",0.12026862026862027,0.2768361581920904,0.05218181202584612,0.6763600884363596
default,app,"Logistic (app, calibrated)",0.12057387057387058,0.2768361581920904,0.05177830376346382,0.6763600884363596
default,app,"Logistic (app, calibrated)",0.12087912087912088,0.2768361581920904,0.05163088895517258,0.6763600884363596
default,app,"Logistic (app, calibrated)",0.12133699633699634,0.2768361581920904,0.051291203910807895,0.6763600884363596
default,app,"Logistic (app, calibrated)",0.12225274725274725,0.2768361581920904,0.05115816710805413,0.6763600884363596
default,app,"Logistic (app, calibrated)",0.1224053724053724,0.2768361581920904,0.05105787053238962,0.6763600884363596
default,app,"Logistic (app, calibrated)",0.1227106227106227,0.2824858757062147,0.050766169638543815,0.6763600884363596
default,app,"Logistic (app, calibrated)",0.12301587301587301,0.2824858757062147,0.050397870103316623,0.6763600884363596
default,app,"Logistic (app, calibrated)",0.12347374847374848,0.2824858757062147,0.050229690349630374,0.6763600884363596
default,app,"Logistic (app, calibrated)",0.12408424908424909,0.2824858757062147,0.050174905303850416,0.6763600884363596
default,app,"Logistic (app, calibrated)",0.12438949938949939,0.2824858757062147,0.05014321458088825,0.6763600884363596
default,app,"Logistic (app, calibrated)",0.12454212454212454,0.2824858757062147,0.050118772026240634,0.6763600884363596
default,app,"Logistic (app, calibrated)",0.12484737484737485,0.2824858757062147,0.05006355004521758,0.6763600884363596
default,app,"Logistic (app, calibrated)",0.125,0.2824858757062147,0.04973808425457601,0.6763600884363596
default,app,"Logistic (app, calibrated)",0.1259157509157509,0.2937853107344633,0.04948910039022988,0.6763600884363596
default,app,"Logistic (app, calibrated)",0.12652625152625152,0.2937853107344633,0.04934000682770891,0.6763600884363596
default,app,"Logistic (app, calibrated)",0.12683150183150182,0.2937853107344633,0.049168508654214994,0.6763600884363596
default,app,"Logistic (app, calibrated)",0.12698412698412698,0.2937853107344633,0.049093491099300855,0.6763600884363596
default,app,"Logistic (app, calibrated)",0.12728937728937728,0.2937853107344633,0.049054375733290974,0.6763600884363596
default,app,"Logistic (app, calibrated)",0.1278998778998779,0.2937853107344633,0.049019273087431744,0.6763600884363596
default,app,"Logistic (app, calibrated)",0.12835775335775335,0.2937853107344633,0.048807125071354894,0.6763600884363596
default,app,"Logistic (app, calibrated)",0.1295787545787546,0.2994350282485876,0.04872757219358594,0.6763600884363596
default,app,"Logistic (app, calibrated)",0.1298840048840049,0.2994350282485876,0.04857490530385041,0.6763600884363596
default,app,"Logistic (app, calibrated)",0.1298840048840049,0.3050847457627119,0.04855427703659918,0.6763600884363596
default,app,"Logistic (app, calibrated)",0.1301892551892552,0.3050847457627119,0.04847992607830327,0.6763600884363596
default,app,"Logistic (app, calibrated)",0.13064713064713065,0.3050847457627119,0.047904081606679375,0.6763600884363596
default,app,"Logistic (app, calibrated)",0.13278388278388278,0.3050847457627119,0.047866183072819646,0.6763600884363596
default,app,"Logistic (app, calibrated)",0.13293650793650794,0.3050847457627119,0.04774952846304363,0.6763600884363596
default,app,"Logistic (app, calibrated)",0.13415750915750915,0.3107344632768362,0.047699421321401245,0.6763600884363596
default,app,"Logistic (app, calibrated)",0.1343101343101343,0.3107344632768362,0.047379083220163716,0.6763600884363596
default,app,"Logistic (app, calibrated)",0.1346153846153846,0.3107344632768362,0.04737273343186408,0.6763600884363596
default,app,"Logistic (app, calibrated)",0.13507326007326007,0.3107344632768362,0.04717642604880022,0.6763600884363596
default,app,"Logistic (app, calibrated)",0.13568376068376067,0.3107344632768362,0.047136431708277624,0.6763600884363596
default,app,"Logistic (app, calibrated)",0.13629426129426128,0.3107344632768362,0.046930630303655387,0.6763600884363596
default,app,"Logistic (app, calibrated)",0.13690476190476192,0.3107344632768362,0.04687601540922366,0.6763600884363596
default,app,"Logistic (app, calibrated)",0.13904151404151405,0.3163841807909605,0.046802693394873085,0.6763600884363596
default,app,"Logistic (app, calibrated)",0.1391941391941392,0.3220338983050847,0.046781948731245984,0.6763600884363596
default,app,"Logistic (app, calibrated)",0.13995726495726496,0.3220338983050847,0.04669024700947464,0.6763600884363596
default,app,"Logistic (app, calibrated)",0.14026251526251526,0.3220338983050847,0.04668799829812963,0.6763600884363596
default,app,"Logistic (app, calibrated)",0.14087301587301587,0.3220338983050847,0.04633968813835021,0.6763600884363596
default,app,"Logistic (app, calibrated)",0.14117826617826618,0.3220338983050847,0.04626618307281964,0.6763600884363596
default,app,"Logistic (app, calibrated)",0.1420940170940171,0.327683615819209,0.04620665133559645,0.6763600884363596
default,app,"Logistic (app, calibrated)",0.1423992673992674,0.327683615819209,0.04617761366531574,0.6763600884363596
default,app,"Logistic (app, calibrated)",0.143009768009768,0.327683615819209,0.04596565187180089,0.6763600884363596
default,app,"Logistic (app, calibrated)",0.1436202686202686,0.327683615819209,0.04567580672130678,0.6763600884363596
default,app,"Logistic (app, calibrated)",0.144993894993895,0.327683615819209,0.045658007237789476,0.6763600884363596
default,app,"Logistic (app, calibrated)",0.14560439560439561,0.327683615819209,0.04510522822592413,0.6763600884363596
default,app,"Logistic (app, calibrated)",0.14621489621489622,0.327683615819209,0.044931368397382154,0.6763600884363596
default,app,"Logistic (app, calibrated)",0.14636752136752137,0.327683615819209,0.04486219391690436,0.6763600884363596
default,app,"Logistic (app, calibrated)",0.1572039072039072,0.3615819209039548,0.04483541999902826,0.6763600884363596
default,app,"Logistic (app, calibrated)",0.16056166056166057,0.3672316384180791,0.04474335128628811,0.6763600884363596
default,app,"Logistic (app, calibrated)",0.16056166056166057,0.3728813559322034,0.04461585562948221,0.6763600884363596
default,app,"Logistic (app, calibrated)",0.16101953601953603,0.3728813559322034,0.04460665133559645,0.6763600884363596
default,app,"Logistic (app, calibrated)",0.16163003663003664,0.3728813559322034,0.04448883954158507,0.6763600884363596
default,app,"Logistic (app, calibrated)",0.16468253968253968,0.3785310734463277,0.04421034026947092,0.6763600884363596
default,app,"Logistic (app, calibrated)",0.16498778998778998,0.3785310734463277,0.04408475157245365,0.6763600884363596
default,app,"Logistic (app, calibrated)",0.1652930402930403,0.3785310734463277,0.04387525394278803,0.6763600884363596
default,app,"Logistic (app, calibrated)",0.1655982905982906,0.3785310734463277,0.04367514690185779,0.6763600884363596
default,app,"Logistic (app, calibrated)",0.16804029304029305,0.384180790960452,0.04361940979283161,0.6763600884363596
default,app,"Logistic (app, calibrated)",0.16834554334554336,0.384180790960452,0.043533432052023015,0.6763600884363596
default,app,"Logistic (app, calibrated)",0.16926129426129427,0.384180790960452,0.04353051408714435,0.6763600884363596
default,app,"Logistic (app, calibrated)",0.17002442002442003,0.384180790960452,0.043519325901867995,0.6763600884363596
default,app,"Logistic (app, calibrated)",0.17032967032967034,0.384180790960452,0.04343761164424821,0.6763600884363596
default,app,"Logistic (app, calibrated)",0.1710927960927961,0.384180790960452,0.04342833843896507,0.6763600884363596
default,app,"Logistic (app, calibrated)",0.17124542124542125,0.3898305084745763,0.04336489804812856,0.6763600884363596
default,app,"Logistic (app, calibrated)",0.172008547008547,0.3898305084745763,0.04289179450192583,0.6763600884363596
default,app,"Logistic (app, calibrated)",0.17277167277167277,0.3898305084745763,0.042803258709407724,0.6763600884363596
default,app,"Logistic (app, calibrated)",0.17338217338217338,0.3898305084745763,0.042665972589931184,0.6763600884363596
default,app,"Logistic (app, calibrated)",0.1742979242979243,0.3898305084745763,0.0424418652146228,0.6763600884363596
default,app,"Logistic (app, calibrated)",0.1755189255189255,0.3898305084745763,0.04211581643581665,0.6763600884363596
default,app,"Logistic (app, calibrated)",0.175976800976801,0.3898305084745763,0.04193507557996441,0.6763600884363596
default,app,"Logistic (app, calibrated)",0.17612942612942614,0.3898305084745763,0.04192281117342934,0.6763600884363596
default,app,"Logistic (app, calibrated)",0.1765873015873016,0.3898305084745763,0.04188546783302915,0.6763600884363596
default,app,"Logistic (app, calibrated)",0.1768925518925519,0.3898305084745763,0.04186180344158569,0.6763600884363596
default,app,"Logistic (app, calibrated)",0.1804029304029304,0.3898305084745763,0.041770079797658274,0.6763600884363596
default,app,"Logistic (app, calibrated)",0.18055555555555555,0.3898305084745763,0.04176368603066259,0.6763600884363596
default,app,"Logistic (app, calibrated)",0.18116605616605616,0.4011299435028249,0.04150258841518437,0.6763600884363596
default,app,"Logistic (app, calibrated)",0.18177655677655677,0.4011299435028249,0.041213917226651714,0.6763600884363596
default,app,"Logistic (app, calibrated)",0.18208180708180707,0.4011299435028249,0.04116258743708022,0.6763600884363596
default,app,"Logistic (app, calibrated)",0.18223443223443223,0.4067796610169492,0.04111667681528329,0.6763600884363596
default,app,"Logistic (app, calibrated)",0.1833028083028083,0.4067796610169492,0.040947147490084324,0.6763600884363596
default,app,"Logistic (app, calibrated)",0.18421855921855923,0.4067796610169492,0.04092235841006049,0.6763600884363596
default,app,"Logistic (app, calibrated)",0.18452380952380953,0.4067796610169492,0.04089973413937274,0.6763600884363596
default,app,"Logistic (app, calibrated)",0.184981684981685,0.4067796610169492,0.040876293521102544,0.6763600884363596
default,app,"Logistic (app, calibrated)",0.18513431013431014,0.4067796610169492,0.0408366870570743,0.6763600884363596
default,app,"Logistic (app, calibrated)",0.1855921855921856,0.4067796610169492,0.040827567447706034,0.6763600884363596
default,app,"Logistic (app, calibrated)",0.18605006105006106,0.4067796610169492,0.040163686030662595,0.6763600884363596
default,app,"Logistic (app, calibrated)",0.19734432234432234,0.4180790960451977,0.040145396511135766,0.6763600884363596
default,app,"Logistic (app, calibrated)",0.1997863247863248,0.4293785310734463,0.04011263805296559,0.6763600884363596
default,app,"Logistic (app, calibrated)",0.21413308913308912,0.4463276836158192,0.04011054806043508,0.6763600884363596
default,app,"Logistic (app, calibrated)",0.21581196581196582,0.4463276836158192,0.04010144986768923,0.6763600884363596
default,app,"Logistic (app, calibrated)",0.21596459096459097,0.4463276836158192,0.04006519359595286,0.6763600884363596
default,app,"Logistic (app, calibrated)",0.21886446886446886,0.4519774011299435,0.03982320599662782,0.6763600884363596
default,app,"Logistic (app, calibrated)",0.21901709401709402,0.4519774011299435,0.039798274839349404,0.6763600884363596
default,app,"Logistic (app, calibrated)",0.21978021978021978,0.4519774011299435,0.03975897343796134,0.6763600884363596
default,app,"Logistic (app, calibrated)",0.21993284493284493,0.4519774011299435,0.03964323053734635,0.6763600884363596
default,app,"Logistic (app, calibrated)",0.22023809523809523,0.4519774011299435,0.0395152768499973,0.6763600884363596
default,app,"Logistic (app, calibrated)",0.22039072039072038,0.4519774011299435,0.0393960013452986,0.6763600884363596
default,app,"Logistic (app, calibrated)",0.2206959706959707,0.4519774011299435,0.03932699774645466,0.6763600884363596
default,app,"Logistic (app, calibrated)",0.22115384615384615,0.4519774011299435,0.039239117376285416,0.6763600884363596
default,app,"Logistic (app, calibrated)",0.22145909645909645,0.4519774011299435,0.03920174696385668,0.6763600884363596
default,app,"Logistic (app, calibrated)",0.22176434676434675,0.4519774011299435,0.03909905195469481,0.6763600884363596
default,app,"Logistic (app, calibrated)",0.23305860805860806,0.4689265536723164,0.03903517736572039,0.6763600884363596
default,app,"Logistic (app, calibrated)",0.23534798534798534,0.4745762711864407,0.039023989180444044,0.6763600884363596
default,app,"Logistic (app, calibrated)",0.2355006105006105,0.4745762711864407,0.03892112199883678,0.6763600884363596
default,app,"Logistic (app, calibrated)",0.2367216117216117,0.4745762711864407,0.0389102352897822,0.6763600884363596
default,app,"Logistic (app, calibrated)",0.23717948717948717,0.4745762711864407,0.038749799126034726,0.6763600884363596
default,app,"Logistic (app, calibrated)",0.23763736263736263,0.480225988700565,0.03871682508256434,0.6763600884363596
default,app,"Logistic (app, calibrated)",0.23794261294261293,0.480225988700565,0.03859610073648788,0.6763600884363596
default,app,"Logistic (app, calibrated)",0.23931623931623933,0.480225988700565,0.038510548060435086,0.6763600884363596
default,app,"Logistic (app, calibrated)",0.23946886446886448,0.480225988700565,0.03849617890447136,0.6763600884363596
default,app,"Logistic (app, calibrated)",0.23992673992673993,0.480225988700565,0.038374913260078136,0.6763600884363596
default,app,"Logistic (app, calibrated)",0.24023199023199024,0.480225988700565,0.03830210919349074,0.6763600884363596
default,app,"Logistic (app, calibrated)",0.24053724053724054,0.480225988700565,0.0382720598518421,0.6763600884363596
default,app,"Logistic (app, calibrated)",0.2413003663003663,0.480225988700565,0.0379692943691327,0.6763600884363596
default,app,"Logistic (app, calibrated)",0.24282661782661782,0.480225988700565,0.03784366131159158,0.6763600884363596
default,app,"Logistic (app, calibrated)",0.24343711843711843,0.480225988700565,0.03764300314362155,0.6763600884363596
default,app,"Logistic (app, calibrated)",0.24358974358974358,0.480225988700565,0.0374919556466267,0.6763600884363596
default,app,"Logistic (app, calibrated)",0.2438949938949939,0.480225988700565,0.03745283398569287,0.6763600884363596
default,app,"Logistic (app, calibrated)",0.24404761904761904,0.480225988700565,0.03745049949010656,0.6763600884363596
default,app,"Logistic (app, calibrated)",0.24465811965811965,0.480225988700565,0.037292934881564134,0.6763600884363596
default,app,"Logistic (app, calibrated)",0.2451159951159951,0.480225988700565,0.037176634625505314,0.6763600884363596
default,app,"Logistic (app, calibrated)",0.2454212454212454,0.480225988700565,0.03716752930791645,0.6763600884363596
default,app,"Logistic (app, calibrated)",0.24633699633699635,0.480225988700565,0.03710359973349309,0.6763600884363596
default,app,"Logistic (app, calibrated)",0.2464896214896215,0.480225988700565,0.037068087004756015,0.6763600884363596
default,app,"Logistic (app, calibrated)",0.2467948717948718,0.480225988700565,0.03700752728296171,0.6763600884363596
default,app,"Logistic (app, calibrated)",0.24694749694749696,0.480225988700565,0.03696012005720609,0.6763600884363596
default,app,"Logistic (app, calibrated)",0.24725274725274726,0.480225988700565,0.03694688312982347,0.6763600884363596
default,app,"Logistic (app, calibrated)",0.24771062271062272,0.480225988700565,0.03694395840775903,0.6763600884363596
default,app,"Logistic (app, calibrated)",0.24786324786324787,0.480225988700565,0.036932770222482675,0.6763600884363596
default,app,"Logistic (app, calibrated)",0.24862637362637363,0.480225988700565,0.03683185510102138,0.6763600884363596
default,app,"Logistic (app, calibrated)",0.24923687423687424,0.480225988700565,0.03681571145612793,0.6763600884363596
default,app,"Logistic (app, calibrated)",0.2493894993894994,0.480225988700565,0.03664487108990374,0.6763600884363596
default,app,"Logistic (app, calibrated)",0.24984737484737485,0.480225988700565,0.03659569112855001,0.6763600884363596
default,app,"Logistic (app, calibrated)",0.25015262515262515,0.480225988700565,0.0364318490766581,0.6763600884363596
default,app,"Logistic (app, calibrated)",0.25305250305250304,0.4915254237288136,0.03633146417254467,0.6763600884363596
default,app,"Logistic (app, calibrated)",0.25305250305250304,0.4971751412429379,0.036318620042392204,0.6763600884363596
default,app,"Logistic (app, calibrated)",0.2532051282051282,0.4971751412429379,0.03629792476136623,0.6763600884363596
default,app,"Logistic (app, calibrated)",0.2538156288156288,0.4971751412429379,0.03627250611684042,0.6763600884363596
default,app,"Logistic (app, calibrated)",0.2547313797313797,0.4971751412429379,0.03607562736533981,0.6763600884363596
default,app,"Logistic (app, calibrated)",0.2553418803418803,0.4971751412429379,0.03598347140639836,0.6763600884363596
default,app,"Logistic (app, calibrated)",0.2557997557997558,0.4971751412429379,0.03597008058968458,0.6763600884363596
default,app,"Logistic (app, calibrated)",0.2561050061050061,0.4971751412429379,0.03596250586483344,0.6763600884363596
default,app,"Logistic (app, calibrated)",0.25686813186813184,0.4971751412429379,0.03565225467596721,0.6763600884363596
default,app,"Logistic (app, calibrated)",0.25717338217338215,0.4971751412429379,0.03562225343037177,0.6763600884363596
default,app,"Logistic (app, calibrated)",0.2573260073260073,0.4971751412429379,0.03562208782353827,0.6763600884363596
default,app,"Logistic (app, calibrated)",0.2576312576312576,0.4971751412429379,0.03541536325969756,0.6763600884363596
default,app,"Logistic (app, calibrated)",0.25824175824175827,0.4971751412429379,0.035198786092901904,0.6763600884363596
default,app,"Logistic (app, calibrated)",0.2583943833943834,0.5028248587570622,0.03513346644302593,0.6763600884363596
default,app,"Logistic (app, calibrated)",0.2588522588522589,0.5028248587570622,0.035118007391604776,0.6763600884363596
default,app,"Logistic (app, calibrated)",0.2591575091575092,0.5028248587570622,0.03508211079185104,0.6763600884363596
default,app,"Logistic (app, calibrated)",0.2623626373626374,0.5028248587570622,0.03504217603219274,0.6763600884363596
default,app,"Logistic (app, calibrated)",0.2623626373626374,0.5084745762711864,0.03501274209694947,0.6763600884363596
default,app,"Logistic (app, calibrated)",0.2626678876678877,0.5084745762711864,0.034968929838003836,0.6763600884363596
default,app,"Logistic (app, calibrated)",0.262973137973138,0.5084745762711864,0.03482152985409976,0.6763600884363596
default,app,"Logistic (app, calibrated)",0.26495726495726496,0.5084745762711864,0.03476527079844428,0.6763600884363596
default,app,"Logistic (app, calibrated)",0.2661782661782662,0.5141242937853108,0.03473146417254467,0.6763600884363596
default,app,"Logistic (app, calibrated)",0.26633089133089133,0.5141242937853108,0.03444655510068617,0.6763600884363596
default,app,"Logistic (app, calibrated)",0.26663614163614163,0.5141242937853108,0.03443587611075295,0.6763600884363596
default,app,"Logistic (app, calibrated)",0.2667887667887668,0.5141242937853108,0.03439605840600253,0.6763600884363596
default,app,"Logistic (app, calibrated)",0.2670940170940171,0.5141242937853108,0.03438484121766143,0.6763600884363596
default,app,"Logistic (app, calibrated)",0.26785714285714285,0.5141242937853108,0.03438347140639836,0.6763600884363596
default,app,"Logistic (app, calibrated)",0.26877289377289376,0.5141242937853108,0.034370080589684576,0.6763600884363596
default,app,"Logistic (app, calibrated)",0.2696886446886447,0.5141242937853108,0.034329153499692865,0.6763600884363596
default,app,"Logistic (app, calibrated)",0.2702991452991453,0.5141242937853108,0.034205772147651275,0.6763600884363596
default,app,"Logistic (app, calibrated)",0.2902930402930403,0.5480225988700564,0.03414019106888693,0.6763600884363596
default,app,"Logistic (app, calibrated)",0.29044566544566547,0.5480225988700564,0.034107554350934086,0.6763600884363596
default,app,"Logistic (app, calibrated)",0.2913614163614164,0.5480225988700564,0.034042375243697166,0.6763600884363596
default,app,"Logistic (app, calibrated)",0.29212454212454214,0.5480225988700564,0.034022087823538265,0.6763600884363596
default,app,"Logistic (app, calibrated)",0.29242979242979245,0.5480225988700564,0.03395995681364241,0.6763600884363596
default,app,"Logistic (app, calibrated)",0.2928876678876679,0.5480225988700564,0.03381963580259319,0.6763600884363596
default,app,"Logistic (app, calibrated)",0.29334554334554336,0.5480225988700564,0.03377545648709371,0.6763600884363596
default,app,"Logistic (app, calibrated)",0.29365079365079366,0.5480225988700564,0.03370619917264114,0.6763600884363596
default,app,"Logistic (app, calibrated)",0.2938034188034188,0.5480225988700564,0.033680077579326964,0.6763600884363596
default,app,"Logistic (app, calibrated)",0.2945665445665446,0.559322033898305,0.03366888939405062,0.6763600884363596
default,app,"Logistic (app, calibrated)",0.2954822954822955,0.559322033898305,0.0335344666387541,0.6763600884363596
default,app,"Logistic (app, calibrated)",0.297008547008547,0.559322033898305,0.033492880257544856,0.6763600884363596
default,app,"Logistic (app, calibrated)",0.29716117216117216,0.559322033898305,0.03347058421720049,0.6763600884363596
default,app,"Logistic (app, calibrated)",0.29746642246642246,0.559322033898305,0.03345828662335477,0.6763600884363596
default,app,"Logistic (app, calibrated)",0.29746642246642246,0.5649717514124294,0.03341826241058396,0.6763600884363596
default,app,"Logistic (app, calibrated)",0.2979242979242979,0.5649717514124294,0.03314882563084041,0.6763600884363596
default,app,"Logistic (app, calibrated)",0.29853479853479853,0.5649717514124294,0.0330144028755439,0.6763600884363596
default,app,"Logistic (app, calibrated)",0.2986874236874237,0.5649717514124294,0.03297424533924559,0.6763600884363596
default,app,"Logistic (app, calibrated)",0.298992673992674,0.5649717514124294,0.03291843375024066,0.6763600884363596
default,app,"Logistic (app, calibrated)",0.2992979242979243,0.5649717514124294,0.032860654576472234,0.6763600884363596
default,app,"Logistic (app, calibrated)",0.30006105006105005,0.5649717514124294,0.03284946639119589,0.6763600884363596
default,app,"Logistic (app, calibrated)",0.30097680097680096,0.5649717514124294,0.03267990070245282,0.6763600884363596
default,app,"Logistic (app, calibrated)",0.3011294261294261,0.5649717514124294,0.03267898292236267,0.6763600884363596
default,app,"Logistic (app, calibrated)",0.30158730158730157,0.5649717514124294,0.03265151499363721,0.6763600884363596
default,app,"Logistic (app, calibrated)",0.3017399267399267,0.5649717514124294,0.032488561525198155,0.6763600884363596
default,app,"Logistic (app, calibrated)",0.302045177045177,0.5649717514124294,0.03248563025772789,0.6763600884363596
default,app,"Logistic (app, calibrated)",0.30265567765567764,0.5649717514124294,0.03233741831793608,0.6763600884363596
default,app,"Logistic (app, calibrated)",0.30296092796092794,0.5649717514124294,0.03227998127432637,0.6763600884363596
default,app,"Logistic (app, calibrated)",0.3031135531135531,0.5649717514124294,0.03222431034230799,0.6763600884363596
default,app,"Logistic (app, calibrated)",0.30631868131868134,0.5706214689265536,0.032204387518507946,0.6763600884363596
default,app,"Logistic (app, calibrated)",0.30921855921855923,0.5706214689265536,0.03218345444383278,0.6763600884363596
default,app,"Logistic (app, calibrated)",0.3093711843711844,0.5706214689265536,0.032151115817809356,0.6763600884363596
default,app,"Logistic (app, calibrated)",0.3141025641025641,0.5706214689265536,0.03204566723523266,0.6763600884363596
default,app,"Logistic (app, calibrated)",0.31425518925518925,0.5706214689265536,0.0320035389964788,0.6763600884363596
default,app,"Logistic (app, calibrated)",0.31486568986568986,0.5706214689265536,0.03193857530208698,0.6763600884363596
default,app,"Logistic (app, calibrated)",0.315018315018315,0.5706214689265536,0.03190289274397324,0.6763600884363596
default,app,"Logistic (app, calibrated)",0.31517094017094016,0.576271186440678,0.03184300393564785,0.6763600884363596
default,app,"Logistic (app, calibrated)",0.31547619047619047,0.576271186440678,0.03183542921079671,0.6763600884363596
default,app,"Logistic (app, calibrated)",0.31578144078144077,0.576271186440678,0.03182746564301979,0.6763600884363596
default,app,"Logistic (app, calibrated)",0.3160866910866911,0.576271186440678,0.03176900961334391,0.6763600884363596
default,app,"Logistic (app, calibrated)",0.3162393162393162,0.576271186440678,0.03168765034558167,0.6763600884363596
default,app,"Logistic (app, calibrated)",0.31684981684981683,0.576271186440678,0.031680326707619784,0.6763600884363596
default,app,"Logistic (app, calibrated)",0.3176129426129426,0.576271186440678,0.03166913852234343,0.6763600884363596
default,app,"Logistic (app, calibrated)",0.31807081807081805,0.576271186440678,0.03157767043608924,0.6763600884363596
default,app,"Logistic (app, calibrated)",0.31837606837606836,0.576271186440678,0.031572130861843316,0.6763600884363596
default,app,"Logistic (app, calibrated)",0.3188339438339438,0.576271186440678,0.03152517802193048,0.6763600884363596
default,app,"Logistic (app, calibrated)",0.3194444444444444,0.576271186440678,0.031477288939033836,0.6763600884363596
default,app,"Logistic (app, calibrated)",0.3221916971916972,0.576271186440678,0.03145881739265433,0.6763600884363596
default,app,"Logistic (app, calibrated)",0.3224969474969475,0.576271186440678,0.03144916243234307,0.6763600884363596
default,app,"Logistic (app, calibrated)",0.3231074481074481,0.576271186440678,0.031092620630220467,0.6763600884363596
default,app,"Logistic (app, calibrated)",0.32341269841269843,0.576271186440678,0.031081432444944122,0.6763600884363596
default,app,"Logistic (app, calibrated)",0.32371794871794873,0.576271186440678,0.03093856155875393,0.6763600884363596
default,app,"Logistic (app, calibrated)",0.32402319902319904,0.576271186440678,0.03092349609193959,0.6763600884363596
default,app,"Logistic (app, calibrated)",0.3241758241758242,0.576271186440678,0.030911866756201056,0.6763600884363596
default,app,"Logistic (app, calibrated)",0.3244810744810745,0.576271186440678,0.030877627744069706,0.6763600884363596
default,app,"Logistic (app, calibrated)",0.32753357753357754,0.5819209039548022,0.0308522092094765,0.6763600884363596
default,app,"Logistic (app, calibrated)",0.336996336996337,0.6101694915254238,0.030837698750251004,0.6763600884363596
default,app,"Logistic (app, calibrated)",0.3371489621489622,0.6101694915254238,0.030758247433234527,0.6763600884363596
default,app,"Logistic (app, calibrated)",0.3374542124542125,0.6101694915254238,0.030632308299047062,0.6763600884363596
default,app,"Logistic (app, calibrated)",0.3424908424908425,0.615819209039548,0.03060438751850794,0.6763600884363596
default,app,"Logistic (app, calibrated)",0.34264346764346765,0.6214689265536724,0.0305977315877483,0.6763600884363596
default,app,"Logistic (app, calibrated)",0.3427960927960928,0.6214689265536724,0.030435906523332456,0.6763600884363596
default,app,"Logistic (app, calibrated)",0.3434065934065934,0.6214689265536724,0.030423171710853604,0.6763600884363596
default,app,"Logistic (app, calibrated)",0.3437118437118437,0.6214689265536724,0.030252333719800427,0.6763600884363596
default,app,"Logistic (app, calibrated)",0.3444749694749695,0.6214689265536724,0.03024617144749337,0.6763600884363596
default,app,"Logistic (app, calibrated)",0.34874847374847373,0.6271186440677966,0.03024300393564785,0.6763600884363596
default,app,"Logistic (app, calibrated)",0.3492063492063492,0.6271186440677966,0.03023542921079671,0.6763600884363596
default,app,"Logistic (app, calibrated)",0.3495115995115995,0.6271186440677966,0.03004821967870467,0.6763600884363596
default,app,"Logistic (app, calibrated)",0.3498168498168498,0.6271186440677966,0.029979252690889913,0.6763600884363596
default,app,"Logistic (app, calibrated)",0.35057997557997556,0.6271186440677966,0.029940506101464502,0.6763600884363596
default,app,"Logistic (app, calibrated)",0.3507326007326007,0.6271186440677966,0.029925178021930475,0.6763600884363596
default,app,"Logistic (app, calibrated)",0.3516483516483517,0.6271186440677966,0.02990952161800644,0.6763600884363596
default,app,"Logistic (app, calibrated)",0.35210622710622713,0.6271186440677966,0.029901104576091665,0.6763600884363596
default,app,"Logistic (app, calibrated)",0.35332722832722835,0.6271186440677966,0.029874045627936625,0.6763600884363596
default,app,"Logistic (app, calibrated)",0.3540903540903541,0.6271186440677966,0.02959199794926524,0.6763600884363596
default,app,"Logistic (app, calibrated)",0.3543956043956044,0.6271186440677966,0.029579122518604412,0.6763600884363596
default,app,"Logistic (app, calibrated)",0.35454822954822957,0.6271186440677966,0.02952296033405368,0.6763600884363596
default,app,"Logistic (app, calibrated)",0.35485347985347987,0.6271186440677966,0.029395164070547514,0.6763600884363596
default,app,"Logistic (app, calibrated)",0.3553113553113553,0.6271186440677966,0.02938147060607823,0.6763600884363596
default,app,"Logistic (app, calibrated)",0.35561660561660563,0.6271186440677966,0.029286552605465282,0.6763600884363596
default,app,"Logistic (app, calibrated)",0.3557692307692308,0.6271186440677966,0.02927659045917222,0.6763600884363596
default,app,"Logistic (app, calibrated)",0.3579059829059829,0.632768361581921,0.029122229954036866,0.6763600884363596
default,app,"Logistic (app, calibrated)",0.3585164835164835,0.632768361581921,0.028932296417080273,0.6763600884363596
default,app,"Logistic (app, calibrated)",0.36507936507936506,0.6384180790960452,0.028855311197433408,0.6763600884363596
default,app,"Logistic (app, calibrated)",0.36599511599511597,0.6384180790960452,0.02884008608919822,0.6763600884363596
default,app,"Logistic (app, calibrated)",0.3661477411477411,0.6384180790960452,0.028828443518800217,0.6763600884363596
default,app,"Logistic (app, calibrated)",0.3682844932844933,0.6384180790960452,0.028757685375822233,0.6763600884363596
default,app,"Logistic (app, calibrated)",0.3688949938949939,0.6384180790960452,0.028280038716721127,0.6763600884363596
default,app,"Logistic (app, calibrated)",0.37042124542124544,0.6384180790960452,0.02827122257709101,0.6763600884363596
default,app,"Logistic (app, calibrated)",0.3705738705738706,0.6384180790960452,0.0282596017925258,0.6763600884363596
default,app,"Logistic (app, calibrated)",0.37103174603174605,0.6384180790960452,0.028224455108588387,0.6763600884363596
default,app,"Logistic (app, calibrated)",0.3711843711843712,0.6384180790960452,0.02816581889572107,0.6763600884363596
default,app,"Logistic (app, calibrated)",0.37286324786324787,0.6384180790960452,0.028154630710444717,0.6763600884363596
default,app,"Logistic (app, calibrated)",0.3734737484737485,0.6384180790960452,0.02802020795514821,0.6763600884363596
default,app,"Logistic (app, calibrated)",0.3759157509157509,0.6440677966101694,0.02799515956006446,0.6763600884363596
default,app,"Logistic (app, calibrated)",0.3765262515262515,0.6440677966101694,0.027855496800877157,0.6763600884363596
default,app,"Logistic (app, calibrated)",0.3768315018315018,0.6440677966101694,0.027850642266405136,0.6763600884363596
default,app,"Logistic (app, calibrated)",0.37744200244200243,0.6440677966101694,0.027844017925761792,0.6763600884363596
default,app,"Logistic (app, calibrated)",0.3775946275946276,0.6440677966101694,0.027836241860754347,0.6763600884363596
default,app,"Logistic (app, calibrated)",0.3778998778998779,0.6440677966101694,0.027817572067939573,0.6763600884363596
default,app,"Logistic (app, calibrated)",0.37835775335775335,0.6440677966101694,0.02777581608993651,0.6763600884363596
default,app,"Logistic (app, calibrated)",0.37957875457875456,0.6440677966101694,0.027774513381971472,0.6763600884363596
default,app,"Logistic (app, calibrated)",0.37988400488400487,0.6440677966101694,0.02773679432935574,0.6763600884363596
default,app,"Logistic (app, calibrated)",0.38018925518925517,0.6440677966101694,0.027713646300070043,0.6763600884363596
default,app,"Logistic (app, calibrated)",0.3804945054945055,0.6440677966101694,0.027635514232529156,0.6763600884363596
default,app,"Logistic (app, calibrated)",0.3806471306471306,0.6440677966101694,0.02761852406459011,0.6763600884363596
default,app,"Logistic (app, calibrated)",0.3807997557997558,0.6497175141242938,0.02760654618436865,0.6763600884363596
default,app,"Logistic (app, calibrated)",0.38095238095238093,0.6497175141242938,0.027576117265443144,0.6763600884363596
default,app,"Logistic (app, calibrated)",0.382020757020757,0.6497175141242938,0.027571083809251145,0.6763600884363596
default,app,"Logistic (app, calibrated)",0.3823260073260073,0.6497175141242938,0.02754524561201092,0.6763600884363596
default,app,"Logistic (app, calibrated)",0.38278388278388276,0.6497175141242938,0.027414432507076418,0.6763600884363596
default,app,"Logistic (app, calibrated)",0.38293650793650796,0.6497175141242938,0.027406857782225284,0.6763600884363596
default,app,"Logistic (app, calibrated)",0.3833943833943834,0.6497175141242938,0.027316855674122963,0.6763600884363596
default,app,"Logistic (app, calibrated)",0.38812576312576313,0.6497175141242938,0.02730416505264769,0.6763600884363596
default,app,"Logistic (app, calibrated)",0.3882783882783883,0.6497175141242938,0.02729042096689662,0.6763600884363596
default,app,"Logistic (app, calibrated)",0.3891941391941392,0.6497175141242938,0.02716564201884693,0.6763600884363596
default,app,"Logistic (app, calibrated)",0.38995726495726496,0.6497175141242938,0.027111934672893072,0.6763600884363596
default,app,"Logistic (app, calibrated)",0.3901098901098901,0.6497175141242938,0.027045474199365194,0.6763600884363596
default,app,"Logistic (app, calibrated)",0.39056776556776557,0.6497175141242938,0.027014372948209887,0.6763600884363596
default,app,"Logistic (app, calibrated)",0.39087301587301587,0.6497175141242938,0.026986995188908746,0.6763600884363596
default,app,"Logistic (app, calibrated)",0.391025641025641,0.6497175141242938,0.02698549102686861,0.6763600884363596
default,app,"Logistic (app, calibrated)",0.3917887667887668,0.6497175141242938,0.026974302841592256,0.6763600884363596
default,app,"Logistic (app, calibrated)",0.39194139194139194,0.6497175141242938,0.026924063804240218,0.6763600884363596
default,app,"Logistic (app, calibrated)",0.39224664224664224,0.6497175141242938,0.02683988008629575,0.6763600884363596
default,app,"Logistic (app, calibrated)",0.39255189255189255,0.6497175141242938,0.026789641048943706,0.6763600884363596
default,app,"Logistic (app, calibrated)",0.39377289377289376,0.6497175141242938,0.026750551090032982,0.6763600884363596
default,app,"Logistic (app, calibrated)",0.398962148962149,0.6610169491525424,0.026745562255543948,0.6763600884363596
default,app,"Logistic (app, calibrated)",0.4001831501831502,0.6610169491525424,0.02672007643230529,0.6763600884363596
default,app,"Logistic (app, calibrated)",0.40064102564102566,0.6610169491525424,0.026593442558724152,0.6763600884363596
default,app,"Logistic (app, calibrated)",0.40293040293040294,0.6610169491525424,0.02657768466942883,0.6763600884363596
default,app,"Logistic (app, calibrated)",0.4030830280830281,0.6610169491525424,0.0265528991775068,0.6763600884363596
default,app,"Logistic (app, calibrated)",0.4036935286935287,0.6610169491525424,0.026490729387640334,0.6763600884363596
default,app,"Logistic (app, calibrated)",0.4075091575091575,0.6610169491525424,0.026482604690912147,0.6763600884363596
default,app,"Logistic (app, calibrated)",0.4091880341880342,0.6610169491525424,0.026445863785416572,0.6763600884363596
default,app,"Logistic (app, calibrated)",0.40934065934065933,0.6610169491525424,0.026435065055257428,0.6763600884363596
default,app,"Logistic (app, calibrated)",0.41025641025641024,0.6610169491525424,0.02638659676419295,0.6763600884363596
default,app,"Logistic (app, calibrated)",0.41056166056166055,0.6610169491525424,0.026306551240370752,0.6763600884363596
default,app,"Logistic (app, calibrated)",0.4113247863247863,0.6610169491525424,0.02627965878678724,0.6763600884363596
default,app,"Logistic (app, calibrated)",0.4125457875457875,0.6666666666666666,0.02625475092973802,0.6763600884363596
default,app,"Logistic (app, calibrated)",0.41315628815628813,0.6666666666666666,0.026225217607323586,0.6763600884363596
default,app,"Logistic (app, calibrated)",0.4136141636141636,0.6666666666666666,0.02622514679279071,0.6763600884363596
default,app,"Logistic (app, calibrated)",0.4139194139194139,0.6666666666666666,0.02619151559464671,0.6763600884363596
default,app,"Logistic (app, calibrated)",0.4140720390720391,0.6666666666666666,0.02617718395934513,0.6763600884363596
default,app,"Logistic (app, calibrated)",0.4143772893772894,0.6666666666666666,0.02613471065655006,0.6763600884363596
default,app,"Logistic (app, calibrated)",0.41620879120879123,0.6666666666666666,0.02606341175248335,0.6763600884363596
default,app,"Logistic (app, calibrated)",0.41651404151404153,0.6666666666666666,0.026039632483767294,0.6763600884363596
default,app,"Logistic (app, calibrated)",0.41681929181929184,0.6666666666666666,0.026010284611810857,0.6763600884363596
default,app,"Logistic (app, calibrated)",0.41773504273504275,0.6666666666666666,0.025642270495701468,0.6763600884363596
default,app,"Logistic (app, calibrated)",0.4181929181929182,0.6666666666666666,0.025623391112250878,0.6763600884363596
default,app,"Logistic (app, calibrated)",0.41834554334554336,0.6666666666666666,0.025605118473092787,0.6763600884363596
default,app,"Logistic (app, calibrated)",0.4188034188034188,0.6666666666666666,0.025597543748241646,0.6763600884363596
default,app,"Logistic (app, calibrated)",0.422008547008547,0.6666666666666666,0.025552104229787785,0.6763600884363596
default,app,"Logistic (app, calibrated)",0.4223137973137973,0.6666666666666666,0.02554099039887489,0.6763600884363596
default,app,"Logistic (app, calibrated)",0.4226190476190476,0.6666666666666666,0.02546865914063336,0.6763600884363596
default,app,"Logistic (app, calibrated)",0.4226190476190476,0.672316384180791,0.02541311468987169,0.6763600884363596
default,app,"Logistic (app, calibrated)",0.4232295482295482,0.672316384180791,0.02539760807259516,0.6763600884363596
default,app,"Logistic (app, calibrated)",0.42506105006105005,0.672316384180791,0.025395883680016957,0.6763600884363596
default,app,"Logistic (app, calibrated)",0.4252136752136752,0.6779661016949152,0.02530262063890944,0.6763600884363596
default,app,"Logistic (app, calibrated)",0.42567155067155066,0.6779661016949152,0.025236160165381556,0.6763600884363596
default,app,"Logistic (app, calibrated)",0.4264346764346764,0.6779661016949152,0.0252223318404687,0.6763600884363596
default,app,"Logistic (app, calibrated)",0.4268925518925519,0.6836158192090396,0.02520626889534049,0.6763600884363596
default,app,"Logistic (app, calibrated)",0.427045177045177,0.6836158192090396,0.025198377302729884,0.6763600884363596
default,app,"Logistic (app, calibrated)",0.42826617826617824,0.6836158192090396,0.025026925372305726,0.6763600884363596
default,app,"Logistic (app, calibrated)",0.42857142857142855,0.6836158192090396,0.024956471778687542,0.6763600884363596
default,app,"Logistic (app, calibrated)",0.429029304029304,0.6836158192090396,0.024941237056049347,0.6763600884363596
default,app,"Logistic (app, calibrated)",0.432997557997558,0.6892655367231638,0.02493145854612643,0.6763600884363596
default,app,"Logistic (app, calibrated)",0.4333028083028083,0.6892655367231638,0.024743585143523168,0.6763600884363596
default,app,"Logistic (app, calibrated)",0.43421855921855923,0.6892655367231638,0.024732002262973517,0.6763600884363596
default,app,"Logistic (app, calibrated)",0.4352869352869353,0.6892655367231638,0.02441324249815058,0.6763600884363596
default,app,"Logistic (app, calibrated)",0.43605006105006106,0.6892655367231638,0.024382201560663074,0.6763600884363596
default,app,"Logistic (app, calibrated)",0.43635531135531136,0.6949152542372882,0.024267953795412883,0.6763600884363596
default,app,"Logistic (app, calibrated)",0.4368131868131868,0.7005649717514124,0.0242374607363291,0.6763600884363596
default,app,"Logistic (app, calibrated)",0.43696581196581197,0.7005649717514124,0.02420659796573124,0.6763600884363596
default,app,"Logistic (app, calibrated)",0.4375763125763126,0.7005649717514124,0.024172966767587244,0.6763600884363596
default,app,"Logistic (app, calibrated)",0.4381868131868132,0.7005649717514124,0.02401560859602687,0.6763600884363596
default,app,"Logistic (app, calibrated)",0.4397130647130647,0.7005649717514124,0.024001035038809425,0.6763600884363596
default,app,"Logistic (app, calibrated)",0.4403235653235653,0.7005649717514124,0.023587024418831332,0.6763600884363596
default,app,"Logistic (app, calibrated)",0.4406288156288156,0.7005649717514124,0.02358656964603332,0.6763600884363596
default,app,"Logistic (app, calibrated)",0.44078144078144077,0.7005649717514124,0.02358008568763923,0.6763600884363596
default,app,"Logistic (app, calibrated)",0.442002442002442,0.7005649717514124,0.023550715115620013,0.6763600884363596
default,app,"Logistic (app, calibrated)",0.4423076923076923,0.7005649717514124,0.02354281668152408,0.6763600884363596
default,app,"Logistic (app, calibrated)",0.4426129426129426,0.7005649717514124,0.02349569558746325,0.6763600884363596
default,app,"Logistic (app, calibrated)",0.4429181929181929,0.7005649717514124,0.02349409246975525,0.6763600884363596
default,app,"Logistic (app, calibrated)",0.4432234432234432,0.7005649717514124,0.02348690181510495,0.6763600884363596
default,app,"Logistic (app, calibrated)",0.4554334554334554,0.711864406779661,0.02345758039613352,0.6763600884363596
default,app,"Logistic (app, calibrated)",0.45634920634920634,0.711864406779661,0.023386743098971957,0.6763600884363596
default,app,"Logistic (app, calibrated)",0.4565018315018315,0.711864406779661,0.023365105946093756,0.6763600884363596
default,app,"Logistic (app, calibrated)",0.45695970695970695,0.7175141242937854,0.023330068937527027,0.6763600884363596
default,app,"Logistic (app, calibrated)",0.4571123321123321,0.7175141242937854,0.023326569647220192,0.6763600884363596
default,app,"Logistic (app, calibrated)",0.45787545787545786,0.7175141242937854,0.02321761133832209,0.6763600884363596
default,app,"Logistic (app, calibrated)",0.45818070818070816,0.7175141242937854,0.023125134162044026,0.6763600884363596
default,app,"Logistic (app, calibrated)",0.4583333333333333,0.7175141242937854,0.02302711600461411,0.6763600884363596
default,app,"Logistic (app, calibrated)",0.4621489621489622,0.7175141242937854,0.022994326029890415,0.6763600884363596
default,app,"Logistic (app, calibrated)",0.4624542124542125,0.7175141242937854,0.02295613912260854,0.6763600884363596
default,app,"Logistic (app, calibrated)",0.4648962148962149,0.7175141242937854,0.02292268822898988,0.6763600884363596
default,app,"Logistic (app, calibrated)",0.46504884004884006,0.7175141242937854,0.022876210878843454,0.6763600884363596
default,app,"Logistic (app, calibrated)",0.4687118437118437,0.7175141242937854,0.02284672879713963,0.6763600884363596
default,app,"Logistic (app, calibrated)",0.46886446886446886,0.7175141242937854,0.022789642153620004,0.6763600884363596
default,app,"Logistic (app, calibrated)",0.4697802197802198,0.7175141242937854,0.02277367985179743,0.6763600884363596
default,app,"Logistic (app, calibrated)",0.4700854700854701,0.7231638418079096,0.022676272584608533,0.6763600884363596
default,app,"Logistic (app, calibrated)",0.47023809523809523,0.7231638418079096,0.022672010729401258,0.6763600884363596
default,app,"Logistic (app, calibrated)",0.47054334554334554,0.7231638418079096,0.022641830423991594,0.6763600884363596
default,app,"Logistic (app, calibrated)",0.47084859584859584,0.7231638418079096,0.022621122201421383,0.6763600884363596
default,app,"Logistic (app, calibrated)",0.4713064713064713,0.7231638418079096,0.022546626779220987,0.6763600884363596
default,app,"Logistic (app, calibrated)",0.47145909645909645,0.7231638418079096,0.02247940265449696,0.6763600884363596
default,app,"Logistic (app, calibrated)",0.47237484737484736,0.7231638418079096,0.022470806338095756,0.6763600884363596
default,app,"Logistic (app, calibrated)",0.4751221001221001,0.7231638418079096,0.022449888894023707,0.6763600884363596
default,app,"Logistic (app, calibrated)",0.47527472527472525,0.7231638418079096,0.022436689349667027,0.6763600884363596
default,app,"Logistic (app, calibrated)",0.4766483516483517,0.7231638418079096,0.022363652733603606,0.6763600884363596
default,app,"Logistic (app, calibrated)",0.47710622710622713,0.7231638418079096,0.022336383582799244,0.6763600884363596
default,app,"Logistic (app, calibrated)",0.4772588522588523,0.7231638418079096,0.022169337533671184,0.6763600884363596
default,app,"Logistic (app, calibrated)",0.47802197802197804,0.7231638418079096,0.022145044405544573,0.6763600884363596
default,app,"Logistic (app, calibrated)",0.4784798534798535,0.7231638418079096,0.02204632939275954,0.6763600884363596
default,app,"Logistic (app, calibrated)",0.4793956043956044,0.7231638418079096,0.022016750694434255,0.6763600884363596
default,app,"Logistic (app, calibrated)",0.4797008547008547,0.7231638418079096,0.021948644913095734,0.6763600884363596
default,app,"Logistic (app, calibrated)",0.4801587301587302,0.7231638418079096,0.021898606877972977,0.6763600884363596
default,app,"Logistic (app, calibrated)",0.4804639804639805,0.7231638418079096,0.021895247288891622,0.6763600884363596
default,app,"Logistic (app, calibrated)",0.48305860805860806,0.7231638418079096,0.021865800273681308,0.6763600884363596
default,app,"Logistic (app, calibrated)",0.483974358974359,0.7231638418079096,0.021774782735272315,0.6763600884363596
default,app,"Logistic (app, calibrated)",0.4842796092796093,0.7231638418079096,0.021729041189229904,0.6763600884363596
default,app,"Logistic (app, calibrated)",0.4845848595848596,0.7231638418079096,0.021723979731856632,0.6763600884363596
default,app,"Logistic (app, calibrated)",0.4848901098901099,0.7231638418079096,0.021685588244365832,0.6763600884363596
default,app,"Logistic (app, calibrated)",0.4861111111111111,0.7231638418079096,0.021628328532288167,0.6763600884363596
default,app,"Logistic (app, calibrated)",0.48717948717948717,0.7231638418079096,0.021559915248986844,0.6763600884363596
default,app,"Logistic (app, calibrated)",0.4877899877899878,0.7231638418079096,0.02147782022996622,0.6763600884363596
default,app,"Logistic (app, calibrated)",0.4884004884004884,0.7231638418079096,0.02137802653715981,0.6763600884363596
default,app,"Logistic (app, calibrated)",0.489010989010989,0.7231638418079096,0.021129499807183365,0.6763600884363596
default,app,"Logistic (app, calibrated)",0.48977411477411475,0.7231638418079096,0.0210450947552963,0.6763600884363596
default,app,"Logistic (app, calibrated)",0.49038461538461536,0.7231638418079096,0.02097557158302967,0.6763600884363596
default,app,"Logistic (app, calibrated)",0.4905372405372405,0.7231638418079096,0.020952195537201616,0.6763600884363596
default,app,"Logistic (app, calibrated)",0.4908424908424908,0.7231638418079096,0.020937590295549074,0.6763600884363596
default,app,"Logistic (app, calibrated)",0.49145299145299143,0.7288135593220338,0.02090961818637519,0.6763600884363596
default,app,"Logistic (app, calibrated)",0.4916056166056166,0.7288135593220338,0.02090850571049237,0.6763600884363596
default,app,"Logistic (app, calibrated)",0.49313186813186816,0.7288135593220338,0.02086527119418182,0.6763600884363596
default,app,"Logistic (app, calibrated)",0.4932844932844933,0.7288135593220338,0.020754652870588263,0.6763600884363596
default,app,"Logistic (app, calibrated)",0.4943528693528694,0.7288135593220338,0.020718279009120516,0.6763600884363596
default,app,"Logistic (app, calibrated)",0.4967948717948718,0.7288135593220338,0.02070277239184399,0.6763600884363596
default,app,"Logistic (app, calibrated)",0.49694749694749696,0.7344632768361582,0.020568631987837843,0.6763600884363596
default,app,"Logistic (app, calibrated)",0.49725274725274726,0.7344632768361582,0.020527478202465293,0.6763600884363596
default,app,"Logistic (app, calibrated)",0.49755799755799757,0.7344632768361582,0.020501941940973975,0.6763600884363596
default,app,"Logistic (app, calibrated)",0.49893162393162394,0.7344632768361582,0.020461006134953903,0.6763600884363596
default,app,"Logistic (app, calibrated)",0.49923687423687424,0.7344632768361582,0.02041732353177949,0.6763600884363596
default,app,"Logistic (app, calibrated)",0.49923687423687424,0.7401129943502824,0.020388310547736054,0.6763600884363596
default,app,"Logistic (app, calibrated)",0.49954212454212454,0.7401129943502824,0.020364344417805928,0.6763600884363596
default,app,"Logistic (app, calibrated)",0.4996947496947497,0.7401129943502824,0.02035204821887814,0.6763600884363596
default,app,"Logistic (app, calibrated)",0.5,0.7401129943502824,0.020344101144105904,0.6763600884363596
default,app,"Logistic (app, calibrated)",0.5013736263736264,0.7401129943502824,0.02034216551601276,0.6763600884363596
default,app,"Logistic (app, calibrated)",0.5015262515262515,0.7401129943502824,0.020285291759055284,0.6763600884363596
default,app,"Logistic (app, calibrated)",0.5018315018315018,0.7401129943502824,0.020273708878505638,0.6763600884363596
default,app,"Logistic (app, calibrated)",0.5028998778998779,0.7401129943502824,0.02024088541918618,0.6763600884363596
default,app,"Logistic (app, calibrated)",0.503052503052503,0.7401129943502824,0.0201551096247301,0.6763600884363596
default,app,"Logistic (app, calibrated)",0.5119047619047619,0.751412429378531,0.020077182387502446,0.6763600884363596
default,app,"Logistic (app, calibrated)",0.512057387057387,0.751412429378531,0.020023634954315493,0.6763600884363596
default,app,"Logistic (app, calibrated)",0.5152625152625152,0.751412429378531,0.020008128337038966,0.6763600884363596
default,app,"Logistic (app, calibrated)",0.5155677655677655,0.751412429378531,0.020001639624140383,0.6763600884363596
default,app,"Logistic (app, calibrated)",0.5157203907203908,0.751412429378531,0.01992735733071464,0.6763600884363596
default,app,"Logistic (app, calibrated)",0.5158730158730159,0.7570621468926554,0.019923908176195194,0.6763600884363596
default,app,"Logistic (app, calibrated)",0.5238095238095238,0.7627118644067796,0.019922226860779983,0.6763600884363596
default,app,"Logistic (app, calibrated)",0.5242673992673993,0.7627118644067796,0.019810368837829988,0.6763600884363596
default,app,"Logistic (app, calibrated)",0.5260989010989011,0.7627118644067796,0.019731313917018867,0.6763600884363596
default,app,"Logistic (app, calibrated)",0.5262515262515263,0.7627118644067796,0.019630033820192287,0.6763600884363596
default,app,"Logistic (app, calibrated)",0.5344932844932845,0.7853107344632768,0.019530668197300545,0.6763600884363596
default,app,"Logistic (app, calibrated)",0.5346459096459096,0.7853107344632768,0.019527684630986458,0.6763600884363596
default,app,"Logistic (app, calibrated)",0.5364774114774115,0.7853107344632768,0.0193863480239492,0.6763600884363596
default,app,"Logistic (app, calibrated)",0.5367826617826618,0.7853107344632768,0.019333728152781258,0.6763600884363596
default,app,"Logistic (app, calibrated)",0.5372405372405372,0.7853107344632768,0.019311375261786095,0.6763600884363596
default,app,"Logistic (app, calibrated)",0.5463980463980463,0.7909604519774012,0.019310022019207555,0.6763600884363596
default,app,"Logistic (app, calibrated)",0.5465506715506715,0.7909604519774012,0.01924620871869249,0.6763600884363596
default,app,"Logistic (app, calibrated)",0.5470085470085471,0.7909604519774012,0.019128276261565436,0.6763600884363596
default,app,"Logistic (app, calibrated)",0.5474664224664225,0.7909604519774012,0.01890483108613274,0.6763600884363596
default,app,"Logistic (app, calibrated)",0.5477716727716728,0.7909604519774012,0.01890133581431349,0.6763600884363596
default,app,"Logistic (app, calibrated)",0.5480769230769231,0.7909604519774012,0.018812269752729902,0.6763600884363596
default,app,"Logistic (app, calibrated)",0.5483821733821734,0.7909604519774012,0.018713558245476394,0.6763600884363596
default,app,"Logistic (app, calibrated)",0.5523504273504274,0.7909604519774012,0.01867238824877504,0.6763600884363596
default,app,"Logistic (app, calibrated)",0.5526556776556777,0.7909604519774012,0.018582671560169666,0.6763600884363596
default,app,"Logistic (app, calibrated)",0.5572344322344323,0.7909604519774012,0.018532466940347974,0.6763600884363596
default,app,"Logistic (app, calibrated)",0.5575396825396826,0.7909604519774012,0.01851157746449038,0.6763600884363596
default,app,"Logistic (app, calibrated)",0.5584554334554335,0.7909604519774012,0.018487248699488958,0.6763600884363596
default,app,"Logistic (app, calibrated)",0.5595238095238095,0.7909604519774012,0.018464394844521996,0.6763600884363596
default,app,"Logistic (app, calibrated)",0.5598290598290598,0.7909604519774012,0.0183473247914596,0.6763600884363596
default,app,"Logistic (app, calibrated)",0.5613553113553114,0.7909604519774012,0.018345795590746467,0.6763600884363596
default,app,"Logistic (app, calibrated)",0.5615079365079365,0.7909604519774012,0.018342966989747078,0.6763600884363596
default,app,"Logistic (app, calibrated)",0.5628815628815629,0.7909604519774012,0.01819232559015675,0.6763600884363596
default,app,"Logistic (app, calibrated)",0.5633394383394383,0.7909604519774012,0.018161793638750257,0.6763600884363596
default,app,"Logistic (app, calibrated)",0.563949938949939,0.7909604519774012,0.018002146369705117,0.6763600884363596
default,app,"Logistic (app, calibrated)",0.5642551892551892,0.7909604519774012,0.01799145887219349,0.6763600884363596
default,app,"Logistic (app, calibrated)",0.5651709401709402,0.7909604519774012,0.017980091089767992,0.6763600884363596
default,app,"Logistic (app, calibrated)",0.5653235653235653,0.7909604519774012,0.01797154593627226,0.6763600884363596
default,app,"Logistic (app, calibrated)",0.5668498168498168,0.7909604519774012,0.017905359349135723,0.6763600884363596
default,app,"Logistic (app, calibrated)",0.567002442002442,0.7909604519774012,0.017851537563766423,0.6763600884363596
default,app,"Logistic (app, calibrated)",0.5673076923076923,0.7909604519774012,0.017798379913192202,0.6763600884363596
default,app,"Logistic (app, calibrated)",0.5677655677655677,0.7909604519774012,0.017779346957647716,0.6763600884363596
default,app,"Logistic (app, calibrated)",0.5706654456654456,0.7966101694915254,0.01764154790204807,0.6763600884363596
default,app,"Logistic (app, calibrated)",0.5717338217338217,0.7966101694915254,0.017633290094770476,0.6763600884363596
default,app,"Logistic (app, calibrated)",0.5718864468864469,0.7966101694915254,0.01758892062448501,0.6763600884363596
default,app,"Logistic (app, calibrated)",0.5723443223443223,0.7966101694915254,0.017577774597509206,0.6763600884363596
default,app,"Logistic (app, calibrated)",0.5724969474969475,0.7966101694915254,0.01757715276573459,0.6763600884363596
default,app,"Logistic (app, calibrated)",0.5729548229548229,0.7966101694915254,0.017368274446392024,0.6763600884363596
default,app,"Logistic (app, calibrated)",0.5734126984126984,0.7966101694915254,0.017132964287197093,0.6763600884363596
default,app,"Logistic (app, calibrated)",0.5769230769230769,0.7966101694915254,0.01712767280162057,0.6763600884363596
default,app,"Logistic (app, calibrated)",0.577075702075702,0.7966101694915254,0.017125470539065414,0.6763600884363596
default,app,"Logistic (app, calibrated)",0.5873015873015873,0.7966101694915254,0.016955524664710203,0.6763600884363596
default,app,"Logistic (app, calibrated)",0.5900488400488401,0.7966101694915254,0.016946903847243046,0.6763600884363596
default,app,"Logistic (app, calibrated)",0.5902014652014652,0.7966101694915254,0.016916694610011024,0.6763600884363596
default,app,"Logistic (app, calibrated)",0.5908119658119658,0.7966101694915254,0.01689171136419514,0.6763600884363596
default,app,"Logistic (app, calibrated)",0.5911172161172161,0.7966101694915254,0.016845810523494084,0.6763600884363596
default,app,"Logistic (app, calibrated)",0.5938644688644689,0.7966101694915254,0.016806811980659222,0.6763600884363596
default,app,"Logistic (app, calibrated)",0.594017094017094,0.7966101694915254,0.01672928371580382,0.6763600884363596
default,app,"Logistic (app, calibrated)",0.5961538461538461,0.7966101694915254,0.01670553188383264,0.6763600884363596
default,app,"Logistic (app, calibrated)",0.5967643467643468,0.7966101694915254,0.016514618940071522,0.6763600884363596
default,app,"Logistic (app, calibrated)",0.5970695970695971,0.7966101694915254,0.016417053630836113,0.6763600884363596
default,app,"Logistic (app, calibrated)",0.5972222222222222,0.7966101694915254,0.016290388550440245,0.6763600884363596
default,app,"Logistic (app, calibrated)",0.5976800976800977,0.7966101694915254,0.01628884317920456,0.6763600884363596
default,app,"Logistic (app, calibrated)",0.5978327228327228,0.7966101694915254,0.016278705590615453,0.6763600884363596
default,app,"Logistic (app, calibrated)",0.5985958485958486,0.7966101694915254,0.01627358764907489,0.6763600884363596
default,app,"Logistic (app, calibrated)",0.5989010989010989,0.7966101694915254,0.01626246849104468,0.6763600884363596
default,app,"Logistic (app, calibrated)",0.5989010989010989,0.8022598870056498,0.016217976552323057,0.6763600884363596
default,app,"Logistic (app, calibrated)",0.599053724053724,0.8022598870056498,0.01621522406297461,0.6763600884363596
default,app,"Logistic (app, calibrated)",0.6072954822954822,0.8022598870056498,0.016214782505624015,0.6763600884363596
default,app,"Logistic (app, calibrated)",0.6082112332112332,0.8022598870056498,0.016200997501732338,0.6763600884363596
default,app,"Logistic (app, calibrated)",0.6095848595848596,0.8022598870056498,0.016195960381665334,0.6763600884363596
default,app,"Logistic (app, calibrated)",0.6100427350427351,0.8022598870056498,0.016124860590248414,0.6763600884363596
default,app,"Logistic (app, calibrated)",0.6111111111111112,0.807909604519774,0.016094680284838753,0.6763600884363596
default,app,"Logistic (app, calibrated)",0.6115689865689866,0.807909604519774,0.015980782773970314,0.6763600884363596
default,app,"Logistic (app, calibrated)",0.6118742368742369,0.8135593220338984,0.01597461828493834,0.6763600884363596
default,app,"Logistic (app, calibrated)",0.6120268620268621,0.8135593220338984,0.01587117555732554,0.6763600884363596
default,app,"Logistic (app, calibrated)",0.6135531135531136,0.8192090395480226,0.015832642521714117,0.6763600884363596
default,app,"Logistic (app, calibrated)",0.6138583638583639,0.8192090395480226,0.0158071062602228,0.6763600884363596
default,app,"Logistic (app, calibrated)",0.6141636141636142,0.8192090395480226,0.01577983108613274,0.6763600884363596
default,app,"Logistic (app, calibrated)",0.6144688644688645,0.8192090395480226,0.015778000626206944,0.6763600884363596
default,app,"Logistic (app, calibrated)",0.6146214896214897,0.8192090395480226,0.015674085958937944,0.6763600884363596
default,app,"Logistic (app, calibrated)",0.6262210012210012,0.8305084745762712,0.015520138450818993,0.6763600884363596
default,app,"Logistic (app, calibrated)",0.6265262515262515,0.8305084745762712,0.015499622438175561,0.6763600884363596
default,app,"Logistic (app, calibrated)",0.6271367521367521,0.8305084745762712,0.015439367444494667,0.6763600884363596
default,app,"Logistic (app, calibrated)",0.6272893772893773,0.8305084745762712,0.015380750283762729,0.6763600884363596
default,app,"Logistic (app, calibrated)",0.6277472527472527,0.8305084745762712,0.015220795590746466,0.6763600884363596
default,app,"Logistic (app, calibrated)",0.6292735042735043,0.8305084745762712,0.01519913360701464,0.6763600884363596
default,app,"Logistic (app, calibrated)",0.6329365079365079,0.8305084745762712,0.015137998466909098,0.6763600884363596
default,app,"Logistic (app, calibrated)",0.6332417582417582,0.8305084745762712,0.015117831081700806,0.6763600884363596
default,app,"Logistic (app, calibrated)",0.6352258852258852,0.8418079096045198,0.015112462205417778,0.6763600884363596
default,app,"Logistic (app, calibrated)",0.6352258852258852,0.847457627118644,0.015110988015523666,0.6763600884363596
default,app,"Logistic (app, calibrated)",0.6355311355311355,0.847457627118644,0.015073211316382335,0.6763600884363596
default,app,"Logistic (app, calibrated)",0.635989010989011,0.847457627118644,0.015057227460584771,0.6763600884363596
default,app,"Logistic (app, calibrated)",0.6362942612942613,0.847457627118644,0.014984215599419514,0.6763600884363596
default,app,"Logistic (app, calibrated)",0.6369047619047619,0.847457627118644,0.014944435046528776,0.6763600884363596
default,app,"Logistic (app, calibrated)",0.637057387057387,0.847457627118644,0.0149409218799092,0.6763600884363596
default,app,"Logistic (app, calibrated)",0.6382783882783882,0.847457627118644,0.014857674352317274,0.6763600884363596
default,app,"Logistic (app, calibrated)",0.643925518925519,0.8531073446327684,0.014744723389689646,0.6763600884363596
default,app,"Logistic (app, calibrated)",0.6448412698412699,0.8531073446327684,0.014744127732050092,0.6763600884363596
default,app,"Logistic (app, calibrated)",0.6452991452991453,0.8531073446327684,0.014728872201920418,0.6763600884363596
default,app,"Logistic (app, calibrated)",0.645909645909646,0.8531073446327684,0.014717753043890208,0.6763600884363596
default,app,"Logistic (app, calibrated)",0.6460622710622711,0.8531073446327684,0.014685329863630622,0.6763600884363596
default,app,"Logistic (app, calibrated)",0.6465201465201466,0.8531073446327684,0.014663932077526953,0.6763600884363596
default,app,"Logistic (app, calibrated)",0.6468253968253969,0.8531073446327684,0.014569824146210938,0.6763600884363596
default,app,"Logistic (app, calibrated)",0.6494200244200244,0.8531073446327684,0.014562624641850198,0.6763600884363596
default,app,"Logistic (app, calibrated)",0.6495726495726496,0.8531073446327684,0.014469391556631817,0.6763600884363596
default,app,"Logistic (app, calibrated)",0.6503357753357754,0.8531073446327684,0.014462359717388443,0.6763600884363596
default,app,"Logistic (app, calibrated)",0.6507936507936508,0.8531073446327684,0.01442990283778387,0.6763600884363596
default,app,"Logistic (app, calibrated)",0.6510989010989011,0.8531073446327684,0.014375756310018592,0.6763600884363596
default,app,"Logistic (app, calibrated)",0.6552197802197802,0.8587570621468926,0.01436258340577975,0.6763600884363596
default,app,"Logistic (app, calibrated)",0.6558302808302808,0.8587570621468926,0.014361079620561861,0.6763600884363596
default,app,"Logistic (app, calibrated)",0.6582722832722833,0.8587570621468926,0.01434197846375721,0.6763600884363596
default,app,"Logistic (app, calibrated)",0.6584249084249084,0.8587570621468926,0.014339236064894331,0.6763600884363596
default,app,"Logistic (app, calibrated)",0.6614774114774115,0.8587570621468926,0.01433704714428843,0.6763600884363596
default,app,"Logistic (app, calibrated)",0.6622405372405372,0.8587570621468926,0.014289571544614493,0.6763600884363596
default,app,"Logistic (app, calibrated)",0.6633089133089133,0.864406779661017,0.014278165163242146,0.6763600884363596
default,app,"Logistic (app, calibrated)",0.6634615384615384,0.864406779661017,0.014235487850155734,0.6763600884363596
default,app,"Logistic (app, calibrated)",0.6642246642246642,0.8700564971751412,0.014174468447299604,0.6763600884363596
default,app,"Logistic (app, calibrated)",0.6648351648351648,0.8700564971751412,0.01408213541645707,0.6763600884363596
default,app,"Logistic (app, calibrated)",0.66498778998779,0.8700564971751412,0.014072601367565333,0.6763600884363596
default,app,"Logistic (app, calibrated)",0.6654456654456654,0.8700564971751412,0.014028955315021074,0.6763600884363596
default,app,"Logistic (app, calibrated)",0.6662087912087912,0.8700564971751412,0.01393915811787993,0.6763600884363596
default,app,"Logistic (app, calibrated)",0.6666666666666666,0.8700564971751412,0.013907431560704597,0.6763600884363596
default,app,"Logistic (app, calibrated)",0.6668192918192918,0.8700564971751412,0.013899173423805556,0.6763600884363596
default,app,"Logistic (app, calibrated)",0.6674297924297924,0.8700564971751412,0.01388189529921328,0.6763600884363596
default,app,"Logistic (app, calibrated)",0.6684981684981685,0.8700564971751412,0.013861489238364083,0.6763600884363596
default,app,"Logistic (app, calibrated)",0.6688034188034188,0.8700564971751412,0.01379767593784902,0.6763600884363596
default,app,"Logistic (app, calibrated)",0.6707875457875457,0.8700564971751412,0.013794339468287235,0.6763600884363596
default,app,"Logistic (app, calibrated)",0.6709401709401709,0.8700564971751412,0.013766021773898674,0.6763600884363596
default,app,"Logistic (app, calibrated)",0.6723137973137974,0.8700564971751412,0.013734032205688867,0.6763600884363596
default,app,"Logistic (app, calibrated)",0.6733821733821734,0.8700564971751412,0.013730395643373323,0.6763600884363596
default,app,"Logistic (app, calibrated)",0.6767399267399268,0.8700564971751412,0.01359011700371188,0.6763600884363596
default,app,"Logistic (app, calibrated)",0.6770451770451771,0.8700564971751412,0.013565775883107456,0.6763600884363596
default,app,"Logistic (app, calibrated)",0.6771978021978022,0.8700564971751412,0.013522482163597143,0.6763600884363596
default,app,"Logistic (app, calibrated)",0.6788766788766789,0.8757062146892656,0.013521797705300109,0.6763600884363596
default,app,"Logistic (app, calibrated)",0.6797924297924298,0.8757062146892656,0.013514156483485145,0.6763600884363596
default,app,"Logistic (app, calibrated)",0.6807081807081807,0.8757062146892656,0.01334063729355021,0.6763600884363596
default,app,"Logistic (app, calibrated)",0.6831501831501832,0.8757062146892656,0.013312958905162802,0.6763600884363596
default,app,"Logistic (app, calibrated)",0.6833028083028083,0.8757062146892656,0.013267294995155072,0.6763600884363596
default,app,"Logistic (app, calibrated)",0.6836080586080586,0.8757062146892656,0.013200358653888768,0.6763600884363596
default,app,"Logistic (app, calibrated)",0.6872710622710623,0.8757062146892656,0.013174996710302594,0.6763600884363596
default,app,"Logistic (app, calibrated)",0.6875763125763126,0.8757062146892656,0.013137856406130164,0.6763600884363596
default,app,"Logistic (app, calibrated)",0.6894078144078144,0.8813559322033898,0.013132016499575249,0.6763600884363596
default,app,"Logistic (app, calibrated)",0.6897130647130647,0.8813559322033898,0.013119328722280188,0.6763600884363596
default,app,"Logistic (app, calibrated)",0.6912393162393162,0.8870056497175142,0.013106480238083931,0.6763600884363596
default,app,"Logistic (app, calibrated)",0.6913919413919414,0.8870056497175142,0.013036576309303582,0.6763600884363596
default,app,"Logistic (app, calibrated)",0.6916971916971917,0.8870056497175142,0.013025108699056464,0.6763600884363596
default,app,"Logistic (app, calibrated)",0.6952075702075702,0.8926553672316384,0.01297926540471799,0.6763600884363596
default,app,"Logistic (app, calibrated)",0.6955128205128205,0.8926553672316384,0.012978622609107598,0.6763600884363596
default,app,"Logistic (app, calibrated)",0.6956654456654456,0.8926553672316384,0.012871390228463092,0.6763600884363596
default,app,"Logistic (app, calibrated)",0.6961233211233211,0.8926553672316384,0.012871131828302435,0.6763600884363596
default,app,"Logistic (app, calibrated)",0.6962759462759462,0.8926553672316384,0.012632029528581251,0.6763600884363596
default,app,"Logistic (app, calibrated)",0.6979548229548229,0.8926553672316384,0.01258950705489488,0.6763600884363596
default,app,"Logistic (app, calibrated)",0.6984126984126984,0.8983050847457628,0.012556245920258158,0.6763600884363596
default,app,"Logistic (app, calibrated)",0.6988705738705738,0.8983050847457628,0.012463455582901222,0.6763600884363596
default,app,"Logistic (app, calibrated)",0.6991758241758241,0.8983050847457628,0.012400230890941676,0.6763600884363596
default,app,"Logistic (app, calibrated)",0.6993284493284493,0.8983050847457628,0.012344179322474915,0.6763600884363596
default,app,"Logistic (app, calibrated)",0.6996336996336996,0.8983050847457628,0.01234087760035984,0.6763600884363596
default,app,"Logistic (app, calibrated)",0.6997863247863247,0.8983050847457628,0.012310602763719303,0.6763600884363596
default,app,"Logistic (app, calibrated)",0.700091575091575,0.8983050847457628,0.012282927461228218,0.6763600884363596
default,app,"Logistic (app, calibrated)",0.7005494505494505,0.8983050847457628,0.012140387843641536,0.6763600884363596
default,app,"Logistic (app, calibrated)",0.7008547008547008,0.8983050847457628,0.012089856133052477,0.6763600884363596
default,app,"Logistic (app, calibrated)",0.7011599511599511,0.8983050847457628,0.012023634954315496,0.6763600884363596
default,app,"Logistic (app, calibrated)",0.7090964590964591,0.8983050847457628,0.011987481109259856,0.6763600884363596
default,app,"Logistic (app, calibrated)",0.7094017094017094,0.8983050847457628,0.011968467033145472,0.6763600884363596
default,app,"Logistic (app, calibrated)",0.7130647130647131,0.8983050847457628,0.01192366780874479,0.6763600884363596
default,app,"Logistic (app, calibrated)",0.7135225885225885,0.8983050847457628,0.011919741665548548,0.6763600884363596
default,app,"Logistic (app, calibrated)",0.713980463980464,0.8983050847457628,0.011861601865453139,0.6763600884363596
default,app,"Logistic (app, calibrated)",0.7145909645909646,0.8983050847457628,0.011856516339434988,0.6763600884363596
default,app,"Logistic (app, calibrated)",0.7147435897435898,0.8983050847457628,0.011853318414468399,0.6763600884363596
default,app,"Logistic (app, calibrated)",0.7153540903540904,0.8983050847457628,0.011713576783263194,0.6763600884363596
default,app,"Logistic (app, calibrated)",0.715964590964591,0.8983050847457628,0.011649433268658863,0.6763600884363596
default,app,"Logistic (app, calibrated)",0.7167277167277167,0.8983050847457628,0.0116414949704056,0.6763600884363596
default,app,"Logistic (app, calibrated)",0.717948717948718,0.8983050847457628,0.011615958708914282,0.6763600884363596
default,app,"Logistic (app, calibrated)",0.7184065934065934,0.8983050847457628,0.011573828470380193,0.6763600884363596
default,app,"Logistic (app, calibrated)",0.7208485958485958,0.9096045197740112,0.011506991883866727,0.6763600884363596
default,app,"Logistic (app, calibrated)",0.7214590964590964,0.9096045197740112,0.011459947203518084,0.6763600884363596
default,app,"Logistic (app, calibrated)",0.7217643467643468,0.9096045197740112,0.011453925620051927,0.6763600884363596
default,app,"Logistic (app, calibrated)",0.7284798534798534,0.9096045197740112,0.011443178583351664,0.6763600884363596
default,app,"Logistic (app, calibrated)",0.7289377289377289,0.9096045197740112,0.01141288217285766,0.6763600884363596
default,app,"Logistic (app, calibrated)",0.7297008547008547,0.9096045197740112,0.01141079439871676,0.6763600884363596
default,app,"Logistic (app, calibrated)",0.7298534798534798,0.9096045197740112,0.011395538868587084,0.6763600884363596
default,app,"Logistic (app, calibrated)",0.7304639804639804,0.9096045197740112,0.011384419710556874,0.6763600884363596
default,app,"Logistic (app, calibrated)",0.7306166056166056,0.9096045197740112,0.011301358915983831,0.6763600884363596
default,app,"Logistic (app, calibrated)",0.7345848595848596,0.9096045197740112,0.011245664740441098,0.6763600884363596
default,app,"Logistic (app, calibrated)",0.7348901098901099,0.9096045197740112,0.011232953946281989,0.6763600884363596
default,app,"Logistic (app, calibrated)",0.7353479853479854,0.9096045197740112,0.011169140645766924,0.6763600884363596
default,app,"Logistic (app, calibrated)",0.7353479853479854,0.9152542372881356,0.011096569504450537,0.6763600884363596
default,app,"Logistic (app, calibrated)",0.7358058608058609,0.9152542372881356,0.010974129265560243,0.6763600884363596
default,app,"Logistic (app, calibrated)",0.7361111111111112,0.9152542372881356,0.010959063384515967,0.6763600884363596
default,app,"Logistic (app, calibrated)",0.7362637362637363,0.9152542372881356,0.010929413835592325,0.6763600884363596
default,app,"Logistic (app, calibrated)",0.7368742368742369,0.9152542372881356,0.010914158305462652,0.6763600884363596
default,app,"Logistic (app, calibrated)",0.7371794871794872,0.9152542372881356,0.010873770371271662,0.6763600884363596
default,app,"Logistic (app, calibrated)",0.7380952380952381,0.9152542372881356,0.010859289226847976,0.6763600884363596
default,app,"Logistic (app, calibrated)",0.7437423687423688,0.9152542372881356,0.01085590639061799,0.6763600884363596
default,app,"Logistic (app, calibrated)",0.7442002442002442,0.9152542372881356,0.010809957070756599,0.6763600884363596
default,app,"Logistic (app, calibrated)",0.7446581196581197,0.9152542372881356,0.010703490333975323,0.6763600884363596
default,app,"Logistic (app, calibrated)",0.7464896214896215,0.9152542372881356,0.010678510558922579,0.6763600884363596
default,app,"Logistic (app, calibrated)",0.7472527472527473,0.9152542372881356,0.010615188941326103,0.6763600884363596
default,app,"Logistic (app, calibrated)",0.7481684981684982,0.9152542372881356,0.010437695339735757,0.6763600884363596
default,app,"Logistic (app, calibrated)",0.7487789987789988,0.9152542372881356,0.010410928064201103,0.6763600884363596
default,app,"Logistic (app, calibrated)",0.7489316239316239,0.9209039548022598,0.010393281145878532,0.6763600884363596
default,app,"Logistic (app, calibrated)",0.7490842490842491,0.9209039548022598,0.010390358441772735,0.6763600884363596
default,app,"Logistic (app, calibrated)",0.7525946275946276,0.9209039548022598,0.010385391802709785,0.6763600884363596
default,app,"Logistic (app, calibrated)",0.7528998778998779,0.9209039548022598,0.010329467845363469,0.6763600884363596
default,app,"Logistic (app, calibrated)",0.7538156288156288,0.9209039548022598,0.010045733536444322,0.6763600884363596
default,app,"Logistic (app, calibrated)",0.7541208791208791,0.9209039548022598,0.010045255748288014,0.6763600884363596
default,app,"Logistic (app, calibrated)",0.7542735042735043,0.9209039548022598,0.010014351978896687,0.6763600884363596
default,app,"Logistic (app, calibrated)",0.7576312576312576,0.9209039548022598,0.009979625571829468,0.6763600884363596
default,app,"Logistic (app, calibrated)",0.7585470085470085,0.9209039548022598,0.00990766994611558,0.6763600884363596
default,app,"Logistic (app, calibrated)",0.7591575091575091,0.9209039548022598,0.009836314319232969,0.6763600884363596
default,app,"Logistic (app, calibrated)",0.7594627594627594,0.9209039548022598,0.009773636166084907,0.6763600884363596
default,app,"Logistic (app, calibrated)",0.7599206349206349,0.9209039548022598,0.009691775365723132,0.6763600884363596
default,app,"Logistic (app, calibrated)",0.76007326007326,0.9209039548022598,0.009565244311051196,0.6763600884363596
default,app,"Logistic (app, calibrated)",0.760989010989011,0.9209039548022598,0.00953140307935971,0.6763600884363596
default,app,"Logistic (app, calibrated)",0.762057387057387,0.9209039548022598,0.009473479914209399,0.6763600884363596
default,app,"Logistic (app, calibrated)",0.7623626373626373,0.9209039548022598,0.00945295827759562,0.6763600884363596
default,app,"Logistic (app, calibrated)",0.7634310134310134,0.9209039548022598,0.00944794365271808,0.6763600884363596
default,app,"Logistic (app, calibrated)",0.7637362637362637,0.9209039548022598,0.009368767697678328,0.6763600884363596
default,app,"Logistic (app, calibrated)",0.7658730158730159,0.9209039548022598,0.00935047056185325,0.6763600884363596
default,app,"Logistic (app, calibrated)",0.7660256410256411,0.9209039548022598,0.009298696195247919,0.6763600884363596
default,app,"Logistic (app, calibrated)",0.7666361416361417,0.9209039548022598,0.009231871308077715,0.6763600884363596
default,app,"Logistic (app, calibrated)",0.7675518925518926,0.9209039548022598,0.009225462720239077,0.6763600884363596
default,app,"Logistic (app, calibrated)",0.7677045177045178,0.9209039548022598,0.009212595242936583,0.6763600884363596
default,app,"Logistic (app, calibrated)",0.768925518925519,0.9265536723163842,0.0092103948025987,0.6763600884363596
default,app,"Logistic (app, calibrated)",0.7690781440781441,0.9265536723163842,0.009207119257755978,0.6763600884363596
default,app,"Logistic (app, calibrated)",0.7693833943833944,0.9265536723163842,0.009175027870680044,0.6763600884363596
default,app,"Logistic (app, calibrated)",0.7696886446886447,0.9265536723163842,0.009075119409465916,0.6763600884363596
default,app,"Logistic (app, calibrated)",0.769993894993895,0.9265536723163842,0.008992488347889044,0.6763600884363596
default,app,"Logistic (app, calibrated)",0.770909645909646,0.9265536723163842,0.008966952086397726,0.6763600884363596
default,app,"Logistic (app, calibrated)",0.7710622710622711,0.9265536723163842,0.008932022798456129,0.6763600884363596
default,app,"Logistic (app, calibrated)",0.7744200244200244,0.9265536723163842,0.008835704370415969,0.6763600884363596
default,app,"Logistic (app, calibrated)",0.7745726495726496,0.9265536723163842,0.008828058117054085,0.6763600884363596
default,app,"Logistic (app, calibrated)",0.7843406593406593,0.9322033898305084,0.008791435066466976,0.6763600884363596
default,app,"Logistic (app, calibrated)",0.7846459096459096,0.9322033898305084,0.008784126278902637,0.6763600884363596
default,app,"Logistic (app, calibrated)",0.7852564102564102,0.9322033898305084,0.008780100002149087,0.6763600884363596
default,app,"Logistic (app, calibrated)",0.7855616605616605,0.9322033898305084,0.008672179751155987,0.6763600884363596
default,app,"Logistic (app, calibrated)",0.7864774114774115,0.9322033898305084,0.008519273016774307,0.6763600884363596
default,app,"Logistic (app, calibrated)",0.7866300366300366,0.9322033898305084,0.008497309196838072,0.6763600884363596
default,app,"Logistic (app, calibrated)",0.7881562881562881,0.9322033898305084,0.008455459716259241,0.6763600884363596
default,app,"Logistic (app, calibrated)",0.7887667887667887,0.9322033898305084,0.008394367929079527,0.6763600884363596
default,app,"Logistic (app, calibrated)",0.7904456654456654,0.9322033898305084,0.008390341652325977,0.6763600884363596
default,app,"Logistic (app, calibrated)",0.7907509157509157,0.9322033898305084,0.00824049513704686,0.6763600884363596
default,app,"Logistic (app, calibrated)",0.7948717948717948,0.9322033898305084,0.008138200791473829,0.6763600884363596
default,app,"Logistic (app, calibrated)",0.7956349206349206,0.9322033898305084,0.00803878379138118,0.6763600884363596
default,app,"Logistic (app, calibrated)",0.7959401709401709,0.9322033898305084,0.008029503936406023,0.6763600884363596
default,app,"Logistic (app, calibrated)",0.796092796092796,0.9322033898305084,0.007982958385039748,0.6763600884363596
default,app,"Logistic (app, calibrated)",0.8078449328449329,0.9378531073446328,0.007974970490866115,0.6763600884363596
default,app,"Logistic (app, calibrated)",0.8083028083028083,0.9378531073446328,0.0079009594089808,0.6763600884363596
default,app,"Logistic (app, calibrated)",0.8089133089133089,0.9378531073446328,0.00776474585379644,0.6763600884363596
default,app,"Logistic (app, calibrated)",0.8090659340659341,0.9378531073446328,0.007731843558315079,0.6763600884363596
default,app,"Logistic (app, calibrated)",0.8095238095238095,0.9378531073446328,0.007700932553281375,0.6763600884363596
default,app,"Logistic (app, calibrated)",0.8112026862026862,0.9378531073446328,0.007596080502258992,0.6763600884363596
default,app,"Logistic (app, calibrated)",0.8127289377289377,0.9378531073446328,0.00758082497212932,0.6763600884363596
default,app,"Logistic (app, calibrated)",0.8128815628815629,0.9378531073446328,0.007568158470381278,0.6763600884363596
default,app,"Logistic (app, calibrated)",0.8179181929181929,0.9378531073446328,0.00751120105915769,0.6763600884363596
default,app,"Logistic (app, calibrated)",0.8185286935286935,0.9378531073446328,0.0073435120853534135,0.6763600884363596
default,app,"Logistic (app, calibrated)",0.8188339438339438,0.9378531073446328,0.007324167312913865,0.6763600884363596
default,app,"Logistic (app, calibrated)",0.8194444444444444,0.9378531073446328,0.007308230296152654,0.6763600884363596
default,app,"Logistic (app, calibrated)",0.8211233211233211,0.9378531073446328,0.007220443327888249,0.6763600884363596
default,app,"Logistic (app, calibrated)",0.8217338217338217,0.9378531073446328,0.0070669682232754214,0.6763600884363596
default,app,"Logistic (app, calibrated)",0.8221916971916972,0.9378531073446328,0.0070658383410677,0.6763600884363596
default,app,"Logistic (app, calibrated)",0.8373015873015873,0.9548022598870056,0.007029320529022043,0.6763600884363596
default,app,"Logistic (app, calibrated)",0.8377594627594628,0.9548022598870056,0.006984871480965124,0.6763600884363596
default,app,"Logistic (app, calibrated)",0.8380647130647131,0.9548022598870056,0.00691515112567744,0.6763600884363596
default,app,"Logistic (app, calibrated)",0.8385225885225885,0.9548022598870056,0.00689989559554777,0.6763600884363596
default,app,"Logistic (app, calibrated)",0.8388278388278388,0.9548022598870056,0.006826849733028223,0.6763600884363596
default,app,"Logistic (app, calibrated)",0.8391330891330891,0.9548022598870056,0.006752391478835248,0.6763600884363596
default,app,"Logistic (app, calibrated)",0.8406593406593407,0.9548022598870056,0.00672685521734393,0.6763600884363596
default,app,"Logistic (app, calibrated)",0.8408119658119658,0.9548022598870056,0.00672367498565931,0.6763600884363596
default,app,"Logistic (app, calibrated)",0.8414224664224664,0.9548022598870056,0.006719761075161772,0.6763600884363596
default,app,"Logistic (app, calibrated)",0.8415750915750916,0.9548022598870056,0.006665906803463989,0.6763600884363596
default,app,"Logistic (app, calibrated)",0.8424908424908425,0.9548022598870056,0.00659376986649714,0.6763600884363596
default,app,"Logistic (app, calibrated)",0.8452380952380952,0.9548022598870056,0.006439461853630031,0.6763600884363596
default,app,"Logistic (app, calibrated)",0.846001221001221,0.9548022598870056,0.006370139632123957,0.6763600884363596
default,app,"Logistic (app, calibrated)",0.8466117216117216,0.9548022598870056,0.0062303443179872586,0.6763600884363596
default,app,"Logistic (app, calibrated)",0.8473748473748474,0.9548022598870056,0.006145920356446672,0.6763600884363596
default,app,"Logistic (app, calibrated)",0.8478327228327228,0.9548022598870056,0.006130664826317,0.6763600884363596
default,app,"Logistic (app, calibrated)",0.8481379731379731,0.9548022598870056,0.006106871308077716,0.6763600884363596
default,app,"Logistic (app, calibrated)",0.8485958485958486,0.9548022598870056,0.006097036218565647,0.6763600884363596
default,app,"Logistic (app, calibrated)",0.8487484737484737,0.9548022598870056,0.005928803190787516,0.6763600884363596
default,app,"Logistic (app, calibrated)",0.8505799755799756,0.9548022598870056,0.005877061469265367,0.6763600884363596
default,app,"Logistic (app, calibrated)",0.8508852258852259,0.9548022598870056,0.0058569500674763835,0.6763600884363596
default,app,"Logistic (app, calibrated)",0.8531746031746031,0.9548022598870056,0.005684934690652164,0.6763600884363596
default,app,"Logistic (app, calibrated)",0.8533272283272283,0.9548022598870056,0.005569099861370047,0.6763600884363596
default,app,"Logistic (app, calibrated)",0.8543956043956044,0.9548022598870056,0.005449362843729041,0.6763600884363596
default,app,"Logistic (app, calibrated)",0.8551587301587301,0.9548022598870056,0.00539007452224929,0.6763600884363596
default,app,"Logistic (app, calibrated)",0.8562271062271062,0.9548022598870056,0.0053084155010318735,0.6763600884363596
default,app,"Logistic (app, calibrated)",0.8597374847374848,0.9548022598870056,0.005196132092683816,0.6763600884363596
default,app,"Logistic (app, calibrated)",0.8598901098901099,0.9548022598870056,0.005106937208664656,0.6763600884363596
default,app,"Logistic (app, calibrated)",0.8601953601953602,0.9548022598870056,0.0050769763016779105,0.6763600884363596
default,app,"Logistic (app, calibrated)",0.8620268620268621,0.9548022598870056,0.005049662597619228,0.6763600884363596
default,app,"Logistic (app, calibrated)",0.8682844932844933,0.9548022598870056,0.005045636320865679,0.6763600884363596
default,app,"Logistic (app, calibrated)",0.8690476190476191,0.9548022598870056,0.004694835680751174,0.6763600884363596
default,app,"Logistic (app, calibrated)",0.8692002442002442,0.9548022598870056,0.004604299879529238,0.6763600884363596
default,app,"Logistic (app, calibrated)",0.8704212454212454,0.9548022598870056,0.004561527581329562,0.6763600884363596
default,app,"Logistic (app, calibrated)",0.8745421245421245,0.9548022598870056,0.004479664206107975,0.6763600884363596
default,app,"Logistic (app, calibrated)",0.8746947496947497,0.9548022598870056,0.004424339109092312,0.6763600884363596
default,app,"Logistic (app, calibrated)",0.8754578754578755,0.9548022598870056,0.004403541919437544,0.6763600884363596
default,app,"Logistic (app, calibrated)",0.8759157509157509,0.9548022598870056,0.004352410045686789,0.6763600884363596
default,app,"Logistic (app, calibrated)",0.8815628815628815,0.96045197740113,0.0043447567706327815,0.6763600884363596
default,app,"Logistic (app, calibrated)",0.8817155067155067,0.96045197740113,0.004303818337438684,0.6763600884363596
default,app,"Logistic (app, calibrated)",0.8823260073260073,0.96045197740113,0.004132231404958678,0.6763600884363596
default,app,"Logistic (app, calibrated)",0.8852258852258852,0.96045197740113,0.004128205128205128,0.6763600884363596
default,app,"Logistic (app, calibrated)",0.8861416361416361,0.96045197740113,0.003807000418351694,0.6763600884363596
default,app,"Logistic (app, calibrated)",0.8864468864468864,0.96045197740113,0.0036585365853658534,0.6763600884363596
default,app,"Logistic (app, calibrated)",0.8960622710622711,0.96045197740113,0.0036279599848043553,0.6763600884363596
default,app,"Logistic (app, calibrated)",0.8980463980463981,0.96045197740113,0.0035714285714285713,0.6763600884363596
default,app,"Logistic (app, calibrated)",0.8994200244200244,0.9661016949152542,0.003493516399694889,0.6763600884363596
default,app,"Logistic (app, calibrated)",0.8995726495726496,0.9661016949152542,0.0034812349114947865,0.6763600884363596
default,app,"Logistic (app, calibrated)",0.900030525030525,0.9661016949152542,0.0034782608695652175,0.6763600884363596
default,app,"Logistic (app, calibrated)",0.9004884004884005,0.9661016949152542,0.0033876731560896663,0.6763600884363596
default,app,"Logistic (app, calibrated)",0.9017094017094017,0.9661016949152542,0.003378969654199012,0.6763600884363596
default,app,"Logistic (app, calibrated)",0.9058302808302808,0.9661016949152542,0.003061224489795918,0.6763600884363596
default,app,"Logistic (app, calibrated)",0.905982905982906,0.9661016949152542,0.0030419710660340195,0.6763600884363596
default,app,"Logistic (app, calibrated)",0.9067460317460317,0.9661016949152542,0.00286803328220146,0.6763600884363596
default,app,"Logistic (app, calibrated)",0.9128510378510378,0.9661016949152542,0.0028169014084507044,0.6763600884363596
default,app,"Logistic (app, calibrated)",0.9209401709401709,0.9774011299435028,0.0028125870231133386,0.6763600884363596
default,app,"Logistic (app, calibrated)",0.9213980463980463,0.9774011299435028,0.002797414480907803,0.6763600884363596
default,app,"Logistic (app, calibrated)",0.9322344322344323,0.9774011299435028,0.002797331492983667,0.6763600884363596
default,app,"Logistic (app, calibrated)",0.9323870573870574,0.9774011299435028,0.002684563758389261,0.6763600884363596
default,app,"Logistic (app, calibrated)",0.9346764346764347,0.9774011299435028,0.002584097859327217,0.6763600884363596
default,app,"Logistic (app, calibrated)",0.9348290598290598,0.9774011299435028,0.002561369119640158,0.6763600884363596
default,app,"Logistic (app, calibrated)",0.9352869352869353,0.9774011299435028,0.0024615384615384616,0.6763600884363596
default,app,"Logistic (app, calibrated)",0.9355921855921856,0.9774011299435028,0.002284359901042131,0.6763600884363596
default,app,"Logistic (app, calibrated)",0.9358974358974359,0.9774011299435028,0.002247191011235955,0.6763600884363596
default,app,"Logistic (app, calibrated)",0.9363553113553114,0.9774011299435028,0.001942094685146468,0.6763600884363596
default,app,"Logistic (app, calibrated)",0.9366605616605617,0.9774011299435028,0.0018779342723004694,0.6763600884363596
default,app,"Logistic (app, calibrated)",0.9375763125763126,0.9774011299435028,0.0017543859649122805,0.6763600884363596
default,app,"Logistic (app, calibrated)",0.9423076923076923,0.9774011299435028,0.0017391304347826088,0.6763600884363596
default,app,"Logistic (app, calibrated)",0.9424603174603174,0.9774011299435028,0.001706871060024778,0.6763600884363596
default,app,"Logistic (app, calibrated)",0.9455128205128205,0.9774011299435028,0.0016666666666666666,0.6763600884363596
default,app,"Logistic (app, calibrated)",0.9458180708180708,0.9774011299435028,0.0014184397163120566,0.6763600884363596
default,app,"Logistic (app, calibrated)",0.9459706959706959,0.9774011299435028,0.0012108744438805437,0.6763600884363596
default,app,"Logistic (app, calibrated)",0.9476495726495726,0.9774011299435028,0.001058201058201058,0.6763600884363596
default,app,"Logistic (app, calibrated)",0.9482600732600732,0.9774011299435028,0.0009900990099009901,0.6763600884363596
default,app,"Logistic (app, calibrated)",0.9706959706959707,0.9943502824858758,0.0009433962264150943,0.6763600884363596
default,app,"Logistic (app, calibrated)",0.9711538461538461,0.9943502824858758,0.0009174311926605505,0.6763600884363596
default,app,"Logistic (app, calibrated)",0.9720695970695971,0.9943502824858758,0.0001096768447958355,0.6763600884363596
default,app,"Logistic (app, calibrated)",1.0,1.0,0.0,0.6763600884363596
