outcome,feature_set,model,precision,recall,threshold,average_precision
default,app,"Logistic (app, calibrated)",0.02630405706642889,1.0,0.0,0.053875242477803995
default,app,"Logistic (app, calibrated)",0.02689075630252101,0.9943502824858758,0.0001096768447958355,0.053875242477803995
default,app,"Logistic (app, calibrated)",0.02689486552567237,0.9943502824858758,0.00012156059321586453,0.053875242477803995
default,app,"Logistic (app, calibrated)",0.02689897600489072,0.9943502824858758,0.00020789917052136856,0.053875242477803995
default,app,"Logistic (app, calibrated)",0.026903087740752063,0.9943502824858758,0.00026014682305234465,0.053875242477803995
default,app,"Logistic (app, calibrated)",0.026907200733832747,0.9943502824858758,0.0005053021522255436,0.053875242477803995
default,app,"Logistic (app, calibrated)",0.02691131498470948,0.9943502824858758,0.0007185009322378563,0.053875242477803995
default,app,"Logistic (app, calibrated)",0.026915430493959322,0.9943502824858758,0.0009174311926605505,0.053875242477803995
default,app,"Logistic (app, calibrated)",0.02692778457772338,0.9943502824858758,0.0009433962264150943,0.053875242477803995
default,app,"Logistic (app, calibrated)",0.027090510491700595,0.9774011299435028,0.0009900990099009901,0.053875242477803995
default,app,"Logistic (app, calibrated)",0.027107489815104982,0.9774011299435028,0.001058201058201058,0.053875242477803995
default,app,"Logistic (app, calibrated)",0.027154292889656255,0.9774011299435028,0.0012108744438805437,0.053875242477803995
default,app,"Logistic (app, calibrated)",0.027158555729984303,0.9774011299435028,0.0014184397163120566,0.053875242477803995
default,app,"Logistic (app, calibrated)",0.027167085427135678,0.9774011299435028,0.0016666666666666666,0.053875242477803995
default,app,"Logistic (app, calibrated)",0.027252678008821675,0.9774011299435028,0.001706871060024778,0.053875242477803995
default,app,"Logistic (app, calibrated)",0.0272569717976997,0.9774011299435028,0.0017391304347826088,0.053875242477803995
default,app,"Logistic (app, calibrated)",0.027390753641545282,0.9774011299435028,0.0017543859649122805,0.053875242477803995
default,app,"Logistic (app, calibrated)",0.027416798732171156,0.9774011299435028,0.0018779342723004694,0.053875242477803995
default,app,"Logistic (app, calibrated)",0.02742549143944198,0.9774011299435028,0.001942094685146468,0.053875242477803995
default,app,"Logistic (app, calibrated)",0.02742983986047249,0.9774011299435028,0.0020619041685229537,0.053875242477803995
default,app,"Logistic (app, calibrated)",0.02743418966064066,0.9774011299435028,0.0022205517305125466,0.053875242477803995
default,app,"Logistic (app, calibrated)",0.027438540840602696,0.9774011299435028,0.002247191011235955,0.053875242477803995
default,app,"Logistic (app, calibrated)",0.0274472473425353,0.9774011299435028,0.002284359901042131,0.053875242477803995
default,app,"Logistic (app, calibrated)",0.027451602665820373,0.9774011299435028,0.002427938396690258,0.053875242477803995
default,app,"Logistic (app, calibrated)",0.027455959371528327,0.9774011299435028,0.0024615384615384616,0.053875242477803995
default,app,"Logistic (app, calibrated)",0.027469037789774532,0.9774011299435028,0.002561369119640158,0.053875242477803995
default,app,"Logistic (app, calibrated)",0.027473400031761155,0.9774011299435028,0.002584097859327217,0.053875242477803995
default,app,"Logistic (app, calibrated)",0.027539000318369946,0.9774011299435028,0.002684563758389261,0.053875242477803995
default,app,"Logistic (app, calibrated)",0.027543384811335773,0.9774011299435028,0.002797331492983667,0.053875242477803995
default,app,"Logistic (app, calibrated)",0.02785829307568438,0.9774011299435028,0.002797414480907803,0.053875242477803995
default,app,"Logistic (app, calibrated)",0.02786277983572234,0.9774011299435028,0.0027976267296956196,0.053875242477803995
default,app,"Logistic (app, calibrated)",0.027867268041237115,0.9774011299435028,0.0028028747415324183,0.053875242477803995
default,app,"Logistic (app, calibrated)",0.02787175769292734,0.9774011299435028,0.0028125870231133386,0.053875242477803995
default,app,"Logistic (app, calibrated)",0.027795838751625487,0.9661016949152542,0.0028169014084507044,0.053875242477803995
default,app,"Logistic (app, calibrated)",0.027977748691099476,0.9661016949152542,0.00286803328220146,0.053875242477803995
default,app,"Logistic (app, calibrated)",0.028000654986081546,0.9661016949152542,0.0030419710660340195,0.053875242477803995
default,app,"Logistic (app, calibrated)",0.02800524074680642,0.9661016949152542,0.003061224489795918,0.053875242477803995
default,app,"Logistic (app, calibrated)",0.028129626583319627,0.9661016949152542,0.003378969654199012,0.053875242477803995
default,app,"Logistic (app, calibrated)",0.02816669411958491,0.9661016949152542,0.0033876731560896663,0.053875242477803995
default,app,"Logistic (app, calibrated)",0.028171334431630973,0.9661016949152542,0.003413442909536554,0.053875242477803995
default,app,"Logistic (app, calibrated)",0.028175976272862086,0.9661016949152542,0.0034661960629413435,0.053875242477803995
default,app,"Logistic (app, calibrated)",0.028180619644034278,0.9661016949152542,0.0034782608695652175,0.053875242477803995
default,app,"Logistic (app, calibrated)",0.028194558944765045,0.9661016949152542,0.0034812349114947865,0.053875242477803995
default,app,"Logistic (app, calibrated)",0.028199208443271766,0.9661016949152542,0.003493516399694889,0.053875242477803995
default,app,"Logistic (app, calibrated)",0.028080607862570203,0.96045197740113,0.0035714285714285713,0.053875242477803995
default,app,"Logistic (app, calibrated)",0.028141036252276114,0.96045197740113,0.0036279599848043553,0.053875242477803995
default,app,"Logistic (app, calibrated)",0.02843760455001673,0.96045197740113,0.0036585365853658534,0.053875242477803995
default,app,"Logistic (app, calibrated)",0.02844236238915844,0.96045197740113,0.0036745139529508045,0.053875242477803995
default,app,"Logistic (app, calibrated)",0.028447121820615796,0.96045197740113,0.003807000418351694,0.053875242477803995
default,app,"Logistic (app, calibrated)",0.02847571189279732,0.96045197740113,0.004128205128205128,0.053875242477803995
default,app,"Logistic (app, calibrated)",0.028566627457570156,0.96045197740113,0.004132231404958678,0.053875242477803995
default,app,"Logistic (app, calibrated)",0.028576231299378047,0.96045197740113,0.004137931034482759,0.053875242477803995
default,app,"Logistic (app, calibrated)",0.02858584160080713,0.96045197740113,0.004303818337438684,0.053875242477803995
default,app,"Logistic (app, calibrated)",0.028590649175916583,0.96045197740113,0.0043447567706327815,0.053875242477803995
default,app,"Logistic (app, calibrated)",0.028605280974949222,0.9548022598870056,0.004352410045686789,0.053875242477803995
default,app,"Logistic (app, calibrated)",0.028619813717188823,0.9548022598870056,0.004403541919437544,0.053875242477803995
default,app,"Logistic (app, calibrated)",0.02864406779661017,0.9548022598870056,0.004424339109092312,0.053875242477803995
default,app,"Logistic (app, calibrated)",0.02864892354636379,0.9548022598870056,0.004479664206107975,0.053875242477803995
default,app,"Logistic (app, calibrated)",0.02878065395095368,0.9548022598870056,0.004561527581329562,0.053875242477803995
default,app,"Logistic (app, calibrated)",0.028819918144611188,0.9548022598870056,0.004604299879529238,0.053875242477803995
default,app,"Logistic (app, calibrated)",0.028824833702882482,0.9548022598870056,0.004694835680751174,0.053875242477803995
default,app,"Logistic (app, calibrated)",0.02884943666780471,0.9548022598870056,0.005045636320865679,0.053875242477803995
default,app,"Logistic (app, calibrated)",0.029052776345195118,0.9548022598870056,0.005049662597619228,0.053875242477803995
default,app,"Logistic (app, calibrated)",0.029112833763996555,0.9548022598870056,0.0050769763016779105,0.053875242477803995
default,app,"Logistic (app, calibrated)",0.029122867482336723,0.9548022598870056,0.005106937208664656,0.053875242477803995
default,app,"Logistic (app, calibrated)",0.029127886935539467,0.9548022598870056,0.005196132092683816,0.053875242477803995
default,app,"Logistic (app, calibrated)",0.02924381380861741,0.9548022598870056,0.0053084155010318735,0.053875242477803995
default,app,"Logistic (app, calibrated)",0.02927927927927928,0.9548022598870056,0.00539007452224929,0.053875242477803995
default,app,"Logistic (app, calibrated)",0.029304664470261834,0.9548022598870056,0.005449362843729041,0.053875242477803995
default,app,"Logistic (app, calibrated)",0.029340277777777778,0.9548022598870056,0.005569099861370047,0.053875242477803995
default,app,"Logistic (app, calibrated)",0.029345372460496615,0.9548022598870056,0.005684934690652164,0.053875242477803995
default,app,"Logistic (app, calibrated)",0.02942200557103064,0.9548022598870056,0.0058569500674763835,0.053875242477803995
default,app,"Logistic (app, calibrated)",0.029432253570184606,0.9548022598870056,0.005877061469265367,0.053875242477803995
default,app,"Logistic (app, calibrated)",0.02949389179755672,0.9548022598870056,0.005928803190787516,0.053875242477803995
default,app,"Logistic (app, calibrated)",0.029499039972071914,0.9548022598870056,0.006097036218565647,0.053875242477803995
default,app,"Logistic (app, calibrated)",0.029514495284666434,0.9548022598870056,0.006106871308077716,0.053875242477803995
default,app,"Logistic (app, calibrated)",0.02952480782669462,0.9548022598870056,0.006130664826317,0.053875242477803995
default,app,"Logistic (app, calibrated)",0.02952996680062904,0.9548022598870056,0.006135061573752326,0.053875242477803995
default,app,"Logistic (app, calibrated)",0.02953512757777001,0.9548022598870056,0.006141822722100547,0.053875242477803995
default,app,"Logistic (app, calibrated)",0.0295402901590631,0.9548022598870056,0.006145920356446672,0.053875242477803995
default,app,"Logistic (app, calibrated)",0.029566130160951713,0.9548022598870056,0.0062303443179872586,0.053875242477803995
default,app,"Logistic (app, calibrated)",0.029586834733893556,0.9548022598870056,0.006370139632123957,0.053875242477803995
default,app,"Logistic (app, calibrated)",0.029612756264236904,0.9548022598870056,0.006439461853630031,0.053875242477803995
default,app,"Logistic (app, calibrated)",0.02970645104587801,0.9548022598870056,0.00659376986649714,0.053875242477803995
default,app,"Logistic (app, calibrated)",0.029737814534576808,0.9548022598870056,0.006665906803463989,0.053875242477803995
default,app,"Logistic (app, calibrated)",0.02974304822245688,0.9548022598870056,0.006719761075161772,0.053875242477803995
default,app,"Logistic (app, calibrated)",0.029764001408946812,0.9548022598870056,0.00672367498565931,0.053875242477803995
default,app,"Logistic (app, calibrated)",0.029769244319182667,0.9548022598870056,0.00672685521734393,0.053875242477803995
default,app,"Logistic (app, calibrated)",0.029821775189694723,0.9548022598870056,0.006752391478835248,0.053875242477803995
default,app,"Logistic (app, calibrated)",0.02982703847511472,0.9548022598870056,0.006811594202898551,0.053875242477803995
default,app,"Logistic (app, calibrated)",0.029832303618711385,0.9548022598870056,0.006826849733028223,0.053875242477803995
default,app,"Logistic (app, calibrated)",0.02984283948437224,0.9548022598870056,0.00689989559554777,0.053875242477803995
default,app,"Logistic (app, calibrated)",0.029858657243816256,0.9548022598870056,0.00691515112567744,0.053875242477803995
default,app,"Logistic (app, calibrated)",0.029869211735595615,0.9548022598870056,0.006984871480965124,0.053875242477803995
default,app,"Logistic (app, calibrated)",0.029885057471264367,0.9548022598870056,0.007029320529022043,0.053875242477803995
default,app,"Logistic (app, calibrated)",0.029893751125517738,0.9378531073446328,0.0070658383410677,0.053875242477803995
default,app,"Logistic (app, calibrated)",0.02990990990990991,0.9378531073446328,0.0070669682232754214,0.053875242477803995
default,app,"Logistic (app, calibrated)",0.029915300054063794,0.9378531073446328,0.007069864617821249,0.053875242477803995
default,app,"Logistic (app, calibrated)",0.029920692141312183,0.9378531073446328,0.007200752641482125,0.053875242477803995
default,app,"Logistic (app, calibrated)",0.02992608617270597,0.9378531073446328,0.007204621465491031,0.053875242477803995
default,app,"Logistic (app, calibrated)",0.02993148214929679,0.9378531073446328,0.007220443327888249,0.053875242477803995
default,app,"Logistic (app, calibrated)",0.02999096657633243,0.9378531073446328,0.007308230296152654,0.053875242477803995
default,app,"Logistic (app, calibrated)",0.030012655939251492,0.9378531073446328,0.007324167312913865,0.053875242477803995
default,app,"Logistic (app, calibrated)",0.030023512389220474,0.9378531073446328,0.0073435120853534135,0.053875242477803995
default,app,"Logistic (app, calibrated)",0.030028943560057888,0.9378531073446328,0.007383185638326616,0.053875242477803995
default,app,"Logistic (app, calibrated)",0.030034376696218563,0.9378531073446328,0.007455596690890809,0.053875242477803995
default,app,"Logistic (app, calibrated)",0.030039811798769453,0.9378531073446328,0.0074697567706327826,0.053875242477803995
default,app,"Logistic (app, calibrated)",0.030045248868778282,0.9378531073446328,0.00751120105915769,0.053875242477803995
default,app,"Logistic (app, calibrated)",0.030225782957028404,0.9378531073446328,0.007568158470381278,0.053875242477803995
default,app,"Logistic (app, calibrated)",0.030231287561464214,0.9378531073446328,0.00758082497212932,0.053875242477803995
default,app,"Logistic (app, calibrated)",0.030286444079547527,0.9378531073446328,0.007596080502258992,0.053875242477803995
default,app,"Logistic (app, calibrated)",0.030347349177330896,0.9378531073446328,0.007700932553281375,0.053875242477803995
default,app,"Logistic (app, calibrated)",0.03036400219498811,0.9378531073446328,0.007731843558315079,0.053875242477803995
default,app,"Logistic (app, calibrated)",0.030369557263080865,0.9378531073446328,0.00776474585379644,0.053875242477803995
default,app,"Logistic (app, calibrated)",0.030380673499267936,0.9378531073446328,0.007871750011923093,0.053875242477803995
default,app,"Logistic (app, calibrated)",0.03039179787623581,0.9378531073446328,0.0079009594089808,0.053875242477803995
default,app,"Logistic (app, calibrated)",0.0304084997252244,0.9378531073446328,0.007974970490866115,0.053875242477803995
default,app,"Logistic (app, calibrated)",0.0306634454562349,0.9322033898305084,0.007982958385039748,0.053875242477803995
default,app,"Logistic (app, calibrated)",0.03066914498141264,0.9322033898305084,0.008029503936406023,0.053875242477803995
default,app,"Logistic (app, calibrated)",0.030680550390479733,0.9322033898305084,0.00803878379138118,0.053875242477803995
default,app,"Logistic (app, calibrated)",0.030709101060859854,0.9322033898305084,0.008138200791473829,0.053875242477803995
default,app,"Logistic (app, calibrated)",0.030864197530864196,0.9322033898305084,0.00824049513704686,0.053875242477803995
default,app,"Logistic (app, calibrated)",0.030875748502994012,0.9322033898305084,0.008390341652325977,0.053875242477803995
default,app,"Logistic (app, calibrated)",0.030939433714607164,0.9322033898305084,0.008394367929079527,0.053875242477803995
default,app,"Logistic (app, calibrated)",0.03096265715894164,0.9322033898305084,0.008455459716259241,0.053875242477803995
default,app,"Logistic (app, calibrated)",0.03102086858432036,0.9322033898305084,0.008497309196838072,0.053875242477803995
default,app,"Logistic (app, calibrated)",0.031026701767581797,0.9322033898305084,0.008519273016774307,0.053875242477803995
default,app,"Logistic (app, calibrated)",0.031044214487300093,0.9322033898305084,0.008529465426017149,0.053875242477803995
default,app,"Logistic (app, calibrated)",0.03106174698795181,0.9322033898305084,0.008672179751155987,0.053875242477803995
default,app,"Logistic (app, calibrated)",0.031067595556392394,0.9322033898305084,0.008728318414468398,0.053875242477803995
default,app,"Logistic (app, calibrated)",0.031073446327683617,0.9322033898305084,0.008780100002149087,0.053875242477803995
default,app,"Logistic (app, calibrated)",0.031096871466264605,0.9322033898305084,0.008784126278902637,0.053875242477803995
default,app,"Logistic (app, calibrated)",0.031108597285067874,0.9322033898305084,0.008791435066466976,0.053875242477803995
default,app,"Logistic (app, calibrated)",0.03130368390914297,0.9265536723163842,0.008828058117054085,0.053875242477803995
default,app,"Logistic (app, calibrated)",0.031309660175639555,0.9265536723163842,0.008835704370415969,0.053875242477803995
default,app,"Logistic (app, calibrated)",0.03144171779141104,0.9265536723163842,0.008932022798456129,0.053875242477803995
default,app,"Logistic (app, calibrated)",0.03144774688398849,0.9265536723163842,0.008966952086397726,0.053875242477803995
default,app,"Logistic (app, calibrated)",0.031483970051833364,0.9265536723163842,0.008992488347889044,0.053875242477803995
default,app,"Logistic (app, calibrated)",0.031496062992125984,0.9265536723163842,0.009075119409465916,0.053875242477803995
default,app,"Logistic (app, calibrated)",0.031502112946600075,0.9265536723163842,0.009124103310620765,0.053875242477803995
default,app,"Logistic (app, calibrated)",0.031508165225744476,0.9265536723163842,0.009175027870680044,0.053875242477803995
default,app,"Logistic (app, calibrated)",0.03152027676340573,0.9265536723163842,0.009207119257755978,0.053875242477803995
default,app,"Logistic (app, calibrated)",0.031526336024605923,0.9265536723163842,0.0092103948025987,0.053875242477803995
default,app,"Logistic (app, calibrated)",0.03138840747159638,0.9209039548022598,0.009212595242936583,0.053875242477803995
default,app,"Logistic (app, calibrated)",0.0313944530046225,0.9209039548022598,0.009225462720239077,0.053875242477803995
default,app,"Logistic (app, calibrated)",0.031430775163902816,0.9209039548022598,0.009231871308077715,0.053875242477803995
default,app,"Logistic (app, calibrated)",0.03145503666538016,0.9209039548022598,0.009298696195247919,0.053875242477803995
default,app,"Logistic (app, calibrated)",0.031461107894228915,0.9209039548022598,0.00935047056185325,0.053875242477803995
default,app,"Logistic (app, calibrated)",0.03154635184826785,0.9209039548022598,0.009368767697678328,0.053875242477803995
default,app,"Logistic (app, calibrated)",0.03155856727976767,0.9209039548022598,0.00944794365271808,0.053875242477803995
default,app,"Logistic (app, calibrated)",0.0316013958898798,0.9209039548022598,0.00945295827759562,0.053875242477803995
default,app,"Logistic (app, calibrated)",0.03161365399534523,0.9209039548022598,0.009473479914209399,0.053875242477803995
default,app,"Logistic (app, calibrated)",0.03165663235579724,0.9209039548022598,0.00953140307935971,0.053875242477803995
default,app,"Logistic (app, calibrated)",0.031693564067664784,0.9209039548022598,0.009565244311051196,0.053875242477803995
default,app,"Logistic (app, calibrated)",0.031699727732399846,0.9209039548022598,0.009691775365723132,0.053875242477803995
default,app,"Logistic (app, calibrated)",0.03171823311928391,0.9209039548022598,0.009773636166084907,0.053875242477803995
default,app,"Logistic (app, calibrated)",0.03172440638380693,0.9209039548022598,0.009790906803463988,0.053875242477803995
default,app,"Logistic (app, calibrated)",0.0317305820517812,0.9209039548022598,0.009836314319232969,0.053875242477803995
default,app,"Logistic (app, calibrated)",0.031742940603700094,0.9209039548022598,0.009855619898119294,0.053875242477803995
default,app,"Logistic (app, calibrated)",0.031755308786284825,0.9209039548022598,0.00990766994611558,0.053875242477803995
default,app,"Logistic (app, calibrated)",0.0317738791423002,0.9209039548022598,0.009938475197957439,0.053875242477803995
default,app,"Logistic (app, calibrated)",0.03179247123073922,0.9209039548022598,0.009979625571829468,0.053875242477803995
default,app,"Logistic (app, calibrated)",0.031929480901077376,0.9209039548022598,0.010014351978896687,0.053875242477803995
default,app,"Logistic (app, calibrated)",0.03193573667711599,0.9209039548022598,0.010045255748288014,0.053875242477803995
default,app,"Logistic (app, calibrated)",0.03194825558604469,0.9209039548022598,0.010045733536444322,0.053875242477803995
default,app,"Logistic (app, calibrated)",0.03195451872181925,0.9209039548022598,0.010074180873171622,0.053875242477803995
default,app,"Logistic (app, calibrated)",0.03196078431372549,0.9209039548022598,0.010127968593356417,0.053875242477803995
default,app,"Logistic (app, calibrated)",0.03196705236320847,0.9209039548022598,0.010212505321042805,0.053875242477803995
default,app,"Logistic (app, calibrated)",0.0319733228717144,0.9209039548022598,0.010223358713847427,0.053875242477803995
default,app,"Logistic (app, calibrated)",0.0319795958406906,0.9209039548022598,0.010233228928881103,0.053875242477803995
default,app,"Logistic (app, calibrated)",0.03198587127158556,0.9209039548022598,0.010329467845363469,0.053875242477803995
default,app,"Logistic (app, calibrated)",0.031998429524931295,0.9209039548022598,0.010385391802709785,0.053875242477803995
default,app,"Logistic (app, calibrated)",0.032143561427726286,0.9209039548022598,0.010390358441772735,0.053875242477803995
default,app,"Logistic (app, calibrated)",0.032149901380670615,0.9209039548022598,0.010393281145878532,0.053875242477803995
default,app,"Logistic (app, calibrated)",0.03196527229676401,0.9152542372881356,0.010410928064201103,0.053875242477803995
default,app,"Logistic (app, calibrated)",0.031990521327014215,0.9152542372881356,0.010437695339735757,0.053875242477803995
default,app,"Logistic (app, calibrated)",0.03199683981828955,0.9152542372881356,0.010452931993689228,0.053875242477803995
default,app,"Logistic (app, calibrated)",0.03200316080600553,0.9152542372881356,0.010490432951913332,0.053875242477803995
default,app,"Logistic (app, calibrated)",0.032009484291641965,0.9152542372881356,0.010517726943179527,0.053875242477803995
default,app,"Logistic (app, calibrated)",0.032015810276679844,0.9152542372881356,0.01056087340269316,0.053875242477803995
default,app,"Logistic (app, calibrated)",0.03202213876260131,0.9152542372881356,0.010578751932383373,0.053875242477803995
default,app,"Logistic (app, calibrated)",0.03202846975088968,0.9152542372881356,0.010615188941326103,0.053875242477803995
default,app,"Logistic (app, calibrated)",0.032060162279833763,0.9152542372881356,0.010678510558922579,0.053875242477803995
default,app,"Logistic (app, calibrated)",0.032098276203685355,0.9152542372881356,0.010688651420373797,0.053875242477803995
default,app,"Logistic (app, calibrated)",0.03213648085697282,0.9152542372881356,0.010703490333975323,0.053875242477803995
default,app,"Logistic (app, calibrated)",0.03214285714285714,0.9152542372881356,0.010752464720888862,0.053875242477803995
default,app,"Logistic (app, calibrated)",0.03214923595951578,0.9152542372881356,0.010755110249753171,0.053875242477803995
default,app,"Logistic (app, calibrated)",0.03215561730845574,0.9152542372881356,0.010809957070756599,0.053875242477803995
default,app,"Logistic (app, calibrated)",0.03217477656405164,0.9152542372881356,0.01085590639061799,0.053875242477803995
default,app,"Logistic (app, calibrated)",0.03241296518607443,0.9152542372881356,0.010859289226847976,0.053875242477803995
default,app,"Logistic (app, calibrated)",0.03245192307692308,0.9152542372881356,0.010873770371271662,0.053875242477803995
default,app,"Logistic (app, calibrated)",0.03246492985971944,0.9152542372881356,0.010914158305462652,0.053875242477803995
default,app,"Logistic (app, calibrated)",0.032490974729241874,0.9152542372881356,0.010929413835592325,0.053875242477803995
default,app,"Logistic (app, calibrated)",0.0324974924774323,0.9152542372881356,0.010959063384515967,0.053875242477803995
default,app,"Logistic (app, calibrated)",0.0325105358217941,0.9152542372881356,0.010974129265560243,0.053875242477803995
default,app,"Logistic (app, calibrated)",0.03251706142111602,0.9152542372881356,0.011086186804323791,0.053875242477803995
default,app,"Logistic (app, calibrated)",0.03252358964063441,0.9152542372881356,0.011094416549364647,0.053875242477803995
default,app,"Logistic (app, calibrated)",0.03253012048192771,0.9152542372881356,0.011096569504450537,0.053875242477803995
default,app,"Logistic (app, calibrated)",0.03233581040369552,0.9096045197740112,0.011169140645766924,0.053875242477803995
default,app,"Logistic (app, calibrated)",0.032355305466237945,0.9096045197740112,0.011232953946281989,0.053875242477803995
default,app,"Logistic (app, calibrated)",0.03236831523924407,0.9096045197740112,0.011245664740441098,0.053875242477803995
default,app,"Logistic (app, calibrated)",0.03253839935327405,0.9096045197740112,0.011301358915983831,0.053875242477803995
default,app,"Logistic (app, calibrated)",0.032544976753588035,0.9096045197740112,0.011384419710556874,0.053875242477803995
default,app,"Logistic (app, calibrated)",0.0325713129678333,0.9096045197740112,0.011395538868587084,0.053875242477803995
default,app,"Logistic (app, calibrated)",0.032577903682719546,0.9096045197740112,0.01141079439871676,0.053875242477803995
default,app,"Logistic (app, calibrated)",0.03261089730605631,0.9096045197740112,0.01141288217285766,0.053875242477803995
default,app,"Logistic (app, calibrated)",0.03263072557762464,0.9096045197740112,0.011443178583351664,0.053875242477803995
default,app,"Logistic (app, calibrated)",0.03292433537832311,0.9096045197740112,0.011453925620051927,0.053875242477803995
default,app,"Logistic (app, calibrated)",0.032937806873977085,0.9096045197740112,0.011459947203518084,0.053875242477803995
default,app,"Logistic (app, calibrated)",0.03294454675670145,0.9096045197740112,0.01146675798961188,0.053875242477803995
default,app,"Logistic (app, calibrated)",0.0329512893982808,0.9096045197740112,0.011479461881543243,0.053875242477803995
default,app,"Logistic (app, calibrated)",0.032958034800409416,0.9096045197740112,0.011505349700058908,0.053875242477803995
default,app,"Logistic (app, calibrated)",0.03296478296478297,0.9096045197740112,0.011506991883866727,0.053875242477803995
default,app,"Logistic (app, calibrated)",0.032675709001233046,0.8983050847457628,0.011573828470380193,0.053875242477803995
default,app,"Logistic (app, calibrated)",0.032682425488180886,0.8983050847457628,0.011576829706216681,0.053875242477803995
default,app,"Logistic (app, calibrated)",0.032689144736842105,0.8983050847457628,0.01160703662927332,0.053875242477803995
default,app,"Logistic (app, calibrated)",0.03269586674892042,0.8983050847457628,0.011615958708914282,0.053875242477803995
default,app,"Logistic (app, calibrated)",0.03274974253347065,0.8983050847457628,0.0116414949704056,0.053875242477803995
default,app,"Logistic (app, calibrated)",0.032783505154639174,0.8983050847457628,0.011649433268658863,0.053875242477803995
default,app,"Logistic (app, calibrated)",0.032790266034233864,0.8983050847457628,0.011683498899893726,0.053875242477803995
default,app,"Logistic (app, calibrated)",0.0327970297029703,0.8983050847457628,0.011688040521771876,0.053875242477803995
default,app,"Logistic (app, calibrated)",0.03280379616257479,0.8983050847457628,0.011709175728826005,0.053875242477803995
default,app,"Logistic (app, calibrated)",0.032810565414775075,0.8983050847457628,0.011713576783263194,0.053875242477803995
default,app,"Logistic (app, calibrated)",0.03282411230388109,0.8983050847457628,0.011759683167855176,0.053875242477803995
default,app,"Logistic (app, calibrated)",0.03283767038413878,0.8983050847457628,0.011853318414468399,0.053875242477803995
default,app,"Logistic (app, calibrated)",0.032844453625284036,0.8983050847457628,0.011856516339434988,0.053875242477803995
default,app,"Logistic (app, calibrated)",0.0328716146371718,0.8983050847457628,0.011861601865453139,0.053875242477803995
default,app,"Logistic (app, calibrated)",0.03287841191066997,0.8983050847457628,0.0118995411590234,0.053875242477803995
default,app,"Logistic (app, calibrated)",0.03288521199586349,0.8983050847457628,0.011903878553574535,0.053875242477803995
default,app,"Logistic (app, calibrated)",0.032892014894497314,0.8983050847457628,0.011919741665548548,0.053875242477803995
default,app,"Logistic (app, calibrated)",0.0329124404885117,0.8983050847457628,0.01192366780874479,0.053875242477803995
default,app,"Logistic (app, calibrated)",0.03307676305387976,0.8983050847457628,0.011968467033145472,0.053875242477803995
default,app,"Logistic (app, calibrated)",0.033083645443196,0.8983050847457628,0.011984706765961342,0.053875242477803995
default,app,"Logistic (app, calibrated)",0.03309053069719042,0.8983050847457628,0.011987481109259856,0.053875242477803995
default,app,"Logistic (app, calibrated)",0.03345255628024406,0.8983050847457628,0.012023634954315496,0.053875242477803995
default,app,"Logistic (app, calibrated)",0.03345959595959596,0.8983050847457628,0.012076773977113178,0.053875242477803995
default,app,"Logistic (app, calibrated)",0.0334666386023995,0.8983050847457628,0.012089856133052477,0.053875242477803995
default,app,"Logistic (app, calibrated)",0.033480732785849655,0.8983050847457628,0.012140387843641536,0.053875242477803995
default,app,"Logistic (app, calibrated)",0.03348778433024431,0.8983050847457628,0.01218851107228157,0.053875242477803995
default,app,"Logistic (app, calibrated)",0.03349483884558668,0.8983050847457628,0.012266840777576142,0.053875242477803995
default,app,"Logistic (app, calibrated)",0.03350189633375474,0.8983050847457628,0.012282927461228218,0.053875242477803995
default,app,"Logistic (app, calibrated)",0.03351602023608769,0.8983050847457628,0.012310602763719303,0.053875242477803995
default,app,"Logistic (app, calibrated)",0.033523086654016446,0.8983050847457628,0.01234087760035984,0.053875242477803995
default,app,"Logistic (app, calibrated)",0.03353722843282008,0.8983050847457628,0.012344179322474915,0.053875242477803995
default,app,"Logistic (app, calibrated)",0.03354430379746835,0.8983050847457628,0.012400230890941676,0.053875242477803995
default,app,"Logistic (app, calibrated)",0.03355846348670325,0.8983050847457628,0.012463455582901222,0.053875242477803995
default,app,"Logistic (app, calibrated)",0.03356554781507283,0.8983050847457628,0.012474129282746797,0.053875242477803995
default,app,"Logistic (app, calibrated)",0.033572635135135136,0.8983050847457628,0.012495222236306686,0.053875242477803995
default,app,"Logistic (app, calibrated)",0.03357972544878564,0.8983050847457628,0.012556245920258158,0.053875242477803995
default,app,"Logistic (app, calibrated)",0.033396744874233775,0.8926553672316384,0.01258950705489488,0.053875242477803995
default,app,"Logistic (app, calibrated)",0.03347457627118644,0.8926553672316384,0.012632029528581251,0.053875242477803995
default,app,"Logistic (app, calibrated)",0.033481669845306206,0.8926553672316384,0.012871131828302435,0.053875242477803995
default,app,"Logistic (app, calibrated)",0.033502968617472435,0.8926553672316384,0.012871390228463092,0.053875242477803995
default,app,"Logistic (app, calibrated)",0.03351007423117709,0.8926553672316384,0.012978622609107598,0.053875242477803995
default,app,"Logistic (app, calibrated)",0.03352429450456185,0.8926553672316384,0.01297926540471799,0.053875242477803995
default,app,"Logistic (app, calibrated)",0.03348261889528684,0.8870056497175142,0.013025108699056464,0.053875242477803995
default,app,"Logistic (app, calibrated)",0.03349690633667591,0.8870056497175142,0.013036576309303582,0.053875242477803995
default,app,"Logistic (app, calibrated)",0.0335040546308152,0.8870056497175142,0.013106480238083931,0.053875242477803995
default,app,"Logistic (app, calibrated)",0.03336898395721925,0.8813559322033898,0.013119328722280188,0.053875242477803995
default,app,"Logistic (app, calibrated)",0.03337612323491656,0.8813559322033898,0.013121568878300151,0.053875242477803995
default,app,"Logistic (app, calibrated)",0.0333832655681575,0.8813559322033898,0.013132016499575249,0.053875242477803995
default,app,"Logistic (app, calibrated)",0.033261802575107295,0.8757062146892656,0.013137856406130164,0.053875242477803995
default,app,"Logistic (app, calibrated)",0.03326894183301138,0.8757062146892656,0.013155170174904782,0.053875242477803995
default,app,"Logistic (app, calibrated)",0.033276084156290256,0.8757062146892656,0.013174996710302594,0.053875242477803995
default,app,"Logistic (app, calibrated)",0.033448424687095385,0.8757062146892656,0.013200358653888768,0.053875242477803995
default,app,"Logistic (app, calibrated)",0.03346286701208981,0.8757062146892656,0.013267294995155072,0.053875242477803995
default,app,"Logistic (app, calibrated)",0.033470092852515655,0.8757062146892656,0.013312958905162802,0.053875242477803995
default,app,"Logistic (app, calibrated)",0.03358613217768147,0.8757062146892656,0.01334063729355021,0.053875242477803995
default,app,"Logistic (app, calibrated)",0.033593411356740356,0.8757062146892656,0.01334692297928386,0.053875242477803995
default,app,"Logistic (app, calibrated)",0.033600693691740735,0.8757062146892656,0.013417896276162614,0.053875242477803995
default,app,"Logistic (app, calibrated)",0.03360797918473547,0.8757062146892656,0.013479420417973542,0.053875242477803995
default,app,"Logistic (app, calibrated)",0.033615267837779225,0.8757062146892656,0.01348241044934921,0.053875242477803995
default,app,"Logistic (app, calibrated)",0.033622559652928416,0.8757062146892656,0.013487316572224656,0.053875242477803995
default,app,"Logistic (app, calibrated)",0.03362985463224127,0.8757062146892656,0.013514156483485145,0.053875242477803995
default,app,"Logistic (app, calibrated)",0.03367369107104062,0.8757062146892656,0.013521797705300109,0.053875242477803995
default,app,"Logistic (app, calibrated)",0.033543890219995647,0.8700564971751412,0.013522482163597143,0.053875242477803995
default,app,"Logistic (app, calibrated)",0.03355119825708061,0.8700564971751412,0.013565775883107456,0.053875242477803995
default,app,"Logistic (app, calibrated)",0.03356582388840453,0.8700564971751412,0.01359011700371188,0.053875242477803995
default,app,"Logistic (app, calibrated)",0.03364649333624645,0.8700564971751412,0.013615432951913331,0.053875242477803995
default,app,"Logistic (app, calibrated)",0.0337275514673675,0.8700564971751412,0.013730395643373323,0.053875242477803995
default,app,"Logistic (app, calibrated)",0.03377933757402939,0.8700564971751412,0.013734032205688867,0.053875242477803995
default,app,"Logistic (app, calibrated)",0.033846153846153845,0.8700564971751412,0.013766021773898674,0.053875242477803995
default,app,"Logistic (app, calibrated)",0.03385359419652671,0.8700564971751412,0.013794339468287235,0.053875242477803995
default,app,"Logistic (app, calibrated)",0.033950617283950615,0.8700564971751412,0.01379767593784902,0.053875242477803995
default,app,"Logistic (app, calibrated)",0.03396559329510366,0.8700564971751412,0.013861489238364083,0.053875242477803995
default,app,"Logistic (app, calibrated)",0.034018113540976364,0.8700564971751412,0.01388189529921328,0.053875242477803995
default,app,"Logistic (app, calibrated)",0.03403314917127072,0.8700564971751412,0.013888894769629387,0.053875242477803995
default,app,"Logistic (app, calibrated)",0.03404819809860712,0.8700564971751412,0.013899173423805556,0.053875242477803995
default,app,"Logistic (app, calibrated)",0.034055727554179564,0.8700564971751412,0.013907431560704597,0.053875242477803995
default,app,"Logistic (app, calibrated)",0.034078335915025446,0.8700564971751412,0.01393915811787993,0.053875242477803995
default,app,"Logistic (app, calibrated)",0.03408587870739265,0.8700564971751412,0.01396223394691085,0.053875242477803995
default,app,"Logistic (app, calibrated)",0.03409342483949524,0.8700564971751412,0.013983011316682215,0.053875242477803995
default,app,"Logistic (app, calibrated)",0.034100974313551816,0.8700564971751412,0.014018322115942006,0.053875242477803995
default,app,"Logistic (app, calibrated)",0.034108527131782945,0.8700564971751412,0.01402856017284491,0.053875242477803995
default,app,"Logistic (app, calibrated)",0.034116083296411165,0.8700564971751412,0.014028955315021074,0.053875242477803995
default,app,"Logistic (app, calibrated)",0.03413877189093328,0.8700564971751412,0.014072601367565333,0.053875242477803995
default,app,"Logistic (app, calibrated)",0.03414634146341464,0.8700564971751412,0.01408213541645707,0.053875242477803995
default,app,"Logistic (app, calibrated)",0.03417665335108744,0.8700564971751412,0.014174468447299604,0.053875242477803995
default,app,"Logistic (app, calibrated)",0.034,0.864406779661017,0.014235487850155734,0.053875242477803995
default,app,"Logistic (app, calibrated)",0.034007557234941095,0.864406779661017,0.014278165163242146,0.053875242477803995
default,app,"Logistic (app, calibrated)",0.033845468715208195,0.8587570621468926,0.014289571544614493,0.053875242477803995
default,app,"Logistic (app, calibrated)",0.03388319215336603,0.8587570621468926,0.01433704714428843,0.053875242477803995
default,app,"Logistic (app, calibrated)",0.03403493058665472,0.8587570621468926,0.014339236064894331,0.053875242477803995
default,app,"Logistic (app, calibrated)",0.03404255319148936,0.8587570621468926,0.01434197846375721,0.053875242477803995
default,app,"Logistic (app, calibrated)",0.03416498089458305,0.8587570621468926,0.014361079620561861,0.053875242477803995
default,app,"Logistic (app, calibrated)",0.03419572553430821,0.8587570621468926,0.01436258340577975,0.053875242477803995
default,app,"Logistic (app, calibrated)",0.03418609916232737,0.8531073446327684,0.014375756310018592,0.053875242477803995
default,app,"Logistic (app, calibrated)",0.034193840579710144,0.8531073446327684,0.014397913622732305,0.053875242477803995
default,app,"Logistic (app, calibrated)",0.03420158550396376,0.8531073446327684,0.01442990283778387,0.053875242477803995
default,app,"Logistic (app, calibrated)",0.034224841341795105,0.8531073446327684,0.014462359717388443,0.053875242477803995
default,app,"Logistic (app, calibrated)",0.034263671431813025,0.8531073446327684,0.014469391556631817,0.053875242477803995
default,app,"Logistic (app, calibrated)",0.034271448025419884,0.8531073446327684,0.014562624641850198,0.053875242477803995
default,app,"Logistic (app, calibrated)",0.03440419229892914,0.8531073446327684,0.014569824146210938,0.053875242477803995
default,app,"Logistic (app, calibrated)",0.03441203281677302,0.8531073446327684,0.014642611367236952,0.053875242477803995
default,app,"Logistic (app, calibrated)",0.03441987690904946,0.8531073446327684,0.014663932077526953,0.053875242477803995
default,app,"Logistic (app, calibrated)",0.03444343065693431,0.8531073446327684,0.014685329863630622,0.053875242477803995
default,app,"Logistic (app, calibrated)",0.034451289071412275,0.8531073446327684,0.014717753043890208,0.053875242477803995
default,app,"Logistic (app, calibrated)",0.034482758620689655,0.8531073446327684,0.014728872201920418,0.053875242477803995
default,app,"Logistic (app, calibrated)",0.03450639853747715,0.8531073446327684,0.014744127732050092,0.053875242477803995
default,app,"Logistic (app, calibrated)",0.03455377574370709,0.8531073446327684,0.014744723389689646,0.053875242477803995
default,app,"Logistic (app, calibrated)",0.03462603878116344,0.847457627118644,0.014857674352317274,0.053875242477803995
default,app,"Logistic (app, calibrated)",0.03469010175763182,0.847457627118644,0.0149409218799092,0.053875242477803995
default,app,"Logistic (app, calibrated)",0.03469812630117974,0.847457627118644,0.014944435046528776,0.053875242477803995
default,app,"Logistic (app, calibrated)",0.03471418653089563,0.847457627118644,0.014971931219555751,0.053875242477803995
default,app,"Logistic (app, calibrated)",0.034730261634637646,0.847457627118644,0.014984215599419514,0.053875242477803995
default,app,"Logistic (app, calibrated)",0.03473830477072719,0.847457627118644,0.015031691199093453,0.053875242477803995
default,app,"Logistic (app, calibrated)",0.03474635163307853,0.847457627118644,0.015057227460584771,0.053875242477803995
default,app,"Logistic (app, calibrated)",0.03477051460361613,0.847457627118644,0.015073211316382335,0.053875242477803995
default,app,"Logistic (app, calibrated)",0.034786641929499075,0.847457627118644,0.015110988015523666,0.053875242477803995
default,app,"Logistic (app, calibrated)",0.034562746462537694,0.8418079096045198,0.015112462205417778,0.053875242477803995
default,app,"Logistic (app, calibrated)",0.034217877094972066,0.8305084745762712,0.015117831081700806,0.053875242477803995
default,app,"Logistic (app, calibrated)",0.03422584400465658,0.8305084745762712,0.015120613318193973,0.053875242477803995
default,app,"Logistic (app, calibrated)",0.03423381462505822,0.8305084745762712,0.015137998466909098,0.053875242477803995
default,app,"Logistic (app, calibrated)",0.03442622950819672,0.8305084745762712,0.01519913360701464,0.053875242477803995
default,app,"Logistic (app, calibrated)",0.03450704225352113,0.8305084745762712,0.015220795590746466,0.053875242477803995
default,app,"Logistic (app, calibrated)",0.03453136011275546,0.8305084745762712,0.015380750283762729,0.053875242477803995
default,app,"Logistic (app, calibrated)",0.03453947368421053,0.8305084745762712,0.015439367444494667,0.053875242477803995
default,app,"Logistic (app, calibrated)",0.034571966133584195,0.8305084745762712,0.015499622438175561,0.053875242477803995
default,app,"Logistic (app, calibrated)",0.03458823529411765,0.8305084745762712,0.015520138450818993,0.053875242477803995
default,app,"Logistic (app, calibrated)",0.034755512943432404,0.8192090395480226,0.015674085958937944,0.053875242477803995
default,app,"Logistic (app, calibrated)",0.0347638456005754,0.8192090395480226,0.015778000626206944,0.053875242477803995
default,app,"Logistic (app, calibrated)",0.034780522907171985,0.8192090395480226,0.01577983108613274,0.053875242477803995
default,app,"Logistic (app, calibrated)",0.03478886756238004,0.8192090395480226,0.01580620203184222,0.053875242477803995
default,app,"Logistic (app, calibrated)",0.03479721622270218,0.8192090395480226,0.0158071062602228,0.053875242477803995
default,app,"Logistic (app, calibrated)",0.03481392557022809,0.8192090395480226,0.015832642521714117,0.053875242477803995
default,app,"Logistic (app, calibrated)",0.03466538276360135,0.8135593220338984,0.01587117555732554,0.053875242477803995
default,app,"Logistic (app, calibrated)",0.03467372983385505,0.8135593220338984,0.01597461828493834,0.053875242477803995
default,app,"Logistic (app, calibrated)",0.034457831325301204,0.807909604519774,0.015980782773970314,0.053875242477803995
default,app,"Logistic (app, calibrated)",0.034466136418414076,0.807909604519774,0.01599864680429993,0.053875242477803995
default,app,"Logistic (app, calibrated)",0.034474445515911285,0.807909604519774,0.016062460104814998,0.053875242477803995
default,app,"Logistic (app, calibrated)",0.034482758620689655,0.807909604519774,0.016094680284838753,0.053875242477803995
default,app,"Logistic (app, calibrated)",0.03430780381734719,0.8022598870056498,0.016124860590248414,0.053875242477803995
default,app,"Logistic (app, calibrated)",0.03431609473175447,0.8022598870056498,0.016143244811690792,0.053875242477803995
default,app,"Logistic (app, calibrated)",0.03432438965433889,0.8022598870056498,0.01618507034400223,0.053875242477803995
default,app,"Logistic (app, calibrated)",0.03433268858800774,0.8022598870056498,0.016195960381665334,0.053875242477803995
default,app,"Logistic (app, calibrated)",0.034407559970923186,0.8022598870056498,0.016200997501732338,0.053875242477803995
default,app,"Logistic (app, calibrated)",0.03445765590876001,0.8022598870056498,0.016214782505624015,0.053875242477803995
default,app,"Logistic (app, calibrated)",0.034915170887632165,0.8022598870056498,0.01621522406297461,0.053875242477803995
default,app,"Logistic (app, calibrated)",0.034923757993113626,0.8022598870056498,0.016217976552323057,0.053875242477803995
default,app,"Logistic (app, calibrated)",0.03468634686346864,0.7966101694915254,0.01626246849104468,0.053875242477803995
default,app,"Logistic (app, calibrated)",0.034703421117400934,0.7966101694915254,0.01627358764907489,0.053875242477803995
default,app,"Logistic (app, calibrated)",0.034746180384425826,0.7966101694915254,0.016278705590615453,0.053875242477803995
default,app,"Logistic (app, calibrated)",0.03475474488538329,0.7966101694915254,0.01628884317920456,0.053875242477803995
default,app,"Logistic (app, calibrated)",0.03478046373951653,0.7966101694915254,0.016290388550440245,0.053875242477803995
default,app,"Logistic (app, calibrated)",0.03478904515173945,0.7966101694915254,0.016417053630836113,0.053875242477803995
default,app,"Logistic (app, calibrated)",0.034806220686250305,0.7966101694915254,0.016514618940071522,0.053875242477803995
default,app,"Logistic (app, calibrated)",0.03481481481481481,0.7966101694915254,0.016523407525836205,0.053875242477803995
default,app,"Logistic (app, calibrated)",0.03482341318844159,0.7966101694915254,0.01663740678624535,0.053875242477803995
default,app,"Logistic (app, calibrated)",0.03483201581027668,0.7966101694915254,0.016646292238496136,0.053875242477803995
default,app,"Logistic (app, calibrated)",0.034840622683469234,0.7966101694915254,0.01670553188383264,0.053875242477803995
default,app,"Logistic (app, calibrated)",0.03496156707165882,0.7966101694915254,0.01672928371580382,0.053875242477803995
default,app,"Logistic (app, calibrated)",0.034970238095238096,0.7966101694915254,0.016806811980659222,0.053875242477803995
default,app,"Logistic (app, calibrated)",0.035127055306427506,0.7966101694915254,0.016845810523494084,0.053875242477803995
default,app,"Logistic (app, calibrated)",0.03513580862197857,0.7966101694915254,0.016866132840918723,0.053875242477803995
default,app,"Logistic (app, calibrated)",0.03514456630109671,0.7966101694915254,0.01689171136419514,0.053875242477803995
default,app,"Logistic (app, calibrated)",0.035179640718562874,0.7966101694915254,0.016916694610011024,0.053875242477803995
default,app,"Logistic (app, calibrated)",0.03518842026453706,0.7966101694915254,0.016946903847243046,0.053875242477803995
default,app,"Logistic (app, calibrated)",0.0353472048132364,0.7966101694915254,0.016955524664710203,0.053875242477803995
default,app,"Logistic (app, calibrated)",0.03595104538500765,0.7966101694915254,0.017125470539065414,0.053875242477803995
default,app,"Logistic (app, calibrated)",0.035960214231063506,0.7966101694915254,0.01712767280162057,0.053875242477803995
default,app,"Logistic (app, calibrated)",0.03617239610056439,0.7966101694915254,0.017132964287197093,0.053875242477803995
default,app,"Logistic (app, calibrated)",0.036181678214010776,0.7966101694915254,0.017265749178726857,0.053875242477803995
default,app,"Logistic (app, calibrated)",0.036190965092402466,0.7966101694915254,0.017366161724120505,0.053875242477803995
default,app,"Logistic (app, calibrated)",0.0362002567394095,0.7966101694915254,0.017368274446392024,0.053875242477803995
default,app,"Logistic (app, calibrated)",0.03622816032887975,0.7966101694915254,0.01757715276573459,0.053875242477803995
default,app,"Logistic (app, calibrated)",0.036237471087124135,0.7966101694915254,0.017577774597509206,0.053875242477803995
default,app,"Logistic (app, calibrated)",0.036265432098765434,0.7966101694915254,0.01758892062448501,0.053875242477803995
default,app,"Logistic (app, calibrated)",0.03627476202727039,0.7966101694915254,0.017633290094770476,0.053875242477803995
default,app,"Logistic (app, calibrated)",0.03634020618556701,0.7966101694915254,0.01764154790204807,0.053875242477803995
default,app,"Logistic (app, calibrated)",0.03626943005181347,0.7909604519774012,0.017779346957647716,0.053875242477803995
default,app,"Logistic (app, calibrated)",0.036297640653357534,0.7909604519774012,0.017798379913192202,0.053875242477803995
default,app,"Logistic (app, calibrated)",0.03631647211413749,0.7909604519774012,0.017851537563766423,0.053875242477803995
default,app,"Logistic (app, calibrated)",0.03632589517384536,0.7909604519774012,0.017905359349135723,0.053875242477803995
default,app,"Logistic (app, calibrated)",0.036420395421436005,0.7909604519774012,0.01797154593627226,0.053875242477803995
default,app,"Logistic (app, calibrated)",0.03642987249544627,0.7909604519774012,0.017980091089767992,0.053875242477803995
default,app,"Logistic (app, calibrated)",0.036458333333333336,0.7909604519774012,0.017981436903857357,0.053875242477803995
default,app,"Logistic (app, calibrated)",0.036486838676048995,0.7909604519774012,0.01799145887219349,0.053875242477803995
default,app,"Logistic (app, calibrated)",0.03650586701434159,0.7909604519774012,0.018002146369705117,0.053875242477803995
default,app,"Logistic (app, calibrated)",0.036515388628064686,0.7909604519774012,0.018026282474440068,0.053875242477803995
default,app,"Logistic (app, calibrated)",0.036524915210018265,0.7909604519774012,0.01805108637722354,0.053875242477803995
default,app,"Logistic (app, calibrated)",0.03653444676409186,0.7909604519774012,0.01810218233477654,0.053875242477803995
default,app,"Logistic (app, calibrated)",0.036543983294179065,0.7909604519774012,0.018161793638750257,0.053875242477803995
default,app,"Logistic (app, calibrated)",0.03657262277951933,0.7909604519774012,0.01819232559015675,0.053875242477803995
default,app,"Logistic (app, calibrated)",0.036658811207122284,0.7909604519774012,0.018342966989747078,0.053875242477803995
default,app,"Logistic (app, calibrated)",0.03666841278156103,0.7909604519774012,0.018345795590746467,0.053875242477803995
default,app,"Logistic (app, calibrated)",0.03676470588235294,0.7909604519774012,0.0183473247914596,0.053875242477803995
default,app,"Logistic (app, calibrated)",0.03677436301549777,0.7909604519774012,0.01836202538207668,0.053875242477803995
default,app,"Logistic (app, calibrated)",0.03678402522333158,0.7909604519774012,0.018464394844521996,0.053875242477803995
default,app,"Logistic (app, calibrated)",0.03685180310608055,0.7909604519774012,0.018487248699488958,0.053875242477803995
default,app,"Logistic (app, calibrated)",0.036910097548114945,0.7909604519774012,0.01851157746449038,0.053875242477803995
default,app,"Logistic (app, calibrated)",0.036929570034291745,0.7909604519774012,0.018532466940347974,0.053875242477803995
default,app,"Logistic (app, calibrated)",0.03722414251528849,0.7909604519774012,0.018582671560169666,0.053875242477803995
default,app,"Logistic (app, calibrated)",0.037243947858473,0.7909604519774012,0.01867238824877504,0.053875242477803995
default,app,"Logistic (app, calibrated)",0.037503348513260114,0.7909604519774012,0.018713558245476394,0.053875242477803995
default,app,"Logistic (app, calibrated)",0.0375234521575985,0.7909604519774012,0.018812269752729902,0.053875242477803995
default,app,"Logistic (app, calibrated)",0.03753351206434316,0.7909604519774012,0.018856207007200188,0.053875242477803995
default,app,"Logistic (app, calibrated)",0.037543577366586214,0.7909604519774012,0.01890133581431349,0.053875242477803995
default,app,"Logistic (app, calibrated)",0.03756372417493963,0.7909604519774012,0.01890483108613274,0.053875242477803995
default,app,"Logistic (app, calibrated)",0.03757380568974772,0.7909604519774012,0.01899865378508129,0.053875242477803995
default,app,"Logistic (app, calibrated)",0.03758389261744966,0.7909604519774012,0.019034975973529097,0.053875242477803995
default,app,"Logistic (app, calibrated)",0.03759398496240601,0.7909604519774012,0.019128276261565436,0.053875242477803995
default,app,"Logistic (app, calibrated)",0.03762429454447729,0.7909604519774012,0.01924620871869249,0.053875242477803995
default,app,"Logistic (app, calibrated)",0.03763440860215054,0.7909604519774012,0.019310022019207555,0.053875242477803995
default,app,"Logistic (app, calibrated)",0.03798852145394917,0.7853107344632768,0.019311375261786095,0.053875242477803995
default,app,"Logistic (app, calibrated)",0.03801969365426696,0.7853107344632768,0.019333728152781258,0.053875242477803995
default,app,"Logistic (app, calibrated)",0.038030095759233926,0.7853107344632768,0.019341555567195755,0.053875242477803995
default,app,"Logistic (app, calibrated)",0.03804050355774494,0.7853107344632768,0.0193863480239492,0.053875242477803995
default,app,"Logistic (app, calibrated)",0.038071761161325664,0.7853107344632768,0.019396253010920895,0.053875242477803995
default,app,"Logistic (app, calibrated)",0.0381030701754386,0.7853107344632768,0.019408202300281414,0.053875242477803995
default,app,"Logistic (app, calibrated)",0.03813443072702332,0.7853107344632768,0.019466854896785478,0.053875242477803995
default,app,"Logistic (app, calibrated)",0.038165842943437674,0.7853107344632768,0.019527684630986458,0.053875242477803995
default,app,"Logistic (app, calibrated)",0.03817632518538863,0.7853107344632768,0.019530668197300545,0.053875242477803995
default,app,"Logistic (app, calibrated)",0.037677923527770024,0.7627118644067796,0.019630033820192287,0.053875242477803995
default,app,"Logistic (app, calibrated)",0.03768844221105527,0.7627118644067796,0.019731313917018867,0.053875242477803995
default,app,"Logistic (app, calibrated)",0.037815126050420166,0.7627118644067796,0.019810368837829988,0.053875242477803995
default,app,"Logistic (app, calibrated)",0.03782572149061362,0.7627118644067796,0.019873870791301984,0.053875242477803995
default,app,"Logistic (app, calibrated)",0.037836322869955155,0.7627118644067796,0.01990261705650805,0.053875242477803995
default,app,"Logistic (app, calibrated)",0.03784693019343986,0.7627118644067796,0.019922226860779983,0.053875242477803995
default,app,"Logistic (app, calibrated)",0.03813318155947638,0.7570621468926554,0.019923908176195194,0.053875242477803995
default,app,"Logistic (app, calibrated)",0.03787015945330296,0.751412429378531,0.01992735733071464,0.053875242477803995
default,app,"Logistic (app, calibrated)",0.03788094559954429,0.751412429378531,0.020001639624140383,0.053875242477803995
default,app,"Logistic (app, calibrated)",0.037902536335138216,0.751412429378531,0.020008128337038966,0.053875242477803995
default,app,"Logistic (app, calibrated)",0.03813073394495413,0.751412429378531,0.020023634954315493,0.053875242477803995
default,app,"Logistic (app, calibrated)",0.038141669056495554,0.751412429378531,0.020077182387502446,0.053875242477803995
default,app,"Logistic (app, calibrated)",0.038225853516194924,0.7401129943502824,0.0201551096247301,0.053875242477803995
default,app,"Logistic (app, calibrated)",0.03823701109165207,0.7401129943502824,0.02024088541918618,0.053875242477803995
default,app,"Logistic (app, calibrated)",0.03831529687042995,0.7401129943502824,0.020273708878505638,0.053875242477803995
default,app,"Logistic (app, calibrated)",0.03833772314896108,0.7401129943502824,0.020285291759055284,0.053875242477803995
default,app,"Logistic (app, calibrated)",0.03834894613583138,0.7401129943502824,0.02034216551601276,0.053875242477803995
default,app,"Logistic (app, calibrated)",0.03845024948635163,0.7401129943502824,0.020344101144105904,0.053875242477803995
default,app,"Logistic (app, calibrated)",0.03847283406754772,0.7401129943502824,0.02035204821887814,0.053875242477803995
default,app,"Logistic (app, calibrated)",0.038484136310223266,0.7401129943502824,0.020364344417805928,0.053875242477803995
default,app,"Logistic (app, calibrated)",0.03850676072898295,0.7401129943502824,0.020388310547736054,0.053875242477803995
default,app,"Logistic (app, calibrated)",0.03822405174948545,0.7344632768361582,0.02041732353177949,0.053875242477803995
default,app,"Logistic (app, calibrated)",0.03823529411764706,0.7344632768361582,0.020419182497300077,0.053875242477803995
default,app,"Logistic (app, calibrated)",0.03824654310091203,0.7344632768361582,0.020461006134953903,0.053875242477803995
default,app,"Logistic (app, calibrated)",0.038348082595870206,0.7344632768361582,0.020501941940973975,0.053875242477803995
default,app,"Logistic (app, calibrated)",0.03835939805252287,0.7344632768361582,0.02050709951607152,0.053875242477803995
default,app,"Logistic (app, calibrated)",0.03837072018890201,0.7344632768361582,0.020527478202465293,0.053875242477803995
default,app,"Logistic (app, calibrated)",0.0383933845245127,0.7344632768361582,0.020568631987837843,0.053875242477803995
default,app,"Logistic (app, calibrated)",0.038120567375886524,0.7288135593220338,0.02070277239184399,0.053875242477803995
default,app,"Logistic (app, calibrated)",0.03830166270783848,0.7288135593220338,0.020718279009120516,0.053875242477803995
default,app,"Logistic (app, calibrated)",0.03838143409699494,0.7288135593220338,0.020754652870588263,0.053875242477803995
default,app,"Logistic (app, calibrated)",0.038392857142857145,0.7288135593220338,0.02086527119418182,0.053875242477803995
default,app,"Logistic (app, calibrated)",0.038507462686567163,0.7288135593220338,0.02090850571049237,0.053875242477803995
default,app,"Logistic (app, calibrated)",0.038518960883845925,0.7288135593220338,0.02090961818637519,0.053875242477803995
default,app,"Logistic (app, calibrated)",0.03827751196172249,0.7231638418079096,0.020937590295549074,0.053875242477803995
default,app,"Logistic (app, calibrated)",0.038300418910831836,0.7231638418079096,0.020952195537201616,0.053875242477803995
default,app,"Logistic (app, calibrated)",0.038311882669859326,0.7231638418079096,0.02097557158302967,0.053875242477803995
default,app,"Logistic (app, calibrated)",0.03833483078766098,0.7231638418079096,0.020997331004573093,0.053875242477803995
default,app,"Logistic (app, calibrated)",0.03835780641294576,0.7231638418079096,0.0210450947552963,0.053875242477803995
default,app,"Logistic (app, calibrated)",0.03841536614645858,0.7231638418079096,0.021129499807183365,0.053875242477803995
default,app,"Logistic (app, calibrated)",0.03842689882918043,0.7231638418079096,0.021184870897099757,0.053875242477803995
default,app,"Logistic (app, calibrated)",0.03843843843843844,0.7231638418079096,0.021240239431891256,0.053875242477803995
default,app,"Logistic (app, calibrated)",0.03844998498047462,0.7231638418079096,0.021312013511899756,0.053875242477803995
default,app,"Logistic (app, calibrated)",0.038461538461538464,0.7231638418079096,0.02137802653715981,0.053875242477803995
default,app,"Logistic (app, calibrated)",0.03848466626578473,0.7231638418079096,0.02145040035073955,0.053875242477803995
default,app,"Logistic (app, calibrated)",0.03850782190132371,0.7231638418079096,0.02147782022996622,0.053875242477803995
default,app,"Logistic (app, calibrated)",0.03855421686746988,0.7231638418079096,0.021559915248986844,0.053875242477803995
default,app,"Logistic (app, calibrated)",0.03863567763356474,0.7231638418079096,0.021628328532288167,0.053875242477803995
default,app,"Logistic (app, calibrated)",0.03872919818456883,0.7231638418079096,0.021685588244365832,0.053875242477803995
default,app,"Logistic (app, calibrated)",0.0387409200968523,0.7231638418079096,0.021717158610524825,0.053875242477803995
default,app,"Logistic (app, calibrated)",0.03875264910687254,0.7231638418079096,0.021723979731856632,0.053875242477803995
default,app,"Logistic (app, calibrated)",0.03877612844592548,0.7231638418079096,0.021729041189229904,0.053875242477803995
default,app,"Logistic (app, calibrated)",0.03878787878787879,0.7231638418079096,0.021768959517442156,0.053875242477803995
default,app,"Logistic (app, calibrated)",0.038799636253410125,0.7231638418079096,0.021774782735272315,0.053875242477803995
default,app,"Logistic (app, calibrated)",0.038834951456310676,0.7231638418079096,0.021776162283290733,0.053875242477803995
default,app,"Logistic (app, calibrated)",0.03887033100516247,0.7231638418079096,0.021865800273681308,0.053875242477803995
default,app,"Logistic (app, calibrated)",0.03907203907203907,0.7231638418079096,0.021895247288891622,0.053875242477803995
default,app,"Logistic (app, calibrated)",0.03909590714722053,0.7231638418079096,0.021898606877972977,0.053875242477803995
default,app,"Logistic (app, calibrated)",0.039131763986548454,0.7231638418079096,0.021948644913095734,0.053875242477803995
default,app,"Logistic (app, calibrated)",0.03914373088685015,0.7231638418079096,0.02198194896024455,0.053875242477803995
default,app,"Logistic (app, calibrated)",0.0391557051085959,0.7231638418079096,0.022016750694434255,0.053875242477803995
default,app,"Logistic (app, calibrated)",0.03922770456634998,0.7231638418079096,0.02204632939275954,0.053875242477803995
default,app,"Logistic (app, calibrated)",0.03923973022685469,0.7231638418079096,0.022058745143653226,0.053875242477803995
default,app,"Logistic (app, calibrated)",0.03925176326280282,0.7231638418079096,0.022106916960347937,0.053875242477803995
default,app,"Logistic (app, calibrated)",0.0392638036809816,0.7231638418079096,0.022145044405544573,0.053875242477803995
default,app,"Logistic (app, calibrated)",0.03932411674347158,0.7231638418079096,0.022169337533671184,0.053875242477803995
default,app,"Logistic (app, calibrated)",0.03933620159803319,0.7231638418079096,0.022336383582799244,0.053875242477803995
default,app,"Logistic (app, calibrated)",0.03937250076899416,0.7231638418079096,0.022363652733603606,0.053875242477803995
default,app,"Logistic (app, calibrated)",0.03948180135718692,0.7231638418079096,0.022436689349667027,0.053875242477803995
default,app,"Logistic (app, calibrated)",0.03949398333847578,0.7231638418079096,0.022449888894023707,0.053875242477803995
default,app,"Logistic (app, calibrated)",0.03971455165994415,0.7231638418079096,0.022470806338095756,0.053875242477803995
default,app,"Logistic (app, calibrated)",0.03978862294062791,0.7231638418079096,0.02247940265449696,0.053875242477803995
default,app,"Logistic (app, calibrated)",0.03980099502487562,0.7231638418079096,0.022546626779220987,0.053875242477803995
default,app,"Logistic (app, calibrated)",0.03983815748521631,0.7231638418079096,0.022621122201421383,0.053875242477803995
default,app,"Logistic (app, calibrated)",0.039850560398505604,0.7231638418079096,0.02263192559241517,0.053875242477803995
default,app,"Logistic (app, calibrated)",0.03986297103706011,0.7231638418079096,0.022641830423991594,0.053875242477803995
default,app,"Logistic (app, calibrated)",0.039887815518853224,0.7231638418079096,0.022672010729401258,0.053875242477803995
default,app,"Logistic (app, calibrated)",0.0399002493765586,0.7231638418079096,0.022676272584608533,0.053875242477803995
default,app,"Logistic (app, calibrated)",0.03962558502340094,0.7175141242937854,0.02277367985179743,0.053875242477803995
default,app,"Logistic (app, calibrated)",0.03969990622069397,0.7175141242937854,0.022789642153620004,0.053875242477803995
default,app,"Logistic (app, calibrated)",0.03971232020012508,0.7175141242937854,0.02284672879713963,0.053875242477803995
default,app,"Logistic (app, calibrated)",0.04001260239445495,0.7175141242937854,0.022876210878843454,0.053875242477803995
default,app,"Logistic (app, calibrated)",0.04002521273242988,0.7175141242937854,0.02292268822898988,0.053875242477803995
default,app,"Logistic (app, calibrated)",0.04022806461830852,0.7175141242937854,0.02295613912260854,0.053875242477803995
default,app,"Logistic (app, calibrated)",0.040253565768621234,0.7175141242937854,0.022994326029890415,0.053875242477803995
default,app,"Logistic (app, calibrated)",0.040575079872204475,0.7175141242937854,0.02302711600461411,0.053875242477803995
default,app,"Logistic (app, calibrated)",0.0405880472994567,0.7175141242937854,0.023125134162044026,0.053875242477803995
default,app,"Logistic (app, calibrated)",0.04061400703549728,0.7175141242937854,0.02321761133832209,0.053875242477803995
default,app,"Logistic (app, calibrated)",0.04067905188981422,0.7175141242937854,0.023326569647220192,0.053875242477803995
default,app,"Logistic (app, calibrated)",0.04069208586991349,0.7175141242937854,0.023330068937527027,0.053875242477803995
default,app,"Logistic (app, calibrated)",0.04042348411934552,0.711864406779661,0.023365105946093756,0.053875242477803995
default,app,"Logistic (app, calibrated)",0.04043645699614891,0.711864406779661,0.023386743098971957,0.053875242477803995
default,app,"Logistic (app, calibrated)",0.040475425634436235,0.711864406779661,0.023416946418467026,0.053875242477803995
default,app,"Logistic (app, calibrated)",0.04051446945337621,0.711864406779661,0.02345758039613352,0.053875242477803995
default,app,"Logistic (app, calibrated)",0.04095112285336856,0.7005649717514124,0.02348690181510495,0.053875242477803995
default,app,"Logistic (app, calibrated)",0.04096465147010241,0.7005649717514124,0.02348888938078324,0.053875242477803995
default,app,"Logistic (app, calibrated)",0.040978189028420355,0.7005649717514124,0.02349409246975525,0.053875242477803995
default,app,"Logistic (app, calibrated)",0.041005291005291,0.7005649717514124,0.02349569558746325,0.053875242477803995
default,app,"Logistic (app, calibrated)",0.041018855441614294,0.7005649717514124,0.023542716548687802,0.053875242477803995
default,app,"Logistic (app, calibrated)",0.04103242885506287,0.7005649717514124,0.02354281668152408,0.053875242477803995
default,app,"Logistic (app, calibrated)",0.04105960264900662,0.7005649717514124,0.023550715115620013,0.053875242477803995
default,app,"Logistic (app, calibrated)",0.041168658698539175,0.7005649717514124,0.02358008568763923,0.053875242477803995
default,app,"Logistic (app, calibrated)",0.04118233145134507,0.7005649717514124,0.02358656964603332,0.053875242477803995
default,app,"Logistic (app, calibrated)",0.04120970422067132,0.7005649717514124,0.023587024418831332,0.053875242477803995
default,app,"Logistic (app, calibrated)",0.041223404255319146,0.7005649717514124,0.023610716085105763,0.053875242477803995
default,app,"Logistic (app, calibrated)",0.041237113402061855,0.7005649717514124,0.02380690695231117,0.053875242477803995
default,app,"Logistic (app, calibrated)",0.04125083166999335,0.7005649717514124,0.023967101787619922,0.053875242477803995
default,app,"Logistic (app, calibrated)",0.04126455906821963,0.7005649717514124,0.024001035038809425,0.053875242477803995
default,app,"Logistic (app, calibrated)",0.041402337228714524,0.7005649717514124,0.02401560859602687,0.053875242477803995
default,app,"Logistic (app, calibrated)",0.041416165664662656,0.7005649717514124,0.024077343907698407,0.053875242477803995
default,app,"Logistic (app, calibrated)",0.0414300033411293,0.7005649717514124,0.02410303798103259,0.053875242477803995
default,app,"Logistic (app, calibrated)",0.04144385026737968,0.7005649717514124,0.024136645153299226,0.053875242477803995
default,app,"Logistic (app, calibrated)",0.04145770645269141,0.7005649717514124,0.024172966767587244,0.053875242477803995
default,app,"Logistic (app, calibrated)",0.041513223970539005,0.7005649717514124,0.02420659796573124,0.053875242477803995
default,app,"Logistic (app, calibrated)",0.041527126590756865,0.7005649717514124,0.0242374607363291,0.053875242477803995
default,app,"Logistic (app, calibrated)",0.04124748490945674,0.6949152542372882,0.024267953795412883,0.053875242477803995
default,app,"Logistic (app, calibrated)",0.040953340046995634,0.6892655367231638,0.024382201560663074,0.053875242477803995
default,app,"Logistic (app, calibrated)",0.0410221923335575,0.6892655367231638,0.02441324249815058,0.053875242477803995
default,app,"Logistic (app, calibrated)",0.041035990581903804,0.6892655367231638,0.024439229415619546,0.053875242477803995
default,app,"Logistic (app, calibrated)",0.04104979811574697,0.6892655367231638,0.024460988837162967,0.053875242477803995
default,app,"Logistic (app, calibrated)",0.041063614944463145,0.6892655367231638,0.024510684592428462,0.053875242477803995
default,app,"Logistic (app, calibrated)",0.04107744107744108,0.6892655367231638,0.02451162484053547,0.053875242477803995
default,app,"Logistic (app, calibrated)",0.04109127652408218,0.6892655367231638,0.024633888676243568,0.053875242477803995
default,app,"Logistic (app, calibrated)",0.04110512129380054,0.6892655367231638,0.02472015116605808,0.053875242477803995
default,app,"Logistic (app, calibrated)",0.04111897539602292,0.6892655367231638,0.024732002262973517,0.053875242477803995
default,app,"Logistic (app, calibrated)",0.041202296521445456,0.6892655367231638,0.024743585143523168,0.053875242477803995
default,app,"Logistic (app, calibrated)",0.04123014531936465,0.6892655367231638,0.02493145854612643,0.053875242477803995
default,app,"Logistic (app, calibrated)",0.041268758526603,0.6836158192090396,0.024941237056049347,0.053875242477803995
default,app,"Logistic (app, calibrated)",0.04131102765448959,0.6836158192090396,0.024956471778687542,0.053875242477803995
default,app,"Logistic (app, calibrated)",0.041325136612021855,0.6836158192090396,0.025011961591267062,0.053875242477803995
default,app,"Logistic (app, calibrated)",0.041339255210112745,0.6836158192090396,0.025026925372305726,0.053875242477803995
default,app,"Logistic (app, calibrated)",0.04145255224391915,0.6836158192090396,0.025198377302729884,0.053875242477803995
default,app,"Logistic (app, calibrated)",0.041466758053461276,0.6836158192090396,0.02520626889534049,0.053875242477803995
default,app,"Logistic (app, calibrated)",0.04118050789293068,0.6779661016949152,0.0252223318404687,0.053875242477803995
default,app,"Logistic (app, calibrated)",0.041251289102784465,0.6779661016949152,0.025236160165381556,0.053875242477803995
default,app,"Logistic (app, calibrated)",0.04126547455295736,0.6779661016949152,0.02525251214587836,0.053875242477803995
default,app,"Logistic (app, calibrated)",0.0412796697626419,0.6779661016949152,0.025263025646110566,0.053875242477803995
default,app,"Logistic (app, calibrated)",0.04129387474191328,0.6779661016949152,0.02530262063890944,0.053875242477803995
default,app,"Logistic (app, calibrated)",0.040977961432506885,0.672316384180791,0.025395883680016957,0.053875242477803995
default,app,"Logistic (app, calibrated)",0.04114799446749654,0.672316384180791,0.02539760807259516,0.053875242477803995
default,app,"Logistic (app, calibrated)",0.04120498614958449,0.672316384180791,0.02541311468987169,0.053875242477803995
default,app,"Logistic (app, calibrated)",0.040872878420505715,0.6666666666666666,0.02546865914063336,0.053875242477803995
default,app,"Logistic (app, calibrated)",0.040887040887040885,0.6666666666666666,0.025537718945405345,0.053875242477803995
default,app,"Logistic (app, calibrated)",0.040901213171577126,0.6666666666666666,0.02554099039887489,0.053875242477803995
default,app,"Logistic (app, calibrated)",0.04092958723551856,0.6666666666666666,0.025552104229787785,0.053875242477803995
default,app,"Logistic (app, calibrated)",0.04122990915443746,0.6666666666666666,0.025597543748241646,0.053875242477803995
default,app,"Logistic (app, calibrated)",0.041273172437915354,0.6666666666666666,0.025605118473092787,0.053875242477803995
default,app,"Logistic (app, calibrated)",0.041287613715885234,0.6666666666666666,0.025623391112250878,0.053875242477803995
default,app,"Logistic (app, calibrated)",0.04133099824868652,0.6666666666666666,0.025642270495701468,0.053875242477803995
default,app,"Logistic (app, calibrated)",0.04134548002803083,0.6666666666666666,0.025729979115987726,0.053875242477803995
default,app,"Logistic (app, calibrated)",0.041359971959341046,0.6666666666666666,0.025743735935387757,0.053875242477803995
default,app,"Logistic (app, calibrated)",0.04137447405329593,0.6666666666666666,0.02578471055117997,0.053875242477803995
default,app,"Logistic (app, calibrated)",0.041388986320589266,0.6666666666666666,0.025944883749900356,0.053875242477803995
default,app,"Logistic (app, calibrated)",0.041403508771929824,0.6666666666666666,0.025966502055952877,0.053875242477803995
default,app,"Logistic (app, calibrated)",0.04141804141804142,0.6666666666666666,0.026010284611810857,0.053875242477803995
default,app,"Logistic (app, calibrated)",0.0414471373375483,0.6666666666666666,0.026039632483767294,0.053875242477803995
default,app,"Logistic (app, calibrated)",0.04146170063246662,0.6666666666666666,0.02606183073721418,0.053875242477803995
default,app,"Logistic (app, calibrated)",0.04147627416520211,0.6666666666666666,0.02606341175248335,0.053875242477803995
default,app,"Logistic (app, calibrated)",0.04165195905400635,0.6666666666666666,0.02613471065655006,0.053875242477803995
default,app,"Logistic (app, calibrated)",0.04168138466972801,0.6666666666666666,0.02617718395934513,0.053875242477803995
default,app,"Logistic (app, calibrated)",0.04169611307420495,0.6666666666666666,0.02619151559464671,0.053875242477803995
default,app,"Logistic (app, calibrated)",0.04172560113154172,0.6666666666666666,0.02622514679279071,0.053875242477803995
default,app,"Logistic (app, calibrated)",0.04176991150442478,0.6666666666666666,0.026225217607323586,0.053875242477803995
default,app,"Logistic (app, calibrated)",0.04182913860333215,0.6666666666666666,0.02625475092973802,0.053875242477803995
default,app,"Logistic (app, calibrated)",0.041607396870554765,0.6610169491525424,0.02627965878678724,0.053875242477803995
default,app,"Logistic (app, calibrated)",0.04168151050944068,0.6610169491525424,0.026306551240370752,0.053875242477803995
default,app,"Logistic (app, calibrated)",0.041696364932287955,0.6610169491525424,0.026357038491335843,0.053875242477803995
default,app,"Logistic (app, calibrated)",0.04171122994652406,0.6610169491525424,0.02638659676419295,0.053875242477803995
default,app,"Logistic (app, calibrated)",0.04180064308681672,0.6610169491525424,0.026435065055257428,0.053875242477803995
default,app,"Logistic (app, calibrated)",0.04181558255897069,0.6610169491525424,0.026445863785416572,0.053875242477803995
default,app,"Logistic (app, calibrated)",0.04198062432723358,0.6610169491525424,0.026482604690912147,0.053875242477803995
default,app,"Logistic (app, calibrated)",0.042360608254887765,0.6610169491525424,0.026490729387640334,0.053875242477803995
default,app,"Logistic (app, calibrated)",0.042391304347826085,0.6610169491525424,0.026490773837203985,0.053875242477803995
default,app,"Logistic (app, calibrated)",0.04242204496011603,0.6610169491525424,0.0265528991775068,0.053875242477803995
default,app,"Logistic (app, calibrated)",0.042437431991294884,0.6610169491525424,0.02657768466942883,0.053875242477803995
default,app,"Logistic (app, calibrated)",0.04266958424507659,0.6610169491525424,0.026593442558724152,0.053875242477803995
default,app,"Logistic (app, calibrated)",0.04268515140459686,0.6610169491525424,0.026668975080262013,0.053875242477803995
default,app,"Logistic (app, calibrated)",0.0427007299270073,0.6610169491525424,0.026697829938955708,0.053875242477803995
default,app,"Logistic (app, calibrated)",0.04271631982475356,0.6610169491525424,0.02672007643230529,0.053875242477803995
default,app,"Logistic (app, calibrated)",0.04284145001830831,0.6610169491525424,0.026745562255543948,0.053875242477803995
default,app,"Logistic (app, calibrated)",0.04267161410018553,0.6497175141242938,0.026750551090032982,0.053875242477803995
default,app,"Logistic (app, calibrated)",0.042798660215854115,0.6497175141242938,0.026789641048943706,0.053875242477803995
default,app,"Logistic (app, calibrated)",0.04281459419210722,0.6497175141242938,0.026793726770116898,0.053875242477803995
default,app,"Logistic (app, calibrated)",0.04283054003724395,0.6497175141242938,0.02683988008629575,0.053875242477803995
default,app,"Logistic (app, calibrated)",0.04286246738725308,0.6497175141242938,0.026924063804240218,0.053875242477803995
default,app,"Logistic (app, calibrated)",0.04287844891871737,0.6497175141242938,0.026974302841592256,0.053875242477803995
default,app,"Logistic (app, calibrated)",0.042958535674262235,0.6497175141242938,0.02698549102686861,0.053875242477803995
default,app,"Logistic (app, calibrated)",0.042974588938714496,0.6497175141242938,0.026986995188908746,0.053875242477803995
default,app,"Logistic (app, calibrated)",0.043006731488406884,0.6497175141242938,0.027014372948209887,0.053875242477803995
default,app,"Logistic (app, calibrated)",0.0430550355672033,0.6497175141242938,0.027045474199365194,0.053875242477803995
default,app,"Logistic (app, calibrated)",0.04307116104868914,0.6497175141242938,0.027111934672893072,0.053875242477803995
default,app,"Logistic (app, calibrated)",0.043151969981238276,0.6497175141242938,0.02716564201884693,0.053875242477803995
default,app,"Logistic (app, calibrated)",0.043200601051840724,0.6497175141242938,0.027243739621335812,0.053875242477803995
default,app,"Logistic (app, calibrated)",0.043249341857841295,0.6497175141242938,0.02729042096689662,0.053875242477803995
default,app,"Logistic (app, calibrated)",0.04326561324303988,0.6497175141242938,0.02730416505264769,0.053875242477803995
default,app,"Logistic (app, calibrated)",0.04377617053673392,0.6497175141242938,0.027316855674122963,0.053875242477803995
default,app,"Logistic (app, calibrated)",0.04382621951219512,0.6497175141242938,0.027406857782225284,0.053875242477803995
default,app,"Logistic (app, calibrated)",0.04384292794510103,0.6497175141242938,0.027414432507076418,0.053875242477803995
default,app,"Logistic (app, calibrated)",0.04389312977099236,0.6497175141242938,0.02754524561201092,0.053875242477803995
default,app,"Logistic (app, calibrated)",0.043909889270714014,0.6497175141242938,0.027560573691544948,0.053875242477803995
default,app,"Logistic (app, calibrated)",0.043926661573720396,0.6497175141242938,0.027571083809251145,0.053875242477803995
default,app,"Logistic (app, calibrated)",0.04404442742244351,0.6497175141242938,0.027576117265443144,0.053875242477803995
default,app,"Logistic (app, calibrated)",0.044061302681992334,0.6497175141242938,0.02760654618436865,0.053875242477803995
default,app,"Logistic (app, calibrated)",0.04371165644171779,0.6440677966101694,0.02761852406459011,0.053875242477803995
default,app,"Logistic (app, calibrated)",0.04372842347525892,0.6440677966101694,0.027635514232529156,0.053875242477803995
default,app,"Logistic (app, calibrated)",0.04376199616122841,0.6440677966101694,0.027713646300070043,0.053875242477803995
default,app,"Logistic (app, calibrated)",0.04377880184331797,0.6440677966101694,0.027734438038235,0.053875242477803995
default,app,"Logistic (app, calibrated)",0.043795620437956206,0.6440677966101694,0.02773679432935574,0.053875242477803995
default,app,"Logistic (app, calibrated)",0.04382929642445214,0.6440677966101694,0.027774513381971472,0.053875242477803995
default,app,"Logistic (app, calibrated)",0.043964519861164675,0.6440677966101694,0.02777581608993651,0.053875242477803995
default,app,"Logistic (app, calibrated)",0.04398148148148148,0.6440677966101694,0.027776779802824735,0.053875242477803995
default,app,"Logistic (app, calibrated)",0.04399845619451949,0.6440677966101694,0.02780839128430453,0.053875242477803995
default,app,"Logistic (app, calibrated)",0.044015444015444015,0.6440677966101694,0.027817572067939573,0.053875242477803995
default,app,"Logistic (app, calibrated)",0.04404945904173107,0.6440677966101694,0.027836241860754347,0.053875242477803995
default,app,"Logistic (app, calibrated)",0.044066486277541554,0.6440677966101694,0.027844017925761792,0.053875242477803995
default,app,"Logistic (app, calibrated)",0.04413472706155633,0.6440677966101694,0.027850642266405136,0.053875242477803995
default,app,"Logistic (app, calibrated)",0.04416892677256877,0.6440677966101694,0.027855496800877157,0.053875242477803995
default,app,"Logistic (app, calibrated)",0.044186046511627906,0.6440677966101694,0.027876900330740452,0.053875242477803995
default,app,"Logistic (app, calibrated)",0.04420317952694843,0.6440677966101694,0.027915893838180817,0.053875242477803995
default,app,"Logistic (app, calibrated)",0.04422032583397983,0.6440677966101694,0.027941935403680306,0.053875242477803995
default,app,"Logistic (app, calibrated)",0.04423748544819558,0.6440677966101694,0.02799515956006446,0.053875242477803995
default,app,"Logistic (app, calibrated)",0.044140625,0.6384180790960452,0.02802020795514821,0.053875242477803995
default,app,"Logistic (app, calibrated)",0.0441578741695975,0.6384180790960452,0.02804434747670138,0.053875242477803995
default,app,"Logistic (app, calibrated)",0.044175136825645035,0.6384180790960452,0.028097546508833438,0.053875242477803995
default,app,"Logistic (app, calibrated)",0.04419241298396558,0.6384180790960452,0.02814683377682834,0.053875242477803995
default,app,"Logistic (app, calibrated)",0.044209702660406885,0.6384180790960452,0.028154630710444717,0.053875242477803995
default,app,"Logistic (app, calibrated)",0.044400785854616896,0.6384180790960452,0.02816581889572107,0.053875242477803995
default,app,"Logistic (app, calibrated)",0.04441823899371069,0.6384180790960452,0.028224455108588387,0.053875242477803995
default,app,"Logistic (app, calibrated)",0.0444706808343172,0.6384180790960452,0.0282596017925258,0.053875242477803995
default,app,"Logistic (app, calibrated)",0.044488188976377956,0.6384180790960452,0.02827122257709101,0.053875242477803995
default,app,"Logistic (app, calibrated)",0.04466403162055336,0.6384180790960452,0.028280038716721127,0.053875242477803995
default,app,"Logistic (app, calibrated)",0.04468169236852511,0.6384180790960452,0.02842810654610419,0.053875242477803995
default,app,"Logistic (app, calibrated)",0.0446993670886076,0.6384180790960452,0.028509278214699795,0.053875242477803995
default,app,"Logistic (app, calibrated)",0.04471705579738821,0.6384180790960452,0.028597613556944255,0.053875242477803995
default,app,"Logistic (app, calibrated)",0.0447347585114806,0.6384180790960452,0.028757685375822233,0.053875242477803995
default,app,"Logistic (app, calibrated)",0.044984076433121016,0.6384180790960452,0.028828443518800217,0.053875242477803995
default,app,"Logistic (app, calibrated)",0.04500199123855038,0.6384180790960452,0.02884008608919822,0.053875242477803995
default,app,"Logistic (app, calibrated)",0.045109780439121755,0.6384180790960452,0.028855311197433408,0.053875242477803995
default,app,"Logistic (app, calibrated)",0.04550995530272247,0.632768361581921,0.028932296417080273,0.053875242477803995
default,app,"Logistic (app, calibrated)",0.04552845528455285,0.632768361581921,0.029004333871991066,0.053875242477803995
default,app,"Logistic (app, calibrated)",0.04554697031313542,0.632768361581921,0.029025185271146926,0.053875242477803995
default,app,"Logistic (app, calibrated)",0.045565500406834825,0.632768361581921,0.029068313710086068,0.053875242477803995
default,app,"Logistic (app, calibrated)",0.045584045584045586,0.632768361581921,0.029122229954036866,0.053875242477803995
default,app,"Logistic (app, calibrated)",0.045454545454545456,0.6271186440677966,0.02927659045917222,0.053875242477803995
default,app,"Logistic (app, calibrated)",0.0454731667349447,0.6271186440677966,0.029286552605465282,0.053875242477803995
default,app,"Logistic (app, calibrated)",0.04551045510455105,0.6271186440677966,0.02938147060607823,0.053875242477803995
default,app,"Logistic (app, calibrated)",0.04556650246305419,0.6271186440677966,0.029395164070547514,0.053875242477803995
default,app,"Logistic (app, calibrated)",0.04560394412489729,0.6271186440677966,0.02952296033405368,0.053875242477803995
default,app,"Logistic (app, calibrated)",0.04562268803945746,0.6271186440677966,0.029579122518604412,0.053875242477803995
default,app,"Logistic (app, calibrated)",0.04566022213081036,0.6271186440677966,0.02959199794926524,0.053875242477803995
default,app,"Logistic (app, calibrated)",0.04567901234567901,0.6271186440677966,0.02961729666463848,0.053875242477803995
default,app,"Logistic (app, calibrated)",0.04569781803211198,0.6271186440677966,0.029684933662182455,0.053875242477803995
default,app,"Logistic (app, calibrated)",0.0457166392092257,0.6271186440677966,0.02968887543991346,0.053875242477803995
default,app,"Logistic (app, calibrated)",0.04573547589616811,0.6271186440677966,0.029810747937311522,0.053875242477803995
default,app,"Logistic (app, calibrated)",0.045754328112118714,0.6271186440677966,0.029874045627936625,0.053875242477803995
default,app,"Logistic (app, calibrated)",0.04590570719602978,0.6271186440677966,0.029901104576091665,0.053875242477803995
default,app,"Logistic (app, calibrated)",0.04596273291925466,0.6271186440677966,0.02990952161800644,0.053875242477803995
default,app,"Logistic (app, calibrated)",0.0460772104607721,0.6271186440677966,0.029925178021930475,0.053875242477803995
default,app,"Logistic (app, calibrated)",0.04609634551495016,0.6271186440677966,0.029940506101464502,0.053875242477803995
default,app,"Logistic (app, calibrated)",0.046192259675405745,0.6271186440677966,0.029979252690889913,0.053875242477803995
default,app,"Logistic (app, calibrated)",0.04623073719283632,0.6271186440677966,0.03004821967870467,0.053875242477803995
default,app,"Logistic (app, calibrated)",0.04625,0.6271186440677966,0.03022127119892377,0.053875242477803995
default,app,"Logistic (app, calibrated)",0.046269278866194245,0.6271186440677966,0.03023542921079671,0.053875242477803995
default,app,"Logistic (app, calibrated)",0.04632721202003339,0.6271186440677966,0.03024300393564785,0.053875242477803995
default,app,"Logistic (app, calibrated)",0.04647232784114914,0.6214689265536724,0.03024617144749337,0.053875242477803995
default,app,"Logistic (app, calibrated)",0.04657070279424217,0.6214689265536724,0.030252333719800427,0.053875242477803995
default,app,"Logistic (app, calibrated)",0.046590427784836935,0.6214689265536724,0.030285307763270812,0.053875242477803995
default,app,"Logistic (app, calibrated)",0.046610169491525424,0.6214689265536724,0.030423171710853604,0.053875242477803995
default,app,"Logistic (app, calibrated)",0.0466893039049236,0.6214689265536724,0.030435906523332456,0.053875242477803995
default,app,"Logistic (app, calibrated)",0.04670912951167728,0.6214689265536724,0.0305977315877483,0.053875242477803995
default,app,"Logistic (app, calibrated)",0.046323841903952404,0.615819209039548,0.03060438751850794,0.053875242477803995
default,app,"Logistic (app, calibrated)",0.04657179818887452,0.6101694915254238,0.030632308299047062,0.053875242477803995
default,app,"Logistic (app, calibrated)",0.0466119982736297,0.6101694915254238,0.030758247433234527,0.053875242477803995
default,app,"Logistic (app, calibrated)",0.046632124352331605,0.6101694915254238,0.030837698750251004,0.053875242477803995
default,app,"Logistic (app, calibrated)",0.04579813250333482,0.5819209039548022,0.0308522092094765,0.053875242477803995
default,app,"Logistic (app, calibrated)",0.04578096947935368,0.576271186440678,0.030877627744069706,0.053875242477803995
default,app,"Logistic (app, calibrated)",0.04582210242587601,0.576271186440678,0.030911866756201056,0.053875242477803995
default,app,"Logistic (app, calibrated)",0.04584269662921348,0.576271186440678,0.03092349609193959,0.053875242477803995
default,app,"Logistic (app, calibrated)",0.04588394062078273,0.576271186440678,0.03093856155875393,0.053875242477803995
default,app,"Logistic (app, calibrated)",0.04590459045904591,0.576271186440678,0.030981470606078233,0.053875242477803995
default,app,"Logistic (app, calibrated)",0.04592525889239082,0.576271186440678,0.031081432444944122,0.053875242477803995
default,app,"Logistic (app, calibrated)",0.04596665164488508,0.576271186440678,0.031092620630220467,0.053875242477803995
default,app,"Logistic (app, calibrated)",0.045987376014427414,0.576271186440678,0.031148238235869402,0.053875242477803995
default,app,"Logistic (app, calibrated)",0.046008119079837616,0.576271186440678,0.031160827398994735,0.053875242477803995
default,app,"Logistic (app, calibrated)",0.046028880866425995,0.576271186440678,0.03117216117216117,0.053875242477803995
default,app,"Logistic (app, calibrated)",0.04604966139954853,0.576271186440678,0.03144916243234307,0.053875242477803995
default,app,"Logistic (app, calibrated)",0.04609127880704925,0.576271186440678,0.03145881739265433,0.053875242477803995
default,app,"Logistic (app, calibrated)",0.04646924829157175,0.576271186440678,0.031477288939033836,0.053875242477803995
default,app,"Logistic (app, calibrated)",0.04655408489274304,0.576271186440678,0.03152517802193048,0.053875242477803995
default,app,"Logistic (app, calibrated)",0.04657534246575343,0.576271186440678,0.031540506101464506,0.053875242477803995
default,app,"Logistic (app, calibrated)",0.04659661946094107,0.576271186440678,0.031549084264359595,0.053875242477803995
default,app,"Logistic (app, calibrated)",0.04661791590493602,0.576271186440678,0.031572130861843316,0.053875242477803995
default,app,"Logistic (app, calibrated)",0.04666056724611162,0.576271186440678,0.03157767043608924,0.053875242477803995
default,app,"Logistic (app, calibrated)",0.04668192219679634,0.576271186440678,0.03158763747911984,0.053875242477803995
default,app,"Logistic (app, calibrated)",0.046703296703296704,0.576271186440678,0.03163008767026774,0.053875242477803995
default,app,"Logistic (app, calibrated)",0.0467246907924874,0.576271186440678,0.03166913852234343,0.053875242477803995
default,app,"Logistic (app, calibrated)",0.046831955922865015,0.576271186440678,0.031680326707619784,0.053875242477803995
default,app,"Logistic (app, calibrated)",0.046875,0.576271186440678,0.03168090514837185,0.053875242477803995
default,app,"Logistic (app, calibrated)",0.046918123275068994,0.576271186440678,0.03168765034558167,0.053875242477803995
default,app,"Logistic (app, calibrated)",0.04693971468016567,0.576271186440678,0.03176900961334391,0.053875242477803995
default,app,"Logistic (app, calibrated)",0.04698295716259788,0.576271186440678,0.03182746564301979,0.053875242477803995
default,app,"Logistic (app, calibrated)",0.047004608294930875,0.576271186440678,0.03182823883305962,0.053875242477803995
default,app,"Logistic (app, calibrated)",0.04702627939142462,0.576271186440678,0.03183542921079671,0.053875242477803995
default,app,"Logistic (app, calibrated)",0.047069681587448085,0.576271186440678,0.03184300393564785,0.053875242477803995
default,app,"Logistic (app, calibrated)",0.046651270207852195,0.5706214689265536,0.03190289274397324,0.053875242477803995
default,app,"Logistic (app, calibrated)",0.0466728280961183,0.5706214689265536,0.03193857530208698,0.053875242477803995
default,app,"Logistic (app, calibrated)",0.04671600370027752,0.5706214689265536,0.031982573454913885,0.053875242477803995
default,app,"Logistic (app, calibrated)",0.04675925925925926,0.5706214689265536,0.0320035389964788,0.053875242477803995
default,app,"Logistic (app, calibrated)",0.04678091709124595,0.5706214689265536,0.03204566723523266,0.053875242477803995
default,app,"Logistic (app, calibrated)",0.047462406015037595,0.5706214689265536,0.032151115817809356,0.053875242477803995
default,app,"Logistic (app, calibrated)",0.04748472026328162,0.5706214689265536,0.03218345444383278,0.053875242477803995
default,app,"Logistic (app, calibrated)",0.04791271347248577,0.5706214689265536,0.032204387518507946,0.053875242477803995
default,app,"Logistic (app, calibrated)",0.04793863854266539,0.5649717514124294,0.03222431034230799,0.053875242477803995
default,app,"Logistic (app, calibrated)",0.047961630695443645,0.5649717514124294,0.03227998127432637,0.053875242477803995
default,app,"Logistic (app, calibrated)",0.04800768122899664,0.5649717514124294,0.03233741831793608,0.053875242477803995
default,app,"Logistic (app, calibrated)",0.04803073967339097,0.5649717514124294,0.03235413876990164,0.053875242477803995
default,app,"Logistic (app, calibrated)",0.048053820278712155,0.5649717514124294,0.03241180215833863,0.053875242477803995
default,app,"Logistic (app, calibrated)",0.04807692307692308,0.5649717514124294,0.03242927371898617,0.053875242477803995
default,app,"Logistic (app, calibrated)",0.0481000481000481,0.5649717514124294,0.03248563025772789,0.053875242477803995
default,app,"Logistic (app, calibrated)",0.04814636494944632,0.5649717514124294,0.032488561525198155,0.053875242477803995
default,app,"Logistic (app, calibrated)",0.04816955684007707,0.5649717514124294,0.03265151499363721,0.053875242477803995
default,app,"Logistic (app, calibrated)",0.0482392667631452,0.5649717514124294,0.03267898292236267,0.053875242477803995
default,app,"Logistic (app, calibrated)",0.04826254826254826,0.5649717514124294,0.03267990070245282,0.053875242477803995
default,app,"Logistic (app, calibrated)",0.04830917874396135,0.5649717514124294,0.03272330731694689,0.053875242477803995
default,app,"Logistic (app, calibrated)",0.048355899419729204,0.5649717514124294,0.0327679653479723,0.053875242477803995
default,app,"Logistic (app, calibrated)",0.0484027105517909,0.5649717514124294,0.03284946639119589,0.053875242477803995
default,app,"Logistic (app, calibrated)",0.048520135856380396,0.5649717514124294,0.032860654576472234,0.053875242477803995
default,app,"Logistic (app, calibrated)",0.04854368932038835,0.5649717514124294,0.032916877997723616,0.053875242477803995
default,app,"Logistic (app, calibrated)",0.04856726566294318,0.5649717514124294,0.03291843375024066,0.053875242477803995
default,app,"Logistic (app, calibrated)",0.04861448711716091,0.5649717514124294,0.03297424533924559,0.053875242477803995
default,app,"Logistic (app, calibrated)",0.048638132295719845,0.5649717514124294,0.0330144028755439,0.053875242477803995
default,app,"Logistic (app, calibrated)",0.04868549172346641,0.5649717514124294,0.03309838003900748,0.053875242477803995
default,app,"Logistic (app, calibrated)",0.04873294346978557,0.5649717514124294,0.03314882563084041,0.053875242477803995
default,app,"Logistic (app, calibrated)",0.04875670404680644,0.5649717514124294,0.03334016480809508,0.053875242477803995
default,app,"Logistic (app, calibrated)",0.04878048780487805,0.5649717514124294,0.033363524490285054,0.053875242477803995
default,app,"Logistic (app, calibrated)",0.04880429477794046,0.5649717514124294,0.03341826241058396,0.053875242477803995
default,app,"Logistic (app, calibrated)",0.04833984375,0.559322033898305,0.03345828662335477,0.053875242477803995
default,app,"Logistic (app, calibrated)",0.04838709677419355,0.559322033898305,0.03347058421720049,0.053875242477803995
default,app,"Logistic (app, calibrated)",0.04841075794621027,0.559322033898305,0.033492880257544856,0.053875242477803995
default,app,"Logistic (app, calibrated)",0.04864864864864865,0.559322033898305,0.0335344666387541,0.053875242477803995
default,app,"Logistic (app, calibrated)",0.048672566371681415,0.559322033898305,0.03353566401157726,0.053875242477803995
default,app,"Logistic (app, calibrated)",0.04869650762420069,0.559322033898305,0.033547840837732636,0.053875242477803995
default,app,"Logistic (app, calibrated)",0.04872047244094488,0.559322033898305,0.03359850284972033,0.053875242477803995
default,app,"Logistic (app, calibrated)",0.04874446085672083,0.559322033898305,0.03363450944488785,0.053875242477803995
default,app,"Logistic (app, calibrated)",0.04876847290640394,0.559322033898305,0.03365699398858206,0.053875242477803995
default,app,"Logistic (app, calibrated)",0.04879250862493839,0.559322033898305,0.03366888939405062,0.053875242477803995
default,app,"Logistic (app, calibrated)",0.04797230464886251,0.5480225988700564,0.033680077579326964,0.053875242477803995
default,app,"Logistic (app, calibrated)",0.047996041563582385,0.5480225988700564,0.03370619917264114,0.053875242477803995
default,app,"Logistic (app, calibrated)",0.04804358593363051,0.5480225988700564,0.03377545648709371,0.053875242477803995
default,app,"Logistic (app, calibrated)",0.04811507936507937,0.5480225988700564,0.03381963580259319,0.053875242477803995
default,app,"Logistic (app, calibrated)",0.04813895781637717,0.5480225988700564,0.03382927704897426,0.053875242477803995
default,app,"Logistic (app, calibrated)",0.04816285998013903,0.5480225988700564,0.03395153176262511,0.053875242477803995
default,app,"Logistic (app, calibrated)",0.04818678589170392,0.5480225988700564,0.03395995681364241,0.053875242477803995
default,app,"Logistic (app, calibrated)",0.04823470909995027,0.5480225988700564,0.034022087823538265,0.053875242477803995
default,app,"Logistic (app, calibrated)",0.04835493519441675,0.5480225988700564,0.034042375243697166,0.053875242477803995
default,app,"Logistic (app, calibrated)",0.04840319361277445,0.5480225988700564,0.03406758275550123,0.053875242477803995
default,app,"Logistic (app, calibrated)",0.04845154845154845,0.5480225988700564,0.03409186356278909,0.053875242477803995
default,app,"Logistic (app, calibrated)",0.0485,0.5480225988700564,0.034107554350934086,0.053875242477803995
default,app,"Logistic (app, calibrated)",0.04852426213106553,0.5480225988700564,0.03414019106888693,0.053875242477803995
default,app,"Logistic (app, calibrated)",0.04887218045112782,0.5141242937853108,0.034205772147651275,0.053875242477803995
default,app,"Logistic (app, calibrated)",0.04889844169801182,0.5141242937853108,0.034251627418578026,0.053875242477803995
default,app,"Logistic (app, calibrated)",0.0489247311827957,0.5141242937853108,0.034272380638119895,0.053875242477803995
default,app,"Logistic (app, calibrated)",0.04895104895104895,0.5141242937853108,0.034304367492952556,0.053875242477803995
default,app,"Logistic (app, calibrated)",0.04897739504843918,0.5141242937853108,0.034329153499692865,0.053875242477803995
default,app,"Logistic (app, calibrated)",0.04905660377358491,0.5141242937853108,0.034362505864833436,0.053875242477803995
default,app,"Logistic (app, calibrated)",0.04913606911447084,0.5141242937853108,0.034370080589684576,0.053875242477803995
default,app,"Logistic (app, calibrated)",0.04929577464788732,0.5141242937853108,0.03438347140639836,0.053875242477803995
default,app,"Logistic (app, calibrated)",0.049429657794676805,0.5141242937853108,0.03438484121766143,0.053875242477803995
default,app,"Logistic (app, calibrated)",0.04948341489940185,0.5141242937853108,0.03439605840600253,0.053875242477803995
default,app,"Logistic (app, calibrated)",0.04951033732317737,0.5141242937853108,0.03443587611075295,0.053875242477803995
default,app,"Logistic (app, calibrated)",0.049564270152505446,0.5141242937853108,0.03444655510068617,0.053875242477803995
default,app,"Logistic (app, calibrated)",0.04959128065395095,0.5141242937853108,0.03473146417254467,0.053875242477803995
default,app,"Logistic (app, calibrated)",0.04928806133625411,0.5084745762711864,0.03476527079844428,0.053875242477803995
default,app,"Logistic (app, calibrated)",0.049641478212906785,0.5084745762711864,0.03482152985409976,0.053875242477803995
default,app,"Logistic (app, calibrated)",0.04966887417218543,0.5084745762711864,0.03496157595916729,0.053875242477803995
default,app,"Logistic (app, calibrated)",0.04969630038652678,0.5084745762711864,0.034968929838003836,0.053875242477803995
default,app,"Logistic (app, calibrated)",0.04975124378109453,0.5084745762711864,0.03501274209694947,0.053875242477803995
default,app,"Logistic (app, calibrated)",0.04922566371681416,0.5028248587570622,0.03504217603219274,0.053875242477803995
default,app,"Logistic (app, calibrated)",0.049804141018466704,0.5028248587570622,0.03508211079185104,0.053875242477803995
default,app,"Logistic (app, calibrated)",0.04983202687569989,0.5028248587570622,0.035087014556522196,0.053875242477803995
default,app,"Logistic (app, calibrated)",0.04985994397759104,0.5028248587570622,0.035118007391604776,0.053875242477803995
default,app,"Logistic (app, calibrated)",0.04994388327721661,0.5028248587570622,0.03513346644302593,0.053875242477803995
default,app,"Logistic (app, calibrated)",0.04943820224719101,0.4971751412429379,0.035198786092901904,0.053875242477803995
default,app,"Logistic (app, calibrated)",0.04946599213041034,0.4971751412429379,0.03528255932637349,0.053875242477803995
default,app,"Logistic (app, calibrated)",0.049493813273340834,0.4971751412429379,0.035283379616917895,0.053875242477803995
default,app,"Logistic (app, calibrated)",0.04952166572875633,0.4971751412429379,0.03531615954857492,0.053875242477803995
default,app,"Logistic (app, calibrated)",0.04954954954954955,0.4971751412429379,0.03541536325969756,0.053875242477803995
default,app,"Logistic (app, calibrated)",0.0496054114994363,0.4971751412429379,0.03562208782353827,0.053875242477803995
default,app,"Logistic (app, calibrated)",0.049633389734912575,0.4971751412429379,0.03562225343037177,0.053875242477803995
default,app,"Logistic (app, calibrated)",0.049689440993788817,0.4971751412429379,0.03565225467596721,0.053875242477803995
default,app,"Logistic (app, calibrated)",0.04971751412429379,0.4971751412429379,0.035667582755501234,0.053875242477803995
default,app,"Logistic (app, calibrated)",0.0497456189937818,0.4971751412429379,0.035681976631863656,0.053875242477803995
default,app,"Logistic (app, calibrated)",0.049773755656108594,0.4971751412429379,0.0357578440399113,0.053875242477803995
default,app,"Logistic (app, calibrated)",0.04980192416525184,0.4971751412429379,0.03581405393205157,0.053875242477803995
default,app,"Logistic (app, calibrated)",0.04983012457531144,0.4971751412429379,0.03596250586483344,0.053875242477803995
default,app,"Logistic (app, calibrated)",0.049886621315192746,0.4971751412429379,0.03597008058968458,0.053875242477803995
default,app,"Logistic (app, calibrated)",0.04997160704145372,0.4971751412429379,0.03598347140639836,0.053875242477803995
default,app,"Logistic (app, calibrated)",0.05008537279453614,0.4971751412429379,0.03607562736533981,0.053875242477803995
default,app,"Logistic (app, calibrated)",0.05011389521640091,0.4971751412429379,0.03616669890063216,0.053875242477803995
default,app,"Logistic (app, calibrated)",0.05014245014245014,0.4971751412429379,0.036184279893573625,0.053875242477803995
default,app,"Logistic (app, calibrated)",0.05017103762827822,0.4971751412429379,0.03618968198515097,0.053875242477803995
default,app,"Logistic (app, calibrated)",0.05019965772960639,0.4971751412429379,0.03624070298561209,0.053875242477803995
default,app,"Logistic (app, calibrated)",0.0502283105022831,0.4971751412429379,0.036267342425374646,0.053875242477803995
default,app,"Logistic (app, calibrated)",0.05025699600228441,0.4971751412429379,0.03627250611684042,0.053875242477803995
default,app,"Logistic (app, calibrated)",0.05037206639954207,0.4971751412429379,0.03629792476136623,0.053875242477803995
default,app,"Logistic (app, calibrated)",0.050400916380297825,0.4971751412429379,0.036318620042392204,0.053875242477803995
default,app,"Logistic (app, calibrated)",0.0498567335243553,0.4915254237288136,0.03633146417254467,0.053875242477803995
default,app,"Logistic (app, calibrated)",0.049303944315545245,0.480225988700565,0.0364318490766581,0.053875242477803995
default,app,"Logistic (app, calibrated)",0.04933255948926291,0.480225988700565,0.036562037871597355,0.053875242477803995
default,app,"Logistic (app, calibrated)",0.04936120789779326,0.480225988700565,0.03659569112855001,0.053875242477803995
default,app,"Logistic (app, calibrated)",0.04944735311227458,0.480225988700565,0.03664487108990374,0.053875242477803995
default,app,"Logistic (app, calibrated)",0.04947613504074505,0.480225988700565,0.03681571145612793,0.053875242477803995
default,app,"Logistic (app, calibrated)",0.049591598599766626,0.480225988700565,0.03683185510102138,0.053875242477803995
default,app,"Logistic (app, calibrated)",0.0497366881217086,0.480225988700565,0.036932770222482675,0.053875242477803995
default,app,"Logistic (app, calibrated)",0.049765807962529274,0.480225988700565,0.03694395840775903,0.053875242477803995
default,app,"Logistic (app, calibrated)",0.04985337243401759,0.480225988700565,0.03694688312982347,0.053875242477803995
default,app,"Logistic (app, calibrated)",0.049911920140927775,0.480225988700565,0.03696012005720609,0.053875242477803995
default,app,"Logistic (app, calibrated)",0.0499412455934195,0.480225988700565,0.03700752728296171,0.053875242477803995
default,app,"Logistic (app, calibrated)",0.05,0.480225988700565,0.037068087004756015,0.053875242477803995
default,app,"Logistic (app, calibrated)",0.050029429075927015,0.480225988700565,0.03710359973349309,0.053875242477803995
default,app,"Logistic (app, calibrated)",0.05020673360897814,0.480225988700565,0.03716752930791645,0.053875242477803995
default,app,"Logistic (app, calibrated)",0.050266114725014785,0.480225988700565,0.037176634625505314,0.053875242477803995
default,app,"Logistic (app, calibrated)",0.05029585798816568,0.480225988700565,0.037183397205949334,0.053875242477803995
default,app,"Logistic (app, calibrated)",0.05032563647128478,0.480225988700565,0.03720050335138684,0.053875242477803995
default,app,"Logistic (app, calibrated)",0.050355450236966824,0.480225988700565,0.037292934881564134,0.053875242477803995
default,app,"Logistic (app, calibrated)",0.05041518386714116,0.480225988700565,0.03730258423128009,0.053875242477803995
default,app,"Logistic (app, calibrated)",0.050475059382422804,0.480225988700565,0.03745049949010656,0.053875242477803995
default,app,"Logistic (app, calibrated)",0.050505050505050504,0.480225988700565,0.03745283398569287,0.053875242477803995
default,app,"Logistic (app, calibrated)",0.05056513979773944,0.480225988700565,0.0374919556466267,0.053875242477803995
default,app,"Logistic (app, calibrated)",0.050595238095238096,0.480225988700565,0.03764300314362155,0.053875242477803995
default,app,"Logistic (app, calibrated)",0.05071599045346062,0.480225988700565,0.03784366131159158,0.053875242477803995
default,app,"Logistic (app, calibrated)",0.050867743865948535,0.480225988700565,0.03785484949686794,0.053875242477803995
default,app,"Logistic (app, calibrated)",0.05102040816326531,0.480225988700565,0.0379692943691327,0.053875242477803995
default,app,"Logistic (app, calibrated)",0.05105105105105105,0.480225988700565,0.03801825568499445,0.053875242477803995
default,app,"Logistic (app, calibrated)",0.05108173076923077,0.480225988700565,0.03809393476269847,0.053875242477803995
default,app,"Logistic (app, calibrated)",0.05111244738424534,0.480225988700565,0.03811309809133513,0.053875242477803995
default,app,"Logistic (app, calibrated)",0.05114320096269555,0.480225988700565,0.03812428627661148,0.053875242477803995
default,app,"Logistic (app, calibrated)",0.051173991571342566,0.480225988700565,0.0382720598518421,0.053875242477803995
default,app,"Logistic (app, calibrated)",0.05123568414707655,0.480225988700565,0.03830210919349074,0.053875242477803995
default,app,"Logistic (app, calibrated)",0.05126658624849216,0.480225988700565,0.03836372507480178,0.053875242477803995
default,app,"Logistic (app, calibrated)",0.051297525648762825,0.480225988700565,0.038374913260078136,0.053875242477803995
default,app,"Logistic (app, calibrated)",0.051390568319226115,0.480225988700565,0.03849617890447136,0.053875242477803995
default,app,"Logistic (app, calibrated)",0.0514216575922565,0.480225988700565,0.038510548060435086,0.053875242477803995
default,app,"Logistic (app, calibrated)",0.05170316301703163,0.480225988700565,0.03859610073648788,0.053875242477803995
default,app,"Logistic (app, calibrated)",0.05176613885505481,0.480225988700565,0.03871682508256434,0.053875242477803995
default,app,"Logistic (app, calibrated)",0.05128205128205128,0.4745762711864407,0.038749799126034726,0.053875242477803995
default,app,"Logistic (app, calibrated)",0.05131337813072694,0.4745762711864407,0.03882783457640622,0.053875242477803995
default,app,"Logistic (app, calibrated)",0.05134474327628362,0.4745762711864407,0.038835678406393175,0.053875242477803995
default,app,"Logistic (app, calibrated)",0.05137614678899083,0.4745762711864407,0.0389102352897822,0.053875242477803995
default,app,"Logistic (app, calibrated)",0.05162876459741856,0.4745762711864407,0.03892112199883678,0.053875242477803995
default,app,"Logistic (app, calibrated)",0.05166051660516605,0.4745762711864407,0.039023989180444044,0.053875242477803995
default,app,"Logistic (app, calibrated)",0.0515527950310559,0.4689265536723164,0.03903517736572039,0.053875242477803995
default,app,"Logistic (app, calibrated)",0.05218525766470972,0.4519774011299435,0.03909905195469481,0.053875242477803995
default,app,"Logistic (app, calibrated)",0.05221932114882506,0.4519774011299435,0.0391526452828935,0.053875242477803995
default,app,"Logistic (app, calibrated)",0.05225342913128674,0.4519774011299435,0.03920174696385668,0.053875242477803995
default,app,"Logistic (app, calibrated)",0.052321778940483975,0.4519774011299435,0.039239117376285416,0.053875242477803995
default,app,"Logistic (app, calibrated)",0.05242463958060288,0.4519774011299435,0.03932699774645466,0.053875242477803995
default,app,"Logistic (app, calibrated)",0.05249343832020997,0.4519774011299435,0.0393960013452986,0.053875242477803995
default,app,"Logistic (app, calibrated)",0.05252790544977019,0.4519774011299435,0.0395152768499973,0.053875242477803995
default,app,"Logistic (app, calibrated)",0.05259697567389875,0.4519774011299435,0.03964323053734635,0.053875242477803995
default,app,"Logistic (app, calibrated)",0.05263157894736842,0.4519774011299435,0.03975897343796134,0.053875242477803995
default,app,"Logistic (app, calibrated)",0.052805280528052806,0.4519774011299435,0.039798274839349404,0.053875242477803995
default,app,"Logistic (app, calibrated)",0.052840158520475564,0.4519774011299435,0.03982320599662782,0.053875242477803995
default,app,"Logistic (app, calibrated)",0.05287817938420348,0.4463276836158192,0.04006519359595286,0.053875242477803995
default,app,"Logistic (app, calibrated)",0.05291359678499665,0.4463276836158192,0.04010144986768923,0.053875242477803995
default,app,"Logistic (app, calibrated)",0.053306342780026994,0.4463276836158192,0.04011054806043508,0.053875242477803995
default,app,"Logistic (app, calibrated)",0.054873646209386284,0.4293785310734463,0.04011263805296559,0.053875242477803995
default,app,"Logistic (app, calibrated)",0.05413313825896123,0.4180790960451977,0.040145396511135766,0.053875242477803995
default,app,"Logistic (app, calibrated)",0.055770720371804805,0.4067796610169492,0.040163686030662595,0.053875242477803995
default,app,"Logistic (app, calibrated)",0.05581395348837209,0.4067796610169492,0.040243584863188846,0.053875242477803995
default,app,"Logistic (app, calibrated)",0.055857253685027156,0.4067796610169492,0.04027186755814484,0.053875242477803995
default,app,"Logistic (app, calibrated)",0.055900621118012424,0.4067796610169492,0.040827567447706034,0.053875242477803995
default,app,"Logistic (app, calibrated)",0.05603112840466926,0.4067796610169492,0.0408366870570743,0.053875242477803995
default,app,"Logistic (app, calibrated)",0.056074766355140186,0.4067796610169492,0.040876293521102544,0.053875242477803995
default,app,"Logistic (app, calibrated)",0.05620608899297424,0.4067796610169492,0.04089973413937274,0.053875242477803995
default,app,"Logistic (app, calibrated)",0.05625,0.4067796610169492,0.04091971237668542,0.053875242477803995
default,app,"Logistic (app, calibrated)",0.05629397967161845,0.4067796610169492,0.04092235841006049,0.053875242477803995
default,app,"Logistic (app, calibrated)",0.056559308719560095,0.4067796610169492,0.040947147490084324,0.053875242477803995
default,app,"Logistic (app, calibrated)",0.05687203791469194,0.4067796610169492,0.04111667681528329,0.053875242477803995
default,app,"Logistic (app, calibrated)",0.05617088607594937,0.4011299435028249,0.04116258743708022,0.053875242477803995
default,app,"Logistic (app, calibrated)",0.056259904912836764,0.4011299435028249,0.041213917226651714,0.053875242477803995
default,app,"Logistic (app, calibrated)",0.056304520222045996,0.4011299435028249,0.04130231421936782,0.053875242477803995
default,app,"Logistic (app, calibrated)",0.05634920634920635,0.4011299435028249,0.04140869621479819,0.053875242477803995
default,app,"Logistic (app, calibrated)",0.056393963463065924,0.4011299435028249,0.04141287364183043,0.053875242477803995
default,app,"Logistic (app, calibrated)",0.05643879173290938,0.4011299435028249,0.04150258841518437,0.053875242477803995
default,app,"Logistic (app, calibrated)",0.055776892430278883,0.3954802259887006,0.041618725022080916,0.053875242477803995
default,app,"Logistic (app, calibrated)",0.05511182108626198,0.3898305084745763,0.04176368603066259,0.053875242477803995
default,app,"Logistic (app, calibrated)",0.05515587529976019,0.3898305084745763,0.041770079797658274,0.053875242477803995
default,app,"Logistic (app, calibrated)",0.05618892508143322,0.3898305084745763,0.04186180344158569,0.053875242477803995
default,app,"Logistic (app, calibrated)",0.05628058727569331,0.3898305084745763,0.04188546783302915,0.053875242477803995
default,app,"Logistic (app, calibrated)",0.056418642681929684,0.3898305084745763,0.04192281117342934,0.053875242477803995
default,app,"Logistic (app, calibrated)",0.05646481178396072,0.3898305084745763,0.04193507557996441,0.053875242477803995
default,app,"Logistic (app, calibrated)",0.05660377358490566,0.3898305084745763,0.04211581643581665,0.053875242477803995
default,app,"Logistic (app, calibrated)",0.056790123456790124,0.3898305084745763,0.04242756744770604,0.053875242477803995
default,app,"Logistic (app, calibrated)",0.05697770437654831,0.3898305084745763,0.0424418652146228,0.053875242477803995
default,app,"Logistic (app, calibrated)",0.057119205298013245,0.3898305084745763,0.042453053399899146,0.053875242477803995
default,app,"Logistic (app, calibrated)",0.05726141078838174,0.3898305084745763,0.042665972589931184,0.053875242477803995
default,app,"Logistic (app, calibrated)",0.05745212323064113,0.3898305084745763,0.042803258709407724,0.053875242477803995
default,app,"Logistic (app, calibrated)",0.057692307692307696,0.3898305084745763,0.04289179450192583,0.053875242477803995
default,app,"Logistic (app, calibrated)",0.05774058577405858,0.3898305084745763,0.043127292825973926,0.053875242477803995
default,app,"Logistic (app, calibrated)",0.05778894472361809,0.3898305084745763,0.04313040223563956,0.053875242477803995
default,app,"Logistic (app, calibrated)",0.057837384744341996,0.3898305084745763,0.04319220514150239,0.053875242477803995
default,app,"Logistic (app, calibrated)",0.057885906040268456,0.3898305084745763,0.04322314974420205,0.053875242477803995
default,app,"Logistic (app, calibrated)",0.05793450881612091,0.3898305084745763,0.04336489804812856,0.053875242477803995
default,app,"Logistic (app, calibrated)",0.057190916736753576,0.384180790960452,0.04342833843896507,0.053875242477803995
default,app,"Logistic (app, calibrated)",0.057432432432432436,0.384180790960452,0.04343761164424821,0.053875242477803995
default,app,"Logistic (app, calibrated)",0.057480980557903634,0.384180790960452,0.04345290818104444,0.053875242477803995
default,app,"Logistic (app, calibrated)",0.05752961082910321,0.384180790960452,0.043519325901867995,0.053875242477803995
default,app,"Logistic (app, calibrated)",0.05777400169923534,0.384180790960452,0.04353051408714435,0.053875242477803995
default,app,"Logistic (app, calibrated)",0.05807002561912895,0.384180790960452,0.043533432052023015,0.053875242477803995
default,app,"Logistic (app, calibrated)",0.05811965811965812,0.384180790960452,0.043564613940849546,0.053875242477803995
default,app,"Logistic (app, calibrated)",0.058169375534645,0.384180790960452,0.04361940979283161,0.053875242477803995
default,app,"Logistic (app, calibrated)",0.058159722222222224,0.3785310734463277,0.04367514690185779,0.053875242477803995
default,app,"Logistic (app, calibrated)",0.05821025195482189,0.3785310734463277,0.043806450453427195,0.053875242477803995
default,app,"Logistic (app, calibrated)",0.058260869565217394,0.3785310734463277,0.04387525394278803,0.053875242477803995
default,app,"Logistic (app, calibrated)",0.05836236933797909,0.3785310734463277,0.04408475157245365,0.053875242477803995
default,app,"Logistic (app, calibrated)",0.05841325196163906,0.3785310734463277,0.04415926266594572,0.053875242477803995
default,app,"Logistic (app, calibrated)",0.05846422338568935,0.3785310734463277,0.04421034026947092,0.053875242477803995
default,app,"Logistic (app, calibrated)",0.058666666666666666,0.3728813559322034,0.04448883954158507,0.053875242477803995
default,app,"Logistic (app, calibrated)",0.058876003568242644,0.3728813559322034,0.04460665133559645,0.053875242477803995
default,app,"Logistic (app, calibrated)",0.059033989266547404,0.3728813559322034,0.04461585562948221,0.053875242477803995
default,app,"Logistic (app, calibrated)",0.05819158460161146,0.3672316384180791,0.04474335128628811,0.053875242477803995
default,app,"Logistic (app, calibrated)",0.05850091407678245,0.3615819209039548,0.04483541999902826,0.053875242477803995
default,app,"Logistic (app, calibrated)",0.05703048180924287,0.327683615819209,0.04486219391690436,0.053875242477803995
default,app,"Logistic (app, calibrated)",0.05708661417322835,0.327683615819209,0.044931368397382154,0.053875242477803995
default,app,"Logistic (app, calibrated)",0.05731225296442688,0.327683615819209,0.04510522822592413,0.053875242477803995
default,app,"Logistic (app, calibrated)",0.057368941641938676,0.327683615819209,0.04514095123482675,0.053875242477803995
default,app,"Logistic (app, calibrated)",0.05742574257425743,0.327683615819209,0.04530954505997008,0.053875242477803995
default,app,"Logistic (app, calibrated)",0.057482656095143705,0.327683615819209,0.045534785680011215,0.053875242477803995
default,app,"Logistic (app, calibrated)",0.057539682539682536,0.327683615819209,0.045658007237789476,0.053875242477803995
default,app,"Logistic (app, calibrated)",0.05805805805805806,0.327683615819209,0.04567580672130678,0.053875242477803995
default,app,"Logistic (app, calibrated)",0.05811623246492986,0.327683615819209,0.04568220048830245,0.053875242477803995
default,app,"Logistic (app, calibrated)",0.058174523570712136,0.327683615819209,0.04569110833591736,0.053875242477803995
default,app,"Logistic (app, calibrated)",0.05823293172690763,0.327683615819209,0.04590478254571294,0.053875242477803995
default,app,"Logistic (app, calibrated)",0.05829145728643216,0.327683615819209,0.04596565187180089,0.053875242477803995
default,app,"Logistic (app, calibrated)",0.05852674066599395,0.327683615819209,0.04617761366531574,0.053875242477803995
default,app,"Logistic (app, calibrated)",0.05864509605662285,0.327683615819209,0.04620665133559645,0.053875242477803995
default,app,"Logistic (app, calibrated)",0.05804480651731161,0.3220338983050847,0.04626618307281964,0.053875242477803995
default,app,"Logistic (app, calibrated)",0.058163265306122446,0.3220338983050847,0.04633968813835021,0.053875242477803995
default,app,"Logistic (app, calibrated)",0.05822267620020429,0.3220338983050847,0.046354865687064685,0.053875242477803995
default,app,"Logistic (app, calibrated)",0.05828220858895705,0.3220338983050847,0.04638537615174739,0.053875242477803995
default,app,"Logistic (app, calibrated)",0.05834186284544524,0.3220338983050847,0.046405534698310845,0.053875242477803995
default,app,"Logistic (app, calibrated)",0.0584016393442623,0.3220338983050847,0.04668799829812963,0.053875242477803995
default,app,"Logistic (app, calibrated)",0.058521560574948665,0.3220338983050847,0.04669024700947464,0.053875242477803995
default,app,"Logistic (app, calibrated)",0.058823529411764705,0.3220338983050847,0.046781948731245984,0.053875242477803995
default,app,"Logistic (app, calibrated)",0.057911065149948295,0.3163841807909605,0.046802693394873085,0.053875242477803995
default,app,"Logistic (app, calibrated)",0.05777310924369748,0.3107344632768362,0.04687601540922366,0.053875242477803995
default,app,"Logistic (app, calibrated)",0.05789473684210526,0.3107344632768362,0.04688005061793312,0.053875242477803995
default,app,"Logistic (app, calibrated)",0.0580168776371308,0.3107344632768362,0.046930630303655387,0.053875242477803995
default,app,"Logistic (app, calibrated)",0.05826271186440678,0.3107344632768362,0.047136431708277624,0.053875242477803995
default,app,"Logistic (app, calibrated)",0.05832449628844114,0.3107344632768362,0.04714759333413171,0.053875242477803995
default,app,"Logistic (app, calibrated)",0.058386411889596604,0.3107344632768362,0.047161101844332365,0.053875242477803995
default,app,"Logistic (app, calibrated)",0.05844845908607864,0.3107344632768362,0.04716412725677117,0.053875242477803995
default,app,"Logistic (app, calibrated)",0.05851063829787234,0.3107344632768362,0.04717642604880022,0.053875242477803995
default,app,"Logistic (app, calibrated)",0.05869797225186766,0.3107344632768362,0.04737273343186408,0.053875242477803995
default,app,"Logistic (app, calibrated)",0.058823529411764705,0.3107344632768362,0.047379083220163716,0.053875242477803995
default,app,"Logistic (app, calibrated)",0.058886509635974305,0.3107344632768362,0.047699421321401245,0.053875242477803995
default,app,"Logistic (app, calibrated)",0.05837837837837838,0.3050847457627119,0.04774952846304363,0.053875242477803995
default,app,"Logistic (app, calibrated)",0.05844155844155844,0.3050847457627119,0.047866183072819646,0.053875242477803995
default,app,"Logistic (app, calibrated)",0.05934065934065934,0.3050847457627119,0.047904081606679375,0.053875242477803995
default,app,"Logistic (app, calibrated)",0.0594059405940594,0.3050847457627119,0.048285043337788866,0.053875242477803995
default,app,"Logistic (app, calibrated)",0.05947136563876652,0.3050847457627119,0.04843518446708935,0.053875242477803995
default,app,"Logistic (app, calibrated)",0.05953693495038589,0.3050847457627119,0.04847992607830327,0.053875242477803995
default,app,"Logistic (app, calibrated)",0.05966850828729282,0.3050847457627119,0.04855427703659918,0.053875242477803995
default,app,"Logistic (app, calibrated)",0.0586283185840708,0.2994350282485876,0.04857490530385041,0.053875242477803995
default,app,"Logistic (app, calibrated)",0.058693244739756366,0.2994350282485876,0.048690622191240596,0.053875242477803995
default,app,"Logistic (app, calibrated)",0.058758314855875834,0.2994350282485876,0.04872757219358594,0.053875242477803995
default,app,"Logistic (app, calibrated)",0.05823068309070549,0.2937853107344633,0.048807125071354894,0.053875242477803995
default,app,"Logistic (app, calibrated)",0.05829596412556054,0.2937853107344633,0.04884857432866873,0.053875242477803995
default,app,"Logistic (app, calibrated)",0.058361391694725026,0.2937853107344633,0.04897494371362662,0.053875242477803995
default,app,"Logistic (app, calibrated)",0.058426966292134834,0.2937853107344633,0.049019273087431744,0.053875242477803995
default,app,"Logistic (app, calibrated)",0.05869074492099323,0.2937853107344633,0.049054375733290974,0.053875242477803995
default,app,"Logistic (app, calibrated)",0.058823529411764705,0.2937853107344633,0.049093491099300855,0.053875242477803995
default,app,"Logistic (app, calibrated)",0.05889014722536806,0.2937853107344633,0.049168508654214994,0.053875242477803995
default,app,"Logistic (app, calibrated)",0.05902383654937571,0.2937853107344633,0.04934000682770891,0.053875242477803995
default,app,"Logistic (app, calibrated)",0.059293044469783354,0.2937853107344633,0.04948910039022988,0.053875242477803995
default,app,"Logistic (app, calibrated)",0.05753739930955121,0.2824858757062147,0.04973808425457601,0.053875242477803995
default,app,"Logistic (app, calibrated)",0.0576036866359447,0.2824858757062147,0.05006355004521758,0.053875242477803995
default,app,"Logistic (app, calibrated)",0.057736720554272515,0.2824858757062147,0.050118772026240634,0.053875242477803995
default,app,"Logistic (app, calibrated)",0.057803468208092484,0.2824858757062147,0.05014321458088825,0.053875242477803995
default,app,"Logistic (app, calibrated)",0.05793742757821553,0.2824858757062147,0.050174905303850416,0.053875242477803995
default,app,"Logistic (app, calibrated)",0.058004640371229696,0.2824858757062147,0.05020045976867934,0.053875242477803995
default,app,"Logistic (app, calibrated)",0.05807200929152149,0.2824858757062147,0.05021050578013862,0.053875242477803995
default,app,"Logistic (app, calibrated)",0.05813953488372093,0.2824858757062147,0.05021164795395568,0.053875242477803995
default,app,"Logistic (app, calibrated)",0.05820721769499418,0.2824858757062147,0.050229690349630374,0.053875242477803995
default,app,"Logistic (app, calibrated)",0.05841121495327103,0.2824858757062147,0.050397870103316623,0.053875242477803995
default,app,"Logistic (app, calibrated)",0.05847953216374269,0.2824858757062147,0.05068417985262334,0.053875242477803995
default,app,"Logistic (app, calibrated)",0.0585480093676815,0.2824858757062147,0.050766169638543815,0.053875242477803995
default,app,"Logistic (app, calibrated)",0.057579318448883664,0.2768361581920904,0.05105787053238962,0.053875242477803995
default,app,"Logistic (app, calibrated)",0.05764705882352941,0.2768361581920904,0.05115816710805413,0.053875242477803995
default,app,"Logistic (app, calibrated)",0.05785123966942149,0.2768361581920904,0.05116070612782109,0.053875242477803995
default,app,"Logistic (app, calibrated)",0.058056872037914695,0.2768361581920904,0.051291203910807895,0.053875242477803995
default,app,"Logistic (app, calibrated)",0.05812574139976275,0.2768361581920904,0.05140108942200183,0.053875242477803995
default,app,"Logistic (app, calibrated)",0.05819477434679335,0.2768361581920904,0.05140704441524323,0.053875242477803995
default,app,"Logistic (app, calibrated)",0.05826397146254459,0.2768361581920904,0.05163088895517258,0.053875242477803995
default,app,"Logistic (app, calibrated)",0.058402860548271755,0.2768361581920904,0.05177830376346382,0.053875242477803995
default,app,"Logistic (app, calibrated)",0.05847255369928401,0.2768361581920904,0.051786888031789616,0.053875242477803995
default,app,"Logistic (app, calibrated)",0.05854241338112306,0.2768361581920904,0.05218181202584612,0.053875242477803995
default,app,"Logistic (app, calibrated)",0.058823529411764705,0.2768361581920904,0.0522692642450867,0.053875242477803995
default,app,"Logistic (app, calibrated)",0.0592503022974607,0.2768361581920904,0.052410346557323295,0.053875242477803995
default,app,"Logistic (app, calibrated)",0.059322033898305086,0.2768361581920904,0.052586459908234115,0.053875242477803995
default,app,"Logistic (app, calibrated)",0.059393939393939395,0.2768361581920904,0.05260631103464434,0.053875242477803995
default,app,"Logistic (app, calibrated)",0.05946601941747573,0.2768361581920904,0.05271081665038533,0.053875242477803995
default,app,"Logistic (app, calibrated)",0.0603448275862069,0.2768361581920904,0.05287340790999171,0.053875242477803995
default,app,"Logistic (app, calibrated)",0.060075093867334166,0.2711864406779661,0.05295038519664972,0.053875242477803995
default,app,"Logistic (app, calibrated)",0.05919395465994962,0.2655367231638418,0.05300251754423113,0.053875242477803995
default,app,"Logistic (app, calibrated)",0.05926860025220681,0.2655367231638418,0.053080629344859166,0.053875242477803995
default,app,"Logistic (app, calibrated)",0.05968169761273209,0.2542372881355932,0.05329474089311809,0.053875242477803995
default,app,"Logistic (app, calibrated)",0.05976095617529881,0.2542372881355932,0.05329942102966993,0.053875242477803995
default,app,"Logistic (app, calibrated)",0.0598404255319149,0.2542372881355932,0.05332002734083432,0.053875242477803995
default,app,"Logistic (app, calibrated)",0.05992010652463382,0.2542372881355932,0.053363206918006556,0.053875242477803995
default,app,"Logistic (app, calibrated)",0.06008010680907877,0.2542372881355932,0.053385326959743816,0.053875242477803995
default,app,"Logistic (app, calibrated)",0.06016042780748663,0.2542372881355932,0.0534230058493028,0.053875242477803995
default,app,"Logistic (app, calibrated)",0.060240963855421686,0.2542372881355932,0.05347518649532508,0.053875242477803995
default,app,"Logistic (app, calibrated)",0.06048387096774194,0.2542372881355932,0.05349848763954905,0.053875242477803995
default,app,"Logistic (app, calibrated)",0.06128133704735376,0.24858757062146894,0.053629523988134455,0.053875242477803995
default,app,"Logistic (app, calibrated)",0.06005586592178771,0.24293785310734464,0.05368490663238901,0.053875242477803995
default,app,"Logistic (app, calibrated)",0.06030855539971949,0.24293785310734464,0.05372230516187384,0.053875242477803995
default,app,"Logistic (app, calibrated)",0.060393258426966294,0.24293785310734464,0.05382533184624425,0.053875242477803995
default,app,"Logistic (app, calibrated)",0.05907172995780591,0.23728813559322035,0.05388327068121675,0.053875242477803995
default,app,"Logistic (app, calibrated)",0.0594059405940594,0.23728813559322035,0.053959559508576324,0.053875242477803995
default,app,"Logistic (app, calibrated)",0.059248554913294796,0.23163841807909605,0.05412743548818608,0.053875242477803995
default,app,"Logistic (app, calibrated)",0.05788712011577424,0.22598870056497175,0.054410910565995674,0.053875242477803995
default,app,"Logistic (app, calibrated)",0.057971014492753624,0.22598870056497175,0.054505612150774006,0.053875242477803995
default,app,"Logistic (app, calibrated)",0.05805515239477504,0.22598870056497175,0.054543534786859006,0.053875242477803995
default,app,"Logistic (app, calibrated)",0.05830903790087463,0.22598870056497175,0.05459412286399011,0.053875242477803995
default,app,"Logistic (app, calibrated)",0.058394160583941604,0.22598870056497175,0.05471010438499528,0.053875242477803995
default,app,"Logistic (app, calibrated)",0.05701754385964912,0.22033898305084745,0.054775346255389955,0.053875242477803995
default,app,"Logistic (app, calibrated)",0.05710102489019034,0.22033898305084745,0.05478113576516911,0.053875242477803995
default,app,"Logistic (app, calibrated)",0.05718475073313783,0.22033898305084745,0.05478637949128236,0.053875242477803995
default,app,"Logistic (app, calibrated)",0.05726872246696035,0.22033898305084745,0.05486832922166307,0.053875242477803995
default,app,"Logistic (app, calibrated)",0.05752212389380531,0.22033898305084745,0.05521268491813144,0.053875242477803995
default,app,"Logistic (app, calibrated)",0.057692307692307696,0.22033898305084745,0.05546576103539388,0.053875242477803995
default,app,"Logistic (app, calibrated)",0.057057057057057055,0.21468926553672316,0.055543009645816765,0.053875242477803995
default,app,"Logistic (app, calibrated)",0.05740181268882175,0.21468926553672316,0.05554482474755131,0.053875242477803995
default,app,"Logistic (app, calibrated)",0.057488653555219364,0.21468926553672316,0.055556977986714995,0.053875242477803995
default,app,"Logistic (app, calibrated)",0.05757575757575758,0.21468926553672316,0.055573861946236126,0.053875242477803995
default,app,"Logistic (app, calibrated)",0.057663125948406675,0.21468926553672316,0.05562099547410419,0.053875242477803995
default,app,"Logistic (app, calibrated)",0.05873261205564142,0.21468926553672316,0.055629553644230514,0.053875242477803995
default,app,"Logistic (app, calibrated)",0.058823529411764705,0.21468926553672316,0.0557432758712576,0.053875242477803995
default,app,"Logistic (app, calibrated)",0.05891472868217054,0.21468926553672316,0.05574655773171779,0.053875242477803995
default,app,"Logistic (app, calibrated)",0.05745341614906832,0.20903954802259886,0.055834460257898635,0.053875242477803995
default,app,"Logistic (app, calibrated)",0.05754276827371695,0.20903954802259886,0.055851849845864984,0.053875242477803995
default,app,"Logistic (app, calibrated)",0.05763239875389408,0.20903954802259886,0.05587750353358967,0.053875242477803995
default,app,"Logistic (app, calibrated)",0.05631399317406143,0.1864406779661017,0.05603580107238487,0.053875242477803995
default,app,"Logistic (app, calibrated)",0.05641025641025641,0.1864406779661017,0.0560720825000276,0.053875242477803995
default,app,"Logistic (app, calibrated)",0.05650684931506849,0.1864406779661017,0.056079303803075964,0.053875242477803995
default,app,"Logistic (app, calibrated)",0.05660377358490566,0.1864406779661017,0.05609857643127086,0.053875242477803995
default,app,"Logistic (app, calibrated)",0.05670103092783505,0.1864406779661017,0.05616603293314395,0.053875242477803995
default,app,"Logistic (app, calibrated)",0.056896551724137934,0.1864406779661017,0.0567298195359215,0.053875242477803995
default,app,"Logistic (app, calibrated)",0.05709342560553633,0.1864406779661017,0.05696046713485362,0.053875242477803995
default,app,"Logistic (app, calibrated)",0.05719237435008666,0.1864406779661017,0.0572542703832155,0.053875242477803995
default,app,"Logistic (app, calibrated)",0.05779334500875657,0.1864406779661017,0.05738730718596926,0.053875242477803995
default,app,"Logistic (app, calibrated)",0.05789473684210526,0.1864406779661017,0.057402995990650706,0.053875242477803995
default,app,"Logistic (app, calibrated)",0.05799648506151142,0.1864406779661017,0.05766912753968684,0.053875242477803995
default,app,"Logistic (app, calibrated)",0.05830388692579505,0.1864406779661017,0.05776520001146453,0.053875242477803995
default,app,"Logistic (app, calibrated)",0.058823529411764705,0.1864406779661017,0.057893464967649244,0.053875242477803995
default,app,"Logistic (app, calibrated)",0.05892857142857143,0.1864406779661017,0.057961410821037763,0.053875242477803995
default,app,"Logistic (app, calibrated)",0.05935251798561151,0.1864406779661017,0.0580030744682297,0.053875242477803995
default,app,"Logistic (app, calibrated)",0.060218978102189784,0.1864406779661017,0.05811067994498546,0.053875242477803995
default,app,"Logistic (app, calibrated)",0.06088560885608856,0.1864406779661017,0.05830174595783209,0.053875242477803995
default,app,"Logistic (app, calibrated)",0.05947955390334572,0.1807909604519774,0.05891380212043869,0.053875242477803995
default,app,"Logistic (app, calibrated)",0.06095238095238095,0.1807909604519774,0.058934351797022555,0.053875242477803995
default,app,"Logistic (app, calibrated)",0.061068702290076333,0.1807909604519774,0.05903887150828295,0.053875242477803995
default,app,"Logistic (app, calibrated)",0.07029478458049887,0.1751412429378531,0.05944159343560858,0.053875242477803995
default,app,"Logistic (app, calibrated)",0.07045454545454545,0.1751412429378531,0.059613774551528345,0.053875242477803995
default,app,"Logistic (app, calibrated)",0.0731070496083551,0.15819209039548024,0.05968314403647788,0.053875242477803995
default,app,"Logistic (app, calibrated)",0.07387862796833773,0.15819209039548024,0.059972327222701495,0.053875242477803995
default,app,"Logistic (app, calibrated)",0.07407407407407407,0.15819209039548024,0.06003956560919845,0.053875242477803995
default,app,"Logistic (app, calibrated)",0.07427055702917772,0.15819209039548024,0.06094468804215145,0.053875242477803995
default,app,"Logistic (app, calibrated)",0.07336956521739131,0.15254237288135594,0.06097372524083626,0.053875242477803995
default,app,"Logistic (app, calibrated)",0.07377049180327869,0.15254237288135594,0.06116639107385968,0.053875242477803995
default,app,"Logistic (app, calibrated)",0.0743801652892562,0.15254237288135594,0.061830621533786045,0.053875242477803995
default,app,"Logistic (app, calibrated)",0.07458563535911603,0.15254237288135594,0.06193978019632749,0.053875242477803995
default,app,"Logistic (app, calibrated)",0.07479224376731301,0.15254237288135594,0.0621073864607203,0.053875242477803995
default,app,"Logistic (app, calibrated)",0.07520891364902507,0.15254237288135594,0.06257687904203427,0.053875242477803995
default,app,"Logistic (app, calibrated)",0.07584269662921349,0.15254237288135594,0.06282592281108287,0.053875242477803995
default,app,"Logistic (app, calibrated)",0.07267441860465117,0.14124293785310735,0.06288205608869266,0.053875242477803995
default,app,"Logistic (app, calibrated)",0.07309941520467836,0.14124293785310735,0.06291837225267777,0.053875242477803995
default,app,"Logistic (app, calibrated)",0.0712166172106825,0.13559322033898305,0.06334668217860949,0.053875242477803995
default,app,"Logistic (app, calibrated)",0.07142857142857142,0.13559322033898305,0.06370487780906926,0.053875242477803995
default,app,"Logistic (app, calibrated)",0.07164179104477612,0.13559322033898305,0.0638751171459363,0.053875242477803995
default,app,"Logistic (app, calibrated)",0.0718562874251497,0.13559322033898305,0.06391672221560049,0.053875242477803995
default,app,"Logistic (app, calibrated)",0.07228915662650602,0.13559322033898305,0.06424928574330088,0.053875242477803995
default,app,"Logistic (app, calibrated)",0.07272727272727272,0.13559322033898305,0.06435955909824201,0.053875242477803995
default,app,"Logistic (app, calibrated)",0.0729483282674772,0.13559322033898305,0.06447691405138214,0.053875242477803995
default,app,"Logistic (app, calibrated)",0.07339449541284404,0.13559322033898305,0.0647747185624872,0.053875242477803995
default,app,"Logistic (app, calibrated)",0.07384615384615385,0.13559322033898305,0.06507245755945182,0.053875242477803995
default,app,"Logistic (app, calibrated)",0.07407407407407407,0.13559322033898305,0.06513464504211365,0.053875242477803995
default,app,"Logistic (app, calibrated)",0.07430340557275542,0.13559322033898305,0.06547542976667195,0.053875242477803995
default,app,"Logistic (app, calibrated)",0.07453416149068323,0.13559322033898305,0.06580454807593972,0.053875242477803995
default,app,"Logistic (app, calibrated)",0.07792207792207792,0.13559322033898305,0.06679417677933684,0.053875242477803995
default,app,"Logistic (app, calibrated)",0.07894736842105263,0.13559322033898305,0.06745238996937136,0.053875242477803995
default,app,"Logistic (app, calibrated)",0.07920792079207921,0.13559322033898305,0.06772588770755524,0.053875242477803995
default,app,"Logistic (app, calibrated)",0.07947019867549669,0.13559322033898305,0.06913788140927306,0.053875242477803995
default,app,"Logistic (app, calibrated)",0.08304498269896193,0.13559322033898305,0.06929180799671086,0.053875242477803995
default,app,"Logistic (app, calibrated)",0.08333333333333333,0.13559322033898305,0.06933816728293085,0.053875242477803995
default,app,"Logistic (app, calibrated)",0.08362369337979095,0.13559322033898305,0.069786719881296,0.053875242477803995
default,app,"Logistic (app, calibrated)",0.08391608391608392,0.13559322033898305,0.06996877995394002,0.053875242477803995
default,app,"Logistic (app, calibrated)",0.08540925266903915,0.13559322033898305,0.0700211694482484,0.053875242477803995
default,app,"Logistic (app, calibrated)",0.08571428571428572,0.13559322033898305,0.07004247642328547,0.053875242477803995
default,app,"Logistic (app, calibrated)",0.08633093525179857,0.13559322033898305,0.07013942444484014,0.053875242477803995
default,app,"Logistic (app, calibrated)",0.08664259927797834,0.13559322033898305,0.07034094727791551,0.053875242477803995
default,app,"Logistic (app, calibrated)",0.08695652173913043,0.13559322033898305,0.07072025824438116,0.053875242477803995
default,app,"Logistic (app, calibrated)",0.08727272727272728,0.13559322033898305,0.07092116090632097,0.053875242477803995
default,app,"Logistic (app, calibrated)",0.08921933085501858,0.13559322033898305,0.07136451066001555,0.053875242477803995
default,app,"Logistic (app, calibrated)",0.08646616541353383,0.12994350282485875,0.07137048652707578,0.053875242477803995
default,app,"Logistic (app, calibrated)",0.08679245283018867,0.12994350282485875,0.07138467008957296,0.053875242477803995
default,app,"Logistic (app, calibrated)",0.08812260536398467,0.12994350282485875,0.0720097498191303,0.053875242477803995
default,app,"Logistic (app, calibrated)",0.08949416342412451,0.12994350282485875,0.07253066688400071,0.053875242477803995
default,app,"Logistic (app, calibrated)",0.0859375,0.12429378531073447,0.07257978985612129,0.053875242477803995
default,app,"Logistic (app, calibrated)",0.0873015873015873,0.12429378531073447,0.0727838107868167,0.053875242477803995
default,app,"Logistic (app, calibrated)",0.08764940239043825,0.12429378531073447,0.07340015250295963,0.053875242477803995
default,app,"Logistic (app, calibrated)",0.088,0.12429378531073447,0.07340478254571292,0.053875242477803995
default,app,"Logistic (app, calibrated)",0.08870967741935484,0.12429378531073447,0.07353984119592734,0.053875242477803995
default,app,"Logistic (app, calibrated)",0.08943089430894309,0.12429378531073447,0.07363785860497356,0.053875242477803995
default,app,"Logistic (app, calibrated)",0.08979591836734693,0.12429378531073447,0.07367323289104633,0.053875242477803995
default,app,"Logistic (app, calibrated)",0.09016393442622951,0.12429378531073447,0.07387209446581097,0.053875242477803995
default,app,"Logistic (app, calibrated)",0.09053497942386832,0.12429378531073447,0.07454706325196611,0.053875242477803995
default,app,"Logistic (app, calibrated)",0.08450704225352113,0.1016949152542373,0.0754275376738022,0.053875242477803995
default,app,"Logistic (app, calibrated)",0.08571428571428572,0.1016949152542373,0.07547834058075897,0.053875242477803995
default,app,"Logistic (app, calibrated)",0.0861244019138756,0.1016949152542373,0.07555580262998692,0.053875242477803995
default,app,"Logistic (app, calibrated)",0.08653846153846154,0.1016949152542373,0.07601930114974219,0.053875242477803995
default,app,"Logistic (app, calibrated)",0.08695652173913043,0.1016949152542373,0.07641121369706078,0.053875242477803995
default,app,"Logistic (app, calibrated)",0.08737864077669903,0.1016949152542373,0.07652563658940735,0.053875242477803995
default,app,"Logistic (app, calibrated)",0.08780487804878048,0.1016949152542373,0.07658355439293488,0.053875242477803995
default,app,"Logistic (app, calibrated)",0.08823529411764706,0.1016949152542373,0.07677094497758155,0.053875242477803995
default,app,"Logistic (app, calibrated)",0.08866995073891626,0.1016949152542373,0.07734548169881554,0.053875242477803995
default,app,"Logistic (app, calibrated)",0.0891089108910891,0.1016949152542373,0.07742321944122395,0.053875242477803995
default,app,"Logistic (app, calibrated)",0.08955223880597014,0.1016949152542373,0.0774456139766038,0.053875242477803995
default,app,"Logistic (app, calibrated)",0.09230769230769231,0.1016949152542373,0.07766130771149941,0.053875242477803995
default,app,"Logistic (app, calibrated)",0.09278350515463918,0.1016949152542373,0.07789787010331661,0.053875242477803995
default,app,"Logistic (app, calibrated)",0.09326424870466321,0.1016949152542373,0.0785073678028727,0.053875242477803995
default,app,"Logistic (app, calibrated)",0.09375,0.1016949152542373,0.07871065727645743,0.053875242477803995
default,app,"Logistic (app, calibrated)",0.09424083769633508,0.1016949152542373,0.07912086782577069,0.053875242477803995
default,app,"Logistic (app, calibrated)",0.0962566844919786,0.1016949152542373,0.07943717718392096,0.053875242477803995
default,app,"Logistic (app, calibrated)",0.09782608695652174,0.1016949152542373,0.07948210511757256,0.053875242477803995
default,app,"Logistic (app, calibrated)",0.09836065573770492,0.1016949152542373,0.07976748467871328,0.053875242477803995
default,app,"Logistic (app, calibrated)",0.0989010989010989,0.1016949152542373,0.08068306566822572,0.053875242477803995
default,app,"Logistic (app, calibrated)",0.09770114942528736,0.096045197740113,0.08117788639572664,0.053875242477803995
default,app,"Logistic (app, calibrated)",0.09826589595375723,0.096045197740113,0.08201941855040837,0.053875242477803995
default,app,"Logistic (app, calibrated)",0.08823529411764706,0.0847457627118644,0.08223803425603875,0.053875242477803995
default,app,"Logistic (app, calibrated)",0.08982035928143713,0.0847457627118644,0.08236832922166307,0.053875242477803995
default,app,"Logistic (app, calibrated)",0.08588957055214724,0.07909604519774012,0.08253729164350539,0.053875242477803995
default,app,"Logistic (app, calibrated)",0.08641975308641975,0.07909604519774012,0.0829711248434267,0.053875242477803995
default,app,"Logistic (app, calibrated)",0.08695652173913043,0.07909604519774012,0.08297479689788241,0.053875242477803995
default,app,"Logistic (app, calibrated)",0.0875,0.07909604519774012,0.08375170558601111,0.053875242477803995
default,app,"Logistic (app, calibrated)",0.08917197452229299,0.07909604519774012,0.08392049010492524,0.053875242477803995
default,app,"Logistic (app, calibrated)",0.08974358974358974,0.07909604519774012,0.08479257164590548,0.053875242477803995
default,app,"Logistic (app, calibrated)",0.08496732026143791,0.07344632768361582,0.08523591621443628,0.053875242477803995
default,app,"Logistic (app, calibrated)",0.07947019867549669,0.06779661016949153,0.0853027122690044,0.053875242477803995
default,app,"Logistic (app, calibrated)",0.07692307692307693,0.062146892655367235,0.0853699066014931,0.053875242477803995
default,app,"Logistic (app, calibrated)",0.07746478873239436,0.062146892655367235,0.08595981205909035,0.053875242477803995
default,app,"Logistic (app, calibrated)",0.07801418439716312,0.062146892655367235,0.08596092545903893,0.053875242477803995
default,app,"Logistic (app, calibrated)",0.07857142857142857,0.062146892655367235,0.08698675689769209,0.053875242477803995
default,app,"Logistic (app, calibrated)",0.07913669064748201,0.062146892655367235,0.08705630328716055,0.053875242477803995
default,app,"Logistic (app, calibrated)",0.0859375,0.062146892655367235,0.08808524504155546,0.053875242477803995
default,app,"Logistic (app, calibrated)",0.08661417322834646,0.062146892655367235,0.08833055556163516,0.053875242477803995
default,app,"Logistic (app, calibrated)",0.0873015873015873,0.062146892655367235,0.08922165351715841,0.053875242477803995
default,app,"Logistic (app, calibrated)",0.088,0.062146892655367235,0.0899291794272929,0.053875242477803995
default,app,"Logistic (app, calibrated)",0.08870967741935484,0.062146892655367235,0.09014030938646192,0.053875242477803995
default,app,"Logistic (app, calibrated)",0.08943089430894309,0.062146892655367235,0.09378626107977436,0.053875242477803995
default,app,"Logistic (app, calibrated)",0.08849557522123894,0.05649717514124294,0.09384130011793708,0.053875242477803995
default,app,"Logistic (app, calibrated)",0.08928571428571429,0.05649717514124294,0.09396847006774836,0.053875242477803995
default,app,"Logistic (app, calibrated)",0.09009009009009009,0.05649717514124294,0.09421978587957311,0.053875242477803995
default,app,"Logistic (app, calibrated)",0.09090909090909091,0.05649717514124294,0.09450548321038607,0.053875242477803995
default,app,"Logistic (app, calibrated)",0.09259259259259259,0.05649717514124294,0.09609473141548822,0.053875242477803995
default,app,"Logistic (app, calibrated)",0.09345794392523364,0.05649717514124294,0.09649022707896601,0.053875242477803995
default,app,"Logistic (app, calibrated)",0.09433962264150944,0.05649717514124294,0.09683879605780782,0.053875242477803995
default,app,"Logistic (app, calibrated)",0.09523809523809523,0.05649717514124294,0.09691878996890717,0.053875242477803995
default,app,"Logistic (app, calibrated)",0.09615384615384616,0.05649717514124294,0.09740403393502375,0.053875242477803995
default,app,"Logistic (app, calibrated)",0.09900990099009901,0.05649717514124294,0.09755498685049174,0.053875242477803995
default,app,"Logistic (app, calibrated)",0.10309278350515463,0.05649717514124294,0.09803741987172539,0.053875242477803995
default,app,"Logistic (app, calibrated)",0.10638297872340426,0.05649717514124294,0.09885090903867769,0.053875242477803995
default,app,"Logistic (app, calibrated)",0.10752688172043011,0.05649717514124294,0.0991916011578933,0.053875242477803995
default,app,"Logistic (app, calibrated)",0.10869565217391304,0.05649717514124294,0.09936833336234849,0.053875242477803995
default,app,"Logistic (app, calibrated)",0.10344827586206896,0.05084745762711865,0.09938945025782082,0.053875242477803995
default,app,"Logistic (app, calibrated)",0.10465116279069768,0.05084745762711865,0.09990037191837642,0.053875242477803995
default,app,"Logistic (app, calibrated)",0.10588235294117647,0.05084745762711865,0.10003066688400072,0.053875242477803995
default,app,"Logistic (app, calibrated)",0.11392405063291139,0.05084745762711865,0.10084345405714153,0.053875242477803995
default,app,"Logistic (app, calibrated)",0.11538461538461539,0.05084745762711865,0.10170612467738734,0.053875242477803995
default,app,"Logistic (app, calibrated)",0.1267605633802817,0.05084745762711865,0.101720424079495,0.053875242477803995
default,app,"Logistic (app, calibrated)",0.12857142857142856,0.05084745762711865,0.10266661535621766,0.053875242477803995
default,app,"Logistic (app, calibrated)",0.13043478260869565,0.05084745762711865,0.10370441816870217,0.053875242477803995
default,app,"Logistic (app, calibrated)",0.11764705882352941,0.04519774011299435,0.10379302215091549,0.053875242477803995
default,app,"Logistic (app, calibrated)",0.11940298507462686,0.04519774011299435,0.10546223190180057,0.053875242477803995
default,app,"Logistic (app, calibrated)",0.12121212121212122,0.04519774011299435,0.10591511104052179,0.053875242477803995
default,app,"Logistic (app, calibrated)",0.12307692307692308,0.04519774011299435,0.10656703858504309,0.053875242477803995
default,app,"Logistic (app, calibrated)",0.12698412698412698,0.04519774011299435,0.10836733079203202,0.053875242477803995
default,app,"Logistic (app, calibrated)",0.11290322580645161,0.03954802259887006,0.10856886977542654,0.053875242477803995
default,app,"Logistic (app, calibrated)",0.1206896551724138,0.03954802259887006,0.10876682960295,0.053875242477803995
default,app,"Logistic (app, calibrated)",0.10526315789473684,0.03389830508474576,0.11027808222900859,0.053875242477803995
default,app,"Logistic (app, calibrated)",0.10714285714285714,0.03389830508474576,0.11401412853213304,0.053875242477803995
default,app,"Logistic (app, calibrated)",0.10909090909090909,0.03389830508474576,0.1160635223401593,0.053875242477803995
default,app,"Logistic (app, calibrated)",0.09259259259259259,0.02824858757062147,0.1179622161550743,0.053875242477803995
default,app,"Logistic (app, calibrated)",0.06818181818181818,0.01694915254237288,0.11829658955653603,0.053875242477803995
default,app,"Logistic (app, calibrated)",0.06976744186046512,0.01694915254237288,0.12107885967813799,0.053875242477803995
default,app,"Logistic (app, calibrated)",0.07317073170731707,0.01694915254237288,0.12132532916072283,0.053875242477803995
default,app,"Logistic (app, calibrated)",0.075,0.01694915254237288,0.12217535090620815,0.053875242477803995
default,app,"Logistic (app, calibrated)",0.05714285714285714,0.011299435028248588,0.1225855571035616,0.053875242477803995
default,app,"Logistic (app, calibrated)",0.06451612903225806,0.011299435028248588,0.12708210639724757,0.053875242477803995
default,app,"Logistic (app, calibrated)",0.06666666666666667,0.011299435028248588,0.1292522237702283,0.053875242477803995
default,app,"Logistic (app, calibrated)",0.05555555555555555,0.005649717514124294,0.13236469610635454,0.053875242477803995
default,app,"Logistic (app, calibrated)",0.058823529411764705,0.005649717514124294,0.13758868296753396,0.053875242477803995
default,app,"Logistic (app, calibrated)",0.0625,0.005649717514124294,0.13818132623418164,0.053875242477803995
default,app,"Logistic (app, calibrated)",0.06666666666666667,0.005649717514124294,0.14137017391076775,0.053875242477803995
default,app,"Logistic (app, calibrated)",0.07142857142857142,0.005649717514124294,0.1438858772219976,0.053875242477803995
default,app,"Logistic (app, calibrated)",0.125,0.005649717514124294,0.14939685567349262,0.053875242477803995
default,app,"Logistic (app, calibrated)",0.0,0.0,0.15979719632818618,0.053875242477803995
default,app,"Logistic (app, calibrated)",0.0,0.0,0.18508555710356162,0.053875242477803995
default,app,"Logistic (app, calibrated)",0.0,0.0,0.1917522237702283,0.053875242477803995
default,app,"Logistic (app, calibrated)",0.0,0.0,0.20145678076712561,0.053875242477803995
default,app,"Logistic (app, calibrated)",1.0,0.0,,0.053875242477803995
