PC1,PC2,default,high_debt_burden,cluster,STU_ID
-1.9293858649586466,0.3288070566984885,0.0,0.0,1,10002
0.867807668982066,0.8277484337844142,0.0,1.0,0,10003
-0.7767202451486729,-0.6153379683879605,0.0,0.0,1,10007
1.3122702865942877,0.10125344336013421,0.0,,0,10011
1.6031696049780892,0.7394173332329798,0.0,1.0,0,10018
-1.3278655504083623,0.3794324280591698,0.0,0.0,1,10019
-1.1755613329472332,0.36657295006336926,0.0,0.0,1,10020
0.021936826422391382,1.0391391454372483,0.0,0.0,1,10022
3.4401401662269144,2.449642003641902,0.0,1.0,3,10026
-0.055811425355012434,-0.6846424221236826,0.0,1.0,0,10027
2.017212007367734,0.09616249669595572,0.0,1.0,3,10036
-1.8133548809749276,-0.5285505225532741,0.0,0.0,1,10043
3.775897568808008,0.8124891318178454,0.0,1.0,3,10049
-0.16949233622582807,-1.8400516238054716,0.0,,0,10052
-1.3439155842946584,-0.08092248069462998,0.0,0.0,1,10054
0.2836424805570118,1.9052130753390084,0.0,,0,10055
-2.2434787567516894,0.477788519534776,0.0,0.0,1,10056
-1.7020153023863018,0.8079036488659945,0.0,,1,10057
1.7762136621215554,0.311414528698546,0.0,1.0,0,10061
-1.4888826143076814,-0.001023011115625847,0.0,0.0,1,10063
-1.8549454836859258,0.1691898644655903,0.0,0.0,1,10064
-1.9566988899356794,-0.08730777850513069,0.0,0.0,1,10072
-0.9015046523070065,-0.38210239467177676,0.0,0.0,1,10074
2.110099857811006,3.8454322271361896,0.0,0.0,3,10078
0.8349787123819168,-0.7948004982517416,0.0,,0,10081
-1.7653587029551399,0.6834505533019852,0.0,0.0,1,10089
-2.1483170102428253,-1.018025901680119,0.0,0.0,1,10090
0.19677111901438463,-0.9984901294973954,0.0,1.0,0,10093
-2.3184939123272077,1.0360037659965833,0.0,0.0,2,10095
3.160134513874427,-4.396910487960818,0.0,1.0,0,10096
1.7716659000279595,0.7149379623397946,0.0,1.0,0,10105
1.332721540404506,0.2911873394489517,0.0,0.0,0,10107
0.8434093556490889,-0.19492130244154837,0.0,1.0,0,10110
-1.591236090735956,0.5980306451476889,0.0,,1,10116
2.902325123729589,-0.06831709937084368,0.0,1.0,3,10117
-2.2553655546861573,-0.8198966316333378,0.0,0.0,1,10118
-0.12916261824298292,2.1777591787926442,0.0,,3,10123
-2.163160960440363,0.2323327874926644,0.0,0.0,1,10127
-0.8241546996196016,0.45336371371595646,0.0,0.0,1,10128
-0.17199804218949905,2.2425691226176863,0.0,,3,10129
-0.20435809802889016,0.2834797667269098,0.0,0.0,1,10132
0.16140260100456424,-0.37545332376500384,0.0,1.0,0,10138
0.1429848979798137,1.5910082360260083,0.0,,1,10143
-1.32482083121691,0.40522682848986014,0.0,0.0,1,10145
-1.0587895040371624,1.3705794492696362,0.0,0.0,1,10158
-1.109388120581213,0.9356354408233469,0.0,0.0,1,10160
-1.7641527704068174,0.984169456276918,0.0,0.0,1,10165
-2.407015676654233,-0.8539931220909076,0.0,,1,10172
-1.0778795980233642,1.842294358197772,0.0,0.0,1,10180
-1.319840048757163,0.2408362501514342,0.0,0.0,1,10183
1.0197804530482666,-0.4547155761094365,0.0,,0,10187
3.765200439462643,-1.2846627356523652,0.0,1.0,3,10189
2.00699314118288,-0.5867930683536624,0.0,1.0,0,10192
-0.09639414949900475,1.5942842658696839,0.0,0.0,1,10195
-1.6223537607929093,-0.08763367976063584,0.0,0.0,1,10196
-1.7828574212999213,0.7950673446721813,0.0,0.0,1,10204
-1.0757398239010543,0.555437129119639,0.0,0.0,1,10205
1.8901390243472096,-0.013241320727967493,0.0,,0,10206
1.5958687961781752,-0.7365121936564354,0.0,,0,10207
-0.4571195860702359,1.8450690236164733,0.0,0.0,1,10211
-1.120856201028611,0.7876418074160159,0.0,0.0,1,10216
1.816297771340306,0.2777236066292114,0.0,1.0,3,10217
2.300884612308375,1.1979718416231167,0.0,1.0,3,10226
1.3120123267352755,0.08328724250019391,0.0,,0,10234
0.12434614184663517,-0.012564931717621877,0.0,0.0,0,10241
-1.1499644080590645,-0.8597488695253285,0.0,0.0,1,10248
1.488846484276204,0.07872240324316168,0.0,1.0,0,10252
-0.5051679271409201,1.3034456970778363,0.0,0.0,1,10257
-1.7454836772888327,0.4013476225048407,0.0,0.0,1,10259
-0.7968865184268089,-2.0326472655525767,0.0,1.0,0,10275
-2.2436615262525645,0.1895995194309574,0.0,,1,10278
-0.23801837668091982,0.9945671449455482,0.0,0.0,2,10283
1.649223940073935,1.3961691586118279,0.0,0.0,3,10286
1.4241789297433693,-1.5142218289461782,0.0,,0,10287
4.374157838923,-3.1382967494340197,0.0,1.0,0,10288
1.2191353287541655,-1.7920707948118892,0.0,1.0,0,10302
-1.535998700509602,0.8412531376320141,0.0,0.0,1,10303
-1.2385210874738264,0.6090125599486051,0.0,0.0,1,10304
2.706229711506864,0.30026757302707296,0.0,1.0,3,10312
0.5101028855736828,2.6284293358173043,0.0,0.0,3,10317
-0.7778509820396915,1.6581146147569978,0.0,0.0,1,10322
-0.2038251400899132,0.4512145238243877,0.0,0.0,1,10324
-0.6923362775217663,-0.6766445561198763,0.0,0.0,1,10325
0.29310038121700743,2.3193567660811643,0.0,0.0,3,10331
-1.110541265971373,1.2168676501420872,0.0,,1,10334
1.2144605800463837,-1.2963655140645454,0.0,,0,10339
-1.309272474392837,0.7447689038655443,0.0,0.0,1,10340
-3.2004151997385817,-0.8620567165758775,0.0,0.0,1,10342
1.5718034347193033,-0.4113224107705603,0.0,1.0,3,10352
0.47564836597787485,-1.672808925659862,0.0,,0,10357
-2.0028232600380877,0.30501447528813297,0.0,0.0,1,10359
-1.8879004585860315,0.19093565421190348,0.0,0.0,1,10364
0.6551839769017518,-0.15081806739732792,0.0,1.0,0,10365
-1.0009487170787414,-0.36549440945718276,0.0,0.0,1,10367
0.9290050217889344,-0.035914481735807996,0.0,0.0,3,10369
2.0779183219351287,2.9307417887155025,0.0,1.0,3,10372
-0.10942296713842159,0.37186430232128287,0.0,0.0,0,10373
1.9558328135668315,2.8400442986714896,0.0,0.0,3,10383
0.19186505439232787,-2.782982498507906,0.0,1.0,0,10384
0.7518761517507382,1.2455039212572476,0.0,1.0,0,10385
1.597141501723508,-1.6933255051095517,0.0,,0,10387
0.9529599514864888,2.4732313256891922,0.0,,3,10389
-1.1200576632127188,-0.9532233532254305,0.0,,1,10391
1.3298841037814453,-0.9502963778331318,0.0,,0,10392
-0.5048635615704228,2.4901109444454486,0.0,0.0,1,10393
1.1845911845647614,-0.2565657335236648,0.0,0.0,0,10396
-0.8080744600943752,0.04992922769701227,0.0,0.0,1,10398
2.503219330756533,0.3974582434583356,0.0,1.0,2,10400
1.9381678179776816,-0.7358078163445403,0.0,1.0,0,10402
2.0048786610454847,0.9452871144819013,0.0,0.0,3,10409
-0.798787232346863,1.857748820054637,0.0,0.0,1,10411
1.1437922799529554,-0.06674928666449897,0.0,1.0,0,10417
-0.9256044748659187,1.865427531917071,0.0,0.0,1,10419
-1.1450857822453164,0.8234725516176585,0.0,0.0,1,10425
-1.7332468974384474,0.0008639452547150111,0.0,0.0,1,10427
0.9057836360461188,-1.2583430082773859,0.0,1.0,0,10429
0.47757140167259005,-0.3371678027628689,0.0,,0,10430
-2.537893960774091,-0.7500270110472489,0.0,0.0,1,10431
-0.7261674727990888,-0.05048439806818843,0.0,,1,10432
0.4823019898036942,-0.44722355916782813,0.0,1.0,0,10433
-3.6839729002477215,-1.4306275039391687,0.0,,1,10435
0.29664965716304936,1.4055634217398298,0.0,1.0,3,10445
-0.5502040309289253,0.9975766005685698,0.0,0.0,1,10448
-1.479781031631769,-0.07194296162079303,0.0,,1,10450
-0.041956937712088076,0.5204946616014642,0.0,0.0,1,10456
0.8357798683856245,0.40682126259133117,0.0,,0,10457
-0.18564776512414638,2.2408406094129347,0.0,0.0,3,10464
-2.009145777490511,-0.5704760448445924,0.0,0.0,1,10468
0.7882673786849987,1.3281408735929583,0.0,,3,10481
-0.7001009596426495,0.7055451080328048,0.0,1.0,1,10483
-1.1530937554390435,0.34894554028494784,0.0,0.0,1,10485
1.3519777853230626,-0.9355448524504847,0.0,1.0,3,10492
-0.047310111074191176,-1.4580975966366108,0.0,,0,10493
-2.030502359526812,-0.6494538158466926,0.0,0.0,1,10500
-0.058903507464368156,0.4455724178354157,0.0,1.0,1,10504
-0.4168249729186403,0.4755307087737491,0.0,,1,10505
-0.11015232591004755,0.43091251772285666,0.0,0.0,1,10506
0.8907509564325324,-0.7094270866545915,0.0,,0,10508
0.46273215219423836,-0.8996372707223569,0.0,1.0,0,10518
-1.8531368291403614,-0.2845882596369884,0.0,0.0,1,10519
-2.5604035075053786,0.14732321241386528,0.0,0.0,2,10525
0.3263102073220726,-0.3548792293082825,0.0,1.0,0,10533
2.481435726345231,1.6092728690507483,0.0,0.0,3,10535
-0.18396346602542232,-0.955679609148344,0.0,0.0,0,10541
0.9005459062396516,-0.6950147348746201,0.0,1.0,0,10550
0.5265041485585303,0.3932802018488459,0.0,0.0,2,10553
2.288180836626588,1.7292690633573797,0.0,1.0,3,10559
0.7040519581968796,-0.5425243110312625,0.0,1.0,0,10560
-1.4775806202661688,0.235548295632602,0.0,0.0,1,10562
2.789397771877236,0.3788231812347843,0.0,1.0,3,10564
0.8964145478017754,-0.25737135590880655,0.0,1.0,0,10582
-0.4337165110465713,2.413635047060601,0.0,0.0,1,10588
-0.30208433225828907,0.07472584125112983,0.0,0.0,1,10589
-0.5820762760008861,-2.2229543206853717,0.0,1.0,0,10594
1.2093404259060176,-0.7594009508292793,0.0,1.0,0,10599
-0.07590993500353187,1.2641281910150883,0.0,0.0,1,10603
-0.6045564499353526,1.8432642278550802,0.0,0.0,1,10604
-1.050604158367095,-1.4214933928260522,0.0,0.0,1,10606
-1.9991719993450272,0.19881849073551636,0.0,,1,10608
-0.6955478948691971,-0.2411430439012621,1.0,1.0,1,10615
0.6496606007956047,-1.1082885155101723,0.0,1.0,0,10616
1.5509752617857955,-1.2364323034406806,0.0,1.0,0,10619
0.8698419440521791,-0.803208235447907,0.0,,0,10621
0.7569184244150209,-1.58909951243906,0.0,1.0,0,10632
-0.766712887411153,0.8861518319543193,0.0,0.0,1,10641
-2.2541242311670255,-0.6417995401082329,0.0,0.0,1,10649
1.0277598980659108,1.9078568971397845,0.0,0.0,2,10653
-1.0513525581176604,1.2079684727466984,0.0,0.0,1,10654
-0.8387990410436859,1.6101467215019039,0.0,0.0,1,10661
-1.522676893801105,0.24913911999162927,0.0,0.0,1,10665
-1.8631245402535044,-0.5090137836753922,0.0,,1,10668
0.6906556631613744,-0.5434125207316356,0.0,1.0,0,10669
-0.5999963046074909,1.567411688188828,0.0,0.0,1,10674
0.6125809001338282,0.8640983728413801,0.0,,0,10678
-1.462518465933956,0.7761566596660366,0.0,0.0,1,10680
-1.9576784406511474,-0.09865413788827866,0.0,0.0,1,10688
-2.498697578124068,-0.7499520604516009,1.0,0.0,1,10689
-1.4723545562695237,1.6587632176232203,0.0,0.0,1,10690
1.383927202612181,-3.004351219771589,0.0,1.0,0,10695
-2.8242402072815107,-1.0810142632028803,0.0,0.0,1,10699
-0.805595317023974,1.514343002262416,0.0,0.0,1,10700
0.7641990190107641,-0.20915357512378804,0.0,0.0,0,10705
0.34175045114598024,0.960422514582729,0.0,0.0,0,10708
3.3615443974578962,-1.3513756552512262,0.0,,0,10713
-0.9594917255870085,-1.2729668301735089,0.0,0.0,1,10716
1.9806852589321173,-0.9182550125760075,0.0,1.0,3,10720
-2.5624758275448802,0.36285436844862834,0.0,,1,10721
0.842447029522382,-0.689033607607296,0.0,1.0,0,10724
1.503236403793404,0.5483139754010083,0.0,1.0,0,10725
2.505605151464483,1.0330712929307277,0.0,1.0,3,10728
-1.9379390393753742,-0.2718807728572764,0.0,0.0,1,10730
1.3928947182508626,-1.0002324181996205,0.0,1.0,3,10731
-1.6322716200150045,0.08693614132575088,0.0,,1,10732
-0.15861547240057927,-0.7839910043457783,0.0,1.0,0,10733
-0.8954724010306193,1.0770356109775405,0.0,0.0,1,10734
-0.7338751851106686,1.245818898431504,0.0,,1,10735
1.3601877956384774,-0.4546783968582188,0.0,1.0,0,10736
-0.6358585150550151,1.186043755988743,0.0,,2,10744
1.8163643873123279,2.730539239424634,0.0,0.0,3,10745
1.7548330118756565,0.8378037940494263,0.0,1.0,0,10751
-0.44087565135620144,0.08437299861901615,0.0,0.0,1,10758
-2.1815769008241714,-0.18184230463581272,0.0,0.0,1,10759
0.5043692757935944,2.3539345207324014,0.0,0.0,3,10761
0.8092395253859102,-0.8972381970152202,0.0,,0,10762
-1.1590294199920423,-2.1935476291619547,0.0,0.0,1,10767
1.0030224884990662,1.5981352492692802,0.0,0.0,3,10769
1.134422887404445,-1.2139487413663603,0.0,1.0,0,10770
-1.1136850770522064,0.10920842680411004,0.0,,1,10771
0.4863800726203003,-1.7178956911227283,0.0,1.0,0,10775
-2.25555383366321,0.32506117940971746,1.0,,1,10776
-1.410779167248904,1.6403075440456159,0.0,,1,10782
-1.1220828844676416,1.0271604613637766,0.0,0.0,1,10789
-2.489078917956974,0.19282929534308324,0.0,0.0,1,10794
0.18463436624561058,-2.2242196498546507,0.0,1.0,0,10798
-0.9317135561107253,1.257857777137953,0.0,0.0,1,10808
0.4125300567187908,-0.48243476056219625,0.0,1.0,0,10815
1.1635453382229135,0.14841654590855016,0.0,1.0,0,10818
2.194101437180667,1.302501898500794,0.0,1.0,3,10819
-0.351382492818618,-0.09258866843642552,0.0,0.0,2,10822
-0.36827927070093436,1.4999346808067422,0.0,,1,10823
1.7099291024457948,2.0779274172923565,0.0,1.0,3,10827
0.3019496954596965,-1.1475630637175702,0.0,,0,10830
-1.1562502670677075,0.1850092070706366,0.0,,2,10834
1.9253844715408484,0.04783719945428166,0.0,1.0,3,10836
-1.5930126636701918,0.7019088350554934,0.0,0.0,1,10837
0.8362103202353292,-0.10669276735539251,0.0,0.0,0,10840
0.18899873559871674,-2.0307978274801015,0.0,1.0,0,10841
-1.3786888928223568,-0.2923846225420236,0.0,0.0,1,10844
0.33202555502755715,0.13802907003704779,0.0,,0,10845
-1.9540851784312174,-1.7991769620288163,0.0,0.0,1,10846
-0.4705266448620942,-1.3457760154948126,0.0,1.0,0,10848
1.522786881603325,1.9291922061837277,0.0,1.0,2,10849
-0.833765647812631,2.0731643807464297,0.0,0.0,2,10851
1.5591701295374933,2.8603449142710957,0.0,0.0,2,10853
-1.9694325739473013,-1.8668873295912698,0.0,,2,10855
0.7119003865742349,-0.669487423813712,0.0,1.0,0,10859
-0.8490714878119446,1.5620598327973187,0.0,0.0,1,10860
0.7807212512482085,-1.966074284190647,0.0,0.0,0,10878
2.4012709681479323,0.642182252926488,0.0,1.0,3,10890
-0.06923550250181386,-0.956668781814373,0.0,1.0,2,10892
-2.229902104362158,0.6556376787042949,0.0,,1,10893
2.029918040431751,0.3445808145170442,0.0,1.0,3,10895
0.04121624532052457,1.2321877194877413,0.0,,1,10896
-0.3061711381362373,-1.994660059597838,0.0,1.0,0,10906
1.4614866814377672,2.167558651246699,0.0,0.0,3,10907
-3.0570643046884416,-0.8987488022088802,0.0,0.0,1,10908
-1.441374160123805,2.1413459951785314,0.0,0.0,1,10909
0.31634020350991293,1.9497389406628265,0.0,0.0,1,10910
0.8550061531213594,-0.10621704696090903,0.0,1.0,0,10912
0.014294868768816305,-1.7875555565036942,0.0,1.0,0,10913
-2.1426613565927504,-1.0152394453683364,0.0,0.0,1,10914
-0.5329581178706098,1.898248108230098,0.0,0.0,2,10919
-1.1126899646245965,-0.5886226040181038,0.0,0.0,1,10925
1.429517456734763,-0.04691037590464554,0.0,,3,10927
-0.23204879917174073,-0.5181323666527433,0.0,0.0,0,10928
-1.244257371442029,0.03289680833080056,0.0,,2,10935
-0.25194100162855504,-0.07977932661832723,0.0,,1,10945
1.6683791005525543,0.5021785427453775,0.0,1.0,0,10947
-1.0071955781704485,0.22019724665624024,1.0,0.0,1,10948
0.2038880053050826,-0.9351700662109053,0.0,0.0,0,10950
-1.2689924700101127,2.088625616807458,0.0,0.0,1,10952
2.076575973602345,-0.618871861873143,0.0,,3,10953
-1.6043815764375713,0.9291518222102941,0.0,,1,10954
2.563028076871849,-1.4050047961105838,0.0,1.0,0,10957
-0.6673022780122242,-0.7261673099098509,0.0,,1,10962
-1.7341309152974491,-0.4538603161959562,0.0,0.0,1,10963
0.19835819555565193,0.2185851121775114,0.0,1.0,0,10965
-1.2499861513201325,0.5549596373963782,0.0,1.0,1,10971
-0.9590811908526806,0.7382149895888587,0.0,0.0,1,10988
3.3425711750903813,-1.4537170372549852,0.0,1.0,0,10989
-1.6268369700402545,-0.14775735864998626,0.0,0.0,1,10990
0.6794203648578296,1.738502149464824,0.0,0.0,2,10991
-1.1315783179758712,0.7698303789565786,0.0,0.0,1,10992
0.886625285157733,-0.7732413653020538,0.0,,0,11001
1.7835446070903545,1.296814992513766,0.0,0.0,3,11002
-1.2812334578501614,0.7401436853590311,0.0,0.0,1,11032
-0.11391434154140691,-0.8794493573017657,0.0,,0,11036
-1.85325498637447,-0.506019408237306,0.0,,1,11037
-0.3643533595257435,-0.8166192628316123,0.0,0.0,1,11041
-1.4152012681236326,-1.5395012934674246,0.0,,1,11045
0.44168852979431705,-0.5165893236621457,0.0,0.0,0,11048
0.5818955699195817,-0.5939428280578238,0.0,1.0,0,11050
-1.1239209291282657,0.25472405487418426,0.0,0.0,1,11052
-0.308935397023059,1.1693117660432961,0.0,,1,11056
-1.49318705295065,0.049698491809673444,0.0,0.0,1,11059
0.6024057683629654,-0.161862388909423,0.0,0.0,0,11062
-1.2137089968259478,0.552940957220352,0.0,,1,11068
0.1525481590416848,-0.8566902123554367,0.0,1.0,0,11070
-1.797720552393017,0.2100252670677888,0.0,1.0,2,11072
1.462372292457486,1.1146517778225302,0.0,0.0,3,11078
0.2849781400036069,-1.037484441856849,0.0,,0,11080
-1.2124982755822256,-0.05781299297541279,0.0,0.0,1,11081
1.3378528868633768,-0.16990663815891768,0.0,1.0,0,11082
-1.7409446100441481,0.5665639183061827,0.0,0.0,1,11086
4.6921193113112505,-0.729557471136747,0.0,1.0,3,11104
0.02927154166227727,-1.0741478762515027,0.0,1.0,0,11109
3.0491453786030327,-1.5262703830480255,0.0,1.0,0,11110
-0.09453683435764051,1.090204122505275,1.0,,1,11112
-0.17127372619545547,-1.10557773451487,0.0,1.0,0,11116
2.2480491960620412,3.3655112749486475,0.0,,3,11121
0.3006144893501302,-1.1847159998745564,0.0,1.0,0,11127
0.92889160868877,-0.20896596024406924,0.0,1.0,0,11129
0.8337252448255327,-1.119897610502689,0.0,1.0,0,11131
-1.2177289455414555,-1.2753513608561426,0.0,1.0,1,11141
-1.3539039056704458,0.2045217248251488,0.0,0.0,1,11148
-0.4203650581601166,1.0004842286146183,0.0,0.0,1,11151
1.2366209798619732,3.285755977353775,0.0,0.0,3,11152
-0.17791980954473222,-1.3151661535208028,0.0,1.0,0,11157
1.8237832455679261,0.693916372493006,0.0,1.0,3,11158
-2.446080193158637,-0.5284817276063163,0.0,0.0,1,11159
-1.147482217024091,1.875057264710212,0.0,,1,11161
-0.6169615721213986,-0.7309903036938783,1.0,,1,11163
0.36307875425226244,-0.6421426687034055,0.0,,0,11168
0.33511570873490376,-1.9740684351178448,0.0,1.0,0,11180
-0.6466804278998523,1.4953032513791351,0.0,0.0,1,11185
1.734828062484126,1.4073902909377793,0.0,1.0,3,11186
-0.8262267335332592,-2.0608108354639745,0.0,0.0,1,11188
1.060452548579463,0.36228492821781794,0.0,1.0,2,11190
0.8391259825751922,0.022687449059161938,0.0,1.0,0,11194
-1.8146722323991535,0.23925770369853933,0.0,,1,11196
-1.7770911633735649,-1.2551880291042259,0.0,1.0,1,11197
-0.4872853199360383,0.4391888779428841,0.0,,1,11201
-1.0672462180658977,0.5690018265690845,0.0,0.0,1,11202
3.3948124442087417,-0.19041876242542735,0.0,1.0,3,11203
1.2884653540659003,-0.7549351989883525,0.0,1.0,0,11205
1.3172918356381134,0.2742136667317562,0.0,1.0,0,11214
-0.5731160573505906,-0.05832564037350722,0.0,0.0,1,11215
1.32210476118785,2.084671024106582,0.0,1.0,3,11228
-1.5112198889563384,-0.5582121067355289,0.0,0.0,1,11234
-1.226265216560761,0.34885337071072897,0.0,0.0,1,11235
2.195458684487709,1.1953246104724033,0.0,1.0,3,11238
-2.0726325233588847,-0.05566950015620669,0.0,0.0,1,11247
-1.2598495734679502,-0.3260488296321147,0.0,0.0,1,11254
0.5786547409358467,-0.5131621981490498,0.0,0.0,0,11257
2.559314591681033,-0.6771704451537943,0.0,1.0,0,11272
-0.8336353604939063,0.2657335886005884,1.0,1.0,1,11275
1.5628418472582994,0.894952624650566,0.0,0.0,3,11279
-1.1884607640456113,1.0248692548924005,0.0,0.0,1,11287
-1.9150413396342987,-0.3938538199079079,0.0,,1,11288
1.7490794282058668,-0.919346443582831,0.0,1.0,3,11291
-2.093569040480272,-0.2936143445033282,0.0,0.0,1,11297
-1.870525264072868,0.8356908536464114,0.0,0.0,1,11299
-1.3587501875400567,-1.5399778984595776,0.0,,1,11300
1.0883476673470869,2.0024214968466953,0.0,0.0,3,11301
-0.7025194193663181,1.382582603090741,0.0,0.0,1,11302
1.3303128276620506,0.2930130765306772,0.0,0.0,0,11304
-0.2912584435146075,-1.0172406081200316,0.0,1.0,0,11305
-0.3841111530141698,-2.9109304061224943,0.0,1.0,0,11310
-1.97940775024042,-1.0832539065084064,0.0,,1,11313
1.4449868782113,0.5173664925601213,0.0,1.0,0,11316
1.8070000136094404,-0.9536375260429404,0.0,,0,11324
1.024912262398727,-0.19994049473882233,0.0,1.0,0,11326
-0.06355901109150185,1.1277221261311257,0.0,,1,11327
-0.00681695626088712,-1.0903664977909628,0.0,0.0,0,11328
1.7009343731191064,-1.5642311813881697,0.0,1.0,0,11332
-2.577325100287865,-0.09810813403307089,0.0,0.0,1,11334
2.3442262589180016,-0.09391582539529471,0.0,1.0,2,11337
2.1273653284865133,1.440386719534476,0.0,1.0,3,11343
0.17779436624110964,-0.36066881308902865,0.0,,0,11350
-1.950361940900943,0.6752980184598945,0.0,,1,11352
0.26005759574684095,-0.06559725185341571,0.0,,0,11353
-0.4955061024555193,1.642229725464905,0.0,0.0,1,11361
2.0548862109609667,-0.11381849577847053,0.0,1.0,0,11365
-1.5646925604344415,-0.10059605433725699,0.0,,1,11371
-1.7945587086054091,0.936216866207725,0.0,,1,11373
-0.24197618060016146,-1.780435975993699,0.0,1.0,0,11378
3.5723653676379516,-1.322366005100342,0.0,,3,11382
-1.450283247857353,-0.25838596945207476,0.0,0.0,1,11384
0.8494415892592041,-1.9499459558759569,0.0,1.0,0,11385
1.5741052074798532,-0.4682025283690229,0.0,1.0,2,11391
0.3539322015986762,0.4368596598466577,0.0,1.0,0,11396
-1.8183359836282373,0.45856703641482427,0.0,,2,11403
-2.4447710234605053,-1.3604611405363713,0.0,0.0,1,11407
3.975317102984012,-1.8627532633726016,0.0,1.0,0,11411
-0.7384694452624728,0.45009939444364344,0.0,0.0,1,11414
0.4968251920425015,0.11453616886083405,0.0,0.0,0,11421
-0.7758396779102952,0.37585456348379764,0.0,0.0,1,11425
-0.1640861864470106,-1.2810876138831169,0.0,1.0,0,11428
0.4171342893903775,-1.3364666608226017,0.0,,0,11429
1.4083841632490615,-1.300287477310072,0.0,1.0,0,11430
-0.7026992228092239,1.408364163932145,0.0,0.0,1,11436
1.628726883751566,-1.6496626117505604,0.0,1.0,0,11441
-0.20234172902016453,-0.5053733997981377,0.0,,1,11442
0.2812493675925573,2.3527168765154287,0.0,0.0,3,11443
1.3516719653729423,-1.0921203413668679,0.0,1.0,0,11451
-0.5884384194890979,-0.46130377102242026,0.0,0.0,1,11459
-2.511580974756566,0.6494621628258473,0.0,,1,11464
2.6808992472677295,0.17282960473795653,0.0,,3,11471
-0.2168906535995307,2.169610487276278,0.0,0.0,1,11472
-0.04346932708237822,0.025640384034252797,0.0,,0,11478
1.2452783452591578,2.1981807511240414,0.0,0.0,3,11480
0.9420816084434543,-2.660563156866773,0.0,1.0,0,11485
-2.2182773500139423,0.5651306369906964,0.0,0.0,1,11487
0.5419493901125483,-0.2104765611421212,0.0,1.0,0,11488
1.5525978942436558,-0.3486463163771693,0.0,1.0,0,11493
-1.5674421955873101,0.7736160371412346,0.0,0.0,1,11502
-0.6703650967767788,0.0232449361205969,0.0,0.0,1,11506
-1.6003817718314275,-0.24453029701052378,0.0,0.0,1,11507
0.9345835070738686,-1.5440262557441355,0.0,1.0,0,11509
-2.027623569520481,0.25600967105341405,0.0,0.0,1,11512
-1.3988604068873227,-0.8822946628054505,0.0,0.0,1,11513
-1.9404474159935088,-0.2197594493438892,0.0,0.0,1,11514
2.261936583564625,-0.5729297263364764,0.0,1.0,0,11519
-0.994171277260354,1.109957243918781,0.0,0.0,1,11520
-0.4283504938529563,0.07174213197113691,0.0,,1,11525
-0.9572651410780769,1.5954836068614928,0.0,0.0,1,11529
-0.17054233177107891,-1.687749831807417,0.0,1.0,0,11530
-1.5779702883955549,0.09255005551113547,0.0,,1,11535
-0.9508496620515754,0.7753749575264939,0.0,0.0,1,11536
0.45130385158298086,-0.6632534832618161,0.0,1.0,0,11539
1.1470973308874033,-0.33024156478164685,0.0,1.0,0,11541
2.0279623301929655,-0.1855502076299485,0.0,1.0,3,11542
1.5175950496009905,-1.4919784796377444,0.0,,0,11543
2.577741576857802,-1.8187137078680773,0.0,,0,11546
-0.5407949138482425,-2.2934131221015406,0.0,,0,11554
-2.0784637525058427,0.018847450994431546,0.0,0.0,1,11555
-0.27874752567137856,-1.257299549057156,0.0,1.0,0,11556
-1.52499707248526,-0.07224617095026842,0.0,0.0,1,11558
-0.936892057123177,-0.5563558698392831,0.0,0.0,1,11560
-0.2775531507953295,-0.9342663506520807,0.0,1.0,0,11561
0.578412048473312,-0.3331582784147581,0.0,1.0,0,11562
0.608352188934602,-0.5096147982109663,0.0,,0,11563
0.6824957298008668,-1.1192155269126731,0.0,1.0,0,11566
-1.6736753886375906,0.14203699467260253,0.0,0.0,1,11568
-0.4394473790634512,-1.3715463102261967,0.0,1.0,0,11569
3.648672626673626,0.8493956468968203,0.0,1.0,3,11579
-0.28420031660357215,0.07063596340053355,1.0,0.0,1,11585
0.07834525218027621,-0.045989482480941486,0.0,1.0,0,11586
-0.88875610967044,1.3901353240460879,0.0,0.0,1,11587
1.829004467684008,0.087103099708798,0.0,1.0,3,11589
-0.5364247616312554,1.978878771157765,0.0,0.0,1,11592
-2.1595943496731764,-0.9109990878219756,0.0,1.0,1,11601
-0.15543774690678971,-0.5801173571560783,0.0,1.0,2,11608
-2.702678551834214,-1.0282487325631215,1.0,,1,11613
-0.9748414132099988,-0.6656342968047375,0.0,0.0,1,11619
1.2440075790685092,-2.3149262533286894,0.0,1.0,0,11620
-1.09669181736528,-0.11726314025854717,0.0,0.0,1,11623
0.6322665796567393,-1.9604595732349666,0.0,1.0,0,11625
-1.5134883810395305,0.5056949286005643,0.0,0.0,1,11627
-1.7416851074142479,1.1352325963996555,0.0,0.0,1,11631
-0.9440945967593259,-0.979159201378865,0.0,0.0,1,11633
-0.9137218713373213,-0.8946325268612649,0.0,0.0,1,11636
-2.1543801269546496,0.013459454635102347,0.0,0.0,1,11642
-1.3209539674845612,0.3825975809122406,0.0,0.0,1,11646
0.780715017265361,-1.0578947017257265,0.0,0.0,0,11651
-0.2398307270567679,0.43195680939275405,0.0,0.0,1,11655
0.38172077935085535,-0.8763681062932714,0.0,,0,11663
-0.4589562485584552,-1.8770391656090573,0.0,1.0,0,11664
1.5947719926811001,2.1174019964501665,0.0,1.0,0,11666
-1.5823386584993646,0.9436407198455266,0.0,,1,11670
2.6502020045479906,2.64069242101717,0.0,,3,11674
0.32722972423350727,0.08334987001470581,0.0,0.0,0,11681
0.8940289348047109,-1.2483878655268923,0.0,1.0,2,11682
-1.4541545711050856,-0.5797210246410636,0.0,0.0,1,11689
1.388151001557783,4.378946758797604,0.0,,3,11700
0.6671060033276413,0.7986054502555782,0.0,0.0,3,11703
-1.018566521134113,0.25513125450042984,0.0,0.0,1,11712
-1.6509426031326462,0.525391147964594,0.0,0.0,2,11714
1.483884226032941,-0.9391142648947064,0.0,1.0,3,11720
1.6042542596334433,0.6868448138077728,0.0,1.0,0,11722
0.7277622449842437,-0.7483181332733002,0.0,,0,11724
-1.7428669295384829,0.2899475034055972,0.0,0.0,1,11725
2.821857311031761,0.6255907884695753,0.0,1.0,0,11726
-0.31779054667175877,-0.5195799256420325,0.0,0.0,1,11732
-0.3643796919592162,0.21143562077989547,0.0,0.0,1,11738
-1.2184146245035068,0.0398211120747894,0.0,0.0,1,11739
1.4002236524656924,-0.044941124332455964,0.0,1.0,0,11741
1.1160511739764178,-0.24205041285392845,0.0,,0,11748
2.086679579646171,0.8572439196860155,0.0,1.0,3,11753
-0.8831744841799628,1.0709155412332059,0.0,0.0,1,11757
0.5141557755740939,0.18155960290760548,0.0,0.0,3,11759
1.273322947734378,0.3051321007041584,0.0,1.0,0,11766
-1.736507629861462,0.6848260432355233,0.0,0.0,1,11771
1.7081688044134176,-1.4236989934774302,0.0,1.0,0,11773
0.07486256906897322,-1.511067767919988,0.0,1.0,0,11785
1.113831311597502,-0.7191670019226618,0.0,1.0,0,11787
-0.4105348065114299,-0.2544390951130215,0.0,,1,11788
-0.31645973999896215,-0.49973613229889235,0.0,0.0,1,11792
-1.9298977834592161,-1.3044281929698152,0.0,0.0,1,11796
-2.323535783792675,0.37466165089492126,0.0,,1,11797
0.7894627077303084,-0.6815971928443106,0.0,1.0,0,11798
-0.510367741886436,0.41722203508487804,0.0,,1,11800
1.8300188594420748,0.6998306802140022,0.0,1.0,0,11802
-1.7012974699980035,0.740671471238909,0.0,,1,11803
1.5834021350926528,0.17520877309772992,0.0,1.0,0,11808
1.2988508010915998,-0.4580021895652419,0.0,1.0,0,11809
-1.7951456604185185,-0.5581216387785344,0.0,0.0,1,11811
4.566406789376142,-0.9544982622277808,0.0,,3,11813
1.19677238351237,-0.5119913220154263,0.0,0.0,0,11814
-0.8888069257440677,0.31973930239359466,0.0,0.0,1,11816
0.1459707772440213,-1.7535068665124731,0.0,1.0,0,11817
0.513816117345861,-0.6852028322142735,0.0,,0,11825
-1.7549231117206083,-0.6828157351906704,0.0,0.0,1,11827
-0.9635846646627075,0.4517304189228081,0.0,,1,11828
-1.2095669251420638,-1.755651332267432,0.0,,1,11829
-0.8036419624295402,0.11036005529876113,0.0,0.0,1,11838
4.693361079415963,-1.329374997445515,0.0,1.0,3,11839
2.3652469738647564,-0.26023683577783363,0.0,0.0,3,11847
-2.4988235292291776,-1.0995105928794184,0.0,0.0,1,11852
0.29500984668843255,1.0509240017034809,0.0,0.0,0,11854
1.7529216341323077,-0.78103190492473,0.0,1.0,0,11856
1.705085082337346,-0.33862343281969687,0.0,1.0,3,11860
-1.1778538251083752,0.6550879260474911,0.0,0.0,1,11862
-0.45062168243826245,-0.3013666474033371,0.0,0.0,1,11864
-0.053995901733459487,-0.21236617906682187,0.0,0.0,0,11868
-2.574561074112202,-1.1348834368109204,0.0,0.0,1,11870
-0.2588989227967652,-0.8980204110299295,0.0,0.0,0,11871
2.6469029486014493,-2.1817799641564357,0.0,1.0,0,11872
-0.8801739973987497,0.5646918420530851,0.0,0.0,1,11875
0.3914343974740676,-1.027947733393309,0.0,0.0,0,11879
0.6218000772404283,-2.154518844646941,0.0,1.0,0,11880
-2.2335743803374495,-0.5201178676255582,0.0,0.0,1,11884
-1.1458649760362203,-1.4507767448257924,0.0,0.0,1,11886
-1.126307453536989,-1.4430954190197367,0.0,0.0,1,11887
0.7271877147477481,-0.9332383270058988,0.0,1.0,0,11888
-0.994132780071386,0.32804366195528045,0.0,0.0,1,11896
-1.0047597799767882,-0.11458791536073888,0.0,0.0,1,11898
-0.9988115295384103,0.9272490690538333,0.0,0.0,1,11902
0.8080377002010145,-0.37391805133857914,0.0,1.0,0,11905
0.18536304804723555,0.5350764494614081,0.0,1.0,0,11906
0.051589060608260205,-1.4973955553821525,0.0,1.0,0,11907
-0.1460095059896879,-0.6408714960613865,0.0,1.0,0,11910
-1.93128776437864,0.7861663835496729,0.0,0.0,1,11911
1.568437545125816,-3.0973592367976712,0.0,,0,11914
-1.0625906664072173,0.6020679955416278,0.0,0.0,1,11918
3.7966259804251745,0.8412837538819739,0.0,1.0,3,11919
-0.7752617257617256,-0.06920212066549593,0.0,0.0,1,11924
-1.5720979401224862,0.87571517068509,0.0,0.0,1,11927
2.4019608529513277,0.9911651849427461,0.0,0.0,3,11932
2.8143313389476186,1.6242021548733185,0.0,1.0,3,11938
-1.9711059190488238,0.09936164638703829,0.0,0.0,1,11939
-0.6965026137981161,-1.2902626069109226,0.0,,0,11942
0.07947095101003092,0.7854332280837708,0.0,0.0,1,11946
3.134546305555042,0.17154865933134789,0.0,1.0,3,11949
0.8655160551761609,-1.4037762919931618,0.0,1.0,0,11954
0.29776480098923863,-0.06561746268134412,0.0,,0,11955
0.04258685302864904,0.8443462948274844,0.0,0.0,1,11957
-0.8137796752702936,0.0010881039611713372,0.0,0.0,1,11963
-2.2462970151035577,-0.08803224214191295,1.0,0.0,1,11965
-0.2535581260364101,-1.3472004069163406,0.0,0.0,0,11976
-0.9062757389721465,0.29964874015715615,0.0,0.0,1,11979
-1.5939047476809327,0.6914578759064266,0.0,0.0,2,11984
-0.11283210496442747,-0.1894291777847522,0.0,,0,11998
-1.4790389101164734,-0.5124279673788562,0.0,0.0,1,12001
-1.1384171240063345,0.7165403480316372,0.0,0.0,1,12002
-0.15105820832619862,2.1022299240772546,0.0,0.0,1,12006
2.1663329507591462,1.895886001714357,0.0,,0,12011
4.036651153171743,1.968197843532089,0.0,0.0,3,12015
-1.1717304591497795,1.554829651722422,0.0,,1,12024
-1.4484517306247733,-0.4449391524992005,0.0,0.0,1,12025
-1.2321353746387858,1.220534947970184,0.0,0.0,1,12027
1.1031440673082271,-0.06785313125338498,0.0,1.0,0,12028
-0.4088485682347214,2.352348410086493,0.0,0.0,1,12030
-1.300816197505511,1.0164998178664915,0.0,0.0,1,12032
1.1418089920522703,-0.368181188077802,0.0,,0,12033
-0.3582407473204157,0.090435264221847,0.0,0.0,1,12041
0.47158050829843023,-0.5520069875885258,0.0,1.0,2,12045
1.1541102545345432,0.11528086509276818,0.0,1.0,3,12046
0.8691111958240194,-1.4021465152413086,0.0,,0,12050
-0.908904769171268,0.32878529240808035,0.0,,1,12052
1.8776550097819351,1.2678700410291308,0.0,1.0,3,12053
1.8539781519727232,-1.189854117058145,0.0,1.0,0,12060
-1.9745082136823322,-0.6626518459849307,0.0,0.0,1,12061
3.1394796234873446,0.714684803990332,0.0,,3,12067
2.8433000068402867,1.2933619689105869,0.0,0.0,3,12069
2.492682315316328,0.1523798750882729,0.0,1.0,0,12074
-0.8949884868859432,-0.09745873351038276,0.0,0.0,1,12075
1.8499707932294116,0.015471428734232219,0.0,1.0,3,12076
2.2819166929572003,1.0413332085193487,0.0,1.0,3,12087
-0.8449108173539019,-0.3125197764471103,0.0,,1,12090
-2.557987289232826,-0.9339267217906452,0.0,0.0,1,12091
-1.7488457152431331,0.030294245282833157,0.0,,1,12093
1.4131509688837267,0.42561258997773116,0.0,1.0,0,12094
-1.1137780468619425,1.810902305947579,0.0,,2,12097
1.7168503756827576,0.8824252069671203,0.0,1.0,3,12101
-0.1405637167876445,2.0786700783771943,0.0,0.0,3,12109
0.8302596443353193,-1.911167899448723,0.0,1.0,0,12112
2.2440302207808354,0.38500818333402775,0.0,1.0,3,12116
3.1103392206596894,1.7284439643667016,0.0,0.0,3,12119
0.11456628018083392,-0.5762588221591106,0.0,,0,12121
-1.7710698811147376,0.3385076082763812,0.0,0.0,1,12132
-0.6026001338985268,1.1510559340482738,0.0,0.0,1,12135
-1.166819360884363,-1.1944419542344182,0.0,0.0,1,12137
0.4897409978655472,1.426294364127247,0.0,0.0,3,12138
-2.348048000235498,-0.35270791334348056,0.0,0.0,1,12140
-1.147459787786552,2.052836093658099,0.0,0.0,1,12143
0.8789831611667942,-0.057551446216464776,0.0,,0,12145
-0.6291399260582983,-0.5965847835079021,0.0,0.0,1,12154
0.34555866873369273,-0.43108987668753224,0.0,0.0,0,12157
0.6155351601123191,-1.6240739533465547,0.0,1.0,0,12158
3.1489982156147756,0.1451488913982404,0.0,1.0,3,12164
0.5656470251118548,-0.1466034110951677,0.0,0.0,3,12170
-1.648259761778649,2.243877188539606,0.0,,1,12175
0.6211349238425166,-0.6169250955084328,0.0,1.0,0,12177
-0.25069317599998586,-1.6120610254364565,0.0,1.0,0,12183
-1.05213217032355,-0.28225665837464275,0.0,,1,12185
-0.8153304387134054,1.7467037276266408,0.0,0.0,1,12186
-1.9084092103812536,-0.7328583611476781,0.0,0.0,1,12188
-2.966071990047652,-0.6298337168015004,0.0,0.0,1,12189
1.0323184034938087,2.7566803757411784,0.0,0.0,3,12191
-1.174039736479374,-1.5223661961966697,0.0,0.0,1,12194
-1.09490883067036,0.7727255785060825,0.0,0.0,1,12205
0.3871165440476165,-0.07919540113962226,0.0,0.0,0,12211
1.402936046002831,0.3348613879958615,0.0,1.0,0,12214
-2.440941188297084,-1.0877376785985617,0.0,,1,12216
-0.8252551135085927,1.803018542426208,0.0,0.0,1,12217
-0.05900942198397571,-0.31508698528453183,0.0,1.0,0,12219
0.9330876120509776,0.14031807625101184,0.0,1.0,0,12225
3.330472743596455,1.5376886960406448,0.0,1.0,3,12226
-2.725306268074937,-0.06893416617558161,0.0,0.0,1,12232
1.260750054077935,0.22511134475605507,0.0,0.0,0,12235
-0.7090259969729674,-0.506266541095624,0.0,0.0,1,12236
-1.7697966005226675,-0.06728009404798312,1.0,0.0,1,12239
-0.8583630828620579,0.1564966286143727,0.0,0.0,1,12241
1.7378686963249546,0.3725961927076532,0.0,1.0,3,12242
1.7236271552822529,-0.5432625191785272,0.0,0.0,0,12243
0.5753067790503356,-1.2209590521682645,0.0,1.0,0,12259
-1.610442689466696,-2.1777281814075455,0.0,0.0,1,12261
-2.2293906427262846,-0.4940882685064839,0.0,,1,12266
2.4248781138743043,-1.6919542231047118,0.0,1.0,2,12268
2.788371902243641,-2.086662705619577,0.0,,0,12274
-2.421573789257367,0.2147397202467558,0.0,,1,12294
-1.6220669063677766,0.44917927828185616,0.0,0.0,1,12296
-1.6274904955991085,0.0047247563822005794,0.0,0.0,1,12306
1.665313918118644,0.23701626632293984,0.0,0.0,0,12308
-1.0294262847097015,1.0577850608362405,0.0,0.0,1,12313
-1.622867807841557,-0.2347101660585965,0.0,0.0,1,12317
-0.3320254852539965,1.3347604197910643,0.0,0.0,1,12319
1.2021770585233318,0.10656162462405068,0.0,1.0,0,12322
-0.6053902300621461,0.25301207762487204,0.0,0.0,1,12323
-1.4446746513598514,1.2124828709739643,0.0,0.0,1,12324
1.4122257977549868,-2.8549256844083746,0.0,1.0,0,12327
-2.298221214384073,0.06476590746479846,1.0,0.0,1,12329
0.5777992694339518,-0.5577959141578649,0.0,,0,12330
-1.7770035013988383,0.5018046762843653,0.0,1.0,1,12333
-1.7173656923229643,0.11281392621842183,0.0,,1,12334
1.3973025328478892,-0.13149427293125016,0.0,0.0,3,12335
-0.5450612535752895,-0.10354899775196363,0.0,0.0,1,12338
1.9468251232767275,-0.026091037458693046,0.0,,3,12339
2.6033087081885222,0.7572698114627474,0.0,1.0,3,12346
0.46959808274061493,-0.8141504520263207,0.0,0.0,0,12358
-1.096345559067962,0.7276511067801064,0.0,0.0,1,12359
1.1188838310539606,-0.8392453032358231,0.0,1.0,0,12360
0.7408944870323034,0.8536843813790596,0.0,0.0,0,12368
-1.335892013059915,1.5785694732337323,0.0,0.0,1,12378
0.4726960581188098,-0.8089377563861978,0.0,,0,12380
-1.332894589023082,1.2374860426308352,0.0,,1,12382
0.5928152360517042,-0.24246391347797644,0.0,0.0,0,12387
1.1858764565398499,-1.3387737169591416,0.0,1.0,0,12388
2.0993861987749605,-2.6370787707310615,0.0,0.0,0,12394
0.6014088456281654,1.438718612213241,0.0,1.0,0,12400
1.4260217084122135,2.390011448983031,0.0,0.0,3,12405
-1.0932958227383363,0.14919339123245465,0.0,0.0,1,12407
1.8775236110012834,-0.41452617949404563,0.0,0.0,0,12408
-0.7980279498684886,-0.357132429460315,0.0,,1,12410
0.2391319339563188,-1.5669862659715619,0.0,1.0,0,12414
-0.7792205784344344,1.2009356370861766,0.0,0.0,1,12417
2.7895274137430657,1.4710935146480957,0.0,1.0,3,12421
-1.9631213045527944,0.7376480428266736,0.0,0.0,1,12424
-0.8879447293143692,1.2967630325896733,0.0,1.0,1,12429
0.8231266430979065,-1.013430242456715,0.0,0.0,0,12432
0.7902515929199043,-0.662560787286599,0.0,,0,12435
-1.6581164442283827,1.1159673418411353,0.0,0.0,1,12438
-2.1630895262922945,0.28555791014922294,0.0,0.0,1,12439
0.06388049145513056,0.3844269485091169,0.0,1.0,0,12442
2.226345574473368,3.1720961469673847,0.0,0.0,3,12445
-1.8580602653554668,0.9772008512340264,0.0,0.0,1,12451
0.07877614694685522,0.5869124576425733,0.0,1.0,1,12460
3.807236596597313,-0.7358743090555186,0.0,1.0,0,12461
-1.0991862262261431,0.8817331021991549,0.0,0.0,1,12462
-2.3295269085597314,0.03229753429728583,0.0,0.0,1,12465
1.8424835451176926,0.6214808545250622,0.0,1.0,0,12466
0.8740568206399218,-0.4244089537373017,0.0,1.0,0,12472
0.08877608718405249,-1.1001011533525187,0.0,,0,12476
-0.7051815023098401,0.39066238433111006,0.0,0.0,1,12479
-0.2956132679079937,0.10593178475275652,0.0,0.0,0,12481
-2.0229560103042874,-0.14467516691544,0.0,,1,12494
-1.2160992172711724,1.4640555502219752,0.0,0.0,1,12497
-2.3212979011167216,-0.7092583325786869,0.0,0.0,1,12504
0.5175450569208258,0.5129109023634396,0.0,1.0,0,12506
1.0030291814814807,1.759511780200352,0.0,0.0,3,12511
-1.8052647102513224,-2.0351446291002673,0.0,0.0,1,12512
-2.320597439627984,-0.48652013392383925,1.0,0.0,1,12514
-0.4176588377631776,-1.2271279882767774,0.0,0.0,1,12515
0.550668607328527,-0.6237781133155182,0.0,1.0,0,12517
-1.4311364743432538,-0.4472986127227518,1.0,0.0,1,12529
-1.8792949963298453,1.1754799456289642,0.0,,1,12531
-1.6512976193506697,0.8240538199145698,0.0,0.0,1,12533
-2.716414714422123,-0.2575385709054291,0.0,,1,12535
2.5983500442820318,-0.04694772991256117,0.0,1.0,3,12538
-0.5756909757685124,2.6740348521981554,0.0,,1,12539
-1.58729848352472,-0.45841141999841656,0.0,0.0,1,12545
0.2718565578703334,1.504692624996623,0.0,0.0,1,12548
-1.791234719815679,0.5859814743538618,0.0,0.0,1,12552
-0.9770416237475765,-0.6345333290730013,0.0,0.0,1,12558
-1.9540277959663108,-0.950672339734678,0.0,0.0,1,12561
-1.2841192095918312,-0.6521333357039723,0.0,,1,12563
2.173285616478675,-1.7394441913026868,0.0,1.0,0,12566
-1.5264361012948187,0.9604870088165945,1.0,0.0,1,12569
1.611037862446003,-1.8240152920266774,0.0,,0,12570
-2.7042155894157727,-1.5419201511448941,0.0,0.0,1,12573
-1.0881832372359577,-0.5548825979148251,0.0,,1,12584
-1.2849965277383706,2.162619334232174,0.0,0.0,1,12593
-1.9641848739431678,-2.6912414627342267,0.0,0.0,1,12594
1.5142844693211794,-2.7824022230413203,0.0,1.0,0,12600
3.670778324090479,-0.7434399148176838,0.0,1.0,3,12603
-0.8155510661117187,1.55372018571917,0.0,,1,12605
0.6578540728443732,0.008016052279978803,0.0,1.0,0,12606
-1.2675763967815186,-1.4968701896223335,0.0,0.0,1,12607
0.004527911949466033,-1.9010632668442136,0.0,0.0,0,12615
1.0382347128710288,0.28150074510449463,0.0,1.0,0,12617
0.41061113176475794,-1.314065632251835,0.0,1.0,0,12618
0.9216829195992369,-1.1411841848473654,0.0,1.0,0,12626
-1.2544365030231934,-1.1560777968128548,0.0,0.0,1,12630
-1.5781962896517656,1.2694661245865868,0.0,0.0,1,12631
2.3400059865422658,1.0147355347283558,0.0,1.0,3,12636
1.512454403826715,0.3639322333305337,0.0,1.0,0,12638
-1.182568171074787,0.8893650620115506,0.0,,1,12642
-0.4822476486814271,-1.6659541688719393,0.0,,1,12645
-3.0348652868442834,-0.5872145312954934,0.0,0.0,1,12646
1.0708545723405742,-0.4390807749058854,0.0,1.0,0,12657
-1.9310041728965408,-0.05552648719893842,0.0,0.0,1,12663
0.2520125761603698,-0.5398275817261413,0.0,1.0,0,12667
0.7228991711473988,-0.9021369476114429,0.0,1.0,0,12668
-2.157477855425441,0.7445613140372616,0.0,,1,12669
-2.044082646441134,-0.6482619797874375,0.0,1.0,1,12678
-1.2177592073727346,1.8772561505727559,0.0,0.0,1,12686
0.11185013310070938,-0.027903212842496708,0.0,0.0,0,12687
-2.0308703518031423,0.04050105864970837,0.0,0.0,1,12690
1.0761729447178097,-0.951406238362743,0.0,1.0,2,12693
-0.49119277263905003,-0.42234480688276904,0.0,1.0,1,12695
1.3379339710204323,0.36774625631321906,0.0,1.0,3,12696
-1.2292232114870654,-0.4069487221383113,0.0,0.0,1,12697
0.5548488949551817,-0.6158345762600622,0.0,1.0,0,12701
1.9948676506674567,1.2726091444816487,0.0,1.0,0,12702
1.2910904279502937,0.13905778158940055,0.0,,0,12710
-1.550676859363418,-0.019093698300701574,0.0,0.0,1,12711
-1.3801515253296068,-0.48752503602187297,0.0,0.0,1,12713
-1.2488197496722724,0.05428331499390481,0.0,0.0,1,12714
3.6141429284157955,-2.492803241820014,0.0,1.0,0,12718
0.4310207399077966,-0.6034448650024702,0.0,1.0,0,12720
-2.0800086018524357,1.4847246623651855,0.0,0.0,1,12724
3.5803388928353352,0.9247709712043046,0.0,1.0,3,12725
-0.11983111114663898,-2.3066421595509206,0.0,1.0,0,12729
-0.3291380720420784,-0.37484814646585796,0.0,,1,12731
-0.8475590874562416,-1.1164499555405012,0.0,0.0,1,12732
-0.9292214094627621,-3.5481063112752564,0.0,1.0,0,12734
-1.0788135578591942,1.1239232119924139,0.0,0.0,1,12736
-0.18011017680458824,-0.40162896750248533,0.0,1.0,1,12743
-0.7770434592653374,-1.702858092333961,0.0,1.0,1,12745
1.2755270945139086,-0.2619919918159463,0.0,1.0,0,12747
-0.9330972350748089,-0.30396457760272755,0.0,0.0,1,12748
-0.6485028113870236,1.5503940860092253,0.0,0.0,1,12752
0.994404122156044,-0.47607871804994006,0.0,1.0,0,12753
1.3973296705725713,-0.8463597707287613,0.0,,0,12757
4.947112124064861,2.260293211626262,0.0,,3,12761
-2.6532292164989344,-1.1083520350570766,0.0,0.0,1,12768
2.9318438851262965,2.3723701079085275,0.0,1.0,3,12769
-1.9804617843391183,-1.081811492135116,0.0,0.0,1,12786
-0.5632617916513561,0.3748247550896797,0.0,0.0,1,12787
-0.8130597320784644,1.2042330525654803,0.0,,1,12788
1.1988841020639818,3.310846560646978,0.0,0.0,3,12790
1.524105918337426,0.058375178747144554,0.0,1.0,0,12793
-0.8346583080576766,1.8012695119382072,0.0,0.0,1,12794
0.6172850985921808,0.1664840836343893,0.0,,0,12802
-0.2227713924070035,-1.0612653743382365,0.0,1.0,0,12807
-0.44299375103779076,0.6213036984181683,0.0,0.0,1,12809
-2.720159009668494,-0.934751890061694,0.0,,1,12813
-0.7878004402108598,2.164618558619299,0.0,,1,12814
-1.406116304588666,0.4635001302833098,1.0,0.0,1,12818
-1.0934827971001886,1.4520922364180957,0.0,0.0,1,12819
-1.4050577813491896,0.5299299818920549,0.0,,1,12824
4.308628576178988,-1.544292990245054,0.0,1.0,0,12825
-3.106995860226319,-1.4740613197621057,0.0,0.0,1,12830
-1.5546242458616242,0.45639196340316623,0.0,0.0,1,12832
-1.3608022404916447,0.8810536133765121,0.0,0.0,1,12836
1.0895522978003427,-1.3105449881609945,0.0,1.0,0,12837
-1.2877115675289907,-0.47445066677193926,0.0,0.0,1,12840
-0.5811590466391047,-0.8556795478324258,0.0,0.0,1,12846
-0.7152607424512314,0.023380517042909818,0.0,0.0,1,12850
-0.21682430629922536,0.340818647370809,0.0,0.0,1,12851
-1.8098944840165458,0.2940774670208774,0.0,0.0,1,12856
-1.2018161992507579,0.45246878674508806,1.0,0.0,1,12857
-0.5754280480776154,2.210999943022762,0.0,1.0,1,12866
-0.993113546545767,-1.2193347484639356,0.0,0.0,1,12870
-0.7333480137970487,1.6940287181138727,0.0,0.0,1,12871
-2.1749837637260256,-0.6451766726572944,0.0,0.0,1,12878
1.3175118062135196,-0.5083257140175499,0.0,1.0,0,12882
0.2681998798341326,1.569082411686461,0.0,1.0,1,12883
2.9635875906616116,-0.6729524669474806,0.0,1.0,3,12891
0.38079060303251006,-0.004321722097883306,0.0,0.0,0,12898
-1.5767513042262442,-0.19661987577384551,0.0,0.0,1,12901
-0.8013819282996015,0.21444185227910806,0.0,0.0,1,12904
-2.195226511461532,0.7974866626234638,0.0,0.0,2,12905
0.9106304453134529,1.0078071458622613,0.0,0.0,3,12908
0.47251539102875134,-1.1584658192994872,0.0,1.0,0,12939
-0.6045986542119051,-1.5969822660249964,0.0,1.0,1,12950
1.6673901223399044,-3.7565529648771516,0.0,,0,12953
-1.441244187074113,1.528113541283592,0.0,0.0,1,12963
-0.8795509978271929,1.102888551767386,0.0,0.0,1,12965
1.042876407468773,-0.045626725717167485,0.0,,0,12966
-1.0119874085164808,0.9620541622916026,0.0,0.0,1,12972
1.5602046765264082,0.7459702159260184,0.0,1.0,3,12976
-1.4056683882633756,-0.7464871040547606,0.0,1.0,2,12988
1.4667388438132658,-1.0112854006487657,0.0,1.0,3,12999
-1.4273474248838707,0.18451274944498425,0.0,,1,13005
0.7905735109218591,-0.9032525187644623,0.0,1.0,0,13007
1.14373485953878,-0.8722890464001524,0.0,1.0,0,13008
-2.3969495265003093,-0.5900127203680247,0.0,0.0,1,13011
3.0431384175125182,-1.3152559846566318,0.0,1.0,3,13012
-2.1277349437637176,-0.3685150774030714,0.0,0.0,1,13017
1.4139123601127817,0.22708242477790647,0.0,,0,13021
2.1996340255320677,1.0693900744146119,0.0,1.0,3,13024
-1.6313018408582225,0.5696686259832378,0.0,0.0,1,13026
-1.6510974970788699,0.8068720356086434,0.0,,1,13027
0.6981653468150048,-0.9767454071584287,0.0,1.0,0,13040
0.5643104961035434,-1.2118346067414858,0.0,1.0,0,13042
-1.1682217541141562,0.4611267835546895,0.0,0.0,1,13043
-0.8601570251895089,-0.38480872955414885,0.0,0.0,1,13060
-0.45830397996818406,0.2590710796561746,0.0,0.0,1,13062
-1.9435028031417132,-0.3321773754584685,0.0,0.0,1,13064
1.9458938593500352,2.231962362172586,0.0,0.0,3,13066
-1.491733004827198,0.09490180092927288,0.0,,1,13068
-1.242927209602396,0.10044587672873491,0.0,0.0,1,13071
-1.8217874584161173,-1.4382430442455358,0.0,0.0,1,13075
-1.1239263353982354,2.4939408404317183,0.0,0.0,1,13084
-0.19162619389404414,-0.02567162255196369,0.0,,1,13089
0.9209885434971004,-1.010955634660867,0.0,1.0,0,13094
-0.05922914100059475,0.6815245030309373,0.0,0.0,1,13096
0.5408909051416958,-0.9924384229286709,0.0,0.0,0,13098
-1.9530628126803775,0.2793202985059716,0.0,0.0,1,13099
2.528476125643858,0.21665519256081178,0.0,1.0,0,13103
0.9868919218570105,-0.24275718286340736,0.0,1.0,0,13104
1.8008663911226594,3.604738892383566,0.0,,3,13106
1.8512490587584676,1.270561024033472,0.0,1.0,3,13107
0.9216694999533813,0.42180763259990595,0.0,1.0,0,13109
-2.334891906692889,-0.5752968763520002,0.0,,1,13119
3.3119357923165946,-1.7719351584814849,0.0,1.0,0,13128
1.3190370232972684,-1.8531029307914466,0.0,1.0,0,13135
-0.8701335344624436,-2.0151719613139396,0.0,0.0,1,13137
-1.939469446133763,0.39382705267099033,0.0,0.0,1,13153
-1.1319865061369345,-1.2128498004797754,0.0,0.0,1,13154
-0.25916944789960467,2.5854403424403194,0.0,1.0,2,13169
0.6651884593491868,-0.8162692862354748,0.0,1.0,2,13172
-0.5863389242432846,0.9112432345540316,0.0,0.0,1,13176
1.063277856273063,-0.3615260419721823,0.0,1.0,0,13182
-1.636086969418934,0.45139002713435605,0.0,0.0,1,13185
-1.9827058473525256,0.17982666721398705,0.0,,1,13186
0.825362681540932,0.5285790922855025,0.0,1.0,0,13188
2.233132407362319,0.6655041174818136,0.0,1.0,3,13190
1.687882674980685,-2.3605485511251802,0.0,,0,13192
1.8039914439669171,0.642840486039154,0.0,1.0,3,13193
-0.24135191229331213,1.113504187274204,0.0,0.0,0,13196
-0.676030158800458,0.06169476067430388,0.0,1.0,1,13198
0.7865340594224646,-1.349086596302838,0.0,1.0,0,13200
-0.4927304048107612,-0.11540875604233476,0.0,0.0,1,13201
0.35698917286177345,-0.7146517577633443,0.0,1.0,0,13208
0.11130805488180798,-0.0968776704803684,0.0,1.0,0,13210
-0.23445314435302977,0.05632570442719918,0.0,1.0,0,13211
-0.7476785818166907,0.7689069947049239,0.0,0.0,1,13212
0.408140821312295,-1.302394571297597,0.0,1.0,0,13213
-2.05271233328841,-0.9935919596601581,0.0,0.0,1,13221
0.61677851691806,0.0582121938143235,0.0,0.0,2,13223
-1.457962238857553,0.5363201826129468,0.0,,1,13225
1.889293348021861,2.7183481783367403,0.0,,3,13226
-0.4623575299139827,-0.4393382088475031,0.0,0.0,1,13229
-0.6342371958343458,-0.8596947436314434,0.0,,1,13230
-0.764112687984768,0.1540137219080678,0.0,0.0,1,13231
-0.6577405618804663,1.6059539652575134,0.0,0.0,1,13232
1.276401791856324,0.18436488480670693,0.0,,0,13238
0.5491810222970508,-0.33155567491221793,0.0,0.0,0,13245
0.9060731880409556,-0.7038972754435119,0.0,0.0,0,13246
0.07102645315293446,0.4858404751459027,0.0,0.0,2,13249
-1.0163146418088689,1.502329361287139,0.0,0.0,1,13251
0.5234964289215998,-0.9453915970790865,0.0,0.0,0,13254
2.7143099097198973,0.7412701179286588,0.0,1.0,3,13258
0.07885024758161979,-0.7208683583752089,0.0,0.0,0,13259
-0.49746304677104347,0.8801698407904763,0.0,0.0,1,13269
-1.793177916142729,-0.7369924767292361,0.0,,1,13270
-0.11576546950124232,-0.2516670569289833,0.0,,0,13275
0.08716500708541824,3.456732183997835,0.0,0.0,2,13278
-2.22534225891642,1.0259845024050385,0.0,0.0,1,13279
-0.5790614988877036,0.4722225505953494,0.0,,1,13280
-2.700518382632649,-0.5811625959381125,0.0,0.0,1,13287
2.5847331207679365,-0.46329951399771185,0.0,1.0,3,13289
1.3658321733107766,2.5235311675454084,0.0,0.0,3,13290
0.7040995715526804,-1.0371427391507533,0.0,0.0,0,13305
0.5478069402413553,-2.231197721004571,0.0,1.0,0,13308
-1.0337609831848247,0.20868484152391278,0.0,,1,13309
-1.8598141335900884,0.45281563326238844,0.0,,1,13317
-0.871607484397817,0.16412083499203778,0.0,1.0,1,13319
-2.119286570843908,-0.5657088107446568,0.0,0.0,1,13322
-0.6374397476492354,0.7087051845206027,0.0,,1,13324
-0.7302974056632455,-0.7214199306478514,0.0,,1,13334
0.8856159370327626,-1.504669773723833,0.0,1.0,0,13336
-1.8184648160992207,-0.2449293781332856,0.0,0.0,1,13342
-0.40507202745994375,0.5932958652474251,0.0,0.0,1,13346
1.108220968670902,-0.7281608509721089,0.0,,0,13348
0.4645243944496387,-0.8230210908702936,0.0,1.0,0,13351
1.2061281275704758,-3.1666238055041,0.0,1.0,0,13359
-0.843268935395035,-0.5230009225949954,0.0,0.0,1,13361
-1.261993670273923,-0.012630558089766316,0.0,0.0,1,13362
1.0187121043814182,3.253109174826699,0.0,0.0,3,13364
2.169749550923396,-2.235019930536239,0.0,,0,13366
0.5170105423588741,-0.22602546018926256,0.0,1.0,0,13370
1.954324819059063,0.4162239731731232,0.0,1.0,3,13371
-2.0165454419287796,0.6678204825115116,0.0,0.0,1,13374
2.3863077063631937,-1.4478495549638752,0.0,1.0,0,13381
-1.6639143044949636,0.5852152841812625,0.0,,1,13392
-1.0649457125023145,0.599978941721746,0.0,0.0,1,13414
-1.38788945865778,0.9952406719413114,1.0,0.0,1,13416
-0.27950983712070104,0.5537229469600141,0.0,1.0,1,13417
-1.746253490299711,0.22671942774247167,1.0,,1,13420
-0.8024251630665526,-1.1621438721736506,0.0,,1,13423
0.14801380395837332,0.25092333287691265,0.0,1.0,0,13427
-1.255088101086563,0.6437786457550607,0.0,,1,13429
1.2418427364026157,1.1009083021170993,0.0,0.0,3,13433
-1.980102467203145,0.6476985864390806,0.0,0.0,1,13439
1.8683180342051622,0.5558025554676317,0.0,,3,13440
-1.5097577164319165,-0.6488228408907848,0.0,,1,13446
0.40347047332182817,-0.7648207087333088,0.0,,2,13452
1.5191792045152805,1.1271117511813808,0.0,0.0,3,13460
-0.39374396536372674,-0.20060835523484194,0.0,0.0,1,13470
-1.8671015298421034,-0.2626619473147921,0.0,1.0,1,13474
3.202817081702113,1.583987220910507,0.0,1.0,3,13477
3.022789073534909,-1.6140225985936911,0.0,1.0,0,13486
1.8123794113456413,1.6044118060298513,0.0,1.0,3,13489
-1.9542124129760698,0.30637998531465255,0.0,0.0,1,13493
1.5872828406011477,0.6074560961135919,0.0,,0,13494
1.1583079045968572,1.2928710024466832,0.0,0.0,3,13495
-0.06364821346024421,-1.8291004673005733,0.0,1.0,0,13496
-0.21327386321618133,-0.44436573280895275,0.0,1.0,1,13507
0.9285908918148109,-0.9534963423367748,0.0,1.0,0,13514
-0.6518397506712684,0.08028806254759942,0.0,,1,13515
-0.49789728778129977,-1.9433142992220045,0.0,1.0,0,13521
2.662224636132597,1.1294737583748153,0.0,1.0,3,13525
-0.7549429341669514,-1.4797018466160374,0.0,0.0,0,13531
1.2947009753219387,-1.6293524237922126,0.0,0.0,0,13534
0.7820333240590492,-1.0319537449474485,0.0,,0,13537
3.146063489388652,1.790513005581531,0.0,1.0,3,13538
1.1243148634366258,-1.3185965811779086,0.0,1.0,0,13539
-0.6898276144442376,0.350495501553277,0.0,0.0,1,13547
1.1251686313648233,2.7240528704202767,0.0,,3,13553
-1.702706486382443,1.3916169630202049,0.0,0.0,1,13556
1.3534522825711954,0.923411481291594,0.0,0.0,3,13558
-0.6685166551698011,0.11076039547149051,0.0,,1,13563
1.2971400801366615,-0.0827301392963722,0.0,,3,13571
1.9968348010754957,0.9147018372852749,0.0,1.0,3,13573
-2.1524956945175147,-0.2794029859685351,0.0,0.0,1,13576
0.132023016452785,0.793211238328395,0.0,1.0,0,13581
-0.4821050796997041,-0.11744682389175033,0.0,,1,13585
-2.5582144330729175,-0.7845356030141066,1.0,,1,13586
-1.3626766688023548,0.3158445897936997,0.0,,1,13590
0.729193451970441,2.754242320556608,0.0,0.0,2,13591
-0.24068661881187342,1.125123455225689,0.0,0.0,1,13595
-0.16222648058800587,-1.619889183750244,0.0,1.0,0,13598
0.4901562318229534,-0.5251281237757156,1.0,0.0,0,13602
-2.0685975457752694,0.6104661210936086,1.0,0.0,1,13606
0.48563339832291014,-0.7357725539458412,0.0,,0,13613
1.7018532458128866,2.4153789696240855,0.0,0.0,3,13617
-0.44795456672879325,-0.48347176399471553,0.0,1.0,1,13619
0.7653713721908598,-1.1340315643597418,0.0,1.0,0,13621
-1.5919967197734117,0.23728735445410015,0.0,,1,13627
0.8616700755383093,0.1133390622911707,0.0,0.0,0,13631
0.37558063656966983,-1.4524856693447648,0.0,,0,13633
-2.1238398014663247,0.5315247787723345,0.0,0.0,1,13637
1.0255119389530614,-0.05634330834247232,0.0,0.0,0,13641
-0.2917989122786822,-1.1276323324542616,0.0,,0,13642
-0.9511286636276701,-0.7638438536870813,0.0,0.0,1,13648
-1.2288119128231756,1.3376334056703099,1.0,0.0,1,13653
3.7475178473285142,0.5896932580226187,0.0,1.0,3,13655
-0.6134706023269454,1.5987075086213278,0.0,0.0,1,13656
0.6165307727419389,0.6331423355061301,0.0,1.0,0,13658
-2.190403704572734,0.3345347029669696,0.0,0.0,1,13661
1.7355765672900147,0.008027299441576445,0.0,0.0,3,13665
0.9622507976758516,-0.5898708960553382,0.0,1.0,0,13671
0.42439269131641516,-0.5106723674954613,0.0,1.0,0,13672
-0.9512699675158982,2.217257299074984,0.0,,1,13673
-1.7690862059241033,-0.005739567246448078,0.0,1.0,1,13679
-2.137177492319374,0.22355636582713792,0.0,,1,13686
-0.5255153792159438,-1.529523202669615,0.0,0.0,0,13691
-1.0126508437613533,-0.13119758298904927,0.0,0.0,1,13692
-2.2022140859492265,-0.9676967079135566,0.0,0.0,1,13697
0.3977299158776664,-0.5824647503171686,0.0,1.0,0,13698
-0.4960422834450652,-0.6322136951101978,0.0,0.0,1,13701
0.34987114586817325,2.91531689463289,0.0,0.0,3,13706
-0.9938644303937877,-0.5952873082481733,0.0,,1,13708
-1.7857060983005006,0.37662000207895213,0.0,,1,13710
1.0633669669493662,-0.537181878352904,0.0,1.0,0,13713
-0.6085552804521593,-0.20208082120245083,0.0,0.0,1,13715
-2.9306997915294697,-1.2579271555284184,0.0,0.0,1,13719
0.7163139918051409,-0.7044107354016746,0.0,1.0,0,13726
1.2020573736472773,0.19661895829897214,0.0,,0,13730
-1.7442632411711234,0.6596109843241421,0.0,0.0,1,13733
-0.9167274955975593,-1.0881640228122926,0.0,,1,13734
-0.5243645924315129,0.09415152207829132,0.0,0.0,1,13739
0.7095515316596154,-0.5707155447344765,0.0,1.0,0,13742
0.4531607487781811,0.6710106928037713,0.0,0.0,0,13750
0.7243364655944506,-1.5972875654796503,0.0,,0,13758
-0.4785344139660974,-0.9955212135943079,0.0,0.0,1,13759
-0.9056646930911048,1.6002887508283905,1.0,,1,13765
-0.3413408393494115,-0.025828113363634424,0.0,,1,13766
-1.160149894234057,0.10257140709869132,0.0,0.0,1,13777
1.5736564046948927,0.699347283893854,0.0,1.0,0,13783
0.46538972841699433,-0.16358870082400234,0.0,1.0,0,13785
0.13997505457932877,-1.1268734335391801,0.0,1.0,0,13787
1.8085246900130298,-1.1720422276508862,0.0,1.0,0,13789
0.31968660489944156,-0.7895789385145273,0.0,0.0,0,13799
-1.8470897436379863,0.8761489881173721,0.0,,1,13800
-0.20478546151910668,-0.3252000900128977,0.0,,2,13808
-1.308076610071423,-1.1787436395057236,0.0,1.0,1,13810
3.505103541036171,0.9772892729250213,0.0,,3,13813
2.1923540429304538,1.350983752156455,0.0,0.0,3,13814
2.0774548868052936,1.4819599889977528,0.0,1.0,3,13822
-2.134776126279891,0.23618114009796687,0.0,0.0,1,13827
2.436067104450799,1.5147832942632258,0.0,1.0,3,13829
-1.6090917337910688,-0.6910413017223056,1.0,0.0,1,13830
1.5625469162262844,0.0717063440173265,0.0,1.0,3,13831
1.8315672681115824,0.34534039298329744,0.0,,0,13833
0.6627931267890627,-1.006062225717957,0.0,0.0,0,13838
1.000193096495444,1.4042581868587156,0.0,1.0,2,13844
-2.0526767870989957,0.6199182089786818,0.0,,1,13846
-0.09558485928626961,0.6871961797352644,0.0,,1,13847
-1.122013638884254,0.5540521500348111,0.0,,1,13857
1.5172776810896575,0.14689733763852425,0.0,0.0,3,13868
1.4455747470096443,-0.03856153550714293,0.0,1.0,3,13873
1.3179579224279032,0.09948532193573452,0.0,1.0,0,13883
-0.9852616282456402,-0.5280056591421286,0.0,,1,13886
0.7574200231202214,-0.6937773972475513,0.0,1.0,0,13894
-2.2406395216329353,-0.9200835676565248,1.0,,1,13902
-2.2923957749132327,-1.3195225043359688,0.0,,1,13912
-3.065890252473944,-0.9082621042579985,0.0,0.0,1,13916
-1.8047477627966386,-0.702944376249015,0.0,0.0,1,13920
0.6520738592594235,-1.9031848191525012,0.0,,0,13937
0.7851595978457261,0.2702969320634225,0.0,0.0,3,13940
3.1018150947773,0.5577074826758373,0.0,1.0,3,13944
-1.798044458626127,0.930688220302426,0.0,,1,13948
-0.2578870153709759,-0.36181907971811816,0.0,0.0,0,13955
2.2979656255298155,-3.190432536698259,0.0,1.0,0,13958
0.9057830488103349,0.8365365723468701,0.0,0.0,0,13961
-0.5205301429760586,2.0357689596443804,0.0,0.0,1,13964
-1.4599824059303224,1.6725697913392568,0.0,0.0,1,13968
-0.9524641609961882,1.753211005103368,0.0,,1,13970
0.9840950722656221,-0.36121918818094956,0.0,0.0,0,13971
-0.8081422622979074,0.4788900879233183,0.0,0.0,1,13972
-0.5521413970193362,0.2580608060273644,0.0,0.0,1,13977
1.3881249893683463,0.24956789382688543,0.0,,0,13984
-0.25417737071286073,-0.33763033514770163,0.0,0.0,1,13985
0.535930364220079,0.3569927464384136,0.0,1.0,0,13995
2.2582723382911807,1.0446261098989231,0.0,1.0,3,13997
-1.9145056205839963,-0.5168778416513271,0.0,0.0,1,13999
-2.8243657041479904,-0.8568143684713923,0.0,0.0,1,14000
0.8140199736432907,-1.2083603375173848,0.0,1.0,0,14001
0.1209351434619154,0.3937132271843524,0.0,0.0,0,14003
0.13150206465977482,-1.0904821867980963,0.0,1.0,0,14007
0.7356422928833749,3.24488055732046,0.0,,3,14012
-2.619030228796399,-2.0936937989841495,0.0,,1,14016
-1.4462777427953517,1.6775881331309759,0.0,0.0,2,14021
1.6891561674606734,-2.524218692599133,0.0,1.0,0,14042
-0.17542547324053784,0.705275106737366,0.0,0.0,1,14046
-2.160601523628999,0.3360781296613762,0.0,0.0,1,14050
0.42910192990230683,-0.33959238960231597,0.0,0.0,3,14051
-2.2633946302427126,-0.013092840786842544,0.0,,1,14052
-0.5151922604381881,1.1084813540941982,0.0,0.0,1,14056
-1.021553583134614,-0.12929820885169077,0.0,,1,14059
2.624830544837194,2.3190618308317124,0.0,1.0,3,14061
-2.4676241007493593,0.7606974143797196,0.0,,1,14067
-1.2154871777500422,0.7437398190384599,0.0,0.0,1,14069
1.3774090360248363,-1.2509800343407294,0.0,,0,14076
-0.1547624538777676,2.1296463748111227,0.0,0.0,1,14078
1.5015299437725784,0.9806094227290654,0.0,,0,14081
3.861603146112406,1.4917023184347247,0.0,0.0,3,14082
-2.1197181238338576,-0.5183248361729852,0.0,,1,14084
-2.3362116614141772,-1.3979888293552947,0.0,0.0,1,14085
0.8102173822362808,-0.7658499172766574,0.0,1.0,0,14086
-1.934497605580936,-0.6373325435950765,0.0,0.0,1,14088
-1.4893193415055628,0.2639028019992682,0.0,0.0,1,14097
1.1509498346059401,-0.33651371987859746,0.0,1.0,0,14098
-2.5159742374128125,-1.50337541482638,0.0,0.0,1,14102
0.9946585358293184,-0.8624972497421783,0.0,1.0,0,14103
-0.5891977074353532,-0.9315938311734366,0.0,0.0,1,14105
0.53662252604566,-0.6329274622407166,0.0,0.0,0,14108
0.033050662435162706,0.5267414452020945,0.0,0.0,1,14111
-0.5849274591832068,-1.0066165878200255,0.0,1.0,1,14113
0.33772872702465956,-0.5364773675512979,0.0,0.0,0,14116
-1.2628030280155542,0.8731696543636245,0.0,0.0,1,14122
2.808041839672746,1.0135568847037821,0.0,1.0,3,14128
-1.722937717792053,-0.49457392626880675,0.0,,1,14129
2.5818276210764535,0.16197108380780043,0.0,0.0,3,14131
-0.32446230690636574,1.0698866217591123,0.0,1.0,1,14133
-0.587394249493737,1.4460943597915872,1.0,0.0,2,14136
0.7260909858252713,-0.723148348259578,0.0,1.0,0,14142
2.0458234400525117,0.5069600357038017,0.0,1.0,0,14143
-1.3061275454583843,0.45531531701864153,0.0,0.0,1,14144
0.22241675731764007,0.8317013413984907,0.0,0.0,1,14147
0.7084194775109854,-1.5268249067585686,0.0,,0,14152
1.3853128957137608,-0.8549260907852951,0.0,,0,14155
-1.2769766031465242,0.515419315438171,0.0,0.0,1,14157
0.1757172957667325,-0.6976005893776646,0.0,1.0,0,14158
1.0695374202980243,2.0228461355743463,0.0,0.0,3,14161
2.313613373403038,-0.7997334530191533,0.0,1.0,2,14164
-1.3001282510049306,0.33219100302320204,0.0,,1,14166
-0.5642024540689788,0.10422163633702806,0.0,0.0,1,14174
2.2516602585175023,-0.088026397906701,0.0,1.0,0,14175
-1.5920141784607487,-2.1709837001230503,0.0,,1,14176
0.7739990472082037,0.3936221872973093,0.0,1.0,0,14178
1.2623382850075473,-0.7115893225056461,0.0,,3,14180
-1.9743590178877901,-1.38969301379691,0.0,0.0,1,14182
-1.3451913568608769,-0.8121598942104784,0.0,,1,14184
1.0621478241756883,-0.31572389044227495,0.0,1.0,0,14186
1.807444633483204,-2.0352202449814993,0.0,1.0,0,14187
-1.6323311766402635,0.132284807269044,0.0,0.0,1,14188
1.2768887590160836,2.0781996570210417,0.0,0.0,3,14200
2.074766290679491,1.0506176327117633,0.0,1.0,3,14201
0.47093026354269696,-0.7780122135978856,0.0,1.0,0,14202
-1.6555274991515387,1.0503195910715517,0.0,0.0,1,14204
-1.0744163112868186,-2.1176057545749756,0.0,,1,14209
1.2749667381056182,-0.5196389194596706,0.0,,0,14212
-0.13310963691747693,0.04117123354884249,0.0,0.0,1,14214
1.774180762996243,0.554208173154656,0.0,0.0,0,14215
-1.19733853591381,1.117207864478647,0.0,0.0,1,14216
1.818886299753997,0.6001036645057732,0.0,1.0,3,14219
0.569941388840204,2.379943155954461,0.0,0.0,3,14220
-0.8696343562991254,0.6020457359961869,0.0,0.0,1,14224
-1.3481255778893726,0.8630613377817413,0.0,0.0,1,14225
-1.2151236441675655,0.6664263016329766,0.0,,1,14227
0.6714609952460542,1.278626671051276,0.0,0.0,0,14237
1.0367570130985706,-2.626830169814985,0.0,1.0,0,14241
-0.9615092948444929,0.911232297171768,0.0,0.0,1,14242
-1.7056184094806208,0.9307652868743475,0.0,0.0,1,14243
-0.4531716218682364,-1.220725826428529,0.0,0.0,1,14245
1.3947902832218135,-0.32121014731867,0.0,,0,14246
2.3210545780087553,-0.22742027716892216,0.0,1.0,3,14248
0.9813434648843795,-0.5376931707436319,0.0,0.0,0,14249
-1.300204066832391,0.555697095531397,0.0,,1,14254
0.5259495971758654,0.7123436022536781,0.0,,0,14255
-0.7030117325231862,-2.2486426353396176,0.0,1.0,1,14262
1.4693886007797015,0.5684956656749238,0.0,,0,14264
1.1215676860358375,0.1868403628591003,0.0,,0,14266
0.29768881681785564,0.2705874115249884,0.0,0.0,0,14271
1.0661996034115724,0.18414943944112053,0.0,0.0,0,14275
-1.8456668483953529,0.9688401195002592,0.0,0.0,1,14276
-0.9122266928167195,-0.6471331388424151,0.0,,1,14277
-0.7849676853207312,1.8640473878918182,0.0,0.0,1,14279
2.2674932598441413,-1.3511369115827994,0.0,1.0,3,14286
-2.2178572966244126,-0.6588198291239138,0.0,0.0,1,14288
-1.4668595236674045,-0.44511746271197156,0.0,0.0,1,14303
1.2347035633815222,0.27411539680959895,0.0,,0,14305
-2.0696307130150986,-0.7938464085773204,0.0,0.0,1,14313
0.16307068512442552,0.8602598781072357,0.0,0.0,0,14314
-2.266188928119394,-0.48182212438669675,0.0,0.0,1,14317
-0.8075001128417257,1.9963121757475197,0.0,0.0,2,14319
0.6280100890418241,-2.0566304540469447,0.0,1.0,0,14321
1.3769588260654961,-0.1540923525477451,0.0,1.0,0,14324
-0.22296125138009235,-1.4516141088685814,0.0,1.0,0,14331
1.097190596832006,-1.017382519510786,0.0,1.0,0,14332
1.9461364183638432,0.9332617482223252,0.0,,3,14334
1.016612980772432,0.8314755723009484,0.0,1.0,0,14336
0.8607914581709405,0.011196557575921888,0.0,1.0,0,14339
0.9429018074838085,-1.040230154363174,0.0,1.0,0,14341
2.4550834517287083,0.5174772076908833,0.0,1.0,3,14343
2.1156748203481475,0.8039510425368451,0.0,0.0,3,14345
-1.6019826915365543,1.3777274795327221,0.0,0.0,1,14347
0.8816999942118001,-0.3749310677471114,0.0,1.0,0,14353
-1.7979062679513484,0.509369625059137,0.0,0.0,1,14354
-0.4210575720453817,0.326550307556864,0.0,0.0,1,14360
1.6339718284977294,0.5151673685356729,0.0,1.0,3,14362
1.7005897256627842,0.1217236184031569,0.0,1.0,0,14363
0.9917626603943921,-0.5751915203543259,0.0,1.0,0,14364
2.252719035931978,-0.1047378599959818,0.0,,3,14366
0.5957390725086622,-0.6212836138006333,0.0,1.0,0,14371
1.7015734840317955,-0.535386863412431,0.0,,0,14372
-0.13359593202353076,1.0624104061459767,0.0,0.0,1,14375
0.5150186923810373,0.28596245847749663,0.0,1.0,0,14381
-0.5185787178641263,1.4616273753996887,0.0,0.0,1,14382
-0.5121873242546526,-1.5591387554230787,0.0,0.0,1,14383
-1.2291687981329744,0.5762339073929141,0.0,,1,14386
-2.7835153212751256,0.05454502629786899,0.0,,1,14395
-2.4436603263116146,0.09768111263028491,1.0,,1,14400
-0.6106705083732661,1.5580035827058678,0.0,1.0,1,14402
-1.7604877512719408,-1.6988854004711957,0.0,0.0,1,14404
1.682805065008383,-0.21006072854626834,0.0,0.0,0,14406
1.355070501984086,0.6929029134899689,0.0,0.0,2,14407
2.1753911210417796,-0.9741227453577509,0.0,1.0,0,14408
-1.5330794579434301,-0.12224597309470436,0.0,0.0,1,14412
-1.535128296423841,-0.4406552319990087,0.0,1.0,1,14415
1.1074633650448067,-2.001886409397356,0.0,1.0,0,14416
-2.2774223118043815,-0.057218135659090924,0.0,0.0,1,14425
0.9434175064339323,-0.6037727834320263,0.0,1.0,0,14429
-1.8506171038479018,-0.6912661671222217,0.0,0.0,1,14433
-1.2213309394772842,-0.39963858177731804,0.0,0.0,1,14435
-1.253653661236983,0.5433357330716915,0.0,0.0,1,14438
0.44731383474530306,-0.5494773473299724,0.0,,0,14440
-0.5152219170649767,-1.1625875264234178,0.0,0.0,0,14447
-1.1470565952822143,-0.7912411518301339,0.0,0.0,1,14451
-1.5531853237536313,-0.19395523097903822,0.0,0.0,1,14452
-0.39614785328731034,-0.781601219865497,0.0,0.0,1,14453
0.035964799559249964,0.16645236795656668,0.0,1.0,0,14455
0.0708982382256128,0.6964917477240898,0.0,,1,14457
1.6866806905820444,-1.71120313784733,0.0,1.0,0,14463
1.869134149225913,0.6735505207813434,0.0,,3,14466
-2.3931968223769085,-0.05722968690720885,0.0,0.0,1,14475
2.9618435627818336,-2.239817392664239,0.0,1.0,0,14477
0.9493925305561294,-1.3993105876272243,0.0,1.0,0,14478
-1.6909215479068431,0.7668756735806357,0.0,0.0,1,14500
-2.823675156910259,-0.2623421662010888,0.0,0.0,1,14503
0.6218204094918586,-1.0752167577946745,0.0,1.0,0,14508
-1.248444042010225,0.43789646584085984,0.0,,1,14510
-2.1764335555606524,-0.6154879777715176,0.0,0.0,1,14512
0.4541520667550985,-0.03635324306820634,0.0,0.0,0,14520
-0.5356737849042318,-0.6246527924293629,0.0,0.0,1,14524
0.4513307253670462,-0.6765436813915395,0.0,,0,14526
1.1996253454282795,-0.009864700041056159,0.0,0.0,0,14528
-1.5487919132360548,0.7865909924493385,0.0,,1,14529
1.2962246403065871,0.11258305781228455,0.0,1.0,2,14532
0.333643632161265,-1.1011858563251535,0.0,,0,14537
-0.5018442783428916,-0.5728261334768777,0.0,0.0,1,14543
0.27295035603909323,2.223743870624816,0.0,0.0,3,14546
-1.3264030256468258,0.4206801853191611,0.0,0.0,1,14549
-2.9145949587086633,-0.7463450281164179,0.0,0.0,1,14552
-0.3224635259344138,-0.10858975208385609,0.0,0.0,1,14553
-1.5920240971194253,-1.334501957448359,0.0,0.0,1,14556
1.068815396485839,-3.8345622492793563,0.0,,0,14569
-1.6213478307275486,-0.6047537190945633,0.0,1.0,1,14573
3.426529371687998,2.613626765792966,0.0,0.0,3,14583
-1.7229160394956764,1.3927769836791557,0.0,,1,14586
-0.3177445567834992,-1.6236406987953944,0.0,,0,14587
-1.4405247925872358,-1.0424605262027786,0.0,0.0,1,14589
-0.10948405345502236,1.2752867545329822,0.0,0.0,3,14592
0.8536943022013463,-0.17254093315186989,0.0,1.0,0,14593
1.44559345655198,-0.06023596606904481,0.0,1.0,0,14596
0.1015812646349529,-2.363276055798649,0.0,1.0,0,14597
2.262130984613713,2.5609913739269095,0.0,0.0,3,14601
-1.5037897676904586,0.790356262111968,0.0,0.0,1,14603
1.4984446213799198,2.4661601700886235,0.0,0.0,3,14612
1.1742183689211243,-0.06845415000502035,0.0,,0,14614
-2.240623407361268,0.05398570574685027,0.0,,1,14616
-0.7011470692200613,1.6097521518533957,0.0,0.0,1,14617
-2.646134929978393,-1.239484622592446,0.0,,1,14619
1.3374629164666905,-0.2421601373409463,0.0,1.0,0,14622
1.2235507414859974,-0.2670039948009278,0.0,1.0,0,14623
-0.8516632358687186,0.8800898615961266,0.0,0.0,2,14624
-1.1710335615889422,1.105682759914493,0.0,0.0,2,14625
1.7838446803431454,1.6182262674277286,0.0,0.0,3,14628
0.250250079423545,-1.398030999295837,0.0,1.0,0,14631
0.025473056257444053,-0.0354508139349669,0.0,0.0,1,14632
0.3019369221553195,3.7597792528896545,0.0,0.0,2,14633
2.2555880085536524,0.8863454915256782,0.0,1.0,3,14640
-1.2901267504993021,-0.3687113699347643,0.0,0.0,1,14642
0.7646849584667722,-1.6159178302287718,0.0,1.0,0,14645
4.010738736070046,1.2992325092623032,0.0,1.0,3,14649
0.0035158225681045595,-0.1685130696663722,0.0,0.0,1,14655
-0.9572095918138696,1.1747550226219028,0.0,,1,14657
-0.4956989150071291,-1.652337452489658,0.0,0.0,1,14660
-1.1237967413779435,0.9564484122838319,0.0,0.0,2,14666
1.1360814804888397,0.8244828714327788,0.0,,0,14667
-1.4463581475983098,0.4440869273120297,0.0,,1,14668
0.2537631960510857,-0.7445140877601031,0.0,0.0,0,14674
-2.260822478710162,-0.1790035558359003,0.0,0.0,1,14675
1.3088663114604604,-0.16224277263057757,0.0,1.0,0,14678
1.4165662003714303,-0.00742371931398577,0.0,1.0,3,14679
1.6821666238463622,0.5080525874976521,0.0,1.0,0,14689
-0.4379654292664246,1.8171850543338708,0.0,0.0,1,14700
-2.313914163568286,-0.23392239053145655,1.0,,1,14704
1.7221433441653318,1.0080071047387245,0.0,1.0,0,14708
-1.0749069425348914,0.4584537209300773,0.0,,1,14710
0.2933584034810633,-1.7473729853246114,0.0,1.0,0,14711
0.8690663339533876,-1.1089280100584868,0.0,0.0,0,14713
0.6126784996370912,-1.0663959779997874,0.0,,0,14714
-1.9374794442464083,-0.3082332954999393,0.0,,1,14718
0.8087195824105319,-1.8150823856391385,0.0,1.0,0,14721
4.634815872234852,1.5847395638082644,0.0,1.0,3,14722
2.0033754096205625,-0.7944328585401448,0.0,1.0,0,14725
2.006569429547734,-0.4621676434556345,0.0,,0,14729
-1.7469752812511323,0.07443499861569017,0.0,0.0,1,14730
-0.3198950142350287,-0.20824156580494538,0.0,1.0,1,14733
-2.1162614746420485,0.47177353601259037,0.0,1.0,1,14736
-2.2933907790374835,0.10418632140326904,0.0,,1,14739
-1.1752097250561122,-2.382695009539198,0.0,,1,14742
-0.8097916758195981,-2.247201950828996,0.0,0.0,1,14745
0.8251614464170128,1.0357961229783847,0.0,,3,14747
-2.3982570206088587,-0.6637535307103278,0.0,0.0,1,14748
0.6121705702196965,0.07695960770523448,0.0,1.0,0,14750
-1.636506810300665,-0.6697855636449931,0.0,0.0,1,14752
-2.2741278300633687,-0.2732862617934114,0.0,0.0,1,14754
-1.8111489266601783,0.4025847773062809,0.0,0.0,1,14758
-1.395908132768119,1.9285252326053166,0.0,0.0,1,14765
-0.19036194315799831,0.011765147774782873,0.0,,1,14767
-1.5507041326991176,1.0080472466489772,0.0,0.0,1,14778
-0.042651794130450886,0.4003224886037626,0.0,,3,14780
3.351269654534268,1.4590926316458457,0.0,1.0,3,14783
0.9368299821578256,-0.46152057023151033,0.0,,0,14785
0.6465503115644683,-1.2338861390063223,0.0,,0,14790
-1.4892810543046453,2.55972374141184,0.0,0.0,1,14792
1.9313785829461538,-2.2581299152465233,0.0,1.0,0,14793
1.9442254711126588,-0.04387931654522324,0.0,1.0,0,14801
-2.0293072274689727,1.04030855669932,0.0,,1,14803
-0.11811112921319011,0.2881628270631112,0.0,,1,14804
-1.6313441774205837,0.13259796616443836,0.0,0.0,1,14806
1.6257837078351385,-1.2488486092860966,0.0,,0,14807
-0.822422043160742,-0.17443344869548955,0.0,0.0,1,14808
0.8266844130726057,-0.6617021912752679,0.0,1.0,0,14812
-1.4832979354650266,0.73327903505457,0.0,,2,14814
-0.6535616913150472,-0.2038518384416225,0.0,0.0,1,14815
0.2127510126528099,0.21921241401530417,0.0,0.0,0,14818
1.1025816430189224,1.060083592584685,0.0,0.0,3,14838
1.1825999922219546,-1.3271234974652433,0.0,,0,14839
0.9731243993476072,-2.337251954092089,0.0,1.0,0,14843
-1.4877072832246285,0.45501364240262426,1.0,,1,14846
-1.8415314983289541,0.5789407769553377,0.0,,1,14849
2.4844540960152317,-1.523972590591076,0.0,1.0,0,14855
1.913462545183675,0.911510702667904,0.0,,0,14860
1.0115793760239258,-0.4196502537762815,0.0,,0,14861
0.28298299412929456,-1.6707724269122461,0.0,1.0,0,14871
3.567835166057641,-1.502683807984155,0.0,1.0,0,14872
-1.9891158312820325,-0.34434886524342717,0.0,0.0,1,14873
-1.1793336599090716,-0.11749659438393027,0.0,,1,14878
-1.2342809414860607,0.6828566789858778,0.0,0.0,2,14879
2.2320707542782343,0.0652113884413211,0.0,1.0,3,14890
1.019443761642086,0.4465345344584952,0.0,1.0,0,14892
-0.5149436233175,0.8228912468389755,0.0,0.0,1,14895
2.071865192145223,-2.5078229570552817,0.0,1.0,0,14906
0.8894082164284455,0.9618339375099066,0.0,0.0,3,14907
3.2940663830075767,-0.35745620351968155,0.0,1.0,0,14919
-1.3277349812173322,0.12203597588311528,0.0,,1,14921
0.27264430043107174,-1.1814525423925244,0.0,,0,14925
1.2619810091034467,-1.3571639157337396,0.0,1.0,0,14930
0.011056539009741467,1.2407175603112015,0.0,,1,14931
-1.4934642247643173,0.1482595433871569,1.0,0.0,1,14938
-1.017729665926608,-1.0682264770622731,0.0,0.0,1,14939
-1.5922671324885438,-0.07904304399157357,0.0,0.0,1,14947
-0.6131340598259444,1.9697412129146676,0.0,0.0,1,14952
-0.6992791840924024,-1.711749055032639,0.0,,1,14961
-1.7059641715073688,-0.26946131247713634,0.0,0.0,1,14963
2.2973107942510875,0.43610195105908456,0.0,1.0,3,14966
0.5045135763631808,-1.1856572628825652,0.0,,0,14973
0.5305817716517384,0.6824626209731364,0.0,1.0,0,14974
-0.30111753196747876,-0.04722860753227475,0.0,0.0,1,14980
3.606367070081501,0.5855079500190162,0.0,1.0,3,14998
-0.2123229571959882,1.3874072947297926,0.0,0.0,1,15004
0.4127629433030338,2.5218504955717975,0.0,0.0,3,15007
0.3461437233589707,1.1279728062686039,0.0,0.0,0,15009
-0.3637467179975489,0.24396974036119456,0.0,0.0,1,15010
0.5979413531230068,-0.538592687880217,0.0,1.0,0,15011
1.0460215159841557,3.598186202165512,0.0,,3,15013
0.8642016773628531,0.26946184689758146,0.0,0.0,3,15014
0.08707375415695846,-1.5644502903383102,0.0,,0,15016
0.9331068680822645,-1.1223516870295775,0.0,1.0,2,15017
0.5593698228951106,-0.18240376678086684,0.0,0.0,0,15020
3.061249675588841,1.2941308702083254,0.0,1.0,3,15023
2.702630054776285,2.087345580502554,0.0,1.0,2,15027
-1.7950105853543217,0.4773541556732399,0.0,0.0,1,15033
-1.3186162842903788,1.633008330003307,0.0,0.0,1,15034
-1.2786672193020459,-0.3156173878988426,0.0,,1,15037
-0.025083124484575486,-1.2803375103933414,0.0,1.0,0,15038
0.6587640728133536,-0.07921070982976433,0.0,1.0,0,15043
-1.1172631273770153,0.818570020758898,0.0,0.0,1,15044
2.8818917043008687,-1.590009101031728,0.0,1.0,0,15046
-1.6766769439053033,0.35171313912769736,0.0,,1,15060
0.14908388027366953,2.1983533355698595,0.0,0.0,3,15061
0.660473211574907,-0.35672136859169495,0.0,0.0,0,15070
1.3406135273810094,2.144790840869498,0.0,0.0,3,15072
0.6029611855194864,0.4846337331916366,0.0,0.0,2,15073
-2.360801582610367,0.4397338032165596,0.0,0.0,1,15074
-1.6005128494911907,-0.4530911696518147,0.0,0.0,1,15075
-1.057762200421585,0.6500849560973545,0.0,0.0,1,15078
-1.150121076789155,0.7859690108686767,0.0,,1,15079
2.039960166182977,0.5200161740932536,0.0,1.0,3,15083
-1.6220037313073736,0.38914215805039654,0.0,,1,15084
0.44413131881462264,-0.2302526074782566,0.0,1.0,0,15088
1.8817582920272617,-1.2583245003045263,0.0,,0,15092
-0.276363405460024,-0.5431361214405888,0.0,,1,15097
1.9735248779484618,0.3973502292776228,0.0,1.0,3,15101
-0.34667765128702827,-0.22725973195943916,0.0,1.0,0,15108
-0.19314624284922738,-0.18734836415810707,0.0,0.0,1,15114
2.209957903263255,-2.0738887135678703,0.0,1.0,0,15115
0.9704045143968913,0.4677536832628835,0.0,1.0,0,15119
1.9502873542955426,0.5439805102883225,0.0,1.0,3,15127
-1.1501913376664135,1.7824017954447964,0.0,,1,15128
0.5067250960465105,-0.28803970115768274,0.0,0.0,0,15131
-1.7651385289165649,-0.5885301759412884,0.0,0.0,1,15133
0.35785223835804697,0.8212341422674062,0.0,0.0,0,15134
-0.7633630337574296,1.2822109856087551,0.0,0.0,1,15136
-2.5674138566610205,-0.9988249162344801,1.0,0.0,1,15137
-1.0785977258035941,0.8415850643804851,0.0,0.0,1,15139
-1.2926470814046662,-0.8036742423372395,0.0,0.0,1,15141
1.7624422699687938,-1.5229293012863334,0.0,1.0,0,15142
-0.019063016554697033,-0.07192042859500217,0.0,,0,15153
4.073433723020885,3.478670349470652,0.0,1.0,3,15159
3.7108076030145227,-3.3826999933502204,0.0,1.0,0,15162
-0.1757356196283359,2.8694320486061717,0.0,0.0,1,15164
0.5075380477523466,-0.6636072682666128,0.0,,0,15169
3.6126163012917263,-3.5825856719513474,0.0,1.0,0,15174
-1.1943911893744306,0.02669043712175502,0.0,0.0,1,15176
-1.1167284239156907,-1.3284840739096702,0.0,0.0,1,15178
-1.7742133651739318,-0.37954020349991174,0.0,0.0,2,15190
-1.5958275479295414,0.8929096681247551,0.0,0.0,1,15198
-2.2632732150527266,-0.7550030637916895,0.0,0.0,1,15201
1.560184550810398,0.17741787373548223,0.0,1.0,0,15203
2.317621116260399,-0.6975593611691112,0.0,0.0,3,15205
0.12476099319806953,-1.0312480522151644,0.0,0.0,0,15209
0.5995746546776922,-1.2748711143463467,0.0,1.0,0,15212
-2.7195423196166306,-1.5291545835798241,0.0,0.0,1,15229
-2.150876739449518,0.26150851068295844,0.0,,1,15234
1.2156373157290676,0.3157707802329662,0.0,,3,15235
-1.9174542110432233,-0.8790507167879785,1.0,,1,15236
-1.3435984617609147,0.6227993199754854,1.0,0.0,1,15237
0.2439755083806607,-1.7407668808143693,0.0,0.0,0,15238
3.795996472224505,0.5386148660783358,0.0,1.0,3,15239
1.012535955597347,0.722408265514421,0.0,0.0,3,15247
0.201043467892328,-0.013761756630484855,0.0,1.0,0,15250
0.6702968717034369,-0.37971151071822656,0.0,,0,15257
-0.6915433858353207,-0.08506912882533717,0.0,1.0,1,15261
-1.0425417486872843,-0.2934301755601832,0.0,0.0,1,15267
-1.2604528385808849,0.6598247407204326,0.0,0.0,1,15268
-0.9570821687057262,0.3602286577209129,0.0,,1,15271
2.7401010098664473,-0.24111557299221514,0.0,,3,15272
-0.27641954857374074,-0.4471293161533861,0.0,0.0,1,15282
-1.8428451915603188,0.018235927189391134,0.0,,1,15283
0.6735170381767269,-0.7105244749269812,0.0,1.0,0,15287
1.3810496107894334,-1.2736907130585648,0.0,1.0,0,15288
-1.9639997612622029,-0.3960078273282777,0.0,0.0,1,15293
0.5881672457629149,-0.3084926607543391,0.0,1.0,2,15299
2.029883663126711,-2.188369335115036,0.0,1.0,0,15305
-1.0505587525021678,-2.1701224646260777,0.0,0.0,0,15309
-2.0688434596973457,0.555154513228941,1.0,0.0,1,15318
-2.083577967523103,0.023109242959065607,0.0,,1,15320
1.3626427795467937,0.09136865478398326,0.0,0.0,0,15321
0.14323415064491957,0.22244591672862407,1.0,1.0,2,15332
-1.4501878086311262,0.09333250815076671,0.0,0.0,1,15344
1.0310414727544173,-0.7709398401276049,0.0,0.0,0,15347
2.257661367356327,-0.7137872156028751,0.0,1.0,0,15350
-2.3132988179779757,-0.005807074407224902,0.0,,1,15352
0.5610611105909716,-1.204087456917792,0.0,,0,15353
1.1618409773121214,-0.20363226562338194,0.0,1.0,0,15356
1.5105160613080282,0.4873100980494488,0.0,1.0,0,15357
1.4614981842213977,1.0731604653751337,0.0,,3,15359
0.5056804534039401,-0.6671112901791113,0.0,1.0,0,15371
-1.5946147174488245,0.9450730168245723,0.0,0.0,1,15372
2.080648388077466,1.6246357214226232,0.0,1.0,0,15374
3.8906680759724597,-2.9705524316260914,0.0,,0,15377
1.2937387515064727,-2.2989652305532196,0.0,1.0,0,15378
-1.2519384910118911,1.5311934485697722,1.0,,1,15379
1.326459497227629,2.9023928263403085,0.0,0.0,3,15383
3.1838120129261633,-0.48143366089859757,0.0,1.0,3,15390
1.9406866428355491,-1.2754832712597344,0.0,,0,15394
1.7431974132175287,-0.5387523837204943,0.0,1.0,0,15396
-1.640993564489904,0.9336393855428144,0.0,0.0,1,15398
1.7866197142598514,-0.1290117993110831,0.0,1.0,0,15402
0.8486844040414403,-0.7985899390091146,0.0,1.0,0,15403
-0.3787582751246869,1.4698238538041357,0.0,0.0,3,15405
-0.7712518353386167,1.458501758281758,0.0,0.0,1,15406
1.8975101670608112,-3.113641921414309,0.0,1.0,0,15407
1.6987525723852634,-0.9864415976095756,0.0,,0,15409
-1.2861533775139125,0.6008930325067717,0.0,,1,15413
-0.22901310948708425,0.18085063753660008,0.0,0.0,1,15414
1.1320595112593905,-0.4530527355915936,0.0,1.0,0,15415
1.8479911399367623,4.054490776023539,0.0,0.0,3,15429
1.8188469980427129,0.05241031040840642,0.0,0.0,3,15434
-1.0371141159231494,-0.2521798436951907,0.0,0.0,1,15435
-0.15156518489004148,-0.6094942651567703,0.0,0.0,0,15436
-3.023421344781001,-1.8969735838799064,0.0,0.0,1,15438
-2.3707560270098984,-0.3237603185125849,1.0,0.0,1,15439
-0.3582103311106719,1.2134698297825555,0.0,1.0,1,15440
0.8691870361771137,0.8144269957563837,0.0,1.0,0,15442
-0.8501728579667563,1.8618817149745663,0.0,0.0,1,15445
-0.13300430986827141,1.0774249380070835,0.0,0.0,1,15446
-1.439109326560026,1.5565253284195255,0.0,0.0,1,15450
0.4718708605103506,0.17547701809942962,0.0,,0,15453
0.8025080101376866,-0.8491374789387336,0.0,1.0,0,15454
1.6978287791849738,-0.8608990131218154,0.0,1.0,0,15455
1.7241663316455929,0.21208069068778929,0.0,1.0,0,15456
0.14098922577480555,0.24010622997939465,0.0,1.0,0,15457
1.540631883169188,2.0767871921671794,0.0,,0,15460
0.6387316602199329,-0.02296203634618112,0.0,1.0,2,15464
-1.587782977881309,1.3720515149778518,0.0,0.0,1,15465
0.6603756804222147,2.796862314771732,0.0,0.0,3,15467
-0.3886267481568318,0.010096292735508779,0.0,,1,15469
-0.739643462677883,-0.05983051165090596,0.0,0.0,1,15472
0.34266761027656106,1.1265019243660312,0.0,1.0,0,15474
-0.9979362993084996,-1.0764944121923972,0.0,0.0,1,15481
-1.4581570763393048,-0.18001718999634542,0.0,0.0,1,15488
1.0608340090440305,-0.4145249862269168,0.0,1.0,0,15492
-1.2768832478412142,0.7315195866651569,0.0,0.0,1,15499
-1.5922208438289351,-0.09871037071218043,0.0,0.0,1,15514
-1.7859958537282996,0.5973376723288576,0.0,,1,15515
1.2677077866489532,0.6677879193868628,0.0,,3,15516
-1.5291276523196928,1.9152991881100285,0.0,0.0,2,15517
-2.760721885658762,-1.0673279241803404,0.0,0.0,1,15518
-1.9104189614792801,-0.1915640334960428,0.0,0.0,1,15523
-1.2331334158860037,0.26256255723413213,0.0,0.0,1,15529
0.26555607031611805,1.4647929873286047,0.0,,1,15531
2.334786692482023,1.7234490994013096,0.0,1.0,0,15542
0.38464211349060484,0.6096005748568497,0.0,1.0,3,15545
0.602723121206721,-1.6567926709950302,0.0,1.0,0,15548
-0.7852061018356686,-0.2057327128928647,0.0,0.0,1,15551
-2.1978383823504806,-0.7907016973422836,1.0,0.0,1,15553
-1.4104164335981688,0.1816736283684295,0.0,0.0,1,15560
0.5747154894671604,0.1715389132853358,0.0,0.0,0,15562
2.967942116909152,2.8170803509430673,0.0,1.0,3,15572
3.3607870858146516,-2.1584909247444357,0.0,1.0,0,15581
0.3241942796937218,1.8425369232542985,0.0,0.0,0,15582
-3.079226561583324,-1.5368588735931246,0.0,0.0,1,15592
-1.592223462750747,-0.5721744954347844,0.0,0.0,1,15593
-0.99825966774301,0.5549866483643028,0.0,0.0,1,15597
1.5725542717576282,-0.09651620457378107,0.0,,0,15609
0.6955237106400886,2.0363417610518018,0.0,1.0,3,15615
1.8777327694026846,0.8526103811432791,0.0,1.0,3,15617
1.110817876734891,-0.4323042331303586,0.0,1.0,0,15619
2.978478393389908,2.508780837605044,0.0,1.0,3,15628
2.2636323708281885,0.833374594590233,0.0,1.0,3,15631
0.9116142429231182,-1.172808749237437,0.0,,0,15633
-2.205556504583324,-1.3013658339338803,0.0,0.0,1,15643
-0.5598004220402873,1.5764558268998208,0.0,0.0,1,15645
-0.6960490987210728,-0.06485470818015687,0.0,0.0,1,15649
-1.3670282090188997,1.4688590828478854,0.0,0.0,1,15653
0.2984533267002895,-0.10035236282956254,0.0,1.0,2,15654
-0.47176284240985805,0.024771635451005213,0.0,0.0,1,15659
-1.9017189960934155,-1.0606507624575128,1.0,0.0,1,15661
-0.11705718185539245,-0.10476410027632528,0.0,,1,15662
-2.6906307897461295,0.14286435311683113,0.0,0.0,1,15663
-1.930090282883912,0.9521688555297394,0.0,,1,15666
-1.2629753738211782,0.5052795684348061,0.0,0.0,1,15668
1.0736983754970535,-0.2621934051506178,0.0,1.0,0,15669
-1.0975962001704673,1.0447673562246549,0.0,0.0,1,15672
0.6437697715646807,-0.5297840397244508,0.0,,0,15675
1.08724156585896,-0.9696306877340458,0.0,1.0,0,15677
2.0212650680200936,-1.9750702310850592,0.0,,0,15678
-2.7686264647668697,-0.19180649478831666,0.0,,1,15681
-0.05893781560868517,1.8812241710769524,0.0,0.0,3,15682
0.17904326844005322,-0.8093536801663183,0.0,0.0,0,15684
-1.4492102691754059,-0.8540611173517444,0.0,0.0,1,15689
-1.0516114747986625,1.1137319811801234,1.0,0.0,2,15691
1.0467810180670116,-0.3230346578271978,0.0,,0,15692
-1.8994982839556127,-0.46881216170273304,0.0,0.0,1,15693
-1.331899234519671,0.46594565919364744,0.0,0.0,1,15703
-0.3324764916770074,-0.16435749161006968,0.0,,1,15705
-0.6073713390780372,2.8019232386575554,0.0,0.0,1,15706
-1.3398510033990507,-0.25813983743134117,0.0,0.0,1,15711
-1.5196088205415552,-2.0767788498438478,0.0,,1,15715
-0.8596425916566169,0.12664945158724267,0.0,0.0,1,15717
1.9156581011291616,1.545938827386333,0.0,0.0,3,15718
3.786842488984487,-3.1048018459334803,0.0,,0,15720
-2.995155397582989,-1.1619073253921086,0.0,,1,15724
1.4257310512332662,-0.0059935665146968395,0.0,1.0,3,15728
-0.4093129025340883,1.7427960232601882,0.0,0.0,1,15730
1.8175122462534228,-1.1303017250554943,0.0,1.0,0,15732
-1.7069542480970008,0.5253891389214209,0.0,,1,15740
-0.1028951521305904,-0.7771504061581471,0.0,0.0,0,15745
-0.8506444291836099,-1.1187076554173019,0.0,,1,15750
-1.7064509454497454,0.1045694582054825,0.0,0.0,1,15755
-1.958695250565958,0.39334292527912096,0.0,,1,15758
-2.0947002608759067,0.31517546022687964,0.0,,1,15759
0.24129826054058492,-0.13568568263867734,0.0,0.0,0,15762
0.64905411522533,-0.5313952609748084,0.0,,0,15763
-0.869273122390041,-1.040636123078804,0.0,0.0,1,15769
1.6329338248531216,-1.8908521675601937,0.0,,0,15774
-0.10585987555574353,0.14518764996757502,0.0,1.0,2,15776
1.6341731791686185,0.7876863161147813,0.0,0.0,0,15785
2.076364593773894,-1.9855794628769285,0.0,1.0,0,15793
3.731461627239525,-2.396792392440537,0.0,1.0,0,15798
1.264985183601743,-0.8454378835393728,0.0,1.0,0,15802
-1.791044749268479,0.4585194582674387,0.0,,1,15805
-0.022182267144754724,0.19045472203799882,0.0,0.0,0,15818
0.42837713169187785,-0.8578194704142922,0.0,,0,15826
-1.9336644291674594,-1.6471403960909208,0.0,0.0,1,15827
-0.8141445709505666,1.3830295121192546,0.0,0.0,1,15830
-1.4908981378836461,1.2623722805195996,0.0,0.0,1,15836
0.848162832483305,1.2030645758246894,0.0,1.0,0,15838
-1.054061578086098,1.241219407219467,0.0,0.0,1,15842
-1.1778488400918017,0.5322850392221272,1.0,,2,15844
0.6455375402099415,-1.1754571814420545,0.0,,0,15847
1.6557277063705385,0.35250849357439384,0.0,1.0,0,15857
-0.7951058204534638,0.4333401175399132,0.0,0.0,1,15860
-1.5048612810388364,-0.8556694233212526,1.0,1.0,1,15866
1.7181073886294256,0.6215132096719242,0.0,0.0,0,15869
-0.3684166175206646,-1.548938841400572,0.0,0.0,0,15871
-0.5327583331561794,0.7888388393671781,0.0,0.0,1,15875
-1.7113707775284364,1.1891309877388165,0.0,,1,15880
-1.4021628790294929,1.1297387259020326,0.0,0.0,1,15891
-1.982359465794239,-0.7103173444491812,0.0,0.0,1,15892
0.1876960518088704,0.42368511405134124,0.0,0.0,1,15896
-0.30756004921386676,-0.1301995884384983,0.0,0.0,1,15898
-1.046617704709242,0.18802979542811118,0.0,1.0,1,15901
-1.5755234707121708,0.7352997860499341,0.0,0.0,1,15903
-1.455182282990608,-1.1675376586072146,0.0,,1,15907
-0.4139247175973862,-0.3423694415769502,0.0,1.0,2,15914
-1.4569110083185932,0.05883462374149114,0.0,0.0,1,15915
-1.295374933772886,-0.24028667548121235,0.0,0.0,1,15917
2.583797452856476,-1.366134332626949,0.0,1.0,0,15921
0.03887210251461253,-1.20717971643668,0.0,1.0,0,15922
1.7990181855768896,-2.602460598939613,0.0,,0,15929
-0.3512106984868606,-0.4164566149622982,0.0,1.0,1,15934
1.467682247462721,0.28629205556100273,0.0,1.0,0,15937
-1.9860154470289115,-1.3435371508163167,0.0,0.0,1,15939
0.8872230233354255,0.4436777869472649,0.0,,2,15940
1.1759094177036884,-1.1569089737892204,0.0,1.0,0,15944
-0.25483083038312665,0.836025661098623,0.0,0.0,2,15948
0.14899949658127648,-1.1242902913640178,0.0,1.0,0,15955
1.8049747194460746,-0.22789791005589483,0.0,1.0,3,15957
-0.32331680847325356,-1.626475848443538,0.0,1.0,0,15959
-2.704575024164527,-0.8954141903057289,0.0,0.0,1,15961
1.0463688369377278,-0.2054073790481681,0.0,1.0,0,15970
-1.7936556755531863,-0.587861873977987,0.0,0.0,1,15973
0.8023501836445331,-0.911047683712501,0.0,1.0,0,15978
1.2399911727726598,-2.3074415352259856,0.0,1.0,0,15982
-1.4809387631367734,0.3975997464156917,0.0,0.0,1,15983
-1.312952219192463,0.686634115872855,0.0,0.0,1,15984
-0.8577519883861887,0.5113718852924559,0.0,0.0,1,15986
2.4051264584255927,-1.2856292531625353,0.0,1.0,0,15987
1.5931522685832662,-0.9722085115457185,0.0,1.0,0,15992
-2.205141259312389,0.1133740036561724,0.0,0.0,1,15993
-1.2227384297802724,-0.1447974043312095,0.0,0.0,1,16000
0.8145146229752191,-0.236764440882947,0.0,0.0,0,16002
-2.2376636722435284,0.13590101070983987,0.0,0.0,1,16005
-1.7991543584888356,-0.5562348903365475,0.0,0.0,1,16006
2.8453164429242523,0.8348714232014757,0.0,1.0,3,16013
-2.02614751911703,-1.350850133881946,0.0,,1,16018
-1.9713207918863151,1.0670663089250783,0.0,,1,16019
-3.1604857651682736,-0.8245834596529349,0.0,0.0,1,16020
1.1222431123450778,0.5838514545662259,0.0,1.0,0,16022
1.1543156163033435,-0.1939782302879573,0.0,1.0,0,16032
2.1762895795275687,0.6997469338063199,0.0,0.0,3,16040
0.06817729301814943,-1.674199566442358,0.0,0.0,0,16046
-0.40440550445065127,-0.7631756641048932,0.0,0.0,1,16047
-0.2026350397615637,-1.68034286394034,0.0,,0,16050
1.9405700419204532,-0.4556479773020108,0.0,1.0,3,16051
-1.7676740126381019,-0.2545975182193534,0.0,,1,16052
0.8007964950078755,-0.3786270090434015,0.0,1.0,0,16053
-0.933041877522924,-1.2332531419402646,0.0,0.0,1,16058
-0.05015297175577671,-0.0229237936800978,0.0,,0,16064
-3.0484490046138117,-1.12930119127741,0.0,0.0,1,16065
1.6153525707456722,-0.8897263051538584,0.0,1.0,0,16070
-2.163854017149327,1.560891880189706,1.0,0.0,1,16072
-1.7024411896455482,1.2594763708529586,0.0,,1,16076
-0.2844071274605702,0.40926003069875594,0.0,0.0,1,16078
1.5264164729475724,0.7680929710935848,0.0,1.0,0,16084
0.8151582830362554,-0.4136250388670446,0.0,1.0,3,16086
-1.3648260124379281,-0.5166076195332178,0.0,1.0,1,16087
1.163808394123956,-1.356960845827703,0.0,,0,16095
0.7240997827125177,-1.1270344204960938,0.0,1.0,0,16100
-0.2688236520920043,0.5974378748342961,0.0,0.0,1,16103
0.019076056585022382,0.17985736772638183,0.0,0.0,0,16105
2.3887915923658345,-2.1983265293638823,0.0,1.0,0,16108
-1.968328226868686,-0.08202003287065372,0.0,0.0,1,16109
-2.220311994234258,-1.326022134959428,0.0,,1,16110
-1.0389741048348051,0.9179893975906503,0.0,0.0,2,16111
-0.28062777330818794,0.38926549707080177,0.0,0.0,1,16116
-0.8273437535211015,0.1929180436658111,0.0,0.0,1,16117
0.5215545199430176,-0.6466688798521153,0.0,1.0,0,16120
1.6391115620833028,0.27062351835798243,0.0,1.0,3,16130
0.6855419007444177,-1.8116094040570878,0.0,,0,16134
-0.16287567999966754,1.7580879471464526,0.0,0.0,1,16144
-1.3872544222942875,0.16735803193416837,1.0,0.0,2,16145
-1.2247358166351703,-0.8090819867926929,0.0,,1,16146
-0.0011120133427757956,1.2537211984101124,0.0,0.0,2,16147
1.5380690100117576,-0.41255793160825455,0.0,1.0,3,16148
1.6084161304713895,0.7216538454923567,0.0,1.0,0,16154
-1.3636098117283175,1.4520905617772473,0.0,,1,16160
-1.9388842178509986,-1.8929851364349741,0.0,0.0,1,16166
0.35586567022896165,-1.2896171772779916,0.0,0.0,0,16167
2.8147624821076334,0.3326253299813341,0.0,1.0,3,16169
-1.8922108481801285,0.09538902021971647,0.0,0.0,1,16172
-0.4381976911139688,-0.06422751009610099,0.0,,1,16173
-0.45421763269905135,-1.5333007974678645,0.0,0.0,1,16179
-1.6690971191057113,0.4256845873931629,0.0,0.0,1,16182
-0.30051144070012725,-0.8588559088088782,0.0,0.0,1,16184
-1.1539904198509034,0.01626665510591701,0.0,0.0,1,16189
0.0922771929993623,-0.5761709855329877,0.0,1.0,0,16193
1.064341542795442,0.057791175597847036,0.0,1.0,0,16196
-0.1151005660604917,0.10545013294829855,0.0,0.0,1,16198
1.2105735250762406,0.8964945402085464,0.0,0.0,0,16199
1.4105398700709666,0.5071894529909693,0.0,1.0,0,16204
-1.000447625468688,0.30181869875005907,0.0,,1,16206
-2.255416551452062,0.7896971374269227,0.0,0.0,1,16208
-1.568426187052101,0.8288437455918,0.0,0.0,1,16209
-0.056009061897741526,-1.7629973700757904,0.0,1.0,0,16215
-0.9289279239497821,1.2836148871209137,0.0,0.0,1,16228
2.4614518235652225,3.1652947368653264,0.0,0.0,3,16229
1.985534072329681,1.149021294463149,0.0,1.0,2,16231
1.0896830378552487,-1.6959745549176013,0.0,,0,16234
1.421117560891465,-0.5934585308003179,0.0,1.0,3,16235
-0.3272219713804416,0.13017602790412827,0.0,,1,16239
-1.391445696840544,0.8420920006290284,0.0,0.0,1,16240
-1.935605824586821,0.776941256431937,0.0,0.0,1,16242
-1.2179665971327485,0.008301936123812708,0.0,0.0,1,16247
0.9836310816407454,-0.25301090006942956,0.0,1.0,2,16249
-2.1457928651915306,-1.1652978523431283,0.0,0.0,1,16253
-0.3089965780732647,0.5587914795889812,0.0,0.0,1,16259
0.3988923260343855,-0.9591716032090406,0.0,,0,16263
-1.203526006910071,-0.1499264708540262,0.0,,1,16270
-0.637153764379293,-0.19554311363386162,0.0,,1,16271
-1.0861385680811881,0.9328285290852822,0.0,0.0,1,16275
-1.3989082937105353,-0.7222210677697286,0.0,,1,16276
-2.1423410325219097,0.1572924894171962,1.0,0.0,1,16277
2.7938656396860733,-0.37607633148484937,0.0,1.0,3,16278
0.7143889134497684,-1.5943875744915437,0.0,1.0,0,16279
-0.17493355958467174,-1.4379387539111501,0.0,1.0,0,16292
-1.5240983439608864,0.6177072899715123,0.0,0.0,2,16296
4.349343495952146,-2.0849313282390183,0.0,1.0,0,16299
0.7735117303663899,-0.8784376802495601,0.0,1.0,0,16300
-1.2540302972937734,0.2566771220999227,0.0,,1,16310
-1.3474475734644191,1.780280520995839,0.0,,1,16311
0.27590405503014787,-0.9143809900251767,0.0,1.0,0,16313
-1.3356885978356436,-1.0087202201611831,0.0,0.0,1,16314
0.872971709772635,-0.0762271918177885,0.0,1.0,2,16318
-2.2336512845570904,0.18358738588593274,0.0,0.0,1,16319
0.751091922376088,-0.719013999864203,0.0,1.0,0,16325
0.9655704212562246,-0.7158011400644262,0.0,0.0,0,16332
0.9640565017581884,-0.5925972922024484,0.0,1.0,0,16333
-1.756085224778187,-0.2856493753000974,0.0,0.0,1,16334
-0.9096927817020437,-0.11340354141448054,0.0,,1,16335
2.627970506575868,-0.37372528370943664,0.0,1.0,3,16336
0.261543103508784,-3.801223318082528,0.0,1.0,0,16339
-0.05927293097374891,-0.47654030657569835,0.0,,0,16349
0.003465032665779888,-1.3706261696219217,0.0,1.0,0,16351
5.7981370377045955,-0.31199426919382195,0.0,1.0,3,16372
-2.1250916092903864,0.9381628048029794,0.0,0.0,1,16377
-0.665225938966192,1.644817272551911,0.0,0.0,1,16381
1.4880240137838456,1.9619235731117604,0.0,0.0,3,16384
-1.0257194439870703,-0.48584938550166196,0.0,0.0,1,16385
-1.0008384166270745,-2.24898501441287,0.0,0.0,0,16395
-0.1817683539082807,0.7361694420128065,0.0,0.0,1,16400
1.2273610499098195,0.268367583292895,0.0,1.0,0,16401
1.5829735592318062,0.8330828687746002,0.0,,0,16410
2.8782920069040854,0.3097676559774651,0.0,1.0,3,16412
-0.3096654654148399,-1.1086094924036898,0.0,1.0,0,16415
-2.0289285939731148,-0.20432780095296685,0.0,0.0,1,16416
1.2752822937670762,-0.22661705822447636,0.0,1.0,0,16427
1.1628039376316412,0.25119493539046,0.0,1.0,0,16429
-1.6826580215893099,-1.209530199103284,0.0,0.0,1,16431
-0.16151664065140145,1.3398060753833851,0.0,1.0,2,16432
1.5644396985728704,-0.003088881679523985,0.0,1.0,0,16439
1.2539905757019771,-4.1412801370423376,0.0,,0,16443
-0.7616774079369039,2.297651557556483,0.0,0.0,1,16444
2.496792853930132,1.6700754031731972,0.0,1.0,3,16455
0.5380033347529254,-1.0227874574128972,0.0,1.0,0,16457
-2.7264207985554174,-0.925718193986777,0.0,,1,16462
3.2996007110957706,0.8959906497944878,0.0,0.0,3,16464
2.401142828310994,-2.0860786397740134,0.0,1.0,0,16465
-0.4587185217291882,-3.004072591561076,0.0,1.0,0,16466
2.0067214435331358,0.9610643282465611,0.0,1.0,3,16472
1.007598573116633,-0.056998669762938284,0.0,1.0,0,16480
0.1521773518984314,-2.953514400788167,0.0,1.0,0,16482
-1.3444173417258445,0.3649419293967254,0.0,,1,16484
0.17130581087493965,-1.1787233386929803,0.0,,0,16489
-1.7958002799754458,0.48546168772468196,0.0,,1,16491
-1.3497674136686737,0.5030965422418345,1.0,0.0,1,16494
-2.1553562363657224,-1.0077458380408173,0.0,0.0,1,16498
-1.8911111711279436,-0.7893582204556912,0.0,,1,16507
0.33471724567531097,-0.16150777455760013,0.0,1.0,0,16508
-1.2246225562401307,1.4433320763232038,0.0,0.0,1,16509
-2.5294269364554065,-0.2434529089314325,0.0,,1,16511
2.0976865542413785,0.2209872425267474,0.0,0.0,3,16518
0.5228241568807048,1.05182883352895,0.0,1.0,0,16519
-0.2784088511199984,0.09800105742883831,0.0,0.0,1,16521
4.009084872831591,1.7532026862511532,0.0,1.0,3,16527
-0.8001743897573435,0.07691798595287587,0.0,0.0,1,16531
-0.981334826020707,1.4352220445199855,0.0,0.0,1,16533
-2.175508652746174,0.30519049732386083,0.0,1.0,1,16540
-2.5211092605026506,-0.6060289480612296,1.0,0.0,1,16542
-1.6324615179586335,0.8686082458271678,0.0,0.0,1,16545
-0.5214620572674715,-0.7859423578976037,0.0,0.0,1,16548
-2.044341750884627,0.38100476482710083,0.0,,1,16555
-0.987169162876659,2.4666483249602096,0.0,0.0,2,16567
-0.14188129117925022,-0.14942177205341306,0.0,,1,16568
-0.9921109712034909,-0.3966635160219765,0.0,0.0,1,16569
2.3661514112840805,0.6012108592584433,0.0,1.0,3,16570
1.718679105900649,0.838128846951142,0.0,1.0,0,16572
-1.0420558415779138,0.04027434699667477,0.0,0.0,1,16574
-2.090004065770854,0.6878944531842083,1.0,,1,16577
-2.1389728522880396,-1.0305643283083354,0.0,,1,16583
0.790340633885684,-0.13037772933102598,0.0,1.0,0,16588
-0.9382290191403458,0.6829638914638892,0.0,0.0,1,16595
-1.7309285755207078,-0.48628039431349596,0.0,0.0,1,16598
-0.21510736343715897,0.6611088858864871,0.0,0.0,0,16602
-0.775762992204622,-0.5475273791440205,1.0,1.0,1,16603
0.606357178163953,-0.3999081790112635,0.0,,0,16606
0.03497415165141653,1.3937443105902538,0.0,0.0,3,16607
-2.9076712079446634,-0.8720465813622335,0.0,0.0,1,16617
-1.0905207308088622,-0.32072010245978533,0.0,,1,16618
0.45138874741528484,0.43337210385066854,0.0,0.0,0,16623
1.0025229733012875,-0.5624560506355988,0.0,,0,16631
0.7182626413494785,0.13103496331569248,0.0,,0,16633
-1.4050628265039016,1.4742470320519734,0.0,,1,16639
0.6679140127851365,0.08301102284005614,0.0,1.0,0,16641
2.457148422767223,0.41425174257651043,0.0,,3,16644
2.9375250466386835,2.220511388696318,0.0,0.0,3,16648
2.6995643207149156,0.8220337708861734,0.0,0.0,3,16649
1.3910969169869702,2.3530322331921987,0.0,0.0,3,16653
1.0744374544741724,1.0750883867973473,0.0,0.0,3,16655
0.515914706831991,0.008786917357704045,0.0,0.0,0,16661
0.9341283408733284,-0.6982552214109802,0.0,,0,16662
3.0426677742329438,-0.13133118016413164,0.0,1.0,3,16664
2.19630834202746,-1.8028604632127438,0.0,1.0,0,16666
-1.220190358285576,0.5405774371609735,0.0,,1,16668
0.4399767005396048,1.1255671481979679,0.0,0.0,0,16670
0.5817124289442993,0.8824414799152287,0.0,1.0,0,16671
0.8908728832660568,1.954380731833902,0.0,0.0,3,16675
3.212681980146376,-1.1484753648638024,0.0,,0,16676
-1.3396097525625428,-1.3245299718812888,0.0,,1,16684
-1.6117545354815588,-0.15715293738617309,0.0,0.0,1,16687
-1.1956853229376327,0.7977112588230755,0.0,0.0,1,16689
-1.6121190776812513,1.0315253969916274,0.0,0.0,1,16690
-2.101589824605091,0.9095171445706691,0.0,0.0,1,16691
1.00891626382929,-0.20259285241788721,0.0,1.0,0,16695
0.5232252488238731,-0.7409419543849005,0.0,1.0,0,16698
0.9274732620030518,-0.6405462160013079,0.0,,0,16716
1.5978329098340873,-0.14128582081735025,0.0,1.0,3,16717
-2.712933256352019,-0.4393858991236857,0.0,0.0,1,16719
-1.5901769309550868,-0.5805664297980904,0.0,,1,16720
4.828938292814364,2.41754623201606,0.0,0.0,3,16722
2.6577923094714633,0.14600888537533654,0.0,1.0,0,16725
3.554192279102602,2.3968775058497633,0.0,0.0,3,16727
-2.143688068998849,-1.0475035857838464,0.0,0.0,1,16729
-0.6241800177630951,0.14057696019255317,0.0,0.0,1,16730
1.4977803935938072,-0.3695033250512097,0.0,1.0,0,16733
-1.1932242755033209,1.2038490960182884,0.0,0.0,1,16734
-1.3462145837860566,-0.9550368861522294,1.0,0.0,1,16740
-1.0938076232741858,1.7084043643531306,0.0,0.0,1,16743
-1.4823583415415091,0.6126356395784783,0.0,0.0,1,16744
-0.11593473608876653,-0.33530547277490963,0.0,,2,16750
3.345478607388921,2.8118589896008372,0.0,0.0,3,16752
0.948591562033851,0.1803398401577003,0.0,1.0,0,16755
-1.6096228533256887,1.2167245967489264,0.0,,1,16756
-2.0849345337729814,1.1121686794095298,0.0,,1,16761
-1.0155516924085657,-0.7298409235281214,0.0,0.0,1,16764
-0.7702396304540226,-0.5255276821089521,0.0,,1,16766
1.3084017325736,0.27145020865979164,0.0,1.0,3,16768
0.9797711882632943,-1.043858869395969,0.0,,0,16769
-1.05483530435053,0.9564223796938722,0.0,0.0,1,16773
-0.9760543181343726,1.0607849688780528,0.0,0.0,1,16774
3.419696155545581,-3.926514351990456,0.0,,0,16775
-1.9930931874104851,1.0551211082810406,0.0,0.0,1,16780
0.20209780019395734,-0.22335490154177384,0.0,1.0,0,16781
-1.0238029581006571,-0.8579859394391571,0.0,0.0,1,16803
-0.4820693423575785,-1.1981038448748726,0.0,0.0,1,16804
1.623819459855229,0.9929783488253061,0.0,1.0,0,16807
0.9316614536988874,-0.2839070771222575,0.0,1.0,0,16811
-0.4989079578007963,0.19712490476777744,0.0,,1,16818
-1.2561709052185874,-1.7479367397127306,0.0,0.0,1,16826
3.108048949444807,1.569925803190794,0.0,1.0,3,16830
-0.5641235344757911,0.6624321184212631,0.0,1.0,1,16837
0.9576040931489949,-0.2523618929552546,0.0,1.0,0,16838
-1.8395691885521508,-0.2957850324119234,0.0,0.0,1,16845
-1.674287102498869,-1.5025842277458854,0.0,0.0,2,16848
-1.3891953589173915,0.5941924208645566,0.0,0.0,1,16851
-1.141393372144578,0.29383702753695506,0.0,,1,16852
-0.2613432841076339,1.5766232522422308,0.0,0.0,1,16854
4.465526814467116,-3.118615352325745,0.0,1.0,0,16856
-2.708435674325912,-0.6268075705614995,0.0,,1,16857
-1.6876748724378807,-0.38498726234526764,0.0,0.0,1,16866
-1.2609743509052118,0.6743366564756228,0.0,0.0,1,16867
0.6331674831919851,-1.6937126511601763,0.0,0.0,2,16869
0.4961287703131959,-0.9731326235314517,0.0,1.0,0,16870
-0.31081442986212454,-1.8011097960905582,0.0,,0,16872
-1.105049839219822,0.23307244980203445,0.0,0.0,1,16874
0.8807112923135854,-0.8224010131038385,0.0,1.0,0,16875
-1.6318482514982027,0.8280693782325795,1.0,0.0,1,16877
0.6215401663701705,-0.07522727267441946,0.0,1.0,0,16882
-2.4267649248332965,-0.5076145539009769,0.0,0.0,1,16885
0.7286284608970945,0.17474486511824608,0.0,1.0,0,16889
-0.7030047636288925,1.5356704321877157,0.0,0.0,2,16891
2.054669376566733,0.8033683565304583,0.0,,2,16894
-0.26242558463190885,-0.25898628592805445,0.0,0.0,1,16898
1.4526688352047932,-1.0002716344901519,0.0,1.0,0,16902
1.1121810126477825,1.74735987667926,0.0,0.0,3,16906
-1.3462611558766813,0.635817229801183,0.0,0.0,1,16908
1.2431405993874067,1.00714677046369,0.0,0.0,0,16920
-0.6524831587186581,-0.28340930692147837,1.0,,1,16939
0.820719222247726,-0.48552976077873483,0.0,1.0,0,16942
-0.25370739598600844,1.0015272995712554,0.0,0.0,1,16946
0.5499453792031289,1.7640198089731267,0.0,0.0,0,16948
0.37209137577901746,-0.06994822905080562,0.0,1.0,0,16950
-1.6678045479218202,-0.49368070000875836,0.0,0.0,1,16951
-1.1248486625670797,1.207440342477891,0.0,0.0,1,16957
-1.785140519495953,-1.193078956790463,0.0,1.0,1,16960
-1.0736319788167128,0.3457581456360216,0.0,0.0,1,16961
-0.43652463560811977,1.8076111857353205,0.0,0.0,1,16970
0.7271943885196989,-0.7034770688885338,0.0,1.0,0,16973
-1.108271972707466,0.8073612899450174,0.0,0.0,1,16981
-1.07591373960983,2.2040625056505743,0.0,0.0,1,16985
-1.6843494648824031,0.13552139182020506,0.0,0.0,1,16991
-1.5367114620517992,0.05431580988734764,0.0,0.0,1,17000
-1.0994918515230205,0.7341293802038891,0.0,0.0,1,17001
-2.486710518294007,0.2257159442980069,0.0,0.0,1,17002
1.5356694443518917,-0.39055357325591505,0.0,0.0,0,17003
-0.9554805201841394,0.22423620845275855,0.0,,1,17004
-0.342245277391736,0.1343726142039186,0.0,,2,17011
1.7401886932684798,1.0881040790929384,0.0,,2,17015
-0.3680231905845611,-2.2542633819721902,0.0,1.0,0,17017
-2.3567176142479402,0.2166589216243997,0.0,,1,17019
0.1374671368684003,-1.7755148936479115,0.0,,0,17020
-1.3558348123283204,1.5390468546263807,0.0,0.0,1,17021
-0.7143599741685028,-0.27181446045956026,0.0,0.0,1,17027
-1.9304393441205372,-0.4400075831172172,0.0,0.0,1,17028
0.3628959024074283,-0.9875982218446259,0.0,1.0,0,17031
-0.05646369586768179,-0.07630882008016387,0.0,0.0,0,17034
-0.3294500389078994,0.5379495857164355,0.0,,1,17036
-0.8015865312307201,1.8250067481465946,0.0,0.0,1,17038
-1.064165970987943,0.7214363582730129,0.0,0.0,1,17041
-0.42733804227848304,0.042179527401821064,0.0,0.0,1,17042
1.3488020491291381,0.13961678830371962,0.0,1.0,0,17047
-1.081085620242096,0.2606942471751901,0.0,0.0,1,17048
-0.45379891274467354,0.8895195373001814,0.0,0.0,1,17052
1.6333429502185888,0.9034467935430136,0.0,1.0,3,17054
1.2019577390522151,-0.07136817379488064,0.0,1.0,0,17056
0.3645806367363103,-0.6472954582547132,0.0,,0,17057
-1.928999292702973,0.7528581589691019,0.0,0.0,1,17060
-1.2597846994294182,-0.06707571870951332,0.0,0.0,1,17062
0.09446774476953505,-1.3690386314974075,0.0,0.0,0,17064
-0.6788556865133428,0.5584536284745273,0.0,0.0,2,17069
-0.17775839967456225,1.2526374983522515,0.0,0.0,1,17071
-2.8188717655394253,-0.6123208571027141,0.0,,1,17074
-0.7172584430627844,0.8496854995870755,0.0,,1,17086
1.8971171188705895,-0.0641582003073616,0.0,1.0,0,17089
1.9027250634842343,0.7610007900585166,0.0,0.0,3,17096
-0.8253500773186869,0.04111861255459619,0.0,0.0,1,17098
2.0318937502100107,-1.7387173397501854,0.0,,0,17101
-1.1368276267927535,-1.15539532562042,0.0,1.0,1,17104
1.0654347343235206,-2.0022640068437636,0.0,,0,17107
-0.6448189775795984,-1.337669207716743,0.0,,0,17108
0.11887641460963544,0.6304679390906773,0.0,0.0,1,17110
2.376380499597157,-1.1813043930159657,0.0,,0,17114
0.3637345041207825,0.8141768645736864,0.0,0.0,3,17121
0.5107527580413568,-1.4528358747951118,0.0,1.0,0,17128
2.5458399271453773,0.7267339817453673,0.0,1.0,3,17129
-1.381465156762445,-0.17153759793932702,0.0,0.0,1,17130
-0.8705348954183113,0.5652604685367069,1.0,0.0,1,17132
-1.8881974222547546,-0.6544336522077765,0.0,0.0,1,17137
-1.0561913794428897,2.672404268975915,0.0,1.0,2,17139
-1.0328085226271497,1.407721971001914,0.0,,1,17140
-0.043076562333879985,-0.30301952441565627,0.0,,0,17143
1.07618044152586,1.080546131840353,0.0,1.0,0,17144
-1.076105325211748,0.16504160593158002,0.0,0.0,1,17147
0.9624582322141569,-0.6661861149234887,0.0,,0,17152
-1.7943058561390077,0.6978149295385755,0.0,0.0,1,17155
-1.7752888516696077,1.359670465536151,0.0,,1,17162
-0.8322742349114921,0.8630561190295075,0.0,0.0,1,17173
-2.1679484112487803,0.21279223349784837,0.0,0.0,1,17175
1.9579661902833032,0.03622244138432327,0.0,1.0,0,17179
-0.9635232946689969,0.533278233190226,0.0,0.0,1,17180
-1.5433809480955354,0.7755458427201908,0.0,0.0,1,17182
0.9333270903946631,-0.02821572178199597,0.0,1.0,0,17185
-0.06333720065230256,3.488891659446706,0.0,,3,17186
2.6511975039175226,-1.1986362422229493,0.0,,0,17190
1.6750961797285084,-1.585090247414199,0.0,,0,17198
0.7884285044928377,0.11886316791311687,0.0,1.0,0,17202
-0.41777967820873085,0.6367870438104921,0.0,0.0,1,17206
1.035180680827618,0.4299723859297185,0.0,1.0,0,17207
0.6721610439758712,0.9713919523608952,0.0,,3,17212
-0.9216874097330132,2.4473107276247097,0.0,,1,17226
0.422716261070305,-0.802146333948153,0.0,1.0,0,17229
1.0293402455587073,1.0994142995011764,0.0,0.0,3,17230
0.5342075290966926,-0.9112038718042366,0.0,1.0,0,17234
0.8265881082382424,-0.7944705711547695,0.0,,0,17249
0.5034552651944569,-0.576354525258763,0.0,1.0,0,17251
-1.1549695219574134,-0.7766623099945534,0.0,0.0,1,17257
-1.3376670835265536,0.23547085479548738,0.0,0.0,1,17258
-1.4823330182265748,0.25723869958665974,0.0,,1,17261
2.7936305216203725,1.5414943990268246,0.0,1.0,3,17265
1.1125066687336134,0.6910071311573246,0.0,1.0,0,17267
0.41520456388673543,-2.3408476999913694,0.0,1.0,0,17273
-2.054016820680203,-1.0480894408415364,0.0,0.0,1,17274
-1.0567599100291671,0.6482857462005575,0.0,0.0,1,17276
-1.631651544057802,-0.2812966970344929,0.0,0.0,1,17278
-1.1280177444397987,0.8641201016833846,0.0,0.0,1,17281
-2.1559875773791015,0.22874696826663737,0.0,,1,17284
-0.8469423327902903,1.4424079993271008,0.0,,1,17286
-1.7723674978376476,-0.39936480378844663,0.0,0.0,1,17287
2.566297866620536,-2.64142983378367,0.0,1.0,2,17292
-0.05987660051462742,-0.9664622546773888,0.0,1.0,0,17298
0.9832723800364351,-0.6170934868032824,0.0,1.0,0,17299
2.9351174723014033,2.211479225138465,0.0,0.0,3,17301
0.6839769323683432,-1.1098424114390504,0.0,1.0,0,17305
0.6296420445537649,-0.5221196095239639,0.0,1.0,0,17308
5.558561859562125,0.014935085671056454,0.0,1.0,3,17309
2.301856648857334,0.502118913508561,0.0,1.0,3,17311
1.60195871767758,0.7121651063990049,0.0,1.0,0,17320
3.6644271830967114,2.0791188164541663,0.0,,3,17323
1.1067124914008966,-0.753115675086487,0.0,1.0,0,17325
-1.841339147779828,0.0998860438253097,0.0,,1,17326
1.9436779824213648,0.5408188830819587,0.0,1.0,3,17327
-1.0821110988697267,1.0774302891597793,0.0,0.0,1,17331
-0.058161775801435014,-0.3762885043484204,0.0,,0,17341
4.012922311974778,-3.35980312972247,0.0,1.0,0,17349
-1.7404310221052166,-0.4849386676949463,0.0,0.0,1,17354
4.127037438716957,-2.4388793117012115,0.0,1.0,0,17362
-1.898579010870606,0.9665998731362077,0.0,0.0,1,17366
1.1462434797373362,-0.4363658733203041,0.0,1.0,0,17371
0.04179979560459509,0.4629063785695707,0.0,0.0,0,17372
-1.471063808242992,1.13427869627947,0.0,0.0,1,17373
-1.8189014067060603,0.06640927258889717,0.0,0.0,1,17374
-1.503632659340594,-0.3585562055015887,0.0,,1,17375
0.7102560116889232,-0.6095189411769871,0.0,1.0,0,17380
0.4540500801500975,1.0381410649998952,0.0,0.0,3,17382
0.9988878696661956,1.7140796563398666,0.0,0.0,3,17383
-1.6713513703290335,0.12817514842505207,0.0,0.0,1,17386
2.4341625489231986,0.6978943360983489,0.0,1.0,3,17397
1.599583382134295,0.5034027297169208,0.0,0.0,0,17399
-1.6261581370447606,-1.0651969923764766,0.0,0.0,1,17402
-1.2776215549906123,0.5974634198785966,0.0,,1,17410
-0.7216937680373783,0.1762856075075431,0.0,,1,17411
1.2833586857642802,-0.419499374202066,0.0,0.0,3,17415
-1.640225220094924,0.8805261053890001,0.0,0.0,1,17420
1.6721865064829717,-1.296371723267348,0.0,,0,17425
-0.9377202404023282,-1.4316361246931697,0.0,,1,17429
-1.5899847356962413,0.2046286771258032,0.0,0.0,1,17431
0.03711625461302146,-2.8409936601707955,0.0,1.0,0,17436
-1.5103638957303223,0.43331260313595876,0.0,0.0,1,17439
-0.6978053967915818,2.1267645466529754,0.0,0.0,1,17442
0.9397369580727839,-0.6917040673488652,0.0,1.0,0,17443
2.150429534513167,0.30200507818233197,0.0,1.0,0,17445
0.23980145251146326,-0.004725035006366972,0.0,0.0,0,17450
0.26754192853542186,1.6802126210556212,0.0,0.0,1,17455
0.5666894852335993,1.9679736021041605,0.0,0.0,3,17459
2.192273864350266,1.1762711267553545,0.0,,3,17469
-0.6061571518113066,0.9266685002048755,0.0,0.0,3,17471
2.2065621676859113,0.15918649327069304,0.0,,3,17474
1.0301379649921525,-0.17829681373235612,0.0,1.0,2,17485
2.413057597154555,0.3486520568849137,0.0,1.0,3,17496
2.432222074986002,-1.361968569037659,0.0,1.0,0,17502
1.006066233229473,-0.3242036625354682,0.0,1.0,0,17507
-0.9099060124120422,1.3517687719823237,0.0,0.0,1,17509
1.6124116268560928,0.11543536750114448,0.0,1.0,3,17514
2.488086189203682,0.7752579023541508,0.0,0.0,0,17518
4.078901386968476,-0.5268690919603969,0.0,1.0,3,17519
1.5539938954834627,-0.925344458096275,0.0,,0,17522
3.74173312746508,1.4717465322671561,0.0,1.0,3,17523
-0.5194431595377196,1.9174715456698925,0.0,0.0,3,17524
1.4024429986005225,1.2773044561259344,0.0,1.0,0,17525
0.5698008640397282,-0.1782218840188247,0.0,0.0,0,17527
-2.0044093298187255,-1.046386266727503,0.0,0.0,1,17541
0.5501307283708938,0.2648070087185128,0.0,0.0,0,17544
0.07765083458579053,-0.2791223433477993,0.0,1.0,0,17545
-0.025348848453623916,-1.1842311869325182,0.0,1.0,0,17549
-1.0022049501870165,0.9530526287537954,0.0,0.0,1,17551
-1.4421564054091813,0.3770392493763917,0.0,,1,17553
1.4148963491181048,0.2483813562140998,0.0,,0,17554
0.11380070622913983,1.9879474787814666,0.0,0.0,3,17558
-1.634187172974418,1.4530902668696528,0.0,,2,17560
3.0561390858913335,3.0598182495846973,0.0,0.0,3,17564
-1.414331773416685,0.5752630931761649,0.0,0.0,1,17565
-0.7863177333958137,0.3331235752431789,0.0,,1,17566
0.04429251308761607,0.08155301800227323,0.0,,0,17569
-0.5667200772974389,0.39596622783353036,0.0,0.0,1,17572
-0.643238096969004,-1.425117045242894,0.0,0.0,1,17573
1.6451490310581853,-1.6742844793302252,0.0,1.0,0,17582
2.1923779436472572,1.0161682381735302,0.0,1.0,2,17584
2.2225820749910126,-1.2623117759285025,0.0,1.0,0,17585
-2.3706582284675033,-0.22024287426982123,0.0,0.0,1,17590
2.089025539747526,0.8908645116187814,0.0,1.0,3,17591
-1.694634617301272,0.9121242640424542,0.0,,1,17594
-1.1815512215810007,0.20441266587862086,0.0,,1,17595
1.122146139354773,0.4866236714575514,0.0,0.0,0,17596
-0.07019468015839427,-0.7532314592107515,0.0,0.0,0,17600
-1.6817909597937095,-1.054014489756344,0.0,0.0,1,17603
-0.7058872618941379,-0.06374934885500316,0.0,0.0,1,17606
-0.5080013079976106,0.8357624632310978,0.0,0.0,1,17615
-1.944386164690854,-1.1455671115708184,0.0,0.0,1,17617
0.7169553344625799,-0.895488211808702,0.0,1.0,0,17619
-0.4599420881261905,2.2195513448178517,0.0,1.0,2,17621
-1.0538216820207411,0.08690594872524783,0.0,0.0,1,17622
-1.606942627489611,-0.293646000466693,0.0,0.0,1,17629
0.134492883064912,0.4533344297619232,0.0,,1,17632
1.4142371684661663,4.38848254872468,0.0,0.0,3,17636
0.14942664523878568,1.5132821221089254,0.0,,1,17639
-0.3349650043223848,2.5214054556992007,0.0,0.0,3,17647
3.487249809065345,1.8247076530104895,0.0,1.0,3,17653
0.059061175123699725,-0.141304429002988,0.0,0.0,0,17659
3.6953295951998593,-1.7746327710370613,0.0,1.0,0,17663
0.027767754453358225,-0.12322860127610955,0.0,0.0,0,17665
2.2517580476569146,-1.7471850577950758,0.0,,0,17666
1.7479219643396484,0.2044647797940983,0.0,1.0,0,17669
-1.4263932582463559,-0.8636807510511265,0.0,0.0,1,17670
-0.6886688060214586,-0.894979542737299,0.0,0.0,1,17673
-2.066941008658534,0.37128484638360215,0.0,,1,17675
0.37042229430964085,-1.894338232657267,0.0,1.0,0,17676
-0.3639939052014374,0.4891942027857345,0.0,0.0,1,17677
-1.8546768446544215,0.6983560499771739,0.0,0.0,2,17685
-1.565917829705167,1.2640351758857231,0.0,0.0,2,17688
2.0868983709319924,0.807834434910215,0.0,1.0,3,17690
1.1657815972672034,-0.4713151087643915,0.0,1.0,0,17692
-0.553038196897448,0.40935464975244257,0.0,1.0,1,17703
-1.5700897598464918,2.2171921525845892,0.0,,1,17715
1.3230261159401884,-0.8388482804699178,0.0,1.0,2,17722
0.13568038529473161,1.0468802174483927,0.0,0.0,1,17723
1.5445021229891682,0.7818565829546688,0.0,1.0,0,17731
-0.46740630360941837,1.4512464443022386,0.0,1.0,1,17740
-1.1366652651890488,0.5645791720633215,0.0,0.0,1,17763
0.1384932243505421,0.8843146341221284,0.0,0.0,2,17767
-0.24938896233469823,-0.3567358859101924,0.0,1.0,0,17768
-0.2995015709863351,1.7858413419042294,0.0,0.0,1,17769
-1.1483179767572225,0.9851299810428391,0.0,0.0,1,17778
-1.012704697559828,0.593810493175273,0.0,,1,17779
2.1361524838996595,-0.2060966501755305,0.0,1.0,2,17780
2.0069126491117952,1.232304392937911,0.0,1.0,3,17783
0.6023370892775816,-0.5479181542044137,0.0,,0,17784
-0.9217126660933684,0.9119673670259394,0.0,0.0,2,17790
2.502894376152901,1.5557405668025641,0.0,1.0,3,17793
1.5526341844921803,-0.45895306380066125,0.0,1.0,0,17794
-1.5720568073786854,0.24865376702306866,0.0,0.0,1,17795
-1.4335531065356595,-1.0789208350514756,0.0,0.0,1,17803
1.6089769648681818,1.149161535222869,0.0,,3,17804
0.08292606723499872,0.896507628402414,0.0,0.0,3,17806
1.2492404135754898,-0.8621783373282362,0.0,1.0,0,17808
-1.4425690888324298,0.600169337068389,0.0,0.0,1,17812
-1.798330165278255,0.6079021394662005,0.0,0.0,1,17821
-0.42447941850901494,0.005356901473667734,0.0,0.0,1,17831
1.361746216110325,-0.1068789135597922,0.0,1.0,0,17837
0.17923255923411005,-0.4962041381281482,0.0,1.0,0,17842
0.4649913449634025,1.1137293607804641,0.0,0.0,3,17843
-2.307925977407623,-0.25788197429451853,1.0,,1,17845
1.2977262803117362,-0.6643423492343831,0.0,1.0,0,17846
0.5131777905325526,-0.7306697586290067,0.0,0.0,0,17847
0.2197088856979048,-1.6616387887939823,0.0,1.0,0,17850
-1.6681598000313773,0.069891322479315,0.0,0.0,1,17853
-0.4145474760620938,0.6929894397335811,0.0,,1,17854
1.6778319902281238,-2.5095229077877264,0.0,1.0,0,17858
1.132520057845739,-0.7532580129839791,0.0,0.0,0,17860
0.5490676642249507,-0.889255999323238,0.0,1.0,0,17861
-2.2119102096439103,0.1539988155468585,0.0,0.0,1,17864
3.5566034540184046,-3.672090579963492,0.0,1.0,0,17868
1.4779162326579738,-0.645367968895073,0.0,1.0,3,17869
-0.0018236757182670245,-0.3328357523526423,0.0,0.0,0,17870
-2.3556515101416884,-0.5528183717266636,0.0,0.0,1,17873
-1.6712752902689734,-0.3842191826169151,0.0,0.0,1,17875
0.47981769997105495,0.21908988657609335,0.0,1.0,2,17876
-0.40250057020693686,-0.20727336421471437,0.0,0.0,1,17885
-1.685284515072932,-0.8706526156818043,0.0,0.0,1,17888
-1.9630157963489088,0.29571987423995966,0.0,,1,17893
1.4062159915606354,-0.15280580383860026,0.0,1.0,0,17897
0.13603680794719925,-0.33072366533275954,0.0,,0,17898
-1.718303624768526,-0.1352485195652991,0.0,0.0,1,17903
-1.2772559817862512,0.9359116864464947,0.0,0.0,1,17904
-0.8004038123494559,0.4566181212312275,0.0,0.0,1,17906
-1.6677296760696936,1.1892477967472854,0.0,0.0,1,17913
-0.2377550069171578,0.005352101739458311,0.0,0.0,1,17923
-1.1278181913334286,0.8186835718030512,0.0,0.0,1,17925
-1.024326016826201,1.0408121656262128,0.0,0.0,2,17937
1.6846856571964908,-0.4206705092309164,0.0,1.0,3,17944
1.6578625163710976,0.5596304836678158,0.0,1.0,3,17955
-0.9467492579751343,0.0478461277297497,0.0,0.0,1,17956
-0.7582596671129839,0.8175057868189141,0.0,0.0,2,17964
3.220656896992214,0.8180383147509434,0.0,1.0,3,17971
0.9706666505520593,2.6536013610837625,0.0,0.0,3,17972
0.9031947246513027,-0.3639249611012857,0.0,1.0,0,17973
1.0899669442381414,-0.0687517290282883,0.0,1.0,0,17975
-0.6492173168411519,0.7339742930101221,0.0,0.0,1,17977
-0.4896222885305877,-1.4664615887752384,0.0,,1,17991
-0.6033964895495233,-0.5610139939665947,0.0,0.0,1,17992
-2.069241413336702,-0.2559384733385392,0.0,0.0,1,17994
1.3857841404220845,-0.19577022712613015,0.0,1.0,0,17996
-0.3096793850820751,3.1704779825455427,0.0,,2,17997
1.6033732106430336,0.7922340932961207,0.0,1.0,2,17999
1.4284955700294517,1.4404865914527194,0.0,0.0,3,18000
-0.3865068958520624,-0.2953036943656393,0.0,0.0,1,18004
0.9684253897664601,-0.9172757276728338,0.0,,0,18008
1.5089683497284458,0.2150692908046474,0.0,1.0,0,18011
-2.2958515366790073,-0.1318095386309648,0.0,,1,18014
-1.1260339364745764,-0.6064839759237124,0.0,0.0,1,18020
0.42772636201212627,-1.9279292146731695,0.0,0.0,0,18021
0.5231800305457013,-0.2266242340168975,0.0,,0,18022
0.7191015503460948,1.7712862438146073,0.0,0.0,3,18025
-0.2837315216568339,1.0476673308870694,0.0,0.0,1,18028
0.9905532262641418,4.602633698733364,0.0,0.0,3,18036
-0.3049109115264155,0.09881821855964812,0.0,0.0,1,18037
-1.2407080330197577,-0.033433522635863334,0.0,,1,18038
1.6147994094181224,-0.26971092757801796,0.0,1.0,3,18043
-1.320078425623554,-0.23015627420496224,0.0,,1,18049
-0.05937513891016374,1.603325490820959,0.0,0.0,2,18063
2.238994760493644,-1.5395360823774953,0.0,1.0,0,18066
-0.04996021473215936,-0.9238601594936748,0.0,0.0,0,18069
1.4372209470432296,-0.8873869423154999,0.0,0.0,0,18077
0.15337520322438858,-1.103231179694022,0.0,1.0,0,18079
0.019615312010754782,-0.6055700848660195,0.0,0.0,0,18083
0.8243564423624308,-0.5203845729987776,0.0,1.0,0,18089
1.4226171636884097,-0.5276437564172511,0.0,1.0,0,18096
0.04040936803068627,-1.4959486748403832,0.0,1.0,0,18097
0.46928725004208716,-1.5809937575181043,0.0,1.0,0,18103
-0.11101953195079854,3.0040465129095058,0.0,0.0,3,18105
1.4809172414099738,0.47885187838425586,0.0,,0,18108
-1.9619032295123604,-1.9395843235624424,0.0,0.0,1,18110
1.2535897885183578,-0.39640106019308835,0.0,1.0,0,18112
-1.943033709708318,-0.5823804880443088,0.0,0.0,1,18116
2.355468931212853,0.5475238063465702,0.0,1.0,3,18124
-0.4008303307680272,1.8633522007452916,0.0,0.0,1,18132
0.5190829750864056,-1.2156291585659438,0.0,1.0,0,18135
1.2919830664415684,0.38797389384177033,0.0,0.0,3,18140
-0.9087931958237131,0.449299796112803,0.0,0.0,1,18141
-0.23043681522002377,3.5500072321256084,0.0,0.0,2,18144
-1.349798680426869,-0.6917494780459643,0.0,0.0,1,18147
-2.0956012616891204,-0.38256738030037546,0.0,0.0,1,18148
-1.6239627942345631,-0.23994160935737316,0.0,,1,18152
-0.980987041350248,0.2654815786600776,0.0,0.0,1,18155
2.7780261161561723,0.9135954019273568,0.0,1.0,3,18157
-0.05525338340329619,-1.7333789933838495,0.0,0.0,0,18159
-0.12056046901862699,-0.16614633255901082,0.0,,1,18160
0.05337050102231859,-0.3812999700560517,0.0,0.0,0,18167
0.7906911846588013,-1.0217981935509546,0.0,1.0,0,18173
1.809972125714615,-1.616954284585576,0.0,1.0,0,18175
-1.3968899959848708,0.13966949198408585,0.0,0.0,1,18179
-1.6843689228491148,-0.6232611056923133,0.0,0.0,1,18183
1.676835887374379,0.9916448246493138,0.0,1.0,3,18186
-1.6202374907126578,0.2944026830987593,0.0,0.0,1,18187
-0.3483241164164001,-0.017047510635510875,0.0,0.0,1,18190
3.2076433834003564,-2.799979456094895,0.0,1.0,0,18192
1.3501960831010131,0.7121111374503628,0.0,1.0,3,18197
1.5842387023989506,-1.9250201901880912,0.0,1.0,2,18202
-2.3208028420884936,-0.2059722600310315,1.0,,1,18207
-2.0926427738202014,0.8642321739645309,0.0,,1,18209
1.2000463381625586,-2.9547803879614567,0.0,1.0,0,18214
1.2372656018661536,-0.7268281123281747,0.0,0.0,0,18215
2.195463973207092,1.8564018549274746,0.0,1.0,3,18225
1.2311693947550022,-2.4386262053548506,0.0,1.0,0,18227
-1.4784924080685735,-0.4857758117814081,0.0,0.0,1,18235
1.780203768491268,0.4954911200676919,0.0,0.0,0,18236
-0.7094730467110344,-0.24660268669829358,0.0,1.0,1,18238
0.8155870510648854,-1.0042679726314114,0.0,0.0,0,18239
1.249980080925566,-0.43812939306093746,0.0,1.0,0,18240
0.12458343582536509,0.49579779805355567,0.0,0.0,1,18243
-1.7233880032470241,0.7936779597673312,0.0,,1,18249
-1.9185020702152378,0.836421120993758,0.0,,1,18255
1.1845490632587425,-0.06360328263253995,0.0,1.0,0,18256
-1.7912705322528295,0.5648871245626131,0.0,0.0,1,18261
-0.9172422880186795,1.772289942946033,0.0,0.0,1,18264
-0.42794264552733235,-1.7950881652320276,0.0,1.0,0,18267
3.49034923610145,-1.541104035199253,0.0,1.0,0,18272
3.316159476815782,-1.5606954343474428,0.0,1.0,0,18277
-1.5687153098774644,0.34584658922299283,1.0,,1,18280
0.6473658718468795,-1.0131703525433835,0.0,1.0,0,18282
-2.018019099507076,0.5020157580898846,0.0,0.0,1,18283
0.6943175639101773,-0.047392802445279526,0.0,,0,18286
-1.4489474901856205,0.24808859122294188,0.0,0.0,1,18294
0.8455382550142365,0.9252631109109727,0.0,0.0,3,18296
-0.3223435318947126,-0.9889961036976522,0.0,0.0,1,18297
-0.14229323237816185,-1.048283325784875,0.0,,0,18299
0.156837653551174,-1.496371913868885,0.0,1.0,0,18302
1.2742891733658037,2.0609430247137324,0.0,1.0,3,18303
1.3580908357277237,0.6701497007834076,0.0,1.0,2,18307
0.9551000427747938,-1.2079883675847676,0.0,1.0,0,18310
-1.7551987646211413,-1.0580713890879725,0.0,,1,18311
0.2773476112271259,0.551322526175538,0.0,0.0,0,18314
-0.5034090639466429,-0.8464517761031417,0.0,0.0,1,18316
-0.9750000878738255,0.08460377394600897,0.0,0.0,1,18318
1.2015032081644623,3.549415462003835,0.0,0.0,3,18321
1.4778623829506514,0.4858749642556905,0.0,1.0,0,18322
-0.7442434037218285,1.4957027752264795,0.0,0.0,1,18323
0.5349528281282357,-0.6350792036117473,0.0,0.0,0,18324
-0.1868585893680425,0.05776180037415592,0.0,,1,18327
-0.2693324079298426,-0.05193050373713261,0.0,,1,18328
-1.0434415517859283,1.4486644874563321,0.0,0.0,1,18329
1.6483943218100465,1.5993047666948794,0.0,0.0,3,18331
2.297188582910266,1.346604394623131,0.0,1.0,0,18334
0.9420667887443597,1.0680825523089745,0.0,1.0,2,18344
0.1493890265202473,-0.0026045713535892824,0.0,,0,18345
1.6372651461868295,-0.5899716838284058,0.0,1.0,3,18347
1.2823982304553783,-0.8468581213426714,0.0,1.0,0,18349
0.7757487969794891,-1.526648139698037,0.0,1.0,0,18351
-1.4990339711460552,-1.0553734727023703,0.0,0.0,1,18358
1.5195377570870026,-0.18624559602691826,0.0,1.0,0,18363
-2.4816089356419897,-1.1860790034190742,0.0,0.0,1,18376
-1.9033766718796945,-0.4465603539901844,0.0,0.0,1,18381
1.0010740553555255,-0.8349689149868937,0.0,1.0,0,18382
1.2734850125547896,0.5729594768041049,0.0,1.0,0,18385
-1.8295939524619451,0.46308885483685797,1.0,0.0,1,18387
2.5016624412919914,1.6559276920207544,0.0,1.0,3,18390
2.171758343969332,-0.07679640501683342,0.0,1.0,0,18404
-1.0988459668558126,-0.2936934963429308,0.0,0.0,1,18405
0.3857937209604237,-0.44797511682050356,0.0,0.0,0,18406
2.313599270548455,0.9210538237011128,0.0,0.0,3,18407
-0.785655192539064,1.6575421877601033,0.0,0.0,1,18420
-1.6442506022795265,-0.3692816704520688,1.0,,1,18421
-0.13553721168588892,2.351299304350095,0.0,0.0,3,18426
1.0858288176858584,0.5121314624059186,0.0,,0,18433
0.5892189434967479,3.480028353240434,0.0,,3,18435
-1.2268468977112539,-0.01993450495315606,0.0,,1,18446
-1.2428804873434252,0.8076928221757577,0.0,0.0,1,18458
2.6722901389554132,2.0006266054954063,0.0,1.0,2,18464
0.8310170256833643,-1.0000145705366301,0.0,1.0,0,18465
0.3197327685987397,0.5946374562603035,0.0,0.0,0,18468
-1.7470999344087117,-0.5007195951707955,0.0,0.0,2,18470
0.22887423715205932,0.07673770635923051,0.0,0.0,0,18472
-1.3788960731792808,-1.621928876463483,0.0,1.0,1,18477
0.03199465028432536,0.04818760016093779,0.0,1.0,0,18485
-2.0142100936610916,-0.005791731977469146,0.0,0.0,1,18490
-0.2883587181713187,0.8085222719899254,0.0,0.0,1,18492
-0.1178256912582689,-0.3300451619034434,0.0,,0,18496
0.9883011628209142,1.4478654881333486,0.0,,2,18498
-1.5870085072624593,0.6388422514347035,0.0,0.0,1,18499
2.583909575700534,0.4863073057579074,0.0,0.0,3,18505
-0.922628826226615,-0.9520255073035736,0.0,0.0,1,18506
-1.0481660479248192,0.5096537362357136,0.0,1.0,1,18507
-0.9477548446454652,-0.08827029478564795,0.0,0.0,1,18511
-1.704920333003384,0.39061615738510297,0.0,0.0,1,18514
1.558107418456748,0.44676336113506476,0.0,1.0,0,18522
1.7025905754802515,-0.7602836430519362,0.0,1.0,0,18524
0.23928285167906882,0.5556791064366234,0.0,0.0,0,18525
-0.6660185749271549,1.5129579921396112,0.0,0.0,1,18529
0.11712949528004014,-1.9731446435271056,0.0,1.0,0,18532
-0.36339009273086414,-0.20319878954830184,0.0,1.0,1,18536
0.68022783966932,-0.36531106842576033,0.0,1.0,0,18542
-0.6941904509480933,1.4811837730662338,0.0,0.0,2,18545
2.301607165178235,0.6949581345714813,0.0,1.0,3,18548
-1.5687220756306792,0.5465113616309016,1.0,0.0,2,18549
-1.0267118882415556,-0.9068734419967293,0.0,0.0,1,18550
-0.9642156025499178,0.29522223792836105,0.0,0.0,1,18551
-1.3107696852880772,-1.3727772430580303,0.0,0.0,1,18556
0.35527484278924265,-1.3881064687011104,0.0,,0,18557
-0.3291296691507146,-0.8659808242426859,0.0,0.0,1,18561
1.1268283565638633,-1.5560755776890898,0.0,1.0,0,18567
0.3971389275383881,-1.977307627375389,0.0,1.0,0,18570
-2.6411411354136494,-0.6136219141588454,0.0,,1,18573
1.5011296497831172,-0.8070643922178248,0.0,1.0,0,18576
-1.8404621392524176,0.20396683046546213,0.0,0.0,1,18577
0.9388680741022907,1.675855540511785,0.0,1.0,2,18584
-0.7153887923725556,-0.13149198990980274,0.0,0.0,1,18585
-1.1741597858687007,0.3946756166355203,0.0,0.0,1,18600
1.9131011563199207,0.3006872233719257,0.0,1.0,3,18603
-0.04144838249009303,2.073796382362998,0.0,0.0,3,18608
-0.18554227159423695,-1.1116916484931292,0.0,1.0,0,18611
-1.2177478942174753,0.10831653074632754,0.0,0.0,1,18621
-2.0064677384691425,0.6535177896036545,0.0,0.0,1,18624
-2.5322549022504686,-0.44150736920602396,0.0,0.0,1,18627
0.13325804652501472,0.48962312955345405,0.0,,0,18628
2.263766031610989,0.1348711088950513,0.0,1.0,3,18632
0.9440441315041893,-0.7940021960589762,0.0,0.0,0,18634
-1.9094594780637724,0.7909741146918143,0.0,,1,18638
-0.9550873114164061,0.8717344083715975,0.0,0.0,1,18645
2.0633811974410663,0.69684562832643,0.0,0.0,3,18646
3.8447582140399277,-1.5825795723284437,0.0,1.0,3,18652
0.34440284638662577,1.2467128203798168,0.0,0.0,0,18653
1.0533668461606163,0.49509704912099345,0.0,1.0,0,18654
1.665191973098687,0.44663935370836205,0.0,1.0,0,18661
0.008119171244531778,-1.813406984030456,0.0,,0,18662
1.5947256481781384,0.45098981578126357,0.0,1.0,0,18663
-0.9703451522412427,-0.45604478172861457,0.0,,1,18665
0.8591386140334993,-1.59317299512727,0.0,1.0,0,18671
-0.9173418224615009,-0.9753143573947112,0.0,0.0,1,18677
-0.9152060565442607,0.9681507721727218,0.0,0.0,1,18679
1.2281896856559584,1.3861448555420046,0.0,1.0,3,18682
1.2891764705625197,0.0566807954297178,0.0,1.0,0,18684
0.9517310294706924,1.4686431616277247,0.0,0.0,3,18694
-0.7357833598135706,-0.062419745907685315,0.0,0.0,1,18698
1.9826968098599875,2.052241560769744,0.0,1.0,3,18699
1.5354009170340828,1.2482269002565487,0.0,0.0,3,18704
-1.130451487674809,0.9234153976215321,0.0,,2,18706
-1.6098810863452546,-0.28483176104748303,0.0,0.0,1,18708
-1.6992857882289167,1.1363008611356842,0.0,0.0,1,18727
-0.30769176052171704,-0.5590536243479145,0.0,0.0,1,18731
-0.6260430816442454,-0.21760564041625924,0.0,,2,18735
0.4782701212451625,-0.7868432922739725,0.0,1.0,0,18744
-1.6093804351481027,-0.02455985269162206,0.0,0.0,1,18755
3.4859488727204773,-1.6138793667927513,0.0,1.0,0,18763
-1.4973558893535817,-0.42411684088802637,0.0,0.0,1,18764
0.6687438107764285,0.20822097706138376,0.0,0.0,0,18770
0.39913276360855765,-0.4560746106874198,0.0,1.0,0,18772
-2.015770707528809,0.6360224299726721,0.0,0.0,1,18777
1.146008721582969,0.14755286742795248,0.0,,0,18783
-0.432307497891841,0.039009268179143186,0.0,0.0,1,18792
0.8702692090000547,-0.2942872471207296,0.0,0.0,0,18794
2.3038294079844728,1.1679269805415078,0.0,1.0,2,18795
-1.5233218701856552,1.4807765924373295,0.0,0.0,1,18796
-0.009219778826272267,1.2738675452185602,0.0,,1,18800
-1.7144696797148904,-0.20032730860351616,0.0,0.0,1,18813
2.2370616309557216,0.7443969532177332,0.0,0.0,3,18815
1.4597721024744927,-0.14900612095452298,0.0,1.0,0,18816
-0.46389169153109533,1.7120695938529913,0.0,0.0,1,18823
0.3015464120256761,0.7726238227811018,0.0,0.0,3,18824
0.548630520939014,-0.71601054077416,0.0,0.0,0,18828
-1.9312249670056636,-1.0477351098704895,0.0,,1,18829
-0.4579231435546401,-0.051338538669639465,0.0,,1,18833
0.23382337669310807,1.0549458926584088,0.0,0.0,2,18835
1.4356442052094562,2.8105178433598828,0.0,0.0,3,18837
2.054273420555725,2.4759671719448,0.0,0.0,3,18843
0.2068163078277315,2.612937458500584,0.0,0.0,2,18847
2.3079486567607055,1.1602406205574163,0.0,1.0,3,18852
0.9823519988186278,-0.5348602756515831,0.0,0.0,0,18853
3.2772698449289988,4.066668474013841,0.0,0.0,3,18855
2.1162386844821692,-0.8358578230967921,0.0,1.0,2,18858
1.989310277617218,0.9482370043778446,0.0,1.0,3,18861
1.2914382027378941,0.6963508046649837,0.0,0.0,3,18863
-0.6794005005659942,-1.0243996378435127,1.0,0.0,1,18865
0.8583513647391994,-0.8102125981658018,0.0,,0,18870
-2.3984944845206284,-1.0333426757344606,0.0,0.0,1,18882
-1.561788816915776,0.14854248239420476,0.0,0.0,1,18884
1.0400350789991377,-1.1728786833227376,0.0,0.0,0,18886
-0.08061701411896745,-1.5514260615541777,0.0,1.0,0,18887
1.0924014047788775,1.0866868027013643,0.0,0.0,3,18888
-1.347957063917067,-0.49194244453355795,0.0,,1,18889
-1.6566283956832881,0.6356903902199291,0.0,0.0,1,18907
-2.644661243772056,-0.7768645106364539,0.0,0.0,1,18910
-0.7088050929964659,0.8655234346245989,0.0,0.0,1,18913
0.9013216530286242,1.4717706145115292,0.0,1.0,3,18915
0.46106809852667235,1.5672408865038636,0.0,0.0,0,18921
0.7758181480233757,-0.47291947585703226,0.0,0.0,0,18924
-2.5985182926900348,-1.4362164276069191,0.0,0.0,1,18926
0.4931130495365213,-0.6516690396240314,0.0,,0,18927
-2.352362343699859,-0.9884934631623873,1.0,0.0,1,18928
0.8211036847592701,-0.8597332927550492,0.0,1.0,0,18939
-0.4195190669315015,-0.756984321792146,0.0,,1,18941
-1.360495218821165,-1.5023723788423478,0.0,0.0,1,18942
0.20191759709386925,-1.0793433962096735,0.0,,0,18943
1.2542187620197796,-0.08162034175103838,0.0,0.0,0,18952
-0.6397115677640196,0.7346865591996106,0.0,,1,18953
-0.002776957554776162,-1.372594963276255,0.0,1.0,0,18960
2.859284451846706,-0.09840047543194137,0.0,1.0,0,18961
1.1787780482928507,-1.5431692370872552,0.0,1.0,0,18965
-0.1534107853872265,0.2211269780152647,0.0,0.0,1,18969
2.6957494317820836,2.2264494125254095,0.0,0.0,3,18977
-1.7992499503889137,-0.6757003136873344,0.0,0.0,1,18978
-0.7508340758798657,-0.7530218223456128,0.0,,1,18980
1.338605657379871,1.7982287729102677,0.0,1.0,3,18984
-1.0710701579565782,0.8754987814856746,0.0,0.0,1,18989
-0.47830457602256415,0.3946446008814199,0.0,0.0,1,18994
1.749807219512291,-0.7371639312085562,0.0,,0,18996
0.07887020891264943,0.35808427666404025,0.0,0.0,0,18998
-1.5137894397830933,-1.4479803655224603,0.0,0.0,1,19000
-1.145065244193535,0.5838682456007595,0.0,0.0,1,19009
1.0350238363697142,-0.2473779261921147,0.0,1.0,0,19019
-0.31001922052332015,-2.523048553520749,0.0,1.0,0,19023
-0.7403603702493677,-0.7024869603755023,0.0,0.0,1,19026
0.11660038369125633,1.6298548371209924,0.0,1.0,2,19032
3.995566639712644,-2.7393991847142356,0.0,1.0,0,19033
-2.0353985712903913,-0.9829439962352959,0.0,0.0,1,19036
0.3898936893186741,-1.2349469411985476,0.0,1.0,0,19038
1.7162099456663227,0.26095615130197625,0.0,1.0,3,19042
1.5138593089314263,3.8206119977328368,0.0,0.0,3,19043
2.585084795261606,1.570836741090606,0.0,0.0,3,19045
-0.30271524619742096,-0.04636488135325477,0.0,0.0,1,19047
1.3541194001048078,-0.284716035818243,0.0,1.0,0,19051
-0.9564727776388895,-0.5742062213444638,0.0,,1,19052
-2.4034876433206245,0.5941793791714083,0.0,0.0,1,19055
0.9064985613852081,-0.7113590822146065,0.0,1.0,0,19062
3.5027895917058234,0.9384804549189892,0.0,1.0,3,19065
-1.7601396082630207,0.5610797384283719,0.0,0.0,1,19073
-0.9704728593337176,0.11764082377524086,0.0,0.0,1,19076
-0.322346977972612,0.6602022002519128,0.0,1.0,1,19079
-1.1643219899041326,-0.15923901045812552,0.0,0.0,1,19087
-0.4634703536705369,-0.09408887015224321,0.0,1.0,1,19093
-0.9858798838117628,-0.552282206402601,0.0,1.0,1,19098
1.3843428964202678,-2.604266316893861,0.0,1.0,0,19116
-0.6467756878753064,1.1906055889751745,0.0,0.0,1,19125
-1.960035171517976,1.0404375967134687,0.0,0.0,1,19134
1.0478797879584867,-1.8031668608020708,0.0,1.0,0,19138
1.9195391424569828,2.996932339638664,0.0,0.0,3,19142
0.714827260369815,-0.6166476087225032,0.0,1.0,0,19143
-0.8582595175510338,-0.49594316774625147,0.0,,1,19146
0.21270059204334582,-1.1512692282541201,0.0,1.0,0,19156
-3.4429934150252675,-1.2292322163655758,1.0,0.0,1,19157
1.1242243741309106,0.7887953433172772,0.0,,2,19158
-0.03300089720360156,0.9826858730843356,0.0,,1,19164
-0.9503082226303953,-2.0055522903144993,0.0,1.0,0,19169
-1.4565925463034914,0.23524573699167525,0.0,,1,19176
-2.5227642240433217,-0.1915667788865364,0.0,0.0,1,19177
-0.15692275147601226,-2.2362711357516996,0.0,,2,19178
2.744363838615844,-2.171966698967893,0.0,1.0,0,19180
-1.700329456825767,0.6028745882499358,1.0,0.0,1,19182
1.3888353935253543,1.416105928543818,0.0,0.0,3,19184
-1.0700300159347444,1.9530825435893717,0.0,0.0,1,19185
-1.5475221520791227,0.7856999259571371,0.0,0.0,1,19188
-0.10349152708657808,-0.5959630932704918,0.0,0.0,0,19189
-2.475038745639157,0.20742946032778323,0.0,0.0,1,19195
-2.105563025848616,-1.489432442575558,0.0,,1,19199
-1.0986400242597347,0.6405191610871769,0.0,,1,19214
-2.200093520427022,-0.7843827061091918,0.0,0.0,1,19216
0.5881024002832138,-2.91554384505648,0.0,1.0,0,19218
-1.3053866954766524,-1.2119304727502638,0.0,0.0,1,19219
0.9640187069035403,-0.6479279574067809,0.0,1.0,0,19224
4.725681938366528,-2.3620490492285025,0.0,1.0,0,19227
-1.3529532609580606,0.6901983905764205,0.0,0.0,1,19233
0.48583364300748344,-1.166043287699908,0.0,1.0,0,19237
-0.6826670957847262,-0.6783726662728193,0.0,,1,19242
3.278777625657193,1.796926037697019,0.0,1.0,3,19247
1.2037260807082864,0.015315999921615503,0.0,1.0,0,19249
3.973813485809351,1.7708565412755792,0.0,1.0,3,19250
2.5571957404961214,0.9430295175129773,0.0,1.0,3,19253
-1.537281697055207,1.6136930821107103,0.0,,1,19258
1.8682883994628923,-1.5417208842672536,0.0,1.0,0,19261
3.055911427622048,1.5846967130902443,0.0,1.0,3,19266
2.0510435037946344,-3.698040721287903,0.0,1.0,0,19271
0.03492559537311536,-0.7429855360486524,0.0,,0,19272
1.5465781843690338,-1.394498177235482,0.0,,0,19275
-1.34504481494386,0.9620512592414732,0.0,0.0,2,19279
0.870651956866933,-0.6680692259456181,0.0,1.0,0,19282
1.2066098833895083,-0.7929511241980867,0.0,1.0,0,19284
1.3095643306750506,0.4889774744109583,0.0,1.0,3,19286
-0.7112983540919793,-2.4758768116137486,0.0,1.0,1,19291
1.4208427816791835,0.09202825649263126,0.0,1.0,0,19295
1.086719106399529,0.19211876856296561,0.0,,0,19300
1.9638639481526476,0.4583040652918254,0.0,1.0,3,19304
1.198551134743344,-0.5752257494709532,0.0,,0,19309
2.5825442370165534,2.5655230245409255,0.0,,3,19311
-1.4564427325706046,0.6639017578739017,0.0,0.0,1,19315
-0.1273523046428991,-0.012615498415241257,0.0,0.0,1,19318
0.5064441688376653,0.7911725585158756,0.0,0.0,0,19319
1.0705671458723633,-2.0719036709971608,0.0,,0,19326
0.9706311739141935,-1.727707783305252,0.0,1.0,0,19328
0.613589191588827,-1.2788957778819252,0.0,,0,19329
2.400649537067031,-2.597642569376868,0.0,1.0,0,19330
1.3342594445311504,-0.10951823577578339,0.0,0.0,3,19333
-0.6512417668862284,1.1275794207203238,0.0,1.0,1,19334
-2.3166430477323847,-1.4608333880138649,0.0,0.0,1,19335
-1.961267729861993,-0.031726702708140445,1.0,0.0,1,19348
1.071183044645995,-2.0723521621033525,0.0,1.0,0,19349
-1.2579398022204529,-1.7176308044248736,0.0,0.0,1,19351
-0.07739206930341987,1.5779028100855987,0.0,0.0,0,19356
0.42571069921249394,-0.5250806936376263,0.0,1.0,0,19362
-1.979340328119243,0.4090139644343731,0.0,0.0,1,19368
1.0010553465195964,1.367443665727953,0.0,0.0,3,19373
3.0430141203346874,0.41842496793980133,0.0,1.0,3,19385
-0.35880293653173123,1.162921914151279,0.0,0.0,1,19386
1.8608911946740845,-0.7232527282287093,0.0,1.0,0,19388
-1.460554582440476,1.6660329637376363,1.0,0.0,1,19403
-0.915317287509853,0.9732472582876918,0.0,0.0,1,19404
1.999388963743226,0.8652194471735829,0.0,1.0,3,19407
0.9764774605607377,0.499996447113339,0.0,0.0,2,19412
-0.9838602245100886,2.008550187033886,0.0,0.0,1,19413
0.48121315201566334,-1.260252541010857,0.0,0.0,0,19414
-1.9979274006524457,-0.0400915264367029,0.0,0.0,1,19420
0.591652004678022,1.9923168705791912,0.0,0.0,3,19421
0.4139567453724962,-0.6370470745552106,0.0,1.0,0,19422
-1.3559932568148843,0.22985569753039548,0.0,,1,19423
-1.8860686928207162,0.14071226796104086,0.0,,1,19427
-0.5378801603692076,0.38074132716550857,0.0,0.0,1,19447
2.962438553356464,2.1635654003946545,0.0,0.0,3,19455
0.13506690156978532,0.15061802948973196,0.0,,2,19457
0.24075905106535386,0.06468291685919525,0.0,1.0,1,19466
0.3084926516258642,1.3195932386461875,0.0,,2,19467
-0.2006184975117205,-0.2595131805055365,0.0,0.0,1,19469
2.6117245783570304,2.4380919914979082,0.0,1.0,3,19474
0.6633586967339681,0.0713458776831563,0.0,,0,19478
-2.1421988284780205,0.9045213189886665,1.0,0.0,1,19482
2.0431964638011477,1.2908657775416938,0.0,0.0,3,19483
1.5281179598010333,-0.34384836303905547,0.0,1.0,0,19489
-0.5679663094644753,-2.0027258191511415,0.0,1.0,1,19493
1.4692135185876862,0.5040649615836571,0.0,1.0,0,19496
-1.215175536459677,1.4144958289487124,0.0,0.0,1,19497
-2.005684817871057,-0.041780404457144024,0.0,0.0,1,19498
0.8493505162211906,-1.044486611149907,0.0,1.0,0,19500
-2.8105016854377385,0.22890980205469547,0.0,,1,19504
-1.1486014227907146,1.3996149114621717,0.0,,1,19512
-0.8018650746861054,1.6542245980705994,0.0,0.0,1,19518
-0.5594705404336857,1.6790397609313612,0.0,0.0,1,19519
1.7529047859723461,0.8151538803697232,0.0,1.0,2,19520
0.599600970882099,0.04279318039360286,0.0,0.0,0,19528
-2.3496119914610523,-1.0992998849480755,1.0,0.0,1,19530
2.0060913133628993,1.076043084293303,0.0,1.0,3,19532
2.0757579568005013,-1.4886117820251892,0.0,,0,19535
1.2337134280885895,1.2255647041990356,0.0,0.0,3,19537
-0.8730498018459968,0.10925331765104147,0.0,,1,19539
-0.4786006583267819,-1.8687174018812651,0.0,1.0,0,19542
-1.4396623736577756,1.5063149623832206,0.0,0.0,2,19549
-0.7623609875315266,-0.9269589653850553,0.0,0.0,1,19550
0.08651028928848267,-0.9904017305963428,0.0,1.0,0,19552
-1.8499580197719114,-0.10299594995301709,0.0,0.0,1,19553
-0.5574022087932471,0.7482304389660082,0.0,0.0,1,19555
-2.451895744690197,-0.7852235952080393,0.0,0.0,1,19562
-1.7282931369709997,-0.08674357371306779,0.0,0.0,1,19571
0.728519957094941,-0.2544240561716996,0.0,1.0,0,19576
-1.469624406587548,2.1949513815082105,0.0,,1,19579
-2.1395055822488738,-1.0004545431220988,0.0,0.0,1,19585
-0.14124495175634016,-0.35522765853278454,0.0,0.0,0,19593
1.3919454004411886,2.0212373269956574,0.0,1.0,3,19598
3.9353491090615846,2.648960707394592,0.0,1.0,3,19606
1.6351005838140626,-2.346535816282943,0.0,1.0,0,19607
0.5163976138823303,0.1813022601108163,0.0,0.0,0,19610
0.9338876253668873,1.3874520288446026,0.0,0.0,0,19612
0.7397155113861348,-0.39728261947780785,0.0,1.0,0,19627
0.8339411789875442,0.2080709032329507,0.0,1.0,0,19645
-2.1212661348714192,-0.17211457644484535,1.0,0.0,1,19646
-0.9840959106637048,-0.45545078640671355,0.0,0.0,1,19648
0.5828385240863728,-0.6401200147411552,0.0,1.0,2,19652
1.3555394430548067,-0.45983023300029774,0.0,1.0,0,19655
-0.013026947503867754,-1.3462586446997857,0.0,,0,19660
-1.6063634194108802,0.3173195661228846,0.0,0.0,1,19662
0.24865306781552843,0.12669065677236369,0.0,0.0,0,19664
1.619293271066508,0.3822330764290447,0.0,1.0,0,19665
2.347115117296505,2.3972338415395873,0.0,1.0,3,19668
2.6468338977870185,0.09927121851982967,0.0,1.0,3,19672
2.031847994782768,0.4694698012256083,0.0,1.0,0,19681
0.5903352785562039,-0.5260168124271538,0.0,,0,19690
0.6596201711321431,-0.350026270208998,0.0,,0,19692
1.636129903028992,-0.9719760926292288,0.0,,0,19694
0.8653339839108996,2.7659982164492876,0.0,0.0,3,19696
1.477367508143838,0.05797811128422854,0.0,1.0,3,19697
-1.4809632832067234,0.26551180426725557,0.0,0.0,2,19701
1.9046899900043441,-0.5072332037795402,0.0,1.0,0,19702
3.1438635886380824,2.0264284993680257,0.0,1.0,3,19703
2.3659821836517514,1.1255019408213485,0.0,0.0,3,19710
0.2995893303648875,-0.8807433327002744,0.0,0.0,0,19711
-0.42657591345857643,-0.08925748260857015,0.0,0.0,1,19717
-2.3822596492324206,-0.5177104635182144,0.0,0.0,1,19718
1.0201835722192876,-1.0613677408136395,0.0,1.0,0,19719
0.8455040854053731,-0.8017087818588505,0.0,0.0,0,19720
0.9274042675040663,-0.6315074792047856,0.0,0.0,0,19733
3.7129906404417574,-2.3926437221765298,0.0,1.0,3,19734
0.8259358867923167,-0.49271776444612914,0.0,1.0,0,19755
0.5953442312488114,-0.8078155418403452,0.0,1.0,0,19756
-1.9356958664707409,0.8898641716376099,0.0,0.0,1,19763
-1.2271027823395222,0.3833993272783954,1.0,0.0,1,19764
0.6669809480665297,-1.361571153200575,0.0,,0,19769
-2.1419384188403323,0.0461503908850209,0.0,0.0,1,19772
0.5607967776550201,-0.6327368028704784,0.0,,0,19773
-1.3868532175951662,0.22949402617199177,0.0,,1,19775
4.523281821135133,1.878684418954842,0.0,0.0,3,19778
0.9707247772839913,-0.5215330815258135,0.0,1.0,0,19781
0.824814112570979,-1.0453525725012665,0.0,1.0,0,19790
-1.382519880300668,2.4251355757114417,0.0,0.0,1,19791
-1.8480294228264091,-0.6242198503476887,0.0,0.0,1,19793
-2.6337093269077734,-1.515417415969519,0.0,0.0,1,19807
-1.666361072371494,0.43730899726286976,0.0,0.0,1,19809
-1.8629416825214342,-1.738575798617541,0.0,0.0,1,19811
-0.7428218719141627,-0.45028722090379225,0.0,0.0,1,19812
1.7506449331882465,-0.21206689902327608,0.0,1.0,2,19813
1.865575127840669,-1.9164061223755653,0.0,,0,19820
-1.0133112414954781,-0.12368320317144983,0.0,0.0,1,19823
-2.3123165775860137,0.1469601331923316,0.0,,1,19829
-0.9987661917088622,1.6374307244925517,0.0,0.0,1,19837
0.5210127649930466,0.09186019757033773,0.0,1.0,0,19842
0.26955544607076926,0.8258247144373848,0.0,0.0,0,19843
-1.9467250748297584,0.5813728540170411,0.0,,1,19849
1.2340498528435628,-1.8061785558409478,0.0,,0,19857
0.9957009118911331,-1.7764325367332248,0.0,,0,19859
1.334656826382976,0.19350454458988203,0.0,1.0,0,19865
1.3131087760647975,-1.158974902624264,0.0,1.0,0,19870
-2.2374121661110906,-0.12009927843444775,0.0,0.0,1,19883
0.7427123978091534,-1.0020513973388951,0.0,,0,19889
1.2140307067049396,0.0750513936435577,0.0,,0,19895
0.6712418463784413,-0.6235914081165708,0.0,1.0,0,19898
-1.0513136314228233,1.000352230904539,0.0,,1,19905
-1.0873946525645395,0.837516826924707,0.0,0.0,1,19911
-0.2441355080604593,-0.6787022150764137,0.0,0.0,0,19913
-1.9451733971213392,-0.17649913826039296,0.0,,1,19914
1.0252848798256193,-0.10171339761964195,0.0,1.0,0,19922
0.4332641775935265,0.8116285304866935,0.0,,3,19928
-0.9535973418087493,-0.419351018578611,0.0,0.0,1,19932
-1.6538629455167,-0.33201283919016916,0.0,0.0,1,19935
-0.9625704224610203,-0.7415444974984765,0.0,0.0,1,19938
-1.5362564732743995,-0.19406031853951364,0.0,0.0,1,19943
-0.7096159175031894,0.08799298564540847,0.0,1.0,1,19946
1.2772382972589433,0.8291351231460479,0.0,1.0,3,19948
-0.4865677992658751,0.3462756222854759,0.0,0.0,1,19950
1.0032834463486615,-0.8815187009358187,0.0,1.0,0,19951
-0.38259277793375585,0.38253845907943734,0.0,0.0,1,19954
-1.236469625892455,0.5529946663412418,0.0,0.0,1,19955
0.48177428556452534,3.469120891382919,0.0,0.0,3,19956
-0.9321329371508824,-0.6870606784758739,0.0,,1,19957
-0.3487747051658495,-0.970764187966137,0.0,,0,19965
-0.7933453227931191,-0.3096279912515936,1.0,0.0,1,19970
-0.5297329036938473,0.5219039057550895,0.0,1.0,1,19975
-0.043175348869699585,-1.457244425690486,0.0,0.0,0,19977
-1.8787375516218625,0.6511968939515104,0.0,,1,19980
1.6208623867625975,0.26967260673537635,0.0,1.0,3,19986
-0.014046516163846723,-1.776458580562613,0.0,1.0,0,19996
-2.258259461585077,-0.5275216473977206,1.0,0.0,1,20000
-1.4324591169625869,0.8809617420759843,0.0,0.0,1,20001
-0.36040903076270936,1.0117442179141451,0.0,1.0,1,20004
0.012453081805898228,-0.31178726389216405,0.0,0.0,0,20005
-2.694922795753933,-0.19370231681458724,0.0,0.0,1,20008
-0.5423402379569835,0.3119269955370991,1.0,0.0,2,20010
-0.603243363244246,0.15125766226325413,0.0,,1,20019
-0.11411685028193078,0.8278105998601504,0.0,0.0,1,20020
0.7902399540765004,-0.6762361524351816,0.0,,0,20022
0.19153320312891328,1.7458494577007373,0.0,0.0,2,20024
2.3521224908480147,-0.9480332968170627,0.0,1.0,0,20025
0.8749887422091739,-0.3671034247568021,0.0,,0,20026
-1.3834760014798946,1.5582294242821562,0.0,0.0,2,20034
-1.7991889632589526,1.1809485048361275,0.0,,1,20035
-2.448053766517972,-0.50570465898273,0.0,0.0,1,20036
-0.8531414543845877,1.1208420150854241,0.0,0.0,2,20041
1.9058592468639908,-0.9716673185381507,0.0,,0,20044
1.212848889463293,0.5373226025162509,0.0,1.0,3,20045
-1.7169243949963324,-0.552216876020548,0.0,,1,20047
-0.812915629842723,1.15033960296501,0.0,0.0,1,20049
-0.33920239931580215,-0.17353202264634066,0.0,1.0,1,20062
2.1478171444884135,-0.6746608039421013,0.0,,3,20063
-0.08394588672395985,-0.2569109331359842,0.0,0.0,0,20066
0.6051100802089867,-0.09399741575264732,0.0,1.0,2,20067
-0.6436654634561019,-0.22691772582195063,0.0,,1,20068
1.5219297396260005,0.025149683274278127,0.0,1.0,0,20071
2.3331015716280055,-0.09504848953189529,0.0,1.0,0,20072
-1.7962459356336342,-3.1518372786832853,0.0,0.0,0,20075
-0.3603980245464269,-0.2880470149541754,0.0,0.0,1,20077
0.48828533805392044,-1.1957188834259456,0.0,,0,20078
0.839074928191328,0.16973333105738395,0.0,1.0,0,20087
0.977722088223545,-0.16544344388528454,0.0,1.0,0,20091
-0.24717374742805745,1.1398752847734634,0.0,0.0,1,20094
2.3579680472581757,4.897104221672491,0.0,0.0,2,20095
0.2762507037068984,-1.3580603531148219,0.0,1.0,0,20097
-0.5959771394005465,-0.7926288287959001,0.0,,1,20098
1.024834712810149,-1.444639293076491,0.0,1.0,0,20107
2.1388971494367444,0.5165125488225328,0.0,1.0,3,20109
0.6837174103374548,-1.157454929794494,0.0,0.0,0,20114
3.0149225796000074,0.8163995905538017,0.0,1.0,3,20115
-0.4422061296618239,0.6120645740955238,0.0,,3,20116
-0.570267130149859,1.6090832746816244,0.0,0.0,1,20118
-2.3982129820077054,-1.8997843874421256,0.0,,1,20127
3.1054069085191025,1.6388585184562559,0.0,1.0,2,20128
0.03193424084728375,1.8725055879667662,0.0,1.0,1,20136
-1.20169081905688,-0.7490765450374893,0.0,0.0,1,20138
-2.649748960051085,-0.17113062270970972,0.0,0.0,1,20143
-1.3888213860955307,0.46906959641968465,0.0,0.0,1,20146
0.9393358144243403,1.629955749524675,0.0,0.0,2,20153
-1.8467577946200142,-1.2582657790996512,0.0,0.0,1,20154
0.16038867496401102,-1.8363681590426086,0.0,1.0,0,20160
-1.8431795480905981,0.7496942009533369,0.0,0.0,1,20161
2.7675329925802385,-0.6639172126185907,0.0,1.0,0,20165
-1.2604943205350096,0.748890869316076,0.0,0.0,1,20166
1.021232641539981,-0.40155647542220674,0.0,,0,20172
1.8983362818204186,-0.1639385729291476,0.0,,0,20173
2.0657741467444852,-1.9806320845696443,0.0,1.0,0,20181
0.6947778630352933,2.3665383646408884,0.0,0.0,2,20183
-1.182461231845374,-0.791188845532409,0.0,0.0,1,20186
-1.1653492620214347,-0.3477176474791625,0.0,0.0,1,20193
-2.4854450220146393,-0.6821036288666935,0.0,0.0,1,20197
-0.5499162651264693,-0.2720645930155929,0.0,0.0,1,20198
0.08281708105848636,-0.5507102117006236,0.0,1.0,0,20199
0.38664286613548077,-0.9022261671634111,0.0,1.0,0,20200
-1.1115134010792294,-1.4573417679994565,0.0,0.0,1,20207
-0.46213991904036456,-0.14913918435422238,0.0,,1,20209
-0.7675767971751299,0.2098669508081187,0.0,0.0,1,20211
0.2513319419448761,0.009938556077690883,0.0,0.0,0,20212
3.4970010253448174,-2.016013427073804,0.0,1.0,0,20216
3.9981728390608597,2.0266684220976714,0.0,,3,20220
-2.06346094214436,-0.789983431498507,0.0,0.0,1,20221
-2.172310528241905,0.03233282462808499,0.0,0.0,1,20222
0.3903086220078229,1.308817434708977,0.0,0.0,0,20237
2.5793246726233705,-0.006819459214008111,0.0,1.0,3,20240
-1.6618387251836149,0.711915574995918,0.0,,1,20242
2.0044502060142295,-1.6337010968384968,0.0,1.0,0,20244
2.1264378669597512,0.6320562648852772,0.0,1.0,3,20245
-1.803088893416682,-0.6766971817508942,0.0,0.0,1,20247
-1.5578675233906707,-0.15750190617633228,0.0,,1,20249
-0.9105682430912924,1.575407763886716,0.0,,1,20256
-1.1297300612830967,-0.2589470455023621,0.0,0.0,1,20257
0.8368523950406932,0.3447870668837148,0.0,1.0,0,20260
0.6502873154171882,-1.1201093991070432,0.0,1.0,0,20261
2.7335349662373702,-2.286545402187503,0.0,1.0,0,20264
-0.8875223435999923,0.3812271576623215,0.0,0.0,1,20265
1.7104774589637073,0.6260631412610761,0.0,1.0,3,20266
0.712363245221147,1.1346483664264604,0.0,1.0,2,20273
-0.06370292960654265,0.45930603220627797,0.0,0.0,1,20274
0.04683851046945885,-0.7537833962500626,0.0,1.0,0,20278
-1.0511809209336698,-1.5693633583386086,0.0,0.0,1,20280
-0.5507781758241616,0.2931481776327107,0.0,0.0,1,20282
-2.4460124152816363,-0.6709422235578634,0.0,0.0,1,20283
-0.4218994454881355,0.20073428790991596,0.0,1.0,1,20291
0.3721828064707319,-0.6982266085388547,0.0,1.0,0,20292
2.0147958299677877,-2.135308005158478,0.0,1.0,0,20295
-1.8828888190414201,-0.42166692399621736,0.0,0.0,1,20299
0.05268114899301019,-1.2245155408866937,0.0,0.0,0,20306
-1.065907164271407,-0.4441916445611706,0.0,1.0,2,20308
-0.9205354176672248,0.8000171001551252,0.0,1.0,1,20337
0.927017404285511,-0.5776648064713517,0.0,,0,20338
2.426571678043519,-2.552916210794746,0.0,1.0,0,20342
1.7897865330413494,1.0267166566766448,0.0,,3,20344
-1.8066225150977564,1.343475372723437,0.0,0.0,1,20345
-3.0607879761918815,-1.0337194540714183,0.0,1.0,1,20350
-1.484784736394342,0.7009786454134961,0.0,0.0,1,20352
2.413025564521675,-0.200592452570369,0.0,1.0,0,20359
-0.2189313968664528,-1.775413221755242,0.0,1.0,0,20361
1.7311569720160191,-3.2862420057100383,0.0,1.0,0,20364
-2.639821201283216,-0.6733144230644135,0.0,0.0,1,20368
0.2722678769846582,-1.1682885219445187,0.0,1.0,0,20373
-1.69668443262139,1.140595837201562,0.0,0.0,1,20374
-0.9028843534669541,2.3087414295833812,0.0,0.0,1,20375
-0.3919528975505521,1.6170255091798913,0.0,0.0,1,20378
1.4846992033541946,-0.13389634588039517,0.0,1.0,0,20382
0.9040738977623971,-0.38978205161214496,0.0,,0,20385
-2.5062098970340667,-0.4682997037818966,1.0,0.0,1,20386
-1.769633746426536,0.32474214802281615,0.0,0.0,1,20387
-2.033207393525658,-1.0494081362191099,0.0,0.0,1,20388
-1.1758544138460294,-0.7693846206402466,0.0,,1,20390
1.063259019357512,-1.0086717228299984,0.0,,3,20394
1.0162393899640796,-0.2678657971872927,0.0,1.0,0,20396
-1.5420294561447456,0.7946994668743821,0.0,,1,20402
2.472797974243116,1.9308744552099317,0.0,1.0,3,20405
-1.5561560432935115,1.4548249496263306,0.0,,1,20409
0.872615604296685,-0.8237790432416873,0.0,,0,20412
0.8705596951987953,-0.8843423464260233,0.0,1.0,0,20413
1.2324570633971108,-0.0537718511755321,0.0,,0,20415
-1.42700347398844,0.42866156356426316,0.0,,1,20427
-2.2680943595267653,-0.09193347110955645,0.0,,1,20428
2.133215193793086,0.8785782322885363,0.0,1.0,3,20435
1.6600584554542963,-2.452091754194713,0.0,1.0,0,20436
2.7208779890026222,-3.385805936285171,0.0,,0,20440
-1.6203838479820627,-0.6800562061991895,0.0,,1,20446
-0.8006743294399379,-0.4589208471320108,0.0,0.0,1,20447
-0.7819968270912439,-1.4088204821434214,0.0,1.0,1,20448
0.9869959442751852,-1.0323882217919504,0.0,1.0,0,20450
1.7657420511773487,0.3609068571943929,0.0,0.0,3,20451
-2.1204179309871662,0.6163547232316982,0.0,0.0,1,20465
-0.2821826680735766,-0.9202451215941524,0.0,0.0,2,20472
-1.6247628287636415,0.5504158272793226,0.0,,2,20475
0.6520999977896573,-0.3746807202626206,0.0,1.0,0,20476
0.611707284459657,1.9435519573679285,0.0,0.0,3,20489
0.6361041862818425,1.149709645825913,0.0,0.0,2,20497
-1.3709618529294012,-0.36407981986266863,0.0,,1,20498
-0.3229773599529957,2.5639432221951077,0.0,0.0,3,20503
-1.7849328553387047,-1.5408230177444855,0.0,0.0,1,20510
0.021065287786277465,0.8479460758264405,0.0,,1,20524
2.126727618371305,1.0568823029580898,0.0,1.0,2,20526
-2.0812150924028088,0.1904797847055717,0.0,0.0,1,20527
0.19291632784286916,0.8718031692899164,0.0,0.0,0,20528
0.8780705637644773,1.1146759074419965,0.0,0.0,3,20530
1.3562215816809768,0.11422041173967161,0.0,1.0,0,20535
1.0839869967319014,-1.9292368500407924,0.0,1.0,0,20540
-0.4124569556481544,0.6968787971668098,0.0,0.0,1,20542
-0.4540989972433161,0.5464066207939923,0.0,,1,20543
-1.5015087391701616,-0.03756145078270039,0.0,0.0,1,20546
1.4965529921061476,0.3458995342687635,0.0,1.0,0,20552
-1.5541784726964962,-0.07052566312157965,0.0,0.0,1,20563
-2.5020564821069264,-0.35622673976310876,0.0,,1,20565
0.991164870044299,0.30986834305662614,0.0,,0,20566
-0.8383852900980604,0.2481786900780602,0.0,0.0,1,20569
1.5984026980461878,0.326669287379161,0.0,1.0,0,20571
1.5566491089902241,-1.9480322764982303,0.0,1.0,0,20574
-2.4497307037505966,-0.40034720099718074,0.0,0.0,1,20575
2.9342474427073757,-1.7398227028537327,0.0,1.0,0,20576
0.11018202465324506,0.6404429033426258,0.0,0.0,3,20581
-1.866113247195402,-0.1778904624156035,0.0,0.0,1,20582
0.30814121457579896,0.8091705761551843,0.0,0.0,3,20587
4.324411458104204,0.44637998880469104,0.0,1.0,3,20590
-0.4915571010848864,2.005183058188527,0.0,0.0,2,20593
0.23847192250240132,-1.8555356230126614,0.0,1.0,0,20596
-2.3255679604861097,-1.6035276111387466,0.0,0.0,1,20600
1.3757935364961869,-0.23120443805198418,0.0,1.0,0,20607
0.916325081197753,-0.5962954440432299,0.0,0.0,0,20611
1.481554396683257,-0.16770002976893314,0.0,1.0,0,20612
0.0797485903933062,-0.2875305962243516,0.0,,0,20613
-0.27105839143579763,-0.2953102690835355,0.0,1.0,1,20626
-0.9948382560405614,-0.45107709873148927,0.0,0.0,1,20629
-0.1599148743766627,-1.9119575355520435,0.0,,0,20630
-1.924179743332813,0.42227799238144287,0.0,0.0,1,20633
-1.6570197041647565,-0.026845679002475382,0.0,0.0,1,20634
2.8600670282242766,0.9236281620006678,0.0,,3,20636
0.2745817891730996,0.3428725606285248,0.0,,0,20642
2.3078381153834733,-0.45338558164826653,0.0,1.0,2,20647
0.6286632766423352,1.2001001712903594,0.0,1.0,0,20651
-0.7563807660155136,-1.0582352889981461,0.0,0.0,1,20653
-1.4137042131303073,-3.474281783853774,0.0,,0,20657
1.5439365265619294,0.0018562444131323174,0.0,0.0,0,20659
0.30897977271703214,-1.1916652471597848,0.0,0.0,0,20660
1.3775283815185917,0.3478195434055646,0.0,1.0,0,20667
-1.7156341508635555,0.09896447492423521,0.0,0.0,1,20672
0.8594099541670419,1.2626162817384314,0.0,0.0,0,20680
-2.1078085093381724,-0.8693827580874633,0.0,0.0,1,20690
-1.3051515384623773,1.1956157518807466,0.0,0.0,1,20694
-2.0510823212928107,-0.32511267441389957,0.0,0.0,1,20697
-1.253598866302391,-0.28653196135018494,0.0,0.0,1,20704
-0.9679598386862892,-0.5847239165628447,0.0,,1,20711
0.6325512442414444,-1.1932923102098647,0.0,1.0,0,20715
2.064530853281637,-2.6404911232851895,0.0,1.0,0,20716
-2.2117322144525247,-1.9048868056097066,0.0,0.0,1,20718
0.7389356915954732,0.9177902406014391,0.0,,2,20732
-0.7726099905800003,0.1803640100195529,0.0,0.0,1,20734
0.0676482115721564,0.696283682241322,0.0,0.0,1,20737
-0.7440843483102406,1.5737797780153093,0.0,0.0,1,20742
-1.686522412130325,0.3230144953057903,0.0,0.0,1,20743
-0.7984605540420895,1.577556441618685,0.0,,1,20746
-1.9971060200878696,-0.13861895964485615,0.0,0.0,1,20750
1.17190771919448,-2.115420977373989,0.0,1.0,0,20752
1.088865840453848,-2.595935178912072,0.0,1.0,0,20754
0.9394267128971692,-0.5137387739606329,0.0,1.0,0,20757
0.7330624858667074,-0.71209105644898,0.0,,0,20758
0.7319833689639555,0.7916297681057199,0.0,1.0,3,20759
0.6661502266761512,-1.9180334189517572,0.0,1.0,0,20762
-0.43311968969958003,-0.20847897360684295,0.0,0.0,1,20766
4.222455202221242,2.6949190604111646,0.0,1.0,3,20773
-1.0135651505708987,0.9744550925495381,0.0,0.0,1,20784
-1.6855786797883512,-0.385136651650226,0.0,0.0,1,20788
-1.9508950467454105,-1.2952454005035352,0.0,0.0,1,20794
-0.42825869983494375,3.809102432352987,0.0,0.0,2,20798
0.67484096072811,-0.34153828637074385,0.0,0.0,2,20801
-0.3840245292406816,2.313567905983536,0.0,0.0,2,20821
-0.31220751023581994,1.4771117086124168,0.0,0.0,1,20825
-1.284622202258205,0.587737560960468,0.0,0.0,1,20829
0.5271215154339064,-0.6029956766391193,0.0,0.0,0,20832
-1.6824491637092898,-2.4722889183708237,0.0,0.0,1,20834
-1.3957576406384065,0.3957183562965115,0.0,,1,20855
2.5094475690785165,-2.2452244613710883,0.0,1.0,0,20860
0.9819529161245832,-0.19328082589566015,0.0,1.0,0,20870
0.7824235372030827,-0.586194106862998,0.0,1.0,0,20871
-2.0731664236781855,0.8629771796955502,1.0,,1,20875
-1.296082090130627,0.5196915128902179,0.0,,1,20879
0.846338942873209,-0.33977392695816494,0.0,0.0,0,20880
-1.1157388652504983,0.823973694412728,0.0,0.0,1,20881
2.1612888058214255,-0.48680227290775097,0.0,1.0,0,20882
1.927475917887315,-0.6023673315861652,0.0,,3,20886
-0.5987576332112252,2.7481887706634684,0.0,0.0,1,20888
1.3262415562531735,-2.2553653179644195,0.0,1.0,0,20889
0.8250817681913097,-0.8315809766548581,0.0,,0,20891
1.1062862324058198,-2.346327754388298,0.0,,0,20894
0.35107001888438,-2.0553361071427814,0.0,1.0,0,20901
2.921775423996445,2.178794848217872,0.0,0.0,2,20910
2.919842198380301,1.954275504309606,0.0,1.0,3,20911
0.3213667670772382,-1.0257392836654535,0.0,1.0,0,20914
-0.37487856651172435,-0.6540920969665455,0.0,,1,20916
-1.1523367261563202,0.685487321056404,0.0,,1,20917
1.048944154486731,-1.2768304348445407,0.0,,0,20919
1.3795023801951751,-0.1489468607553426,0.0,1.0,2,20922
3.35373319324811,0.15819488494437467,0.0,1.0,3,20930
-1.2694380975875905,1.4314477575954514,0.0,0.0,1,20931
-0.4052813929676961,-0.00552918121370663,0.0,0.0,1,20934
-0.8470046722208133,1.0574328827029251,0.0,0.0,1,20942
-0.2110638816534569,1.3510595669494045,0.0,0.0,1,20947
4.713398017310427,-1.9763182323947863,0.0,1.0,2,20948
-0.8709570551104715,-0.8547273876014952,0.0,1.0,1,20952
0.9331746966866015,-0.8746860241123463,0.0,1.0,0,20955
-0.4879473830567497,2.972893512020528,0.0,1.0,1,20957
-0.724524321660641,0.21453582252404302,0.0,,1,20958
0.3054921176824768,-0.5047592165249836,0.0,1.0,0,20960
2.5234012587019237,-2.9897469922173725,0.0,1.0,0,20962
1.0369617695224094,-0.4051427200932151,0.0,,0,20964
-1.4604740891771728,0.5185247458644817,0.0,,1,20968
-0.9353479747140983,0.37744793402011106,0.0,0.0,1,20972
-0.7976197947248724,1.3762405775803277,0.0,0.0,1,20973
0.5110042147760275,-1.6042708986272536,0.0,1.0,0,20975
0.6102283376121073,-0.991288045054558,0.0,1.0,2,20976
-2.2309328200130354,-0.21732252683486097,0.0,0.0,1,20978
0.7795412682081342,-1.3025476522508947,0.0,,2,20983
-2.1985685018708194,0.7140205491778471,0.0,,1,20984
-0.8856937306949269,1.9817643325066732,0.0,,1,20986
2.386874391648385,-1.4585229726522917,0.0,1.0,0,20988
-1.3367779347203843,1.6200105343324125,0.0,0.0,1,20989
0.3346994993749171,-0.4813654253221247,0.0,,0,20994
-1.0624159860935247,0.6892864723765749,0.0,0.0,1,21006
-1.0166354275933165,-1.105743788477287,0.0,0.0,1,21007
-0.018695767163749894,-1.8216809673082033,0.0,,2,21008
0.9093046414290419,-0.7679861506258524,0.0,0.0,0,21009
-1.6595410900680196,0.31285265187043715,0.0,0.0,1,21020
-1.7032971633430332,-0.9213528469326708,0.0,0.0,1,21021
0.28005559100034816,-0.011688964038180871,0.0,,0,21026
-2.1702847992420526,-0.29398007774419005,0.0,,1,21028
0.69607250819785,-0.8345714001724529,0.0,0.0,0,21032
-1.4881765934516684,1.159334204788768,0.0,,1,21044
-1.8394685485185591,-0.8062758075375259,0.0,0.0,1,21045
-1.3589861932133684,1.9061440182180136,0.0,,1,21047
1.196984050961944,-0.03414740224900939,0.0,1.0,0,21048
0.6699193110735735,1.633855653052981,0.0,0.0,3,21049
-1.250116138037564,-0.6610542558876704,0.0,0.0,1,21050
1.6938693596427559,-0.5765713450647615,0.0,1.0,0,21051
0.34541948738170225,-1.1984014526043318,0.0,1.0,0,21063
-2.382389214998271,-0.37861034388641024,0.0,0.0,1,21069
3.1698331098288026,1.4189351550289961,0.0,0.0,3,21075
-2.2094597340981723,-0.3572701366555242,0.0,0.0,1,21081
1.1772589138321579,1.9761888826236254,0.0,0.0,3,21085
1.9260315470379896,-1.222108472861174,0.0,1.0,2,21086
-1.7078275840415145,1.3606876274247874,0.0,0.0,1,21089
-0.4460156013340453,-2.285632957440601,0.0,1.0,0,21092
2.179773959872357,-1.4876852063000545,0.0,1.0,0,21094
1.043138092822169,-1.2324042874228391,0.0,,0,21097
1.1336834287966313,0.033211165124223715,0.0,1.0,3,21101
0.5771164652860603,0.46969567684998315,0.0,1.0,3,21103
-0.13145508366075737,-0.6847782011000738,0.0,0.0,0,21112
-1.8811664028495987,0.6345519251762503,0.0,0.0,1,21113
0.3692937895203679,-0.6880558348850917,0.0,1.0,0,21116
-0.6936849388844735,0.3851183597942934,0.0,0.0,2,21120
-2.111302315081227,-0.504276488513895,0.0,0.0,1,21122
-1.5568248072899242,1.5146197692117804,0.0,0.0,1,21125
3.549965414568488,-0.05133495992956975,0.0,1.0,3,21127
-0.24478822124285637,0.7513247262990993,0.0,0.0,1,21130
1.2589612512924149,-0.4165960356961678,0.0,1.0,0,21133
0.041846622696715755,-0.30720684185195196,0.0,0.0,0,21135
-0.515512495811036,0.08834475737020671,0.0,,1,21143
1.0777122950393625,-0.5036901884034678,0.0,1.0,0,21145
-0.2421428582916881,-0.08365289894512261,0.0,0.0,1,21147
-0.5511531710069308,-0.2165827869622912,0.0,0.0,2,21148
1.6517721336888278,0.9753656188414378,0.0,0.0,2,21155
-0.18583678254623487,0.6162749699051849,0.0,0.0,1,21159
2.988505219237274,-0.7145076275790738,0.0,1.0,3,21160
-1.784941708545036,0.17485632315769206,1.0,0.0,1,21161
-0.19562436143035347,-0.15213337686942074,0.0,0.0,1,21162
-0.9763426640161948,-0.37908589944864146,0.0,0.0,1,21168
2.0401512334830425,-0.4488697961346283,0.0,1.0,3,21171
-0.7775313937802467,-0.7799317356555118,0.0,0.0,1,21173
-1.0295139517255283,-1.1775023570336356,0.0,0.0,1,21175
0.48253147879367747,0.04085822212816713,0.0,1.0,2,21190
-0.8268458154204278,-0.01191544854833419,0.0,0.0,1,21191
-1.7238743901920734,0.6526548931617757,0.0,,1,21192
-2.059115009083184,0.009959299700883037,0.0,0.0,1,21194
1.4103555412575692,-1.119736912619881,0.0,1.0,0,21196
1.0912936989016864,-0.9901526396936594,0.0,1.0,3,21205
1.3583227789950303,-0.33038340928268445,0.0,1.0,0,21211
-2.403355085974923,0.5271185890183064,0.0,0.0,1,21212
1.3555454212754834,0.21962636118434894,0.0,1.0,0,21216
3.6286357854038913,-1.4665836598097544,0.0,1.0,2,21219
-1.6234261461571389,0.8224946542091337,1.0,0.0,1,21221
-0.4510175720834367,-0.9216448469503964,0.0,0.0,1,21223
-2.1120436885884906,1.0666450199662156,0.0,0.0,1,21228
-0.7640458472758885,0.9116192912736917,0.0,,1,21229
0.3143788408109402,0.3576007797744046,0.0,1.0,0,21230
2.2813455737992188,0.13122934186753635,0.0,1.0,3,21233
-0.5836580313398511,-0.2598741402590931,0.0,0.0,1,21238
-0.7003677001955776,-0.8205172782020418,0.0,0.0,1,21245
0.15203386231705696,1.7556224425914628,0.0,0.0,1,21248
1.4498008005017446,-0.42524276549729195,0.0,,0,21249
1.6646228929057918,-0.046612541065758344,0.0,1.0,3,21250
-0.268715568973846,0.6822044388364179,0.0,0.0,2,21254
-2.032918940215455,0.3998575737460277,1.0,,1,21257
-0.10195081315523781,-2.0416954368566937,0.0,,0,21261
1.1730077027714851,1.3675273023405545,0.0,0.0,0,21267
-0.07319548022909263,-0.478534342568851,0.0,,0,21268
-0.3552754123085796,-0.44047029601787746,0.0,0.0,1,21269
-0.09105470563898188,-0.1853739579541697,0.0,,0,21270
-1.1400699559691208,0.39886057777982675,0.0,1.0,1,21272
-1.7571803891339621,0.5367757411284352,0.0,0.0,1,21273
1.8343066167133604,-0.8037917243499766,0.0,1.0,0,21274
3.908134956796746,-3.0549747751221665,0.0,,2,21290
-2.147135510655988,-1.4090162016230103,0.0,,1,21291
-0.0450674377144166,-0.4112238599711674,0.0,1.0,0,21292
2.243821998277719,-0.05775608060944733,0.0,1.0,0,21295
-0.9608063400837553,0.35582479280821716,0.0,0.0,1,21296
2.663401705992221,2.6378694942974508,0.0,1.0,3,21297
0.5862306149106062,-0.3204903155667931,0.0,0.0,0,21300
-1.1398617330287386,1.9420367051251235,0.0,,1,21302
-0.4982691555187591,0.08488845376234425,0.0,0.0,1,21303
1.9881529606369592,4.501472211815505,0.0,0.0,3,21304
-1.480802109230553,0.12780336970124834,0.0,0.0,1,21305
2.0520475854757954,0.710775800344213,0.0,1.0,3,21321
0.16905650506946732,-2.281729397464541,0.0,1.0,0,21322
0.5370557979686665,-0.5276587692799086,0.0,1.0,0,21325
2.256272231334279,-3.2776451549724954,0.0,,0,21328
0.7547644295830023,-0.8423134332211283,0.0,1.0,0,21330
-1.1926384190312829,0.8423089800088671,0.0,,1,21333
-1.3516410683283475,1.5047824679588047,0.0,,1,21334
0.6231004862673265,-0.603915319101248,0.0,,0,21335
0.6977872946929147,1.9901385088583554,0.0,0.0,0,21340
0.6494910682156151,-0.4541624236931882,0.0,1.0,0,21345
1.1380826407428228,-0.12059590716568566,0.0,1.0,0,21349
0.43934088280623107,-0.6567412020067294,0.0,0.0,0,21352
-0.2674669112326559,0.27664988221645326,0.0,,1,21358
1.312769244438903,-0.04669415626376375,0.0,,0,21361
-0.7237482895425851,-1.1046849491466844,0.0,0.0,1,21362
-1.4554979587360337,-0.5349941441095662,0.0,0.0,1,21363
0.35656041745463507,0.293781145520239,0.0,1.0,0,21365
-0.8362046120400339,0.21811795208760254,0.0,0.0,1,21369
-2.130705702054539,-0.17653124470319734,0.0,0.0,1,21370
3.459633711140445,2.004740017606707,0.0,1.0,3,21373
-1.6853524716346981,1.3354713687175008,0.0,0.0,1,21375
-1.9825735195517067,-0.3288880242426623,0.0,,1,21377
-0.9813473968071658,0.6071694443677687,0.0,0.0,1,21384
-2.1192906482131963,0.8022734739330687,0.0,0.0,1,21392
1.9560666589447253,-1.454602298842323,0.0,1.0,0,21396
1.0819846774464663,-0.4301270217386367,0.0,1.0,0,21399
0.6217443264775768,-0.5052166602244547,0.0,1.0,0,21402
-2.0602107438825086,-0.8199099984314989,0.0,0.0,1,21406
-0.2589869403053643,-3.133277807259519,0.0,1.0,2,21407
-1.0868398139363795,0.3516502693669782,0.0,,1,21412
0.7027984464549364,1.7346220140281303,0.0,0.0,3,21415
-1.3934661012399043,-0.5510931302633636,0.0,0.0,2,21423
-2.4765777737055643,-1.874286993833438,0.0,,1,21426
0.4002322022579437,0.9469029997735414,0.0,0.0,3,21442
-1.2684494355876497,-0.041038949201093945,0.0,0.0,1,21445
0.4769608809825512,-1.6479261796268263,0.0,,0,21450
-1.9147867610850375,-0.86218116788384,0.0,0.0,1,21451
2.2600058573213455,1.685412261037353,0.0,0.0,3,21453
0.3244425072378324,-1.9419182660663512,0.0,1.0,0,21459
0.5854953874537215,-1.0565170974253846,0.0,1.0,0,21464
-0.3249702569562438,2.5504791233421353,0.0,0.0,1,21467
-1.9329619551224315,-1.058448525649534,0.0,0.0,1,21468
0.1610923244358969,-0.05058631358199174,0.0,1.0,0,21472
1.1585712352108304,-0.37522250438624954,0.0,0.0,0,21473
2.2259903407470505,0.8918040817416922,0.0,1.0,3,21475
0.9922083530991345,-1.8506160619193202,0.0,1.0,0,21476
-0.2608333642302009,0.19107844664346682,0.0,0.0,2,21477
0.6581436101435778,-0.6686181493021944,0.0,1.0,0,21485
-2.429380936409353,-0.9806836221227503,0.0,0.0,1,21488
1.5549021966615961,-0.07231564533576605,0.0,0.0,0,21493
0.9319445179325019,-0.02169594842476747,0.0,0.0,0,21494
-1.214675094641285,1.054623597873824,0.0,,1,21495
-1.8130955692691244,-0.2537058817908969,1.0,0.0,1,21498
2.3986166215267772,1.580499564367401,0.0,1.0,3,21501
2.1949666881538197,0.06900733467726042,0.0,1.0,0,21506
-1.8508716191870085,0.45095750255783495,0.0,,1,21508
3.023538200485391,-4.728783282189433,0.0,1.0,0,21511
-0.41877505688864863,0.2942738442167686,0.0,0.0,1,21512
1.4345099332852052,-2.131387169209353,0.0,1.0,0,21514
-0.6916821365428671,1.1831061345938667,0.0,0.0,1,21524
-1.6239843045009383,0.8981911813404205,0.0,0.0,1,21527
-0.13494150080644593,2.5673393266270765,0.0,1.0,3,21528
1.7307832524792621,-0.4119228664916296,0.0,1.0,0,21529
2.2598944490718886,1.27203803125168,0.0,1.0,3,21530
1.6517654027921589,-2.4989985938436514,0.0,1.0,2,21531
-0.6668346782258995,0.5657360484552401,0.0,0.0,1,21534
-1.1015073182879247,-0.31122919141539784,0.0,0.0,1,21535
-0.7032246114541262,0.7371462927040754,0.0,0.0,1,21538
-2.9587078433493037,-1.09996093343386,0.0,0.0,1,21541
-1.7632269284037454,1.131574453575733,0.0,0.0,1,21545
-1.802502934745147,-0.0031451144143457366,0.0,0.0,1,21546
0.9583659574147056,-0.2520189122962855,0.0,1.0,0,21549
-0.2500275866589646,-0.08457927343247557,0.0,1.0,1,21551
-1.749442484339639,-1.1822107309464358,0.0,0.0,1,21555
-1.5761675602479281,0.39342027132600954,0.0,,1,21559
-0.4632301909858312,0.17576983632842513,0.0,,1,21563
-1.9688230140718652,-0.8891171002352466,0.0,,1,21567
0.04101568963402648,2.234318948632651,0.0,0.0,1,21571
-0.6315227333830838,-1.4420224768967176,0.0,,1,21576
-1.6417385098257038,0.6461502844133017,0.0,,1,21580
0.5729764185628093,-0.6202807490900264,0.0,1.0,0,21588
-0.033692743250563324,1.2966904683448561,0.0,0.0,1,21590
-0.48367318874702586,1.1066462963469967,0.0,1.0,2,21592
-1.741042349831804,-0.7097197635008371,1.0,0.0,1,21597
1.3171997939769793,0.6369898483114469,0.0,1.0,3,21598
-0.4544624296203211,1.9062451017086206,0.0,0.0,1,21605
-0.8516218167788878,-0.1476972902647934,0.0,0.0,1,21606
-1.3333653212775523,0.2983008507908188,0.0,0.0,1,21613
2.523067699136568,-0.3822418826315821,0.0,1.0,0,21614
-2.7579560074392226,0.03848510423256772,0.0,0.0,1,21619
1.0666957612383294,-0.3887332854124778,0.0,0.0,0,21620
-1.8427937439224173,0.41303505333581575,1.0,0.0,1,21622
-0.03528203534155975,-0.746664892253398,0.0,0.0,0,21626
-2.361459945268551,-0.8777628027419607,0.0,0.0,1,21627
1.1467575882884387,-0.7467605120665921,0.0,1.0,3,21628
1.444352215768494,-1.719455901125037,0.0,1.0,0,21640
1.6913341836080942,0.7041266568447949,0.0,1.0,0,21643
0.324380746694533,-1.1118472962286234,0.0,0.0,0,21648
0.5873932143663684,-0.5903366171366866,0.0,1.0,0,21651
1.7290031268672559,-0.23951928827873906,0.0,0.0,3,21656
0.7101586552966532,0.3370427607202081,0.0,0.0,0,21663
-0.959388153107407,0.686974288880318,0.0,1.0,1,21666
-2.1785115596523057,0.6478425496314438,1.0,0.0,1,21669
-0.7516750168422179,0.15373380162944866,0.0,0.0,1,21672
3.744056000451889,1.9592713239448454,0.0,0.0,3,21677
2.219511102593267,-0.12388758558448267,0.0,1.0,0,21678
-1.9879885389495708,0.6432460288249257,0.0,0.0,1,21682
-2.3629578231364263,1.0401935991522655,0.0,0.0,1,21685
1.5916715619034612,0.3366086030538008,0.0,1.0,0,21686
-2.019906774314359,1.114712151418917,0.0,,1,21687
-0.3810402008956639,0.18461808960021248,0.0,1.0,1,21696
1.374547185960835,-0.6482203000444302,0.0,1.0,0,21700
-0.37445343922282015,0.09733858736620248,0.0,,1,21715
3.1675204711407754,1.5066765328831142,0.0,1.0,3,21717
0.4254696347485913,1.1328040978000715,0.0,,3,21718
0.5657372941579035,-0.7959366838173566,0.0,,0,21719
-0.85535130558854,-0.035094147661742084,0.0,0.0,1,21725
-1.916788370524316,-0.8789356719570652,0.0,1.0,1,21728
-0.2838744537548676,-0.7990509411256991,0.0,0.0,1,21729
0.5763100934203846,0.5348258454830431,0.0,1.0,0,21731
0.8134151751677089,1.6754961668214243,0.0,0.0,3,21733
1.171365575516791,-0.9879881654209145,0.0,,0,21736
-0.060439937531480976,0.69010495928004,0.0,0.0,1,21737
2.3116753463203494,-0.224895345092315,0.0,1.0,3,21739
0.3841040261064284,-1.1767344484091962,0.0,,0,21748
0.4816745439525339,1.419948887172719,0.0,0.0,0,21752
0.9198086100155085,0.10217522978635711,0.0,1.0,0,21756
0.967938315509444,-0.4918678843326791,0.0,1.0,0,21766
-0.8221962070432474,-0.29498190240906885,0.0,0.0,1,21770
0.7329714854677338,0.1665740643300027,0.0,1.0,2,21780
-1.5611153885675075,-1.2259573468203553,0.0,0.0,1,21782
0.9328301992501189,-0.22529252743825337,0.0,1.0,0,21786
-0.916545776247125,0.4168887180750861,0.0,0.0,1,21788
-2.3644166030857856,-0.24899058035954008,1.0,0.0,1,21789
-0.4398934945116845,-0.6566654150637964,0.0,0.0,1,21795
-1.8139466627044745,-1.0978111657688028,0.0,0.0,1,21798
1.0756024395301762,0.028063217206524535,0.0,1.0,0,21802
1.1714533793819617,-0.22934369179908337,0.0,1.0,0,21805
0.24163475084986066,-0.7931935103444688,0.0,0.0,0,21809
-0.6191330632254275,1.640847215831454,0.0,0.0,3,21810
-1.259029796177407,-0.35222049892375895,0.0,,1,21813
1.9464357229094422,0.538465574784005,0.0,1.0,3,21816
-1.6411545015657403,1.2316453156491702,0.0,0.0,1,21817
-1.0919985607718117,-0.5653593402338561,0.0,0.0,1,21820
1.7799538577387004,-0.23774900653499537,0.0,1.0,0,21826
0.26655705539219343,-0.9001051243054478,0.0,,0,21843
-1.129399495199308,0.42372566762892144,0.0,0.0,1,21844
-1.458992521467471,-0.310182365755164,0.0,0.0,1,21846
-0.39450150287382907,1.1069868486180667,0.0,0.0,1,21849
1.8068567304492318,1.5268647084987925,0.0,1.0,3,21851
0.5738375143855303,-1.4085139517457623,0.0,0.0,0,21852
1.4339457210390958,0.9591847863826412,0.0,1.0,3,21855
-1.1302539615002594,-0.29352530481917394,0.0,,1,21856
-0.582259973992456,-1.5515836079490697,0.0,0.0,0,21868
-0.3790580004547998,2.029541357084083,0.0,0.0,1,21872
-1.7010027977231357,0.3937171553495845,0.0,0.0,1,21874
-0.4452965777837347,0.19827084310611304,0.0,0.0,1,21875
-1.3541187360013767,1.1455866134377728,0.0,,1,21888
-1.073187284714651,-1.728360943544237,0.0,0.0,1,21894
-1.330363085463371,0.33529640971101504,1.0,0.0,1,21897
-2.0425298816167694,-0.5774715544980088,0.0,0.0,1,21898
1.3333136569393007,0.26201732840492953,0.0,,0,21901
0.6125104337673738,-1.3916044675556076,0.0,1.0,0,21906
-0.23622384124079734,0.09965569839026713,0.0,0.0,1,21918
-1.3267100818862347,1.018802685589175,0.0,,1,21920
0.5731952770307022,-1.0853540981408967,0.0,,0,21922
2.178719048935309,-2.4930879742103227,0.0,1.0,0,21936
-0.4376495462895323,1.1880747868491055,0.0,0.0,1,21939
-0.9497641533878366,0.29871298568370147,0.0,0.0,1,21942
-1.4386547487140464,-0.01706333209772143,0.0,0.0,1,21943
-1.0077291745677617,-0.5972277428123092,0.0,0.0,1,21945
-0.5540630593020024,-1.3866097244100524,0.0,0.0,0,21946
0.8843042484366055,1.629048468870174,0.0,0.0,3,21957
-1.4229473623205762,-0.3152422666870614,0.0,1.0,1,21958
0.10552976105338448,-1.0705853064081576,0.0,1.0,0,21959
-1.1315330673370214,0.267202096632981,0.0,,1,21961
-1.5555579269781528,0.8573705983732174,0.0,0.0,2,21965
2.006164877019738,1.2963867780233598,0.0,1.0,3,21977
-1.6396891526335367,0.7132116189323385,0.0,1.0,2,21978
0.4691071307427249,-0.5540666711021838,0.0,1.0,0,21981
-3.1407753773146263,-0.8433401616188175,0.0,0.0,1,21983
-0.8129336861479849,-0.16469895514591326,0.0,1.0,1,21989
0.7091608896181343,-0.28573859179220157,0.0,1.0,2,21991
0.8089245710341637,-1.026291905013122,0.0,1.0,0,21993
1.073901969545111,-0.952009538805862,0.0,,0,21994
-2.0234345750569402,0.34114430069896495,0.0,0.0,1,21995
-1.8245358448252964,-0.5758567103861979,0.0,0.0,1,21997
1.0199273586525095,0.5273333251510586,0.0,0.0,0,22000
-1.770513895702678,0.8352105762849837,0.0,0.0,1,22005
1.4299608630108833,0.9688949114361015,0.0,0.0,0,22008
0.6891472782652396,-0.7659597184140418,0.0,1.0,0,22010
-1.6065028201946296,1.2929058864624978,0.0,,1,22011
-1.2942478993831992,-1.0494906495566096,0.0,0.0,1,22015
-2.705587995624376,-1.0501525653090185,0.0,0.0,1,22020
-0.6482994555285846,1.592332161642973,0.0,0.0,1,22021
-2.6136286806272215,0.24106472064446854,0.0,,1,22026
1.01968857007085,-1.0351200631600879,0.0,0.0,0,22027
1.2500900935292212,0.13727158697297245,0.0,1.0,0,22030
1.8080795100767384,0.7433838401522976,0.0,1.0,3,22033
-1.1546650603164874,1.14300967907763,0.0,0.0,2,22034
-1.115880996181281,-1.2014221252332073,1.0,0.0,1,22038
-0.20038248445256918,0.11613690386823415,0.0,0.0,1,22044
2.559911163490672,-2.582833866926953,0.0,1.0,0,22050
-0.5752674094304803,0.9436072725728699,0.0,0.0,1,22052
-2.28974772833263,-1.0252581261010945,0.0,,1,22055
-1.595166240250277,0.7784148426730212,0.0,0.0,1,22060
-0.1760167921741116,0.9106767976351725,0.0,0.0,2,22061
1.4831172745786243,0.16711629764901714,0.0,1.0,0,22063
1.6661707359718647,0.6565062316088459,0.0,1.0,0,22064
0.097090742797238,0.33410895414985553,0.0,1.0,1,22065
-1.5962950251245378,-0.40323599498798696,0.0,0.0,1,22066
-1.8668316325050205,-0.4940487478292738,0.0,0.0,1,22067
0.27864436025355144,-0.46358399934368477,0.0,1.0,3,22069
-0.41560329926126116,-0.23641603988718557,0.0,,0,22071
-1.2341362720212639,1.0898060286654525,0.0,,1,22074
0.6018688447630174,-1.3138217705716801,0.0,1.0,0,22082
-2.5497364659999437,-1.1211314936624757,0.0,0.0,1,22084
0.7724228758418071,-0.9346543444604056,0.0,1.0,0,22085
-0.038010259663060875,1.073814580981665,0.0,0.0,1,22088
0.9972058466068214,-0.5349978841402206,0.0,,0,22089
2.3463540529455735,-2.021457809617688,0.0,1.0,0,22090
-1.3729232281200001,0.15482470908540125,0.0,0.0,1,22092
-1.4519102684036356,-0.23137420168441117,0.0,,1,22104
1.7544312582436552,-0.6494492474802516,0.0,1.0,0,22105
0.0974617567153402,1.8004590183054516,0.0,0.0,1,22106
0.7569968282720911,-1.4891143631605543,0.0,,0,22108
1.4081233603738392,-1.1040881020561857,0.0,,0,22109
-1.386676062470774,-1.0968681840897838,0.0,1.0,1,22112
0.2123878246996129,-0.3258733878443131,0.0,0.0,0,22117
1.1048932714238484,-0.6746564747176081,0.0,1.0,0,22118
-1.0218213697660097,0.4904322451415568,0.0,0.0,1,22119
-0.37696975234007196,0.03986133578964114,0.0,0.0,1,22125
-1.3769145273105179,-1.0015584043294636,0.0,,1,22128
0.169725365465565,0.9157138676479404,0.0,0.0,0,22129
1.5145777061552097,0.8275238268725653,0.0,1.0,3,22134
-1.975111406748755,0.274673669651372,0.0,1.0,1,22139
-1.0507383090773623,-0.6835992529156973,0.0,1.0,1,22142
1.108411432385363,2.272809122029298,0.0,1.0,2,22147
-1.869306281925422,0.2706488226978266,0.0,,1,22155
-2.189756485491301,-2.4227598023400905,0.0,0.0,1,22157
0.4932104369422964,-0.37657971003849644,0.0,1.0,0,22158
-1.6932167873515687,0.19065188076861816,0.0,1.0,1,22159
0.8567486163026864,0.49153819523024544,0.0,1.0,3,22165
-0.3088664032436117,-0.9418250766128088,0.0,0.0,1,22167
-0.8229978918870732,1.3538906843351592,0.0,,1,22178
-0.5700756981825499,0.27208988537807294,0.0,0.0,1,22179
-2.5163002012205946,-1.168136544603644,0.0,,1,22191
-1.1974064106302136,-0.1819663132317585,0.0,0.0,1,22193
-0.8552621520687839,0.6017970364825869,0.0,0.0,1,22199
3.4025761997980117,2.560907561986662,0.0,0.0,3,22202
2.335867039919036,-0.04114319213500804,0.0,1.0,0,22203
-1.340975368461857,0.594156300492955,0.0,,1,22216
0.932303177685496,-0.7057691016396626,0.0,1.0,0,22224
-1.6133557376139727,0.5191256178045424,0.0,,1,22231
-1.2354452474467246,-0.6102747617815928,0.0,,1,22232
0.6592910955243926,1.7000728248421915,0.0,0.0,3,22242
0.99508405463127,-0.32068634336052226,0.0,1.0,0,22251
-0.8468883377786459,-0.1886392961227334,0.0,,1,22255
3.2629075065516018,-0.47092543914283924,0.0,1.0,0,22264
0.20384491946122013,-0.6284584536174423,0.0,1.0,0,22266
1.9029424386263403,1.0654642185801204,0.0,1.0,3,22274
-2.1876651797528908,-0.5930232418186889,0.0,0.0,1,22275
-1.0224947498653607,1.9834296425401183,0.0,0.0,1,22281
2.5818078289916464,1.8431561654911077,0.0,1.0,3,22285
-0.4778347231308828,0.8793907716557527,0.0,0.0,1,22287
-1.2883665130188353,0.2372097907325588,0.0,0.0,1,22288
1.0148967000790259,0.047370501150962634,0.0,1.0,0,22291
2.8051537175884578,0.6612176116594062,0.0,1.0,3,22294
-0.964899031540005,1.1271889569546205,0.0,0.0,1,22300
1.0233322459146812,0.2523692145967737,0.0,,0,22303
-1.191880018851874,1.4913449230344675,0.0,,1,22304
2.610861099503201,1.1144462835722997,0.0,1.0,3,22311
0.2410800870367777,-0.316789220342519,0.0,1.0,0,22313
1.4087611807720062,0.4868527364732843,0.0,1.0,3,22314
1.7314666518041868,0.29093241117131663,0.0,1.0,3,22320
1.5937215027923048,-2.2844218584370117,0.0,,0,22323
0.6929752356265002,-0.8920617549602023,0.0,,0,22330
-1.2829096295032283,0.26526744119533185,0.0,0.0,1,22338
1.6187220459908456,0.563229896595142,0.0,0.0,3,22339
0.7548243283158526,0.1368900272616029,0.0,0.0,0,22341
-0.690387572723133,-1.5816498268390418,0.0,,1,22342
-1.5194086515762188,0.6401711288953302,0.0,0.0,1,22344
-1.173038917474268,-0.7262101159017785,0.0,0.0,1,22345
-2.1602171842218874,-1.3690972375732648,0.0,,1,22359
1.6081975242829312,-1.3035755691447213,0.0,,0,22360
-1.2732838249101819,0.6292934800062345,0.0,0.0,1,22362
1.2550552741826635,-1.3221806102980571,0.0,1.0,0,22363
-0.06959226426975816,-1.1616247853031543,0.0,1.0,0,22372
2.0693890835434474,0.939052047965493,0.0,1.0,3,22375
0.028640334300287656,-0.31178348629883623,0.0,1.0,0,22379
-1.680718262702402,0.7982359801141456,0.0,,1,22380
1.7817022508193696,-0.4977536012862118,0.0,1.0,0,22385
4.133896446630536,-2.188731854277859,0.0,,0,22386
-0.3272520128788817,1.7739653988521804,0.0,0.0,1,22389
-0.8422514460207259,0.6323958752108089,0.0,0.0,1,22394
-1.5782100409397972,0.766892550498937,0.0,0.0,1,22397
-0.21442953023158817,0.15747345874609275,0.0,1.0,1,22404
1.5939543877053703,0.7465578705509751,0.0,1.0,3,22405
-1.3773912553071679,2.1270031204531636,0.0,0.0,1,22407
-0.3489584862782581,0.5290119044523947,0.0,0.0,1,22418
-1.8892054882158975,-0.24668218526371644,0.0,0.0,1,22420
-0.9400177388564087,-0.40471964714612135,0.0,0.0,1,22421
-0.9216202805250379,-0.6357998363581004,0.0,0.0,1,22422
0.7955923832389838,-0.9396155686634817,0.0,1.0,0,22423
-0.6282331235455549,3.1724596155721456,0.0,0.0,1,22424
1.0614146932893556,-2.6617728878117997,0.0,,0,22425
-0.641386763514811,0.8884080768231468,1.0,0.0,1,22426
-1.2532447577500563,-1.406004388322118,0.0,0.0,1,22428
-1.7320239898483665,-0.2644380607815817,0.0,0.0,1,22435
-2.4398983829026446,-0.06155050967421295,0.0,0.0,1,22439
-0.08464466441510447,0.41244637941252416,0.0,,1,22440
0.1566635514771136,-0.03845523221775483,0.0,1.0,0,22444
0.8554634717543936,2.716934244397214,0.0,0.0,2,22447
2.169455958196961,-2.753749322149214,0.0,1.0,0,22449
0.6879026254587607,-1.702553607841086,0.0,1.0,0,22451
-2.947908685457884,-0.7638588836185659,0.0,0.0,1,22454
-1.3874097079212446,0.6236627871349172,0.0,0.0,1,22456
-2.6040801381863434,-0.033409452885453925,0.0,0.0,1,22457
-1.3694999746979928,0.6637834787861526,1.0,,2,22458
-2.438925269112988,-1.0849824133984347,0.0,0.0,1,22468
-2.3384736042838234,-0.8564699777571426,0.0,0.0,1,22470
-1.375372029930582,0.32595939127020435,0.0,0.0,1,22479
-1.9989006787274541,-0.8664876942416063,0.0,0.0,1,22481
-0.6611851404141188,1.4238656562436491,0.0,,1,22490
0.17855035825973126,-0.37848029369201214,0.0,0.0,0,22496
-0.2507821673947186,-0.5456974413201408,0.0,,1,22497
-1.1276696606478858,-0.3323881930562745,0.0,0.0,1,22502
0.4823196024543683,-3.608983485589101,0.0,1.0,0,22508
1.1735993776252107,-0.08932271351914822,0.0,1.0,0,22510
1.045347302134176,0.1070247253822757,0.0,0.0,0,22512
-0.7709011611168521,0.10673272240560644,0.0,0.0,1,22514
0.8742925306933171,-1.1775080879691484,0.0,1.0,0,22516
-1.1439250517992916,1.0702785084727724,0.0,0.0,1,22518
2.0517037411519565,-0.8428595636454734,0.0,1.0,0,22520
1.0230779971492376,-0.1546075868177595,0.0,1.0,0,22525
1.7032613064259556,-0.7031714485994733,0.0,1.0,2,22526
-0.6068239334004474,-1.3813928351556062,0.0,0.0,1,22528
0.364861915135958,0.341986372064798,0.0,0.0,0,22543
-0.24901052290033904,-0.2994681427081549,0.0,0.0,1,22547
-1.9336285270061948,0.2532213292514461,0.0,0.0,1,22552
0.5842927467570619,-1.5660814061071955,0.0,1.0,0,22556
-1.7398363929025014,0.6587703621264406,0.0,0.0,1,22557
-2.0694306613868703,0.9355287933222081,0.0,,1,22558
1.607709298762584,-1.852223304681268,0.0,1.0,0,22576
-0.043775864984931724,0.6862081571253432,0.0,0.0,0,22579
-0.006391217015193753,2.0012852694718974,0.0,0.0,3,22583
-0.28277188331307024,-1.7436044663194392,0.0,1.0,0,22584
-0.4840511468799538,-0.13122275296543656,0.0,0.0,2,22588
0.775900424676891,-1.081125048884124,0.0,,2,22589
0.8562276954654849,-0.838486004350621,0.0,1.0,0,22590
-0.7391531582946719,-0.8293297080934935,0.0,0.0,1,22591
1.0981463125497162,0.1715515801987148,0.0,0.0,0,22593
-1.1606069492394817,0.604915986469864,0.0,0.0,1,22594
1.4855843024652597,0.4481338136279748,0.0,1.0,0,22597
-3.2351469439164506,-1.0910769012932555,0.0,0.0,1,22598
0.9725016916246696,-0.4513451403416521,0.0,1.0,0,22599
3.238437711435371,0.6825580664846764,0.0,1.0,3,22601
1.181349106881033,-0.6347953513428444,0.0,1.0,0,22602
1.9850603524092307,-1.4047747550287666,0.0,,0,22603
2.4042827283707746,-1.9074763789788487,0.0,1.0,0,22605
-1.0915939764319518,-0.5375857632415568,0.0,,1,22606
0.043450759968343036,-1.3749630258279035,0.0,1.0,0,22609
-0.829614331273906,-1.1194322865992465,0.0,0.0,1,22613
-1.133227348742202,0.7142290996035681,0.0,,1,22624
-2.453993078824406,-1.0364234154762098,0.0,,1,22626
-2.1945477930408943,0.05003317164640107,0.0,0.0,1,22631
1.3948314389465326,-0.8881221200531229,0.0,1.0,0,22633
2.039224693373658,-2.701234845255654,0.0,1.0,0,22634
-0.15524930780051194,-0.5051967784896665,0.0,1.0,0,22636
1.8746553372813477,-1.2513887910621455,0.0,1.0,0,22638
0.38452901784498705,-0.6387441765371706,0.0,0.0,0,22639
-1.594583556177572,0.6795270223634475,0.0,0.0,1,22643
-2.303308518188472,0.6818907041541589,0.0,0.0,1,22644
-0.6944200001546608,-0.47661762059919566,1.0,,1,22645
0.49431302552550876,0.5494288497461205,0.0,0.0,0,22647
-1.6511323614371207,0.6150715071045376,0.0,,1,22664
-1.7887145209070519,-1.0259919012354053,0.0,0.0,1,22665
0.5185329400516605,-0.47869062884389335,0.0,1.0,0,22666
1.7281063761736128,-0.7985726002805921,0.0,,0,22671
0.4027907289845091,-1.2552340212908357,0.0,1.0,0,22678
-1.0978273125597982,0.18826309799178484,0.0,1.0,1,22683
-1.1933159994214786,0.816414007058731,0.0,,1,22684
1.7305376288547532,-0.016121713851268513,0.0,0.0,0,22685
0.04728521038912613,1.5127664655581026,0.0,0.0,1,22686
2.988845799474839,-0.992708939086143,0.0,1.0,0,22692
-1.4206951632835223,-1.6010925569220196,0.0,1.0,1,22701
-1.28266364333795,0.3228473626686538,0.0,0.0,2,22708
1.0875423582488501,-0.07033213167381556,0.0,0.0,0,22711
-1.9443442685218315,-0.9520568816978244,0.0,,1,22712
2.1776427053021528,0.6013258557491653,0.0,1.0,3,22720
-1.5010628743287333,1.11610346336366,0.0,0.0,1,22727
-0.7550671659870988,0.937782617047844,0.0,0.0,1,22728
-1.650381508624008,1.1087524789830796,1.0,0.0,1,22729
-2.0551037001552785,0.5338713168487097,0.0,0.0,1,22744
-1.6837627661015389,0.47552386665684787,0.0,,1,22745
-1.6584061437185948,0.6295041123439393,1.0,,1,22747
0.917407816694493,0.893511910432572,0.0,1.0,0,22750
-0.6352764290475655,-0.5349792858167177,0.0,0.0,1,22756
0.15464391061284516,-1.955585427678739,0.0,1.0,0,22772
-1.5284568017259885,1.1937337694761685,0.0,0.0,1,22773
0.9466889265129175,-0.7727878818389858,0.0,1.0,0,22774
-0.08574610751404593,0.20628446410546575,0.0,0.0,1,22778
3.0161267359619646,3.941880702186174,0.0,1.0,3,22781
0.8730946786376736,-2.379187810574524,0.0,1.0,0,22782
0.781333979395695,-0.40871116094671267,0.0,1.0,0,22783
1.0055921926094522,0.32436273045267733,0.0,1.0,0,22785
-0.007857281979501005,-1.5636257157423734,0.0,1.0,0,22787
1.537962942975343,0.4522669267885301,0.0,,2,22790
1.6930122518572053,-1.4899899977247701,0.0,1.0,0,22792
3.546232658187471,3.3853628530802213,0.0,1.0,3,22795
-0.2460387032158687,0.11518136287541297,0.0,0.0,1,22799
-1.4787573044182074,0.2404612566896433,0.0,,1,22800
0.29766902994857936,0.022912710327030135,1.0,1.0,0,22803
0.8082635276106234,-0.8852747374385074,0.0,1.0,0,22812
0.15549987587291383,-1.5492376363029525,0.0,1.0,0,22814
0.29509214709621895,-0.15116396652218908,0.0,,0,22817
0.3821927299611434,-1.0995526992871418,0.0,1.0,0,22820
-0.2942581563410987,-0.21975495434117298,0.0,,1,22821
1.1421547276902597,0.6005115276040961,0.0,1.0,0,22824
-1.5672813034032018,-0.5520194436372563,0.0,,1,22827
-0.027107492680041666,-1.4291599350186333,0.0,1.0,0,22836
1.2436947476808613,-2.6750920650030046,0.0,1.0,0,22838
-0.43362977836001154,-0.37805726202782514,0.0,,0,22839
0.3541141504066653,-0.542132498334254,0.0,1.0,0,22840
1.3278689471074339,-1.0916853536263083,0.0,,0,22848
-1.0302021651438154,1.4566499974143916,0.0,0.0,1,22849
-1.6317981168231974,-0.29755472988300097,0.0,0.0,1,22854
0.010851343325195315,-0.45546062672498633,0.0,1.0,0,22856
2.10744388830381,-2.142231404708078,0.0,1.0,0,22860
1.7758947984811362,1.5372251487465438,0.0,1.0,3,22863
1.0393108041783916,0.14532130253050118,0.0,1.0,0,22867
1.6924640202253218,0.16180415111270674,0.0,1.0,3,22868
2.2567855433689035,1.162055730126452,0.0,1.0,3,22869
2.3960506604651837,0.7577664251328287,0.0,1.0,3,22874
1.5305499818250654,-0.8073729346972671,0.0,1.0,0,22890
-1.8148111352540364,0.8872342563697291,0.0,0.0,1,22898
-1.9258783095588392,-0.24449063267682797,0.0,0.0,1,22901
-1.9787628994614848,-1.1195839177756715,0.0,0.0,1,22905
1.3818925883645283,1.8576097251505372,0.0,0.0,2,22907
0.9244843126963793,-0.7118592382864697,0.0,1.0,0,22909
-0.18380519124788275,-0.6607287989616978,0.0,,0,22910
-0.7762482006082427,-1.0168558695691254,0.0,0.0,1,22919
-0.0014700418857613985,0.6648030651144308,0.0,,1,22926
1.6793513959323,0.1124875526613875,0.0,1.0,0,22933
-1.3299351086479663,-1.5008944961840986,0.0,,1,22936
-0.436746858797955,-0.009919820313399344,0.0,0.0,1,22939
-2.236731675734839,0.8113905506988877,0.0,,1,22940
0.9087412492374289,-0.8435664554586219,0.0,1.0,0,22942
0.8561939582379593,-0.9355754246688748,0.0,,0,22946
-1.0754644526470623,-0.343228204612755,0.0,,1,22953
-1.6368992803577496,0.16322876270264206,0.0,0.0,1,22954
-1.2871830685129195,0.3692780199786228,0.0,,1,22959
-1.2738195249927344,1.2348986565053404,0.0,0.0,1,22966
-0.5918814258129729,-0.1654633570742505,0.0,0.0,1,22968
2.665314234184468,-1.0558206198768243,0.0,,0,22970
-0.2684479786890661,0.16803799338435393,0.0,0.0,1,22971
0.24950500580416973,1.9191046375269987,0.0,0.0,3,22974
1.3543723691685232,-2.173840120618804,0.0,1.0,0,22976
-2.0225501399076684,-0.0814575624394707,0.0,0.0,1,22978
0.6692474359486781,-3.364860624261438,0.0,1.0,0,22979
-2.09122361305224,-0.324543502375931,1.0,0.0,1,22984
1.4297275472949909,0.2634416432802422,0.0,1.0,0,22989
2.268550299251793,-1.2232185688168353,0.0,1.0,0,22990
1.0952203986997213,-0.6271771296353785,0.0,0.0,0,22995
-0.9136954076388442,1.8111616701981847,0.0,0.0,1,23001
0.39383988468425124,-0.7544404919665816,0.0,1.0,0,23011
-1.1452924631075625,0.265965056798338,0.0,0.0,1,23012
1.9999388078871008,-1.5611206837812615,0.0,,0,23026
-1.5509815624102112,0.16403257276177508,0.0,0.0,2,23028
-0.8214201849148346,1.0519282250771433,0.0,0.0,1,23039
-2.860831926382753,-1.1510435447293563,0.0,,1,23046
0.8152632159163775,-0.6814531336562815,0.0,1.0,0,23049
0.8445404828917468,-1.1669644463699484,0.0,1.0,0,23054
0.46117047414906837,0.29973066441701035,0.0,0.0,0,23055
-1.5158263827210707,-0.4993267956115893,0.0,0.0,1,23063
1.2216461759861075,-0.5831488712688087,0.0,,0,23069
2.5468596300366935,0.11121423573600851,0.0,1.0,0,23070
2.0921694961247237,1.1947568598627807,0.0,1.0,3,23071
-1.177324084120287,0.597329323334185,0.0,,1,23076
-1.121076404589337,0.011246962435591956,0.0,0.0,1,23085
-1.1336123714578488,0.5321614872579638,0.0,0.0,1,23086
0.6636725684887086,-1.2353526056223438,0.0,1.0,0,23087
-0.1097715308961234,0.7500843734210176,0.0,0.0,1,23088
-2.3685590406649135,-0.514666817138722,0.0,0.0,1,23092
-1.7229824020662492,0.8013142524271077,0.0,0.0,1,23093
-0.6395052601162372,-0.8245778047540974,0.0,,1,23096
-1.4420235963372,-0.23851308126355728,0.0,0.0,1,23099
1.8657087213753845,-0.3788322291551295,0.0,0.0,0,23110
0.352450758109736,-0.6121364813138703,0.0,,0,23114
-1.2500665975253555,1.0279730973019556,0.0,0.0,1,23115
1.0574007486654087,-1.9758731877051348,0.0,1.0,0,23116
1.6734392600535637,-2.5058747667272208,0.0,1.0,0,23118
-0.822212827427827,1.5073070479732502,0.0,0.0,1,23128
-2.123157204095524,0.592128225914941,1.0,0.0,1,23129
-1.6677184069951052,0.7696473169716809,0.0,0.0,1,23133
-0.27583576726828307,-0.2274478865483796,0.0,0.0,1,23140
-2.3088473839524166,-0.24915038900385156,0.0,,1,23143
-0.7899599266801645,1.4951912877164566,0.0,1.0,1,23146
-0.5222091512079478,-0.43178695512181575,0.0,0.0,1,23147
2.4948644584000976,-1.0591064875972658,0.0,1.0,0,23148
0.33075890847387124,-0.16605541533285464,0.0,1.0,0,23153
-0.7708534059917485,2.0229932716843586,0.0,0.0,1,23162
-1.520614214606944,1.1949278505999272,0.0,0.0,1,23168
-1.6799447899494928,0.4927252199573742,0.0,,1,23170
-0.15627070895972173,0.16733331378681834,0.0,0.0,1,23183
-1.5361027079897958,0.4302191261890384,0.0,0.0,1,23187
-2.1820105160521264,0.28024234163930783,0.0,0.0,1,23189
-2.6462330919485866,-0.21391051862458774,0.0,0.0,1,23191
0.9046314818639565,0.05283730028032734,0.0,1.0,0,23194
-0.6489098682825152,1.7144343201244232,0.0,0.0,1,23195
1.3927688551858786,-0.175436724452776,0.0,1.0,0,23197
0.39649228106064566,3.1386294100731806,0.0,0.0,3,23199
-1.0609690662819282,1.58919890362488,0.0,0.0,2,23206
-0.9668249919289594,-0.7077133272008315,1.0,0.0,1,23212
-0.039487666768495695,-1.660782965501064,0.0,1.0,0,23216
0.2644398695589803,0.4463769347650401,0.0,0.0,0,23229
-0.18420471191923984,0.70126178786846,0.0,0.0,1,23231
1.2219725465103184,0.5797836420904672,0.0,1.0,2,23232
-1.5481777047464116,-0.6837486211117616,0.0,0.0,1,23235
-0.2990396466608082,1.2749407506112627,0.0,,1,23236
1.155677175110732,0.6362510253163525,0.0,,0,23238
1.331989432136749,-2.448394779324815,0.0,1.0,0,23239
0.15151172644817038,-0.34043430165905453,0.0,1.0,0,23240
-0.3452516830558285,-2.3295482439299513,0.0,1.0,0,23247
-2.7951236049855197,-1.962173324416343,0.0,0.0,1,23252
1.119952521381005,-0.19147560840496816,0.0,1.0,0,23253
2.029374189147694,0.23507727785395002,0.0,1.0,3,23257
-1.353985774692306,0.35258624658946847,0.0,0.0,1,23265
-0.5496518201807599,1.065348907001191,0.0,0.0,1,23272
-0.5148137558435518,0.9334748228146942,0.0,,1,23275
1.4558500164805919,-1.167783452286038,0.0,1.0,0,23278
0.1416899410499222,0.23160351741724344,0.0,0.0,1,23281
1.2692217412076185,-0.19349796415484571,0.0,1.0,0,23282
0.9527885746688728,0.01999127163506426,0.0,0.0,2,23283
-0.5293668475341607,-1.1651047528979386,0.0,0.0,0,23286
-1.287364561952996,0.08632936840108023,0.0,0.0,1,23287
0.22357737029920854,-1.0751686183684357,0.0,,0,23288
0.8852764517812677,0.7504759900876949,0.0,0.0,2,23289
-2.059817415987752,-0.8597675483994374,0.0,,1,23291
-1.2777322848615675,-1.943038225466138,0.0,,1,23292
-0.08910508356489684,-0.3387288955623604,0.0,0.0,0,23297
-1.0143853033480716,1.5585670662159965,0.0,0.0,1,23298
-2.6799688764542116,-0.17651032804299227,0.0,0.0,1,23300
0.19561993184018167,-2.134737611136986,0.0,,0,23302
-0.6426975096643955,-1.6249640282937672,0.0,0.0,1,23303
1.9509908810341128,1.7913842488387612,0.0,0.0,3,23306
-1.3686007924511363,-0.9893580213575393,0.0,0.0,1,23312
-0.11748465816620496,-0.18280480488271064,0.0,,0,23315
-1.6653965964467814,1.7262151076934031,0.0,0.0,1,23316
3.2822854193924513,-1.3159407971740964,0.0,1.0,0,23325
-2.0448877600561284,0.48882071702842217,0.0,0.0,1,23327
1.610960140251966,-0.4117730624756448,0.0,1.0,0,23332
-1.0210095117813422,-0.6595685158273334,0.0,0.0,2,23337
-0.776215048033583,0.2151618110126819,0.0,0.0,1,23338
-2.3612572546394732,-0.6638840261312141,0.0,0.0,1,23358
-2.4029177894344205,0.6606526243625528,0.0,,1,23362
0.903212839342204,-0.29579045273812954,0.0,0.0,2,23366
0.49505119700838357,2.371326277053331,0.0,0.0,3,23367
-2.159068264935464,-0.007517169568520645,0.0,0.0,1,23369
0.1737014485851652,1.7035609501708566,0.0,0.0,2,23372
1.0407785614927423,-0.8522030209238346,0.0,1.0,0,23373
-0.06004198482837033,0.8038807775523106,0.0,0.0,2,23376
1.5099225137508454,0.31102231070421754,0.0,1.0,0,23377
-0.09784770997549537,2.6616481116751642,0.0,0.0,1,23378
-0.9037606396105146,0.8886931346204952,0.0,,1,23379
2.3521762367069172,1.3443022154105704,0.0,0.0,3,23380
1.4577740896655782,1.472400370663602,0.0,0.0,3,23381
-1.810220397967601,-0.15876046578234018,0.0,0.0,1,23384
1.216688588605154,1.045350924498966,0.0,0.0,3,23385
-0.5032033318814795,-0.11318257580639912,0.0,0.0,1,23391
-1.8390018776666397,-0.4688110140888778,0.0,0.0,1,23394
1.412122056837432,-0.758823774205802,0.0,1.0,3,23399
1.3772056876268308,0.02480147714538081,0.0,1.0,3,23401
-1.767375051637995,-1.103744182337671,0.0,0.0,1,23406
0.8912956102248946,1.5931478697619144,0.0,0.0,2,23408
-1.7671638981978273,-0.06061182404838649,0.0,0.0,1,23409
0.07260431968236883,0.17900981702348015,0.0,0.0,0,23416
-1.573563451080626,0.7129292659421471,0.0,0.0,1,23418
-0.6746571928883318,0.7251126129519608,0.0,,1,23420
2.2049502214873336,0.6556398892737262,0.0,1.0,3,23427
-1.6234550417929172,-0.09852793157693404,0.0,0.0,1,23433
0.42840513331049795,2.0529175416347134,1.0,,3,23438
0.005552698512967026,0.7100973085308534,0.0,0.0,1,23440
0.9263017871610907,-1.2781823585197245,0.0,,0,23445
0.1516143038239212,-1.2239021669741683,0.0,0.0,0,23446
1.13384819781621,-0.6296144246736085,0.0,1.0,0,23447
0.5657709718252584,-0.7649730584579884,0.0,1.0,0,23463
1.7430315152237348,0.9981597388695909,0.0,1.0,0,23473
-1.1038455393147104,-0.204513038687299,0.0,0.0,1,23481
1.8453760849146958,0.6813530895746532,0.0,1.0,3,23486
-2.1405391814434145,0.5515536013484935,0.0,0.0,1,23489
1.1358692256178615,-1.3014489581814217,0.0,1.0,0,23492
2.188888927864581,0.9572411911360934,0.0,0.0,3,23493
-0.7976678727944249,0.4889160570794967,0.0,0.0,1,23494
1.9706523477155986,-1.4392552943370451,0.0,1.0,0,23495
-0.08858501823221505,-0.18731138647853404,0.0,,0,23503
1.976558857836907,0.05482046283863578,0.0,1.0,3,23504
-0.763432165927898,-1.5428984981228075,0.0,,0,23506
-1.0620014631919341,-1.6744915970542273,0.0,0.0,1,23508
1.0909652502202403,0.09179097895295017,0.0,0.0,0,23517
-2.9776592516556164,-1.1770902203173572,0.0,0.0,1,23521
-2.0521466641364414,-0.03780869296872753,0.0,0.0,1,23524
0.3522003360319776,0.20938248093429487,0.0,1.0,0,23528
-1.386857516357816,1.0195275205183114,0.0,0.0,1,23530
-0.0903232702946919,-1.186311924952136,0.0,0.0,0,23533
0.8345780384947635,-0.2797994542945808,0.0,0.0,2,23535
-0.30137737694292566,-0.035741455433656685,0.0,0.0,1,23537
-2.9761043371991818,-0.4970625838466245,0.0,0.0,1,23538
1.2409283960145898,0.30453473442420637,0.0,1.0,0,23540
1.518607154255465,-0.43150404849861845,0.0,,3,23544
-0.8046979915253453,0.2762216647636329,0.0,0.0,2,23546
-1.332871645111516,1.6120015207916207,0.0,,1,23556
-0.038614492482253286,0.09524026153738625,0.0,0.0,1,23557
2.255772178332138,1.0521221683713002,0.0,1.0,3,23564
0.341916400628963,0.2900451011402367,0.0,0.0,0,23566
1.1521955783586066,0.16151085342729732,0.0,1.0,0,23578
-0.27185042597677717,-2.619018284724867,0.0,1.0,0,23584
0.37355541443153184,-0.011938974578884359,0.0,0.0,3,23591
1.311766911517919,-0.07128336483370341,0.0,0.0,0,23594
-3.1007153893469774,-1.7675947779663022,0.0,0.0,1,23602
-1.5994920694726935,-0.4609369955789189,1.0,,1,23606
-1.4363189749091454,-0.4978280946051434,0.0,0.0,1,23607
-1.0421783613795947,0.547402451987889,0.0,1.0,1,23610
1.4520254604699394,-0.5958204656738508,0.0,,0,23614
-1.609600482471058,-0.17042585629303533,0.0,0.0,1,23615
-0.024597378047946785,-0.5689720949773605,0.0,1.0,2,23621
-0.8190027607432047,-1.8988429346573281,0.0,0.0,0,23623
-1.2629256160610864,-0.09306835357836389,0.0,,1,23628
-0.31033670244482664,0.5352824904091196,0.0,,1,23632
1.3540054098450691,-0.04657351331790241,0.0,,0,23635
0.09344694941107588,-1.0050050214476753,0.0,1.0,0,23640
1.5687824582339351,-1.2983818999947774,0.0,,0,23641
0.8712622085740097,-2.024808635842349,0.0,1.0,0,23643
-0.8247137794095198,1.1808457320241779,0.0,0.0,2,23645
-0.00582232296046496,0.9101562420131439,0.0,0.0,1,23646
-0.4091585374101958,-0.1601271424389051,0.0,0.0,1,23649
-2.8518152086027673,-1.9025022170085144,0.0,,1,23650
2.752663116981662,1.890673003271441,0.0,1.0,3,23651
-1.2982053542796037,1.0574893025552097,0.0,0.0,1,23653
-2.078188944729313,-0.11143192398285325,0.0,,1,23654
-0.39104390232971104,0.30020176983055713,0.0,0.0,1,23655
-1.064520914904126,-0.18218812765524603,0.0,,1,23656
2.015311666790765,-0.3516879425261649,0.0,1.0,3,23657
-0.8217899764094136,0.9417437033290386,0.0,0.0,2,23658
-0.7907021449850514,0.30263914924478913,0.0,0.0,1,23660
-2.3209916406134408,0.48538692795338473,0.0,,1,23662
1.310595198553639,-0.4320118766706148,0.0,1.0,0,23664
0.13345808230050746,-0.8307114216046306,0.0,,2,23670
-2.419949759477552,-0.2291229597087446,0.0,,1,23673
-0.4560710128797734,0.23467581676259536,0.0,0.0,1,23674
-0.8794500460846187,-0.19933273355786324,0.0,,1,23676
0.5388932508792111,2.360374172497122,0.0,0.0,3,23679
-1.274483068103727,0.6678079194167615,0.0,1.0,1,23685
2.882084057690266,1.4315542702888604,0.0,1.0,3,23687
-0.23345519414266067,-0.09201537341555159,0.0,,1,23690
3.0445218461825543,1.0959612604344482,0.0,,3,23699
2.2464781903559023,2.5101776007086416,0.0,,3,23702
1.8861486861907595,1.5905978009065844,0.0,1.0,3,23703
0.4346306018266137,-1.0072915996513176,0.0,,0,23712
0.6997558998033097,0.10765848130046526,0.0,1.0,0,23713
2.0454952678514435,1.2578298969291013,0.0,0.0,3,23716
-1.3382146298627164,0.4799035496851991,0.0,0.0,1,23720
1.8286620243772354,0.22285987105936683,0.0,,3,23723
-1.1809366613847445,0.6911989176859191,0.0,1.0,1,23727
-2.681054025993518,-1.3185165033188864,1.0,0.0,1,23733
0.34555866873369273,-0.43108987668753224,0.0,,0,23734
1.941775923675587,1.2085177727876895,0.0,0.0,0,23741
-0.48236290838738644,-0.4152256199948288,0.0,,1,23742
-0.059966107085160515,1.11486732709682,0.0,0.0,1,23744
-1.239472395840704,-0.6429648317322246,0.0,0.0,1,23745
0.12032807223597936,-0.8214458051126963,0.0,1.0,0,23747
0.07687686529539808,-1.5327903360399404,0.0,,0,23752
-1.4038035042461272,1.6022549510218143,0.0,0.0,1,23755
-1.688402890153558,0.8566304655986581,0.0,0.0,1,23756
1.0326958171886778,-0.5047991541726747,0.0,,0,23764
-1.6692730213353315,-0.43397832007596726,0.0,,1,23766
0.20652230958673193,0.9000000793697949,1.0,0.0,3,23778
-2.201118324123382,-1.4945339440380723,0.0,0.0,1,23779
0.18261665566933857,-1.4302809689458675,0.0,,0,23784
-1.6973918330667506,-0.16099464993390947,0.0,0.0,1,23787
-1.5873329794032098,0.20956392012598973,0.0,0.0,1,23788
0.8678497375563308,-1.3724403733676427,0.0,0.0,0,23791
-0.08153375432803171,0.40552754577973266,0.0,0.0,1,23795
0.35785767608218966,-0.9474609541784911,0.0,0.0,0,23796
-0.10708105509362938,-0.32888539163360436,0.0,1.0,0,23799
-2.8387883886965555,-0.7099468288662815,0.0,0.0,1,23805
0.6628959082445994,0.6119502722915761,0.0,1.0,0,23810
0.29710430962322243,0.34501489076450825,1.0,1.0,3,23812
-1.4870701436131024,1.3023580464411164,0.0,0.0,1,23822
-1.5829881451649408,-0.9526896040657471,0.0,,1,23825
2.3537289371216716,1.3156005072397936,0.0,,3,23827
2.2177894418793467,0.4750920946651234,0.0,0.0,3,23829
-2.1662158800503524,-1.1383264327415445,0.0,1.0,1,23834
3.2327688764124205,-0.07211318726343613,0.0,1.0,3,23835
-0.9862046400293741,0.40339914403414906,0.0,,1,23837
-2.1122010108448146,0.5565694089909097,0.0,0.0,1,23840
-1.3750279751403252,0.1912280982323496,0.0,0.0,1,23844
1.0156691969800928,1.326539108571773,0.0,0.0,3,23845
0.3229013447302912,1.9915756310997828,0.0,0.0,1,23846
1.0622344507234174,-0.6800207648302108,0.0,1.0,0,23849
-1.9137640818478359,-2.4700699517290947,0.0,0.0,1,23851
1.0507758416358015,-0.8096248750037657,0.0,1.0,0,23854
0.03322437855244341,0.8551676616162619,0.0,0.0,1,23856
2.0709181505173735,1.9525972284752335,0.0,0.0,3,23864
-2.2430793277475782,-1.7671157993749633,0.0,1.0,1,23867
0.38325720186777396,0.44366959513582555,0.0,0.0,0,23868
-1.7339417354919107,1.484219541151089,0.0,,1,23871
2.8055947862459876,-0.2488565303121268,0.0,1.0,2,23872
0.5061432622694813,-0.8454741937394762,0.0,,0,23874
-2.2947122986714246,0.02755935293047534,0.0,0.0,1,23875
-0.7178835051146517,-1.459991380167886,0.0,0.0,1,23879
4.1124916602098835,4.227199763116995,0.0,1.0,3,23880
-1.5447665946094187,-0.9323219385154484,0.0,,1,23887
0.5548695608768969,-0.6105296745777284,0.0,0.0,0,23888
-0.19291838465134184,-0.4220052629434387,0.0,0.0,0,23889
0.7809663615251861,-0.11907099849507134,0.0,1.0,0,23890
0.30636863166205386,0.8845330133505165,0.0,0.0,0,23897
1.3616416346058908,-1.2929368456414616,0.0,,2,23900
-1.3554974024240782,-0.2572348304732931,0.0,0.0,1,23901
-1.8236054022555255,0.9576578004459013,0.0,,2,23904
-1.4174204136566342,0.7662799077003843,0.0,0.0,1,23905
-0.23598405423286423,-0.9842193593724232,0.0,0.0,1,23907
0.9759599354716785,-0.38620808832386333,0.0,1.0,0,23911
-0.3785976827954092,-0.016511226579808816,0.0,0.0,1,23915
-1.5790737392422118,-0.20956364122458357,0.0,,1,23921
-1.106387334921789,1.1260761300274127,0.0,0.0,1,23924
1.6888303609176325,-0.7747476410450607,0.0,1.0,0,23925
1.1560926291681175,0.0537485497425388,0.0,,0,23927
-0.4106155796838177,0.715311005498637,0.0,0.0,1,23929
-0.8443656993503753,0.06947130652676313,0.0,0.0,1,23931
-1.5977098397015606,0.8059195030156602,0.0,,1,23934
1.2128524935511718,-0.035232791643309155,0.0,1.0,3,23937
-2.709266347349908,-2.0062506647955995,0.0,0.0,1,23945
-0.23265246710921741,-1.7743276661441367,0.0,,0,23948
3.193840021948063,1.2802439162135957,0.0,1.0,3,23951
-1.2215130673642278,-1.2562271885922147,0.0,0.0,1,23953
-0.5593884390952207,-0.2562623747815673,0.0,0.0,1,23954
-2.0679295430026134,-0.3359028184675368,0.0,0.0,1,23961
1.0654884215924514,-1.3475619586555672,0.0,1.0,0,23967
-0.2787589821774649,1.3275485177081876,0.0,0.0,1,23969
-1.9475522291173368,-1.4893121714353934,0.0,0.0,1,23971
-0.7992468260470029,-0.27410883174214706,0.0,1.0,1,23972
-1.5986368920683196,0.47432914866991427,0.0,0.0,1,23990
-2.2570978155802535,-0.7393572888815735,0.0,,1,23997
-2.222079140270318,-0.0786734041146479,0.0,,1,24008
0.43215775789810307,0.1918420979332751,0.0,,0,24017
2.5120168880394615,0.7086482053865896,0.0,1.0,3,24018
-1.2964763797400667,-1.05193580892907,0.0,0.0,1,24020
2.0711151899896727,-0.520024301942375,0.0,1.0,0,24028
2.7885324322820733,-1.5426040467469178,0.0,1.0,0,24032
0.06267860783502693,0.24312409048104608,0.0,1.0,1,24036
1.4357944929269058,0.36265716992700336,0.0,,0,24042
-1.5188103403207676,-0.2772393082541225,0.0,0.0,1,24046
-1.1523266272027275,0.06747258567315233,0.0,0.0,1,24050
-0.41952322095279365,0.04099504572513936,0.0,0.0,1,24053
1.1440118089835867,-0.2550154431670468,0.0,1.0,0,24054
-2.503566315571525,-0.07942604908201412,0.0,0.0,1,24062
-0.23609031692992422,2.29719343111558,0.0,0.0,1,24063
-1.6494120958869978,0.6867429996761741,0.0,0.0,1,24064
-0.3472303217152284,0.2739880724989551,0.0,,1,24065
-1.499208046915265,0.29222733362776826,0.0,0.0,1,24067
0.6495070394527281,-1.0477016987952539,0.0,1.0,0,24073
0.6618743765293601,-0.4014016345144126,0.0,1.0,0,24077
1.8292851023375596,-0.19775009785787115,0.0,,3,24088
2.9351678970229127,-1.3418944424536445,0.0,1.0,3,24089
1.4558434650440584,-0.05668258688749099,0.0,1.0,3,24092
-1.3151719500116277,-0.7062793705391033,0.0,0.0,1,24101
0.3159375623824327,-1.7227588727621874,0.0,1.0,0,24107
-0.33329270629325014,-2.106284852969793,0.0,1.0,0,24112
-1.0002403306259662,-1.0193368832880196,0.0,1.0,1,24115
-1.0275546454706075,2.71229250828123,0.0,,2,24117
0.7372465442105175,1.5149985748743588,0.0,0.0,3,24119
0.507538669838988,1.3642247832645522,0.0,0.0,0,24123
-1.364780077407922,0.306548168329481,0.0,0.0,1,24124
1.3303159251271848,1.2485375136276966,0.0,1.0,2,24126
-1.9570834955707326,0.11704907873781194,0.0,0.0,1,24140
-0.9338579469440323,-0.04791594610907715,0.0,0.0,1,24141
0.3971852447579256,0.5915574215383247,0.0,1.0,0,24142
0.9846548718553678,1.7378588877058831,0.0,0.0,3,24145
-1.7309430391337945,0.9158417004928199,0.0,0.0,1,24147
-0.9812184926458847,0.16898533946033906,0.0,0.0,1,24150
0.7545609584160442,-1.3995725017670844,0.0,1.0,0,24152
0.7023780792173455,-1.545515007234204,0.0,1.0,0,24154
-0.2968852475718172,0.016579682775826103,0.0,0.0,1,24159
-1.111234686455997,-0.40671082337619413,0.0,0.0,1,24160
0.15557248398079704,-0.9662973007894079,0.0,1.0,0,24161
1.3608374307430475,0.030113722415192584,0.0,0.0,3,24163
-0.43020829071404215,0.8314528114141428,0.0,0.0,2,24165
1.6799911037983146,-0.3995260846611627,0.0,1.0,0,24167
1.044151808503465,-0.4557761705121497,0.0,1.0,0,24168
0.3963968721929151,0.5362105694464179,0.0,0.0,0,24169
0.838433289052979,-0.2962713966217208,0.0,1.0,0,24172
-2.061823867849401,0.17313763189170583,0.0,,1,24174
0.2477345298699342,-1.3592298924837702,0.0,,0,24181
1.2426012043069672,-0.49932386643613214,0.0,1.0,0,24182
-0.3974817841043769,2.358425626191422,0.0,0.0,2,24188
-0.3090175956419458,0.19596262722346236,0.0,0.0,1,24192
0.6061233502040165,0.19669563979359997,0.0,0.0,0,24198
0.6227486521302052,-1.010662560100459,0.0,1.0,0,24199
0.17808827621134807,-1.0109762830613271,0.0,1.0,0,24201
-0.4965121520016755,0.9364484973258765,0.0,1.0,1,24203
-1.8276793966798601,0.1645751186928303,0.0,0.0,1,24212
0.8656387731526212,-0.6512363643097653,0.0,1.0,0,24214
1.2442160594015723,0.376729182482623,0.0,,0,24217
1.7400190580802442,1.3927260649463435,0.0,1.0,0,24223
-0.8570500317928487,0.035825853625135184,0.0,,1,24226
2.497094701875957,-0.6031394381755982,0.0,1.0,0,24228
0.8418518511536855,-0.20059207848251648,0.0,,0,24231
-0.7289299197408147,-0.6356507618697209,0.0,0.0,1,24239
-0.06079668468845648,0.7634836982793872,0.0,0.0,1,24241
2.2735529510903865,1.3276942972324817,0.0,1.0,3,24253
0.9549463354407953,0.5545093707431399,0.0,0.0,0,24256
-0.3326639512563342,-0.009585553214522015,0.0,1.0,1,24258
-2.1803876997170666,0.4920187708498079,0.0,,1,24261
-2.850149384513295,-1.1277660783763148,1.0,0.0,1,24262
-0.96749088664781,-0.27025801835266006,0.0,,2,24264
-1.564412548326629,-0.16648901961034815,1.0,0.0,1,24267
-0.6485039288893528,-0.13702922774014725,0.0,0.0,1,24274
-1.053650387040309,-1.116380961874552,0.0,0.0,1,24281
-1.2151506118431477,-0.47464846507110486,0.0,0.0,1,24285
1.323455050727131,-0.9170609637486196,0.0,1.0,3,24288
-0.043448556901729975,0.4960626851966033,0.0,1.0,1,24289
-0.3435102447819283,-1.9901095284065202,0.0,1.0,0,24291
0.08672991080587057,1.6890521135842154,0.0,0.0,1,24293
-2.2863251768887696,-1.1628500119386176,0.0,1.0,1,24294
-0.5891422035223552,1.930990387274245,0.0,0.0,1,24298
2.74665553292224,-0.444721597159742,0.0,1.0,0,24300
0.8134721643905821,-0.8699348905708751,0.0,1.0,0,24302
-2.2534522363873224,-0.8482560835297713,0.0,0.0,1,24303
-0.2306292759380529,-1.3221005999877378,0.0,0.0,0,24312
0.31536185083129925,-1.1322534086059224,0.0,1.0,0,24318
-1.55059326372994,-1.0926346393329973,0.0,,1,24319
-0.6956687904664836,1.473525491567069,0.0,0.0,1,24320
2.734659693272551,-0.9817819175870847,0.0,1.0,0,24326
-1.1458480145214975,1.8269607520118865,0.0,,1,24327
-1.6802585285297194,-0.834310115338684,1.0,,1,24330
-1.4299417709254545,1.222845901045004,0.0,0.0,1,24331
-1.936405046802575,-0.04180816269992223,0.0,,1,24334
-0.9014824852412154,-0.994867294436428,0.0,0.0,1,24339
0.9519361930314749,-0.4970019132792941,0.0,0.0,0,24342
1.5444880757437291,-1.8704184759103686,0.0,,2,24344
-1.6193651279509538,-0.27432972317320503,0.0,0.0,1,24348
-1.538552505840771,1.4459204857894872,0.0,,1,24352
-0.7592223964648573,0.21839951382656958,0.0,,1,24353
0.07904857907549183,-1.1126865748528043,0.0,0.0,0,24357
1.8181290047052006,-1.5410229086966114,0.0,,0,24360
0.29527804602589997,3.2800701379201405,0.0,0.0,3,24363
-0.951579487018808,-0.5596115227226017,0.0,0.0,1,24365
-1.0549555192508007,1.1590415082977332,0.0,0.0,1,24366
0.31901099263535365,-1.5275602946213631,0.0,,0,24375
0.06878842284862549,0.06004447967905768,0.0,0.0,0,24387
-1.9242244525932615,0.8007681633375917,0.0,0.0,1,24388
0.14540457710868765,2.8421784003468944,0.0,0.0,3,24393
3.895838333158561,-0.09261491840617954,0.0,1.0,3,24395
2.0047625324408314,-1.1321360713842004,0.0,1.0,0,24397
-1.433375627035286,0.5745819416511609,0.0,0.0,1,24400
-1.0721889213433542,0.08720314803690465,0.0,0.0,1,24401
1.346021426542808,0.8623626034119599,0.0,1.0,0,24406
0.017514819625016147,-0.5839255367279361,0.0,0.0,0,24408
-1.6512503375527297,-0.7584303193100909,0.0,,1,24420
3.3254600417876015,3.9438549254444193,0.0,0.0,3,24425
1.607495415814592,0.051301023364159586,0.0,1.0,0,24428
-2.354638860509713,-0.14415967940100186,0.0,0.0,1,24431
4.217194377169621,3.2402852274511575,0.0,0.0,3,24432
0.8535676608131423,-0.8672442662737672,0.0,0.0,0,24439
2.3066748935247348,2.044548361261576,0.0,0.0,3,24440
-1.268618998288333,0.38094629248181544,0.0,0.0,1,24441
-0.7636853518410355,2.0380833550056874,0.0,0.0,1,24442
0.9362516474660111,0.29868542049309355,0.0,0.0,2,24452
0.12507151488272492,-0.15348785695796785,0.0,1.0,0,24457
-0.7716658215976663,-0.9282163799227415,0.0,0.0,1,24460
-0.2460568465045267,0.42349617531316136,0.0,,1,24463
0.6493820261215835,-0.18310333735578602,0.0,0.0,0,24468
-1.0283909233266795,-0.6223218436362066,0.0,,1,24470
0.9665173963152889,1.180329214183645,0.0,1.0,0,24477
-1.1854440210505106,1.1094560123043402,0.0,1.0,1,24482
-1.3207182031135574,1.0606273132290043,0.0,0.0,1,24483
-0.875645799088416,-1.8141163385107075,1.0,,1,24484
5.491422645747102,-1.3631589654716625,0.0,1.0,3,24488
0.7614354423097697,-0.14630156581629944,0.0,,0,24495
-0.9232784596813566,1.1279989513060724,0.0,,1,24497
-0.8789426958371734,-0.11874670124667693,0.0,0.0,1,24500
2.1790528888919303,-3.532922301941073,0.0,,0,24501
-2.017264220901254,0.00019495959855675223,1.0,0.0,1,24506
-0.5310368235896207,1.6656197650136577,0.0,,1,24510
-1.030963908801482,1.1234966523092957,0.0,0.0,1,24511
1.6096422843452236,0.48495832678536216,0.0,1.0,0,24515
2.5334040529476636,0.3687875104523831,0.0,1.0,3,24521
-0.3319855854561348,-0.055927340315155616,0.0,0.0,1,24535
0.4517817118195966,3.1689963426666803,0.0,1.0,3,24543
0.9774245930103964,-0.5809416789815832,0.0,,0,24544
-0.03151655901726662,-0.6661698585134517,0.0,0.0,0,24547
-0.5708575916545963,0.48785448455066793,0.0,1.0,1,24548
0.7038956671071572,-0.49919778440801116,0.0,1.0,0,24557
0.9593498486222714,2.1662896848162307,0.0,0.0,3,24558
0.872631181536478,-1.5078224508581624,0.0,,0,24562
0.6045196429184737,-0.3404106563996764,0.0,1.0,0,24567
-0.5470399120998599,-0.3389697852684509,0.0,0.0,1,24578
-1.021635655048565,1.2495235498902022,0.0,0.0,1,24585
-0.9789133438306515,-0.9769537750321352,0.0,0.0,1,24591
-0.7600157970074016,0.7651792317815223,0.0,0.0,1,24592
-1.4981582992058933,-1.0928284710717158,0.0,0.0,1,24594
-0.7563960250257004,0.8744801872196208,0.0,0.0,1,24595
-0.8258863761695988,-1.3794214071069515,0.0,1.0,1,24599
0.30153073309330064,-0.9790889264416566,0.0,0.0,2,24600
4.369962046674013,-2.376085376495095,0.0,1.0,0,24602
0.47648721042089526,-1.304737079522607,0.0,1.0,0,24604
1.821343722938517,-0.2162244383175309,0.0,1.0,0,24612
0.6011175563176155,-1.160986225791614,0.0,0.0,0,24614
1.267123258424526,-0.7007949496627995,0.0,,0,24615
1.3942135868792913,-2.3319758570864724,0.0,1.0,2,24617
-0.030253568172238437,-1.83379536726322,0.0,0.0,0,24618
0.8180196171454237,1.285072624585586,0.0,0.0,3,24620
-3.5347844097374903,-1.6016500708183243,0.0,0.0,2,24626
1.503060043973229,3.1533961023089354,0.0,0.0,3,24628
-2.5353763477665963,0.075070028410619,0.0,,1,24630
-0.9799414726366218,1.5922860459400894,0.0,0.0,1,24633
1.8812885149865475,0.9546233623306581,0.0,0.0,3,24641
0.9948359251446198,-0.11731249498766469,0.0,0.0,0,24644
-0.3163610675194157,1.7261445468381142,0.0,0.0,1,24646
-2.029117452230567,-0.8433612841104813,0.0,0.0,1,24652
-0.22399100574052289,-0.22276607211179503,0.0,1.0,1,24653
-0.8790931555315536,-1.907762900821553,0.0,0.0,1,24660
-2.1204362328624593,1.300863157237526,0.0,,1,24667
1.3977044543865975,-0.8061894858640094,0.0,1.0,0,24670
1.6742446496546968,0.48943890634966153,0.0,1.0,0,24681
1.832406979712393,-1.0579402959971036,0.0,1.0,0,24683
0.6387346949223737,-0.6527965889078162,0.0,0.0,0,24684
-0.7385267607811833,0.3043283471064588,0.0,0.0,1,24687
-0.9639454133940025,0.7470866249859138,0.0,0.0,2,24690
1.5574869444497192,0.10237781953703186,0.0,1.0,3,24694
-2.281009462986971,0.09600487435293623,0.0,0.0,1,24695
-2.346623697042318,-0.7678158424160778,0.0,,1,24698
-1.5013322537275928,-1.4090518641837202,0.0,0.0,1,24700
0.9479839728677949,1.144197146411526,0.0,,0,24709
1.2790996431457367,0.8044580006128421,0.0,1.0,0,24715
-2.6553874249604146,-0.5193024885044305,0.0,0.0,1,24717
3.318121430912737,1.7568523051083396,0.0,1.0,3,24724
3.046749890293484,-0.8206367950554672,0.0,1.0,3,24729
1.7508930250486323,0.6909270740862227,0.0,1.0,0,24731
1.3390926513758759,2.3206466177867675,0.0,0.0,3,24733
1.3190450399716191,-0.4991809523876237,0.0,1.0,0,24734
-1.1997073763239336,0.7163129571957674,0.0,,1,24737
-3.255469050770085,-1.1668585400141573,1.0,0.0,1,24739
-1.4463039768867711,1.3820217005037343,0.0,0.0,1,24747
1.6903460415523512,-1.3036043056771496,0.0,0.0,3,24750
0.8995223932597233,-0.7079418467590616,0.0,1.0,0,24754
1.8197505177968853,0.27703667122154885,0.0,,3,24755
-0.0767788422326846,-0.24271489474212438,0.0,,0,24757
0.5898819388168588,0.4162796369072352,0.0,0.0,0,24759
1.2204394706144146,-0.7380963590618278,0.0,1.0,3,24762
-2.5393763148534934,-0.6945610577602858,0.0,0.0,1,24765
-0.1805375652081261,-0.22102083696408675,0.0,1.0,0,24767
-0.6980573020396313,0.18327045543627082,0.0,,1,24770
-1.6677938195067616,0.7331221519938733,1.0,0.0,1,24773
-2.026864429871112,-0.23252730634144075,0.0,0.0,1,24777
-0.8225188315544917,1.3133652731700833,0.0,0.0,2,24783
-1.071511718928608,-1.1760899939198555,0.0,1.0,1,24784
-1.3368415354849301,0.5651948297874408,0.0,0.0,1,24786
-0.5956777431921039,0.14624985932693835,0.0,0.0,1,24788
-2.0902266992498464,-1.7093962175866415,0.0,0.0,1,24790
1.371540340300718,-0.3728422217787514,0.0,1.0,3,24794
-0.21662008070538152,-0.5630519139771815,0.0,1.0,0,24796
-1.6871406508099611,0.2729324053653241,0.0,0.0,1,24797
0.8742487647712394,-0.7497039625683294,0.0,,0,24799
0.15010120813350955,-0.8431413636549792,0.0,1.0,0,24808
-2.7271928571593733,-1.4465892238603466,0.0,0.0,1,24813
-0.5620852844294119,-0.7452605830601707,0.0,0.0,1,24820
-1.4071883927258146,0.5426591847205957,0.0,0.0,1,24824
2.540538276799872,-2.3690172173835635,0.0,1.0,0,24840
0.7679966900532776,1.058796730211191,0.0,0.0,2,24850
-1.0106380665221073,0.9774264266699786,0.0,0.0,1,24852
1.193220696572336,0.17574456739449748,0.0,1.0,2,24871
0.46939419585826486,0.328004955786207,0.0,1.0,0,24877
1.2393495529703378,-0.019327829977611663,0.0,1.0,0,24886
2.0895470494227815,-1.4970390066864785,0.0,1.0,0,24889
-1.9631854388693188,-0.07420241923074322,0.0,0.0,1,24890
2.7388918869808725,-1.874293348735986,0.0,1.0,0,24891
3.8282346112182597,1.122762729368986,0.0,1.0,3,24898
-3.1964785396107027,-0.7592499486358483,0.0,0.0,1,24905
-0.09916100158093555,2.066008726424321,0.0,0.0,1,24908
1.9747629978064867,0.13225008353600495,0.0,1.0,3,24910
-0.10035536552604422,-1.1718983199974615,0.0,,0,24911
-0.3408012311998627,-0.16453387492111565,0.0,0.0,1,24914
-0.09099622894847724,-1.1230524656716931,0.0,0.0,0,24915
-2.2429936191473607,-0.1502031563367179,0.0,0.0,1,24918
2.3270110684417498,-0.26977646922420795,0.0,1.0,0,24919
0.31758642688225824,0.5352237985828932,0.0,0.0,2,24921
-1.6074756331387097,0.0560801243556447,0.0,0.0,1,24925
2.1649765535887457,0.6994744782973036,0.0,1.0,3,24927
1.1122533672047268,-0.1689531962446051,0.0,1.0,0,24934
1.8480027011190006,0.9158302728329618,0.0,1.0,3,24935
-1.9641035181480024,-0.08282641357889575,0.0,0.0,1,24936
1.071852420555011,-0.3536277030067375,0.0,0.0,2,24938
-1.1049030266548783,0.8684354982407503,0.0,0.0,2,24945
-1.131595440759674,-0.31176757053713516,0.0,0.0,1,24950
1.5118816142258331,-2.568184411940542,0.0,1.0,0,24951
-1.7849457505587132,-0.9375389369997535,0.0,0.0,1,24957
-0.616241684870082,1.4281029843998223,0.0,0.0,1,24963
0.4473763545274759,0.31390382004752776,0.0,1.0,0,24965
1.5020041647593014,1.5017545951168885,0.0,1.0,0,24973
1.6183590932190075,-1.0284741485668163,0.0,1.0,0,24974
-0.008085212303785564,-0.9396765927824354,0.0,1.0,0,24978
-0.14388577958685955,3.3395980300626884,0.0,0.0,3,24981
-1.2793374486936306,0.4339946000531164,0.0,,1,24986
-1.1616539158983479,-1.239829431029847,0.0,0.0,1,24987
-0.807920579309367,-0.12529410640116223,0.0,0.0,1,24990
0.7942781015688245,-0.9388190224902792,0.0,1.0,0,24991
-0.9200751133237282,1.2312134879397256,0.0,,1,24992
1.213911536450071,-0.3690239770116279,0.0,1.0,0,24995
-1.6368876936570742,-1.76987889607025,0.0,0.0,1,25000
-2.1394357334502976,0.003595984314113852,0.0,,1,25013
0.4036944030071657,-0.3676424094985708,0.0,1.0,0,25015
-0.3028794635161969,-0.7410321457290113,0.0,0.0,1,25018
-1.5634496871945047,0.7178605360760408,0.0,0.0,2,25020
-1.2723289364522334,0.522790843311903,0.0,0.0,1,25028
0.5071772714169286,1.4823541077386788,0.0,0.0,2,25030
3.0516663208775934,1.975230834563702,0.0,1.0,3,25036
0.6468737552762127,-0.8522640827359151,0.0,1.0,0,25037
1.7120391933231425,-0.20252253986031502,0.0,1.0,0,25043
-0.524867054489578,-0.042470110597894545,0.0,,1,25045
-1.37647881772757,-0.05466702439607482,0.0,0.0,1,25048
-1.9850898655208262,0.35773072778262877,0.0,,1,25050
1.0155969239161222,0.6752237238747806,0.0,,0,25052
1.7573284689978166,1.0175558490793553,0.0,,0,25054
2.0322348904974725,1.171373909902708,0.0,0.0,3,25059
-1.1094305089232053,-0.5912326752187785,0.0,0.0,1,25063
-1.9614683028206104,0.4631606599118762,0.0,0.0,1,25071
0.2460661972617685,-1.7203444702999717,0.0,1.0,0,25075
-0.9673403755443148,0.512738765229681,0.0,0.0,1,25076
0.16961760048840685,-1.8255453154536931,0.0,1.0,0,25081
-0.004456731871316869,-2.281726235276869,0.0,1.0,0,25089
0.3994989422114534,-1.0339183153819185,0.0,1.0,0,25090
0.8428057927816488,-1.9345515753911362,0.0,1.0,0,25099
-0.9277889442230728,-0.6078520333955001,1.0,,1,25101
-0.17907143306405607,-1.5176834123449274,0.0,1.0,0,25103
-1.5950346171929197,0.5405123007492637,0.0,0.0,1,25105
2.0412731487904194,1.028018618095092,0.0,1.0,3,25106
0.6699943885272742,-1.7431158527363628,0.0,,0,25111
-1.397978764333499,-0.2571838165023246,0.0,,1,25113
-0.06271025195715646,-0.8575458336045702,0.0,1.0,0,25121
0.47430730004423866,0.4114356000540728,0.0,0.0,0,25123
-0.12979393328262467,-0.30332491512241144,0.0,,0,25125
-1.015413381763211,1.1999412343015838,0.0,0.0,1,25126
0.665174872578407,-1.204916506640338,0.0,1.0,0,25129
-0.8533750954597689,1.294785833619425,0.0,0.0,1,25133
1.6956773241947654,-0.024853166602944655,0.0,1.0,0,25134
0.6265186803387363,1.8797682578888821,0.0,0.0,3,25137
-1.2905374176082283,0.8396591233666186,0.0,0.0,1,25140
-0.6463088285610421,0.8760147616581834,0.0,0.0,2,25141
0.8221646693986144,-0.9709320288616212,0.0,1.0,0,25142
1.4531526025486288,-0.7679992523372681,0.0,1.0,0,25144
1.0432168046579582,-0.34562881341982726,0.0,,0,25153
0.770575898461884,-1.000697913698726,0.0,1.0,0,25154
1.3911640209077232,-2.16676087937841,0.0,1.0,0,25155
1.4300003424576841,-0.5691005354760313,0.0,0.0,0,25165
-0.5124333519489371,0.2703555428972702,0.0,1.0,1,25173
-1.4237615243235064,0.5887624640986464,0.0,0.0,1,25175
-1.7066610326710052,0.7546315454170753,0.0,0.0,1,25177
1.4299029624485644,0.08279257587074892,0.0,1.0,0,25178
0.8690818218591095,-0.7960866804240346,0.0,1.0,0,25180
2.2308417453168614,2.5358591790567937,0.0,0.0,3,25189
-1.8348066103693028,-0.5970186854963028,0.0,0.0,1,25193
-1.9582640956137565,0.8127039495117706,0.0,0.0,1,25194
2.1166536076323963,-3.718857872308167,0.0,1.0,0,25196
1.3390715835588862,0.44621132767404703,0.0,,2,25197
-1.6307454362278193,1.284666841686662,0.0,0.0,1,25206
-0.48132626750429575,2.0413366368031785,0.0,0.0,2,25207
-2.9805153041836547,-0.8460200833249995,1.0,,1,25210
-0.942778769650988,-1.9100312267796284,0.0,1.0,1,25213
0.036234717245356755,0.8112611002413233,0.0,0.0,1,25217
-0.5759658255033653,0.38078955634242656,0.0,,1,25218
-0.6749298830545954,-1.6592799541573333,0.0,0.0,0,25219
2.213317207831587,2.015364275340384,0.0,1.0,0,25221
2.1041490374334324,0.7932230143514976,0.0,1.0,3,25224
2.121895486360599,-2.852677202673619,0.0,1.0,0,25226
1.1139298479846842,-0.3198026738286284,0.0,,0,25229
0.5637681869624835,-0.7850079807957856,0.0,,0,25236
-2.8645114090620525,-1.1080947441626965,0.0,0.0,1,25240
-0.8647143573381167,2.008828579022267,0.0,0.0,1,25241
-1.3789124822261185,0.2745339295770432,0.0,0.0,1,25250
-0.7348910610421713,0.3076309092591331,0.0,0.0,1,25253
-2.057760971452804,-0.20292836301734554,0.0,0.0,1,25254
-1.0896561296438712,1.9255342741587222,0.0,0.0,2,25262
-0.10819454959240021,0.013942930389556553,0.0,0.0,1,25265
0.8288205483270757,-0.053485856966919945,0.0,,0,25266
0.7682263240104122,-0.8635970856748979,0.0,1.0,2,25267
1.0229853413375882,-0.004144469975208398,0.0,0.0,3,25268
2.7252360956919226,1.4816925819249764,0.0,1.0,3,25273
-1.8561893797207842,-1.0605705496389075,0.0,0.0,1,25289
1.7395956752934545,-0.3335300075957322,0.0,1.0,0,25290
-1.342162438234337,0.24004013495302207,0.0,0.0,1,25295
-0.538962528861839,-0.21939068033893847,0.0,0.0,1,25296
2.308740924366521,0.7298282118903804,0.0,1.0,3,25299
-2.1122511207300962,-1.0663778153921166,0.0,0.0,1,25307
0.7299396178954565,1.0857624379700805,0.0,1.0,0,25309
3.297716049917237,-1.34438665068911,0.0,1.0,3,25310
0.7287100919648606,1.5578505508723086,0.0,,0,25318
1.3908132598354452,-0.15214893603706822,0.0,0.0,3,25322
-0.5577625156904671,-0.3871875423955434,0.0,0.0,1,25325
2.662909481024295,0.7619131583547419,0.0,0.0,3,25326
-2.665428054695441,-1.1596741009318203,1.0,0.0,1,25333
1.0846758002103278,-0.40430932450989043,0.0,1.0,0,25335
1.3430921674696823,1.1828104850418344,0.0,0.0,3,25337
0.66161575143967,-0.9942921617369184,0.0,1.0,0,25340
1.0324555884512034,-0.3850963440875057,0.0,,0,25343
-1.2075780790128516,-0.7688799026735141,1.0,,1,25344
1.5467444926977016,-0.8400310208396864,0.0,1.0,0,25348
-1.1739678849994117,0.3578943700304695,0.0,0.0,1,25349
-1.0873066085633272,0.8145531262579825,0.0,0.0,1,25356
0.6528397492355754,-0.42492788354786976,0.0,,0,25358
-0.09566317294941898,0.07819562428981848,0.0,0.0,1,25359
-0.4621054097328992,-1.1484921361249256,0.0,0.0,0,25361
-1.7329794800799112,0.8833645993377851,0.0,,1,25363
-1.3324171382801038,0.17153300299780957,0.0,0.0,1,25368
-1.5173996649002373,-0.07526679585702159,0.0,0.0,1,25370
0.7525649869931542,-0.6285752864259897,0.0,1.0,0,25373
-0.983817578429994,1.486230542938431,0.0,1.0,1,25374
-1.0348825462231523,2.092359270334604,0.0,,1,25377
-1.485331037205914,1.2431113051923786,0.0,0.0,2,25398
-1.7767336138556347,1.115903918689675,0.0,,1,25404
-2.1055754984701274,0.9431731386454743,0.0,0.0,1,25405
-1.154557343264058,0.662753215316933,0.0,,1,25416
-0.7734608596036261,1.7664320714667914,0.0,0.0,1,25417
-0.4758208115872517,0.6177843487579303,0.0,0.0,2,25429
0.48100386207930396,-2.673322013075374,0.0,1.0,0,25430
0.09319439270838084,-0.818414504893447,0.0,1.0,0,25433
1.6557762564390517,0.5343664766898094,0.0,1.0,3,25442
2.5256966079887038,1.8086228004792717,0.0,,3,25443
-3.0250984683575926,-1.9003874449830787,0.0,0.0,1,25450
-1.9470922906862878,1.0982082776156723,0.0,,1,25453
0.7614145964972604,-0.6944753091819653,0.0,1.0,0,25461
1.2501439938460095,-0.34586999434932514,0.0,1.0,0,25463
0.8425578243798802,-0.8023705782290959,0.0,1.0,0,25465
-2.858139117231827,-0.9961439806163356,0.0,0.0,1,25469
-2.1935382992207044,-1.3713710711216527,0.0,0.0,1,25470
2.2485288810107944,-1.4099368993946935,0.0,0.0,0,25473
-0.8684384648054178,1.4754729774514599,0.0,0.0,1,25474
-1.27254978135633,1.4598335816648642,0.0,0.0,1,25480
-2.0562065333393273,0.36842031932371655,0.0,0.0,1,25491
-1.576868842999457,0.5855506862248843,1.0,0.0,1,25493
-1.4820152289405557,1.4921772219044145,0.0,0.0,1,25499
0.9554290384288298,-0.4459913325941876,0.0,,0,25500
-1.382638372525057,-0.664512311443515,0.0,0.0,1,25503
-0.9405053719027107,0.3045418976303698,0.0,0.0,2,25505
0.9006685809991694,-0.5635275922978596,0.0,,0,25509
-0.8988444589832228,-0.6172611367726476,0.0,0.0,1,25510
-1.5043977699109436,-2.173126902167438,0.0,1.0,1,25514
0.6333355443119572,-1.2960840949951065,0.0,1.0,0,25516
-1.8082749411231454,-1.1374667740136561,1.0,0.0,1,25519
2.107497161893169,0.9506320163653612,0.0,1.0,3,25520
-2.3418200055044895,0.3193993419675761,0.0,0.0,1,25525
1.1347863429790066,-0.35081459189229364,0.0,1.0,0,25527
0.9812123991437761,0.5517979132469112,0.0,1.0,0,25536
2.1496469810641785,0.204108264712436,0.0,1.0,3,25540
0.8273984882043576,-1.3965843883944231,0.0,1.0,0,25545
0.6743834735340023,0.4574001348212556,0.0,0.0,3,25549
-1.4085310337046395,-0.19243593390501035,1.0,,1,25552
0.8699220924875436,-0.9772355385607816,0.0,,0,25553
1.5048988676797381,0.035049797194641526,0.0,1.0,0,25555
-2.1020259228126776,0.7039715063515792,0.0,0.0,1,25557
0.5014139227184906,-1.49429059739532,0.0,1.0,0,25561
-2.2031887513383643,-1.6624167460367907,1.0,,1,25569
0.723575575538399,-1.5700061217537415,0.0,1.0,0,25571
-0.24754318070051504,-1.1746679143997385,0.0,,0,25572
1.6752597795864022,-1.1498093312306543,0.0,1.0,0,25574
0.875646559902225,0.45887731782011076,0.0,,0,25575
-0.03854830248394444,0.893881260587178,0.0,1.0,1,25592
1.2581044225784666,0.7252884918086051,0.0,1.0,3,25602
1.7668400275737057,-1.8593769089571701,0.0,1.0,0,25605
-1.5093852135905725,0.18219759125413193,1.0,0.0,1,25609
-2.790038675495668,-0.6629945591919476,0.0,0.0,1,25610
-2.430198118395263,-0.3325085132987698,0.0,0.0,1,25616
2.7510767871117747,1.7368455981565787,0.0,1.0,3,25617
-1.538259925670668,1.1166826125068616,0.0,,1,25626
-1.171810663139699,-0.708849409326175,0.0,1.0,1,25630
4.505079478367483,-1.7199156726449478,0.0,1.0,0,25636
0.5292875835089385,-1.7746767268718178,0.0,1.0,0,25641
-1.310748425285159,0.3735407031510486,0.0,0.0,1,25646
-0.4540499325304189,-1.1997600416635867,0.0,1.0,0,25647
2.590018806071119,0.8828967771104032,0.0,1.0,0,25649
-0.4114118830985028,-0.03183174512878118,0.0,0.0,1,25650
-0.729967473851247,-0.30935183418170054,0.0,0.0,1,25654
0.42905524672476103,-0.7166609365321771,0.0,1.0,0,25659
1.8025361045712736,-0.6762763890521827,0.0,1.0,3,25671
1.2859994757492779,-0.4604159608154015,0.0,,0,25672
-1.9941797472593383,-0.24441140228272287,0.0,0.0,1,25676
-0.7513583287768504,0.0053772652204622726,0.0,0.0,1,25679
-1.085277252735561,1.974243917347557,0.0,0.0,1,25683
-0.5462559218883581,0.11398485137252572,0.0,,1,25684
0.21741911125633973,-1.2758759457349353,0.0,1.0,0,25685
0.3334109353472689,-1.6545957342466668,0.0,1.0,0,25690
1.2393244863958075,-0.03140872520968462,0.0,1.0,0,25695
-1.4593769696450822,-0.6701738613561464,0.0,1.0,1,25696
-1.8281211488700506,0.9665180435049523,0.0,,1,25704
2.5413955424971926,-0.3791524262967259,0.0,1.0,0,25705
0.793286073725994,3.454499713541334,0.0,0.0,3,25706
-0.17207599960771205,0.9215437521953804,0.0,0.0,1,25710
0.956349791081715,0.8415710038125087,0.0,0.0,3,25712
-2.13463797256056,-1.0065687355790987,0.0,0.0,1,25713
-0.5444616289474629,-0.027195353256706405,0.0,,1,25720
-0.7804296087967313,1.419124600447626,1.0,0.0,1,25723
-1.1351449028350709,0.48559166062167664,0.0,0.0,1,25724
1.4630868613841286,-0.30229479050286395,0.0,1.0,3,25725
0.08110481195400127,-0.1733728755695209,0.0,0.0,0,25727
-2.0767822503907007,-0.3208180566258428,0.0,0.0,1,25728
1.690867904003555,0.27625290764184085,0.0,1.0,0,25730
0.33799451038581874,2.1291107653835706,0.0,,3,25745
-1.6386197877396018,-1.5963026112146996,0.0,0.0,1,25748
3.1191098239035857,1.152919990619898,0.0,1.0,3,25756
1.2022909813348384,0.02836491472958385,0.0,1.0,0,25763
-1.3105851569142153,0.22121646982197402,0.0,,1,25764
2.3793714357434066,-0.9154806376546711,0.0,1.0,0,25767
1.5792490659140022,0.40234194350281394,0.0,1.0,3,25769
0.3556755937844887,1.3010032922992556,0.0,0.0,0,25771
2.5476654477832454,-0.29487286342033814,0.0,1.0,2,25778
-0.36881597883524636,1.2315579317611591,0.0,0.0,1,25780
-0.9999062359217316,-2.111851470552633,0.0,1.0,1,25785
2.7411141766024913,-0.29129998380090477,0.0,0.0,3,25791
-1.178210075629138,-0.7517893174152751,0.0,0.0,1,25799
2.792944663773908,3.024722873551213,0.0,0.0,3,25806
-1.208260502970477,2.1996094669167943,0.0,0.0,1,25809
-2.4382402992231746,-0.7414815074940561,0.0,0.0,1,25810
4.587027309803253,-1.2370604255133693,0.0,1.0,0,25813
0.44660593185140546,-1.280420247626679,0.0,1.0,0,25818
-1.368134087666192,1.4113176737956654,0.0,,1,25819
1.0464004022758036,-0.42904854181760294,0.0,1.0,0,25820
0.923030838541966,-0.2105990253565864,0.0,,0,25821
0.3444736315453844,0.09865781317450929,0.0,,0,25833
-0.7923327580417399,-0.9187427860657288,0.0,0.0,1,25837
0.45619408641642456,-0.99276464753397,0.0,1.0,0,25838
0.9378935118264573,-0.5423387234186413,0.0,0.0,0,25840
-1.7893945139408605,0.2427988121038893,0.0,,1,25843
1.48992851954097,-0.46728233287637794,0.0,1.0,0,25851
3.385079542511646,2.4160608111787245,0.0,1.0,3,25860
-1.7210738486440769,1.280873441407504,0.0,0.0,1,25866
-0.5629847476803503,0.016850489475861666,0.0,0.0,1,25867
-0.9625754299252891,0.48875389366549066,0.0,0.0,1,25868
0.5919467196078682,-1.0712656874967732,0.0,1.0,0,25869
0.15254686047642535,0.211177956176726,0.0,0.0,0,25871
0.5174507142173113,1.443169312648037,0.0,0.0,2,25873
-1.8348948731883319,0.1781972810666888,0.0,0.0,1,25877
-0.4497934179411632,0.7222858172608697,0.0,0.0,2,25880
-1.7704725121441405,0.549788976164657,0.0,,1,25886
1.786547046690803,-0.18081261327030712,0.0,1.0,3,25890
-2.0100107441726176,0.6724385710500548,0.0,0.0,1,25894
0.814485246240494,-0.9121383486187905,0.0,1.0,0,25895
-1.906140828623622,-1.3745285589423206,0.0,,1,25899
2.9476547837482014,2.3736759631147226,0.0,1.0,3,25902
1.6016819895912724,-0.05264614700796354,0.0,1.0,3,25904
-1.934845847410896,-0.8711676938600003,0.0,,1,25905
0.2271967158048635,-0.15151823389515826,0.0,1.0,0,25908
-1.0881471667567642,-0.29606908933434756,0.0,,1,25910
2.8161585158175733,0.8402199733307202,0.0,1.0,3,25912
-0.9489760480095328,1.0425747219378145,0.0,0.0,1,25914
0.37445978222612814,-0.884408564002322,0.0,1.0,0,25916
2.9983900544381985,1.248960445147529,0.0,0.0,3,25924
0.0763875752999298,-0.704116791370254,0.0,1.0,0,25928
-1.7261357327364453,0.4226324421549068,0.0,0.0,1,25934
-1.620634826069798,-1.7849717006877244,0.0,0.0,1,25936
-0.972245201887865,1.0053055090498306,0.0,0.0,1,25937
-0.6733846945326285,0.5634842249557853,0.0,0.0,1,25942
1.6377356192852461,-0.21716832407558342,0.0,1.0,0,25945
1.0652268059700427,-0.019934909966138493,0.0,1.0,0,25951
-1.4854157896593365,0.03187313653466435,0.0,,1,25952
1.3660923251911663,1.0883616881539708,0.0,0.0,0,25955
1.5220943638204123,0.45240788907343377,0.0,1.0,0,25960
4.4988816114016466,-0.5971022547802564,0.0,1.0,3,25963
1.3089842877557956,-0.5145183815255133,0.0,1.0,0,25967
1.9837946582713308,-0.4457467334666728,0.0,1.0,0,25969
-0.07257143043479013,3.595649657520169,0.0,0.0,3,25972
0.38587951285151134,-0.961329283560993,0.0,,2,25973
1.5517849455451793,-0.35828476685607674,0.0,1.0,0,25975
-1.4147272259637576,1.001709677139435,0.0,0.0,1,25977
-1.0763682375934165,1.5815648379021965,0.0,,1,25983
-0.3321651221139868,-2.1757320593571428,0.0,1.0,0,25987
-0.6363946588386458,-0.6032748544586806,0.0,,1,25993
2.0873351897996097,1.4452428270155624,0.0,0.0,3,26000
-0.8238427465996313,-0.3819057916644262,1.0,1.0,1,26002
1.5638825545551305,-1.4434459932046249,0.0,1.0,0,26004
-0.6973656266256271,-0.866599178810943,0.0,0.0,1,26012
2.4496395504825883,1.558494980034176,0.0,1.0,3,26018
1.840248061444608,-1.393767576123761,0.0,1.0,0,26019
0.4153843946264974,-1.2192005743081724,0.0,0.0,0,26020
2.083682947166016,-1.1516556804192768,0.0,1.0,0,26027
0.8175578028733456,1.0796262084429757,0.0,0.0,3,26029
-0.9617547660014044,0.967070443590762,0.0,,1,26033
4.177540226212496,-0.49623366009500713,0.0,1.0,3,26037
-0.08934049577921957,-1.687948273345282,0.0,,0,26041
-0.06427478273989079,-1.3626872517503683,0.0,1.0,0,26046
-1.3502125214974825,0.7664617216087088,0.0,0.0,1,26048
-0.23390404954340666,1.8269243424050783,0.0,0.0,1,26059
-2.6353570171430794,-0.4325114968776232,0.0,,1,26062
2.1497391301913917,-0.7657664479156547,0.0,1.0,0,26070
-0.3033275010745557,-0.06659315134911707,1.0,1.0,1,26072
-0.8708948907718981,2.204173337271139,0.0,0.0,1,26077
1.038267476383179,-0.6647131677554584,0.0,0.0,0,26082
-0.05376237795189816,1.2471814927715286,0.0,,1,26083
-0.20563050863417368,0.059823475313915006,0.0,0.0,1,26088
-1.8088898082782898,-1.9697445058286174,0.0,0.0,1,26090
1.3872469786275434,1.6777283064357438,0.0,1.0,0,26091
3.5239560936065453,1.6140349501452673,0.0,1.0,3,26093
-1.1253425209839278,0.4948583866670329,0.0,0.0,1,26096
-2.6273125534405066,0.21010756160267866,0.0,,1,26101
-0.6406829569028983,-0.2990397027946201,0.0,,1,26102
0.8917678908217014,-0.4976039476817029,0.0,,0,26106
-1.718068185012954,0.2420061159471188,0.0,0.0,2,26108
0.3096423173275639,2.2152897346261837,0.0,0.0,3,26109
0.0655729387285883,-1.361426395387883,0.0,1.0,0,26113
-0.43708689456151273,1.4395012503387066,0.0,1.0,2,26114
0.36619103518367857,2.9633325179666334,0.0,0.0,3,26124
1.7041560170426118,-0.38131401690904293,0.0,1.0,0,26126
-1.5562352226336231,0.0709256707285122,0.0,0.0,1,26130
1.4568811560102901,0.012487850813770546,0.0,1.0,0,26135
-0.7735377665922564,0.40113297153581357,0.0,0.0,1,26137
2.4642099786101483,1.9511435363575342,0.0,0.0,3,26141
0.29792082292849187,2.4914871305778648,0.0,0.0,3,26147
1.644087110597996,-0.8669328915018479,0.0,1.0,0,26150
0.4295881904805633,-0.6153769936609716,0.0,,0,26153
-0.5068113547040882,2.0158520831280877,0.0,0.0,2,26155
1.4707891338963581,0.22899092867794252,0.0,1.0,0,26157
2.2829746740792016,0.6761715224531777,0.0,0.0,3,26158
2.884360179886539,-1.0054465138278101,0.0,1.0,0,26159
1.386199526212808,-0.549865108114848,0.0,0.0,0,26164
-0.7325658046002868,2.4179620033472307,0.0,0.0,1,26165
0.38860297339537175,-1.0477654508919072,0.0,1.0,0,26167
0.8086252745458257,-0.8382734926121561,0.0,1.0,0,26172
0.1957367449306666,1.7015664888645219,0.0,0.0,1,26173
-0.3069076388682268,-1.4706748627065012,0.0,1.0,0,26178
-2.54345376850266,-0.6404009414021679,1.0,0.0,1,26179
-0.34781727973213217,0.11990307276632556,0.0,0.0,1,26180
0.7670738580681327,-1.0254839270233758,0.0,1.0,0,26182
-1.3042250502013049,-1.9136311036684772,0.0,,1,26190
0.4515437200595695,0.9529501956564299,0.0,0.0,0,26191
-2.1971367782507003,0.132140006624041,0.0,0.0,1,26197
1.9749469284135148,-0.38589116731019824,0.0,1.0,0,26203
-0.885587508777241,0.7728624777068092,0.0,0.0,1,26209
0.12643349211673152,0.6371260120354348,0.0,1.0,1,26214
0.06371103259158123,-0.29979463839784865,0.0,0.0,0,26215
1.8839969681946425,-1.103930948732161,0.0,1.0,0,26218
0.13731752321612853,-0.05781657599582003,0.0,1.0,0,26221
1.936787607715784,-0.09179683812515689,0.0,1.0,3,26223
-0.8587065945953333,0.792200308461213,0.0,0.0,1,26226
0.5577849506572023,0.012391223529681313,0.0,0.0,0,26228
-1.9674013949959885,0.5570671963623915,0.0,,1,26230
-1.0821255634557019,0.4609033731850143,0.0,0.0,1,26239
-1.9654856721836536,0.1764465955072369,0.0,,1,26242
2.7485252387389885,1.3188789369564407,0.0,0.0,3,26243
-0.5129103397857436,0.6318119615079372,0.0,0.0,1,26244
0.37078338455628945,-2.0888026829495363,0.0,,0,26248
0.7782602369077564,0.9842843190993976,0.0,0.0,3,26250
0.8411905403799107,0.23961644041775026,0.0,0.0,0,26253
-0.8146684147612668,0.6503995521492952,0.0,,1,26256
1.6171164980445718,-0.8691282534216882,0.0,1.0,0,26262
2.0297246954134085,-1.2548478814971382,0.0,,0,26263
0.4724774509647304,-1.491812409658731,0.0,1.0,0,26265
2.607109547614463,0.6638023325430793,0.0,1.0,3,26269
-0.4907791938134823,0.531508378014003,0.0,0.0,1,26272
-1.1740903290056703,0.6382211680747576,0.0,0.0,1,26275
1.1704180903042951,-0.4946499597592419,0.0,1.0,0,26277
0.5927661888044226,-0.7548903006587843,0.0,1.0,0,26279
1.0081977500453547,0.3374771660682898,0.0,1.0,0,26281
-1.8526315508462632,-0.33730906190352744,0.0,,1,26289
-1.1788963703200528,0.509255797750229,0.0,,1,26293
-0.37522993828071755,-0.5700252158150283,0.0,0.0,1,26303
1.1577454518388772,1.3204740570570963,0.0,1.0,3,26310
0.7725891808242867,-1.1616780723452016,0.0,1.0,0,26315
0.6189180173199533,-0.8146682196199805,0.0,1.0,0,26318
-1.121369055895385,-0.9970128136330614,0.0,0.0,1,26320
-2.225064370752617,0.2639967073299518,0.0,0.0,1,26323
-1.0173604270800167,1.18640994713734,0.0,0.0,1,26327
1.1694592628987794,-0.5633160741145312,0.0,1.0,0,26328
0.9689282715129115,-1.0979753156825167,0.0,0.0,0,26335
2.0930336411915613,1.1248095806426295,0.0,1.0,3,26337
1.4919438699445187,-1.4505820195509518,0.0,1.0,0,26342
0.32841810873740357,-0.8122332310773803,0.0,,0,26343
0.10125975417970794,-1.4250585928447457,0.0,1.0,0,26344
-0.11901641504786171,-1.1728005877781735,0.0,0.0,0,26347
1.0311884056428209,3.2713495008157785,0.0,1.0,3,26350
-0.39959727802249695,-0.7983869671437523,0.0,1.0,1,26359
-0.5499910967228532,0.2160861662012901,0.0,1.0,1,26363
0.1360824544293623,-1.084228888329985,0.0,0.0,0,26365
-2.1684105535358986,0.600460978660704,0.0,0.0,1,26368
-0.8214689705682584,0.31374290227511853,0.0,0.0,1,26376
0.4247886915828987,-1.4224053741530287,0.0,,0,26378
-0.4436216859599261,2.3551102073545294,0.0,0.0,1,26383
3.673444023448573,1.895935032206572,0.0,1.0,3,26387
-1.6610737177015706,-1.8299195960484818,0.0,0.0,1,26389
-2.042254618444382,0.33673769662235276,0.0,0.0,1,26399
-1.940795720255962,-0.6428395679078626,0.0,0.0,1,26403
1.9822172948663923,1.2001389548317956,0.0,1.0,3,26409
2.057123974653957,-1.281886665856512,0.0,1.0,0,26410
-0.12909120279182792,-2.0933854214001806,0.0,1.0,0,26412
0.14935363744212107,-0.5192189124576126,0.0,0.0,0,26413
-1.4027860094685594,-0.8004770473293179,0.0,,1,26419
0.8963761540032692,-0.7979286001669981,0.0,1.0,0,26429
0.6743865345026051,-0.22957021494183127,0.0,1.0,0,26431
-0.6496337266075759,-2.2394146446503562,0.0,0.0,0,26433
1.8008387920825903,-1.371647780358201,0.0,1.0,0,26435
0.5026901918976633,2.051206341479032,0.0,0.0,3,26437
-1.688525587377677,-0.27217988822067574,0.0,0.0,1,26442
-0.16543840434929294,-0.7630645925065237,0.0,0.0,0,26449
2.3310915173420192,0.31031494760479766,0.0,1.0,0,26450
-1.9523528532555838,0.6920778549417804,0.0,0.0,1,26461
-0.15562586774402673,2.2054390247941043,0.0,0.0,1,26463
-0.7413321541785864,0.25713259659387955,0.0,,1,26468
-1.7108544040327092,-0.39838556645157636,0.0,0.0,1,26471
1.11946446857234,1.169539168089542,0.0,1.0,0,26476
-0.802672258806344,0.5147589056610046,0.0,0.0,1,26478
2.1905813976216124,-1.6813071920172311,0.0,1.0,0,26482
-1.3263472386203001,0.31456018697401605,0.0,0.0,1,26488
-0.009713862391178345,-1.9648207611970623,0.0,0.0,0,26493
-0.5464868051578592,-0.28492145259867935,0.0,0.0,1,26500
-0.8982915187010045,-0.6117295410864235,0.0,0.0,1,26510
2.5255904559396267,-0.532636895972524,0.0,1.0,0,26513
-0.1290527825485557,-2.18432457282352,0.0,,0,26516
0.7017651021111975,0.09411886339453875,0.0,1.0,0,26517
0.9661011255509847,-0.05529042509820906,0.0,0.0,0,26521
-1.1284698703892972,0.5628583721758695,0.0,0.0,1,26523
-0.2050228388931431,-2.2467552512916757,0.0,1.0,0,26527
-0.6382874299438488,-0.321845640565081,0.0,0.0,1,26535
-2.1035619807587556,-0.13104026857298423,0.0,,1,26540
-0.29200763457144996,1.4919839802314603,0.0,0.0,3,26544
-1.2458110676948506,-1.0419974045574576,0.0,,1,26547
-0.9390419003259136,-0.5354349260280467,0.0,0.0,1,26552
-1.458570318337394,0.17126796414979753,0.0,0.0,1,26554
0.03658388338718711,-1.7082072829969588,0.0,1.0,0,26557
0.11032941116150839,0.3938000034978201,0.0,1.0,0,26568
-0.7719753105045155,1.5678581873590822,0.0,0.0,1,26570
-2.043688633697813,-1.2981335809818013,0.0,0.0,1,26575
-1.4492021970352598,-0.18276039390631887,0.0,0.0,1,26576
0.9405384529592321,-0.4731007455906074,0.0,1.0,0,26580
-0.7873515090489216,-0.7765615404079766,0.0,0.0,1,26583
-0.19948610724341906,0.4558139806220253,0.0,0.0,1,26585
1.9429116983311903,0.7773847648367587,0.0,1.0,3,26588
-1.4362907644521339,0.090873228239753,0.0,,1,26589
-0.34188598868802755,1.7146240781726234,0.0,0.0,3,26591
-1.9663045919007627,0.6079115457409909,1.0,0.0,1,26595
-1.342902559519137,-0.49882934589917205,1.0,0.0,1,26596
1.7364082407451045,0.544779505857832,0.0,1.0,3,26599
-0.7937612451329612,0.1973679478509681,1.0,0.0,1,26600
0.9109224608465376,-0.5113917063334749,0.0,1.0,0,26605
-0.08972283495310811,-0.7227942506519451,0.0,,0,26609
-0.7337896269977893,0.14451558233469336,0.0,0.0,1,26610
-2.1751779137428526,0.3712007534757211,1.0,,1,26622
-1.7579709115190827,-0.4052958694369778,0.0,0.0,1,26624
0.77694432278963,-2.3334743558412807,0.0,1.0,0,26625
-1.0867778582303778,1.137952862573676,0.0,0.0,1,26626
0.825012706792338,3.7155729407254348,0.0,0.0,2,26627
2.971960904497168,0.6708930954059658,0.0,0.0,3,26628
0.8665245127635425,1.5463292079329525,0.0,0.0,3,26631
-0.3784409583404606,-0.20860106602983988,0.0,0.0,2,26632
0.4046297372100524,-0.7659599144290433,0.0,1.0,0,26645
-1.8041238387201128,-0.370470324925438,0.0,0.0,1,26649
-1.7432899116365541,0.563077254728995,0.0,,1,26659
1.2022009656045367,-0.41789223258454106,0.0,1.0,2,26663
2.5306412577320794,0.06558931885544102,0.0,,0,26666
-0.2513694080718701,0.41940289263829683,0.0,,1,26678
0.022402942228518234,-0.32912641820541333,0.0,0.0,0,26680
0.14074226443663918,-1.1307398727679094,0.0,1.0,0,26681
-0.9206099759097179,-0.06177012816415116,0.0,0.0,1,26688
-0.800836383319851,0.6647553434162389,0.0,,1,26692
1.066734268216204,0.48229542424877797,0.0,0.0,3,26699
1.863336655413112,-2.704794361390037,0.0,,0,26700
-0.7806462406357528,-0.15219602269031704,0.0,0.0,1,26702
-1.7407737959293168,0.23946984304446156,0.0,0.0,2,26703
2.4349977011086295,-1.7463172547505847,0.0,1.0,0,26706
1.7029183741956995,0.31018508804115125,0.0,1.0,0,26707
1.2856956808996163,0.05017171516229585,0.0,1.0,2,26715
-0.8159739946393731,1.690634287574457,0.0,0.0,1,26725
-0.7017841279307705,-0.03550533915130342,0.0,0.0,1,26726
-1.4614141839177064,1.3956964215781267,0.0,1.0,1,26727
2.3312340314359847,-1.0535208658593418,0.0,,0,26730
0.3325335893024879,2.287385673087523,0.0,0.0,2,26737
1.7410088728175654,-1.3740278880905905,0.0,1.0,0,26742
-0.211236885678372,-0.6634121575565023,0.0,0.0,0,26744
0.17320197705720397,1.1193567892190437,0.0,0.0,3,26753
-0.1990904688015017,0.05450540014538976,0.0,0.0,1,26755
-2.769540925378005,-0.5774801368516096,0.0,,1,26756
-0.6517303239910007,0.1468105751662545,0.0,,1,26759
-0.10877252506398141,0.17618384037865503,0.0,,1,26766
-1.6999416983251274,1.0885816114663809,0.0,0.0,1,26775
-1.4317264800999165,-0.12568898218062954,0.0,0.0,1,26776
0.14527145173351727,-2.15418403515048,0.0,1.0,0,26782
2.1493142750380962,0.012967581155249123,0.0,1.0,3,26784
1.2694024031890696,-1.5591176679550647,0.0,,0,26787
-0.9872899242304143,-0.013911788273739591,0.0,0.0,1,26790
-0.49115124135577287,-1.4665713672110454,0.0,,1,26794
0.3182337403369467,0.1894041193874113,0.0,0.0,0,26798
-0.3552908569959335,-1.7170002644804228,0.0,0.0,0,26800
1.1553046977806254,-0.959682783940612,0.0,1.0,0,26802
0.8386455557474836,-0.3653761773991494,0.0,1.0,0,26806
-1.7287432089405077,1.0452380674644006,0.0,0.0,1,26807
-2.0789895513236725,-0.5885264536383197,0.0,0.0,1,26810
-1.011275737506772,1.7438007036288643,0.0,,1,26812
-0.2343871609612125,0.38938021858854266,0.0,0.0,1,26819
0.721184396449225,0.2711615259884242,0.0,1.0,2,26820
-0.9177546084152574,-0.3743375788705292,0.0,0.0,1,26824
4.586740065998213,0.062036988414315916,0.0,1.0,2,26826
1.7376853833465427,0.4156364530268267,0.0,1.0,2,26828
1.448171645963432,-0.279466844497536,0.0,1.0,0,26829
1.3667067348348816,0.41486249821504323,0.0,1.0,2,26832
-0.5687835359634306,-0.6529837159684396,0.0,0.0,1,26833
-0.7221451430775715,1.5749803453059616,0.0,0.0,1,26834
-2.078636480133494,0.6329883289966927,0.0,0.0,1,26835
1.3326652143572095,0.18168346219353068,0.0,1.0,2,26836
0.6404684534120805,-0.15962674436621002,0.0,0.0,3,26839
-1.0554334525096525,-0.6784309167529456,0.0,,1,26846
0.592262186456438,-0.7278799033016012,0.0,0.0,0,26848
0.390798594360395,-1.4378423191425942,0.0,,0,26849
-0.333995315460833,1.4559812224798439,0.0,,1,26851
0.5802385301357287,-0.9996123016499627,0.0,0.0,0,26853
-1.768986371303738,0.27446082451622417,0.0,0.0,1,26856
0.7049881135102001,-0.001876817873984362,0.0,1.0,0,26857
-3.5784667133682118,-1.4951962225420758,0.0,0.0,1,26860
0.11528209108941789,0.6186407552441261,0.0,0.0,0,26861
-1.7274525438935688,0.934394229287414,0.0,,1,26870
0.6075586397742541,3.1943102844104394,0.0,0.0,2,26874
0.43358113622521366,3.2655196529710415,0.0,,3,26877
0.16264165206218179,1.0700119778481987,0.0,0.0,0,26880
-1.4143566506853815,0.09290238480017222,0.0,,1,26883
-1.558934141107444,-0.09123076645713073,0.0,0.0,1,26886
-1.2092884874974106,1.3582077617861656,0.0,0.0,1,26891
-2.103740105289378,-0.19661505364970017,0.0,0.0,1,26905
-1.1935185901415077,0.5291287178198475,0.0,,1,26906
-1.1449693817313122,1.277142679202316,0.0,0.0,1,26921
-1.1544602691856785,0.07731758979946869,0.0,,1,26924
0.11151746678998739,0.15435451931872096,0.0,0.0,2,26925
-0.11468744363900565,-1.584646132045056,0.0,1.0,0,26926
0.82447412378198,1.893499804859196,0.0,1.0,2,26932
-0.9680472426528633,1.4997587156387195,0.0,0.0,1,26934
-0.47712338730775244,-0.45485008976959346,0.0,0.0,2,26936
2.6240278593854374,0.5938080114040081,0.0,1.0,3,26946
2.591770061135214,-1.525133029683097,0.0,1.0,0,26948
0.3908900963495749,-1.377528298737995,0.0,1.0,0,26950
-0.5609332396944241,-0.8942800258574726,0.0,1.0,0,26951
0.46149900201135363,-1.5870006817778999,0.0,,0,26952
0.34144324962022016,0.18296027979776666,0.0,1.0,2,26954
-0.9933375489177731,-0.8860217826642768,0.0,1.0,1,26955
0.6560215598096205,-1.9631076784579378,0.0,0.0,0,26966
1.0490774508764025,-0.4327807973904407,0.0,1.0,0,26968
-2.2230569508816704,0.00579514033532226,0.0,,1,26974
-1.0891353152896448,1.2784781717515974,0.0,0.0,1,26982
-0.4051867607122304,2.282847953305289,0.0,,2,26986
2.960692926700532,0.8220540282052945,0.0,0.0,3,26987
1.5546918199674198,3.328765947598116,0.0,0.0,3,26992
-0.8609561801518201,1.8111047900993222,0.0,0.0,1,26994
2.1070155910567308,-2.5656192015849806,0.0,,0,26995
-1.8894438636015265,1.420380775864481,0.0,,1,26999
-2.399114919241124,-1.6114017985180673,1.0,,1,27009
0.37319601913666184,-0.767070439410106,0.0,1.0,0,27012
0.6003308574644628,0.1652204094599093,0.0,0.0,0,27018
1.2609685745892825,0.8951132974508319,0.0,1.0,3,27024
-0.032020436650806026,-2.1224606667825054,0.0,1.0,0,27026
0.5401863980381781,0.7907999522735796,0.0,,0,27027
-0.6033854313416199,0.9010747726223188,0.0,0.0,1,27033
0.7948305101517651,-0.14377768992355297,0.0,1.0,0,27036
2.4571925450659218,0.2891738785349248,0.0,1.0,3,27038
0.4247380878620308,-0.9595192470747028,0.0,0.0,0,27040
1.0046844784592441,1.8786074731469908,0.0,1.0,3,27041
-2.643793928560859,-0.42816699087774707,0.0,0.0,1,27044
1.2312322991077307,0.09801851256827046,0.0,,0,27048
1.503514944330299,-2.40308040267822,0.0,0.0,0,27049
0.15341077275566314,1.6523954367782088,0.0,0.0,1,27050
-1.4429594878057128,0.5641915187275677,0.0,0.0,2,27055
3.62324688756248,2.447029959492783,0.0,1.0,3,27058
-1.7401094110742348,-0.9666445025333202,0.0,0.0,1,27066
0.4439591761324476,-1.170997381188235,0.0,,0,27068
0.6538351489974705,-0.6737822780769263,0.0,1.0,0,27069
0.14997158690031645,-0.3468918943376,0.0,1.0,0,27079
-1.4529332095108156,-0.4540075716110264,0.0,0.0,1,27080
2.136813681260911,-1.4800615394631427,0.0,,0,27084
-1.7049928381012287,0.6800780999045697,0.0,0.0,1,27102
-1.0161330521730756,0.19834495448647915,0.0,,1,27106
-0.5451112471329915,-0.8504850946342,0.0,0.0,1,27107
-0.08862500759499571,0.8362325072915827,0.0,,1,27109
-2.2015739512965764,0.2824569324404021,0.0,,2,27110
-2.033928543992139,-1.261047749765414,0.0,0.0,1,27119
0.9995417898792799,0.6967786475063933,0.0,1.0,0,27124
0.6814876444230888,-0.9723658126569544,0.0,1.0,0,27130
1.2982115307231963,0.448724989804235,0.0,,3,27131
2.14566308614487,1.3679076554347451,0.0,1.0,3,27132
-1.1940296996629352,1.2844475565904558,0.0,1.0,1,27149
2.2495310729942584,0.31999431098638687,0.0,1.0,3,27160
-1.0320747607900382,1.1239317189769207,0.0,,1,27167
-0.04113348876368576,2.0853653155095624,0.0,0.0,3,27178
-0.7183833014752237,0.07816369793273469,0.0,0.0,1,27180
-0.13233458024687111,-0.31367841429893933,0.0,,2,27181
-1.1652175512799512,0.7727720075501378,0.0,,1,27189
0.20319825403350217,2.542432189245964,0.0,1.0,3,27191
-1.6662397295909708,-0.11443286830350531,0.0,,1,27196
-0.6765070183047839,-0.2743034171440948,0.0,1.0,1,27198
-2.071964267228361,0.32521702528607843,0.0,0.0,1,27199
0.7067888846142002,-1.0484943214062807,0.0,0.0,0,27201
-2.404586812880812,-0.7559004777981085,0.0,0.0,1,27208
0.6454707293013888,-0.039064372353536304,0.0,1.0,0,27213
-1.477461056332649,-1.362374808315632,0.0,,1,27215
-1.1375104026925398,0.04960567982078964,0.0,0.0,1,27221
1.7738763791017396,0.7726525358712103,0.0,1.0,3,27230
0.16366499470631116,0.25772279941204607,0.0,0.0,1,27233
0.8321087157426881,1.330409980100005,0.0,0.0,3,27235
1.5263831883370675,0.80148679630985,0.0,,3,27237
0.6806853189017816,1.4333916161974858,0.0,0.0,3,27240
-3.0327909240266973,-1.5744851069855423,0.0,0.0,1,27244
-0.19141864394910385,-0.10766650469416207,0.0,0.0,1,27248
0.8659329569225815,-0.8282818460866872,0.0,1.0,0,27250
1.1168145184280895,-0.7046077333506368,0.0,0.0,0,27251
0.5681785683723756,-0.5775475497121649,0.0,,0,27253
-0.5139020256346432,1.7832331688307284,0.0,1.0,2,27254
-1.7710302190192055,-0.5857219584398778,0.0,0.0,1,27255
-1.3684701121275817,1.029427597997817,0.0,0.0,1,27263
2.3120602747941668,2.011442301187197,0.0,1.0,3,27266
0.18293002611795717,1.9797053368339248,0.0,0.0,3,27272
0.3353631956157018,-1.2839933301161837,0.0,1.0,0,27275
-1.6422371363831294,0.8365904744811052,0.0,,1,27280
0.4977263993970016,-0.7106088653415875,0.0,,0,27284
2.168497383322921,0.6760518152863849,0.0,0.0,3,27286
-1.187598405135175,0.713448733981928,0.0,0.0,1,27287
2.3014632313758323,-1.0360238933036134,0.0,,0,27295
0.7993491122860429,-0.8734117428248881,0.0,0.0,0,27296
0.005444866885883639,0.2512411636660421,0.0,0.0,0,27297
-2.0837690473795436,0.45023419491017963,0.0,0.0,1,27298
-1.3797804319137368,1.4244279575804772,0.0,0.0,1,27304
-0.8037302972829431,0.0593513549846076,0.0,0.0,1,27305
-1.042911943530871,0.8841962118920771,0.0,0.0,1,27310
-1.9955508420663268,-0.5782428183255715,0.0,0.0,1,27318
-0.12824995050635737,-0.2575593538741623,0.0,,1,27320
-1.0976682443992891,0.4583534503620496,0.0,,1,27321
0.2575747559468558,-0.9443112441674026,0.0,0.0,0,27322
-0.3480304497805674,1.6246527969408369,0.0,0.0,1,27329
0.6467290426753901,-1.2236202782366474,0.0,1.0,0,27343
-1.7753226678920861,-0.5608093594180462,0.0,0.0,1,27353
0.781194245928119,-0.4486997788703495,0.0,1.0,0,27354
0.746646439137807,-0.7368721771865934,0.0,0.0,0,27361
-2.250610749693879,-0.047559072756800595,0.0,0.0,1,27365
-1.7641945553445786,-0.36452777017248666,0.0,0.0,1,27367
2.092121511528449,2.1101161536940674,0.0,0.0,3,27368
0.11677166697306819,1.4965128011778768,0.0,,1,27370
-0.18985427285625564,2.677759216635054,1.0,0.0,2,27372
0.7728198786428337,2.459585336501031,0.0,0.0,3,27374
1.2642395837132572,1.2289013177766408,0.0,0.0,0,27376
1.4783565613848213,1.2330956097558912,0.0,1.0,2,27380
4.044942253673416,0.12279242953319358,0.0,1.0,3,27390
-2.0224256812994015,-0.1990170896584981,0.0,,1,27397
-0.3776791540518652,1.2674812271241611,0.0,,3,27400
1.8636890016883878,1.4250218567418604,0.0,1.0,3,27404
-2.2994963590950412,-0.11621948182836127,0.0,0.0,1,27407
1.0248959497870824,-0.6080761351112793,0.0,1.0,0,27408
-2.610016691716635,-0.7272700020096374,0.0,0.0,1,27412
0.5138861270599752,-0.7332963078898395,0.0,1.0,0,27415
-0.6471205760367116,-0.40350497826881737,0.0,0.0,1,27417
1.2970389259520978,0.6068090525329151,0.0,0.0,3,27427
2.0128842240445897,-1.647786793055116,0.0,1.0,0,27429
2.7917755287685586,1.3651839524994211,0.0,1.0,3,27430
1.0086382575760937,0.060388387815382825,0.0,0.0,0,27435
0.6718409323799204,-1.0991320257017847,0.0,1.0,0,27436
-1.38574794700641,-1.1310611481361699,0.0,0.0,1,27440
0.9847646781759054,-1.2600033441908967,0.0,1.0,0,27441
0.3112997603408567,1.5725641435421684,0.0,0.0,3,27444
0.3678541134665207,1.5392944492283351,0.0,0.0,3,27449
-2.2570027457319384,-0.015612486095144845,0.0,0.0,1,27450
0.15626780355894987,-0.7559625121968548,0.0,1.0,0,27451
-1.5563032035948188,1.8073364974786295,0.0,,1,27452
0.06934489630321448,-0.3213783060744193,0.0,1.0,0,27455
-0.6083310734031013,-0.7199929271272757,0.0,,1,27459
0.6160569247187265,2.3419287793879566,0.0,0.0,3,27460
-1.0762870520265775,0.9326135535297851,0.0,,1,27466
0.18820981976958137,2.3305730120244736,0.0,0.0,3,27475
1.023010986271219,-0.5122685765907448,0.0,,0,27478
-0.3694095334774886,-2.002172212520525,0.0,,0,27483
-1.2751551669784817,0.43727123678575064,0.0,0.0,1,27487
3.9046380020940026,3.2760183030165333,0.0,1.0,3,27494
-1.083405815836832,0.9476594705670792,0.0,0.0,1,27495
0.9606296494698895,-0.6163474736585931,0.0,1.0,0,27499
2.9494561984946626,1.5767138921403259,0.0,1.0,3,27503
3.5063532531994204,-3.8283303257826766,0.0,1.0,0,27506
-0.25371000222873386,0.06306204297230371,0.0,0.0,1,27509
0.8328517890474885,0.11671521501750327,0.0,1.0,0,27512
-0.4372174767403506,-1.3396410148951658,0.0,,1,27513
-1.5481822617022798,-1.2128292032634278,0.0,0.0,1,27521
-0.8395407432609348,-0.37826058009066743,0.0,0.0,1,27524
-0.1892655553975223,-1.4684745792510083,0.0,1.0,0,27525
-1.483391363756026,-0.24001384698279088,0.0,,1,27526
-1.5427397200111321,-0.8756913589721619,0.0,1.0,1,27528
-1.382249736153254,0.5770805651558288,0.0,0.0,1,27532
-2.0416431624744305,0.579542917230717,1.0,0.0,1,27538
1.0525180195213344,-0.46971059492060047,0.0,,0,27543
-2.1011563524810146,-0.16364974603729293,0.0,0.0,1,27549
-0.7937564345615458,-1.1691738311556772,0.0,0.0,1,27555
-1.3651004706011183,1.1002458764081038,0.0,0.0,1,27558
1.4381843245788484,2.570027415283239,0.0,0.0,3,27562
1.06134855668689,-0.9332523457656007,0.0,1.0,0,27565
-0.8152451820706862,0.03477428182465346,0.0,0.0,1,27568
0.329699150294475,0.22585403064942633,0.0,,0,27569
1.0177677115789692,1.873533910281761,0.0,0.0,2,27581
0.8227343557312884,-0.868226284471293,0.0,1.0,0,27584
-1.5652430318764685,-0.042685613932523916,0.0,0.0,1,27586
-0.34240644076322124,0.4405549368186846,0.0,1.0,1,27588
1.5118908673043785,-0.28057476192916897,0.0,1.0,0,27591
-1.5986994232760028,-1.8130971865496706,0.0,0.0,1,27595
1.7830746824697197,1.1707357129151952,0.0,1.0,0,27596
-1.4014578521392818,0.12667310843165647,0.0,0.0,1,27597
-2.4783874633593075,0.15935203133435114,0.0,0.0,2,27598
0.6759541759735727,0.8526707496689597,0.0,0.0,3,27603
0.4883684998346509,0.5740404052579992,0.0,0.0,3,27606
1.0073667999067337,-0.3896455365335619,0.0,1.0,0,27620
3.1773436241528827,-0.18377070681694868,0.0,1.0,3,27623
1.54448126794089,0.7401527618738958,0.0,,0,27625
-2.809778772655963,-1.293064091730902,0.0,,1,27628
0.769317879236045,-1.0057921137206651,0.0,1.0,0,27633
-1.9146249517355707,-0.27173532545227164,0.0,,1,27634
0.6177525048183791,-1.0451483305670821,0.0,0.0,0,27639
0.48510533866920974,1.4894554253739425,0.0,0.0,2,27640
-1.893047963288884,1.0871261096404101,0.0,0.0,2,27641
1.0744332161106709,0.06642631424811331,0.0,,3,27645
0.8715672525617334,0.4922039384054277,0.0,0.0,0,27648
-0.28506484517801606,-1.5590385146861179,0.0,0.0,0,27654
3.431849740770739,-3.6841690635941773,0.0,1.0,0,27656
-0.13927099058236003,0.39323088104760406,0.0,1.0,1,27664
-0.8569140500930017,-0.45026404060917247,1.0,,1,27665
1.535401839417377,0.2034788891788573,0.0,,0,27668
1.2121787172621203,0.06981661855670804,0.0,,0,27676
-1.9123439454089703,0.46514512694134863,1.0,,1,27678
-0.2830791256742281,2.076360624991136,0.0,0.0,1,27679
-0.676677693764023,1.3694721215803833,0.0,0.0,1,27684
-3.3527862400767616,-0.9477250400788566,0.0,0.0,1,27692
-2.115523996048359,0.12980096881342462,0.0,0.0,1,27694
0.4882890022575333,0.22410247569631575,0.0,1.0,0,27696
1.0944647876561262,-0.2328802749329724,0.0,1.0,0,27699
2.9609048667097717,-0.2893595718326888,0.0,1.0,0,27708
-1.7657711340521505,1.1751928543391685,0.0,,1,27709
-1.7331094465008166,-0.7457134056982212,0.0,0.0,1,27711
-0.8947162098948239,0.9254661869524891,0.0,0.0,1,27724
-2.724056676989759,-1.2111233190756028,0.0,,1,27727
0.6181704440390896,-0.6759968441239086,0.0,0.0,0,27729
3.0672436996490484,0.4899055460150857,0.0,1.0,3,27733
-0.041008495961844124,0.24755483079936616,0.0,0.0,1,27737
-2.5149504225244916,-1.1266256417662357,0.0,,1,27739
1.2993237983710997,0.8207073522684797,0.0,,3,27741
-1.5529292603554907,1.5781424429237088,0.0,0.0,1,27752
1.0105452918703217,-0.7382824784519109,0.0,,0,27755
-2.259977935718348,-0.5198040043384542,0.0,0.0,1,27759
1.9339212848103704,-1.8566046428809109,0.0,1.0,0,27761
1.6456410308916154,0.11238184679728608,0.0,1.0,3,27771
0.8832717766987952,-0.6833065215921694,0.0,1.0,0,27780
-2.5035859228296267,-1.0036091605021076,0.0,0.0,1,27783
1.024250543920168,0.28668690764299015,0.0,1.0,3,27789
1.3629990153878813,-0.44700413887756124,0.0,1.0,0,27795
-0.1688978374545149,1.5101136671511857,0.0,0.0,3,27796
0.9185484793505817,-0.6097534242579636,0.0,,0,27797
0.24268336627827392,-0.6893862866268246,0.0,1.0,2,27802
-1.0660001081195354,0.8832103713140352,0.0,0.0,1,27804
0.9953585408058968,0.995694916162809,0.0,1.0,2,27806
-0.7896458563855883,2.0388045754342365,0.0,,1,27807
-0.5345651503920122,0.23643775284774485,0.0,0.0,1,27808
1.659713510029275,-0.6662362568051315,0.0,1.0,0,27810
-0.1402850610287778,-1.3046516579145704,0.0,1.0,0,27813
-0.13780607029966552,1.3650574669469442,0.0,0.0,3,27817
0.41189093541667327,1.5851692556009778,0.0,1.0,3,27820
-0.2666658296267481,1.9868224156266976,0.0,,1,27821
-2.9747620590182926,-1.3283188280630385,0.0,0.0,1,27822
4.014408502186408,0.7717119435072066,0.0,1.0,3,27824
-2.353643858434915,-1.325382080377268,0.0,0.0,1,27830
0.17197965761287326,-1.3936111603310237,0.0,1.0,0,27833
-1.2466855199183628,0.8257590057891847,0.0,0.0,1,27834
1.3393645844218414,-1.5515012955582461,0.0,1.0,0,27837
-0.38877365449901247,-0.37294113251132116,0.0,0.0,1,27843
-1.6998200684116638,-0.459741822536651,0.0,,1,27847
1.6988029324288665,0.803550972822669,0.0,,0,27853
1.2513022485343068,0.6726055910525881,0.0,1.0,0,27855
-0.166411858858337,0.7629384660010209,0.0,,1,27861
0.8558869462865588,-0.8952306262174694,0.0,0.0,0,27862
1.1792705230233569,0.734483106126389,0.0,1.0,0,27863
-2.7337863143797394,-1.5028866335885123,0.0,,1,27864
2.2350770516624525,0.7632410446207906,0.0,0.0,3,27866
1.9012472699600833,1.602476545961171,0.0,1.0,3,27871
-1.1903221667291954,0.6271045080804463,0.0,0.0,1,27893
1.656758842958273,1.5719985164016226,0.0,,2,27895
-1.5540085034236777,-1.0322051294876489,0.0,0.0,1,27896
0.17132043300083444,0.14916568103620317,0.0,1.0,0,27900
-1.4936127605275649,1.0519191768929494,0.0,0.0,1,27902
-1.4383907235139437,-0.5739840563526234,0.0,0.0,1,27905
-1.8850654195770773,-2.059550000014193,1.0,0.0,1,27909
0.9344502136844,0.9665603621943497,0.0,1.0,3,27910
-1.8263689833627834,0.7577679429378656,0.0,,1,27914
-0.42765663766780243,0.028094871946108366,0.0,,1,27917
1.683147426970674,0.6450211270506543,0.0,1.0,3,27926
2.0979037431288194,-1.550959961430604,0.0,1.0,0,27933
-0.001266497850351928,-0.24480618525497375,0.0,,0,27934
1.4688705126000925,0.45270750143633437,0.0,1.0,0,27937
1.0251232892729247,-0.6912235468162164,0.0,1.0,0,27941
-1.1360050088885383,2.211600569831689,0.0,1.0,1,27945
-1.9308245799670547,0.15083173294917793,0.0,0.0,1,27950
4.182418786300162,1.616666614347836,0.0,1.0,3,27952
-0.9495345515598937,0.08933792669307157,0.0,0.0,1,27955
-0.4539582483209962,1.0260552804855219,0.0,,1,27956
0.2651698564044552,-2.202066223950801,0.0,1.0,0,27960
2.6897375484077526,-1.6742871794606073,0.0,1.0,0,27961
1.61586364889381,-1.0018433401159879,0.0,1.0,0,27974
-2.3369813316427357,-0.32692244159491757,0.0,,1,27978
0.8989726455113008,-0.8919357762476076,0.0,1.0,0,27986
2.98998470188312,0.9215963135573334,0.0,1.0,3,27988
-0.7416976746353908,-0.14823970105922263,0.0,,1,27998
1.8515410502274103,0.852659637860558,0.0,0.0,0,28005
-1.6024354892241843,0.5370326879537627,0.0,0.0,1,28011
-0.9416805289868938,0.8428870547100341,0.0,,1,28013
-0.023601997169625962,0.6522655858991778,1.0,,1,28015
1.3497234915325746,-1.2550856394040815,0.0,1.0,0,28019
2.2346239884777175,2.6488258049024807,0.0,0.0,3,28020
1.0635833263009986,-1.4942798263900074,0.0,1.0,0,28025
-1.4787300118182305,0.5090512903407032,0.0,,1,28029
1.5151740062149253,2.1270854422402503,0.0,,3,28030
-0.41518673170871745,1.1831404896186852,0.0,0.0,1,28034
0.10030782402295259,0.5608458301366623,0.0,0.0,0,28035
1.134043699813814,2.0943357676725776,0.0,0.0,3,28038
1.9036300554593688,-0.6367785287050055,0.0,1.0,3,28043
-1.40774701347552,0.29226090685974115,0.0,0.0,1,28046
2.4326556120882743,-1.9379804306135968,0.0,,0,28055
4.4163362151073775,-0.9868395135430956,0.0,1.0,2,28057
0.6218846485425368,-0.9611932131579003,0.0,1.0,0,28062
0.97494825305962,0.09761816957756117,0.0,1.0,0,28067
-1.0591013413655876,1.0267911228181645,0.0,,1,28074
-1.69168791131014,-0.2696136537504855,0.0,0.0,1,28075
-2.0021605310663424,-1.0340479485856777,0.0,0.0,1,28078
-1.3043459934962072,1.4996245247073687,0.0,0.0,1,28082
0.0695796214691403,0.6256184554758176,0.0,1.0,0,28090
-2.408675594851716,-0.4883236981667314,0.0,0.0,1,28092
-2.2712049246626407,-0.8392640388990581,0.0,0.0,1,28093
0.6221670330688048,-1.0543842277750406,0.0,0.0,0,28094
0.6781401796518837,-0.5743736538298233,0.0,0.0,0,28095
-0.420365189782211,-0.08273753197499474,0.0,0.0,1,28096
0.6448076859479456,1.3383724727285378,0.0,0.0,3,28099
-0.2682504049565788,-1.7704486485226096,0.0,0.0,0,28101
2.2149371823333333,-1.189206994915034,0.0,1.0,0,28105
-0.7207346100267297,-0.5041137121288923,0.0,0.0,1,28106
-2.257899625643122,0.48059009273042824,0.0,,1,28109
0.9975072742676118,-0.6626164848775989,0.0,1.0,0,28113
2.1120730423809,1.0909016364117847,0.0,1.0,0,28120
2.533424100733953,-0.47438015986048737,0.0,1.0,0,28121
1.689941342990626,-2.3942564829831587,0.0,1.0,0,28122
-2.0291439715666293,-0.6397873583669503,0.0,0.0,1,28124
0.713408017038697,-1.0129316349342254,0.0,1.0,0,28132
-1.8273757356036942,-0.5371599596339476,0.0,0.0,1,28135
-1.7046870420764928,-0.3070934021878347,0.0,,1,28143
-0.3001909157464259,-1.3790715720081776,0.0,0.0,2,28144
-0.6801871248171918,-0.0395678481748828,0.0,,1,28145
-1.6861281314897183,-1.7676219442130308,0.0,0.0,1,28148
2.226243775124263,1.2661999425203065,0.0,1.0,3,28151
-1.6248653361264422,-0.015084494557195842,0.0,0.0,1,28154
0.3991359718855951,-0.5880355556984679,0.0,1.0,0,28157
0.5751176416054888,-0.692883771926073,0.0,1.0,0,28160
0.8404110442872181,-1.186938165619361,0.0,1.0,0,28163
1.2273079886609437,-0.6107684260152708,0.0,1.0,0,28174
3.184434074838169,-0.7787479836379291,0.0,,3,28175
1.0765546114700943,-1.128441604395986,0.0,1.0,0,28181
-1.2433411219226815,0.5988314581184032,0.0,0.0,1,28190
-1.1674920664134334,0.6305645308909991,0.0,,1,28192
2.082372306814365,0.7519615372364783,0.0,1.0,3,28200
1.6151499872831059,2.448714758592575,0.0,0.0,3,28202
1.0439737164663199,0.3004387999081212,0.0,0.0,2,28217
0.6894760658077147,-0.7721943287371988,0.0,1.0,0,28229
-1.9244088485392148,1.1275380751383706,0.0,0.0,1,28230
1.0683717202750658,1.3615908297704395,0.0,0.0,2,28231
-0.8782315973396821,-2.805006286160971,0.0,1.0,0,28232
1.2353914046505625,-0.18268361901520905,0.0,1.0,0,28234
1.0353666481483659,2.927078843699444,0.0,0.0,3,28240
0.9054768388123398,-1.2266781649552714,0.0,,0,28245
2.749976706407576,2.531461773062705,0.0,1.0,3,28253
-0.5824233460077834,1.0860414017490179,0.0,0.0,1,28254
0.9825191451396782,-0.6274629694379273,0.0,1.0,0,28259
-0.513432974771049,-1.1221306928705,0.0,0.0,0,28262
-1.2212329015961567,-0.039219466399767575,0.0,0.0,1,28268
0.5187194589687855,-0.13841612131653055,0.0,1.0,0,28269
1.4467285328275337,-2.0201065205673676,0.0,,0,28281
-1.7893443816776609,-0.6064518910324506,0.0,0.0,1,28282
-0.9173939482102327,-1.1024019067181912,0.0,0.0,1,28284
-0.33528369115158574,0.3115921663931068,0.0,,1,28285
0.23940596644328646,-0.7049881718622175,0.0,1.0,0,28286
-0.744003645268952,1.7988007238682757,0.0,0.0,1,28290
1.15196315037132,-0.26067359963667863,0.0,1.0,2,28292
-0.16311941435080507,1.1226022413831573,0.0,0.0,1,28293
-0.9907989599371805,0.9077242994631595,0.0,0.0,2,28303
-0.015323211477672346,0.25193215870641494,0.0,0.0,0,28306
-1.6972799015647198,0.06203665940685753,0.0,0.0,1,28309
2.4912676048452473,-1.6229345700695965,0.0,1.0,2,28310
-0.9798309946653941,0.7140978745648919,0.0,,1,28311
-0.17745003851062255,-0.067855867448842,0.0,0.0,1,28316
0.7432630208289779,-2.661763118566916,0.0,1.0,0,28318
-0.21493840550954268,0.34489763734395973,0.0,,1,28319
-1.8224795186478788,-0.9556159946483905,0.0,0.0,1,28327
4.610607359650052,-2.016054715685887,0.0,1.0,0,28328
1.220086819083697,-0.9540910047982194,0.0,1.0,0,28340
1.2525795056845388,-0.2995258108712344,0.0,0.0,0,28345
0.007249922912710106,1.104373566218596,0.0,0.0,1,28347
0.1702657812774612,-2.2662204457460047,0.0,1.0,0,28348
-2.0843513596888936,-0.5511728404701473,0.0,0.0,1,28352
-1.8785386232091232,0.21398532291454633,0.0,0.0,1,28358
0.06991514618898839,-0.1256244797313313,0.0,1.0,0,28365
1.3906957798321669,0.18805158541513853,0.0,0.0,0,28366
-0.09430436450779701,0.27841454449226016,0.0,,1,28367
0.794189405011197,-1.0870884711726114,0.0,,0,28374
-1.8900892803783824,-0.9345169991741865,0.0,0.0,1,28379
-1.4045233818171534,0.4777325065683146,0.0,,2,28380
0.887439133778686,-1.8280268087048261,0.0,,0,28386
-1.0951489395153278,-1.3404172683535758,0.0,,1,28389
-1.4540641016779943,-0.22803913889152486,0.0,,1,28392
-2.3518990498845738,-0.8403020394723006,0.0,0.0,1,28395
1.2421345647501798,-1.192737473497647,0.0,1.0,0,28396
1.0935273825691543,-0.825425578053539,0.0,1.0,0,28398
-1.7015708229584998,-2.469072501394489,0.0,1.0,1,28406
0.7436903984149924,0.4854502138398137,0.0,1.0,0,28408
-1.746294508267511,-0.19217647323101042,0.0,,1,28410
-1.2200598975389962,1.5727419968527836,0.0,0.0,1,28411
-2.414676044853884,-1.1384573119037797,0.0,,1,28412
2.5599006888119935,0.8577557270027447,0.0,1.0,3,28413
2.0680092371211725,0.8145443617962072,0.0,1.0,3,28417
0.9249395136748287,-0.7752624904070226,0.0,,0,28419
1.6395427211420266,-0.02018443287959504,0.0,1.0,3,28423
0.02845416197252046,0.46203265787505615,0.0,,2,28427
-1.3019170752388494,0.531720164283692,0.0,,1,28429
-1.3957573868151338,-0.022433072368772015,0.0,0.0,1,28435
-1.2263836254834617,1.7634014748273736,0.0,,1,28444
-1.7414591036704972,0.23735553713844948,0.0,1.0,1,28447
2.5614417467970547,-0.5095746322746262,0.0,1.0,0,28449
-1.285434304143193,0.4709587402798823,0.0,0.0,1,28450
-1.5498603505555641,0.7731650065773668,0.0,0.0,1,28451
-1.1766704584376682,0.8867629510997312,0.0,,1,28471
-1.704243175709065,0.732267848803572,0.0,0.0,2,28472
0.509988466244645,-1.6696041028381052,0.0,,0,28481
-1.5012372025649672,1.0137506760330706,0.0,,1,28483
2.836098669207689,2.2953029024247082,0.0,1.0,3,28489
0.6268763342596931,-0.421292284904813,0.0,1.0,0,28490
-0.8358566729106442,-3.816778705948583,0.0,,0,28492
0.39442942034975464,-1.8160547520850083,0.0,1.0,0,28493
-0.6511848384500732,-1.020191322006697,0.0,0.0,1,28495
-1.7145416645077616,0.8029003108297115,0.0,,1,28499
0.4157231258552203,-1.5779654924566775,0.0,0.0,0,28500
-0.5494459315248255,1.6238380213760262,0.0,0.0,1,28503
-2.009914848374307,-1.051831634297793,0.0,1.0,1,28513
0.7983142269453087,-0.1425181583730326,0.0,1.0,0,28514
-0.6520198944357143,0.9582895651982744,0.0,0.0,1,28515
-0.536290223433859,-0.8745504478479705,0.0,0.0,1,28522
0.44759227497976106,-0.6540268195338562,0.0,0.0,0,28524
0.764895324747866,0.8851630587874189,0.0,0.0,0,28527
-2.6126504477622863,-0.16279637626180724,0.0,0.0,1,28530
-0.2156491057593207,-1.3174873962044928,0.0,0.0,0,28532
-0.8718274929183252,2.5706768443458166,0.0,0.0,2,28536
0.5630108279251548,2.474753936723759,0.0,1.0,3,28537
-0.9423689459348754,0.3745301744421737,0.0,,1,28541
-0.05330822458561674,1.5321442717163494,0.0,0.0,3,28543
-0.5345499459351304,3.24417854983717,0.0,0.0,1,28547
-0.7873963409495601,0.3647878240591873,0.0,0.0,1,28548
-0.2655741728001732,1.430573271293483,0.0,,3,28550
-1.2254672818932906,-1.1613105085142366,0.0,0.0,1,28552
-0.6728502737794686,1.922261880173781,0.0,0.0,1,28553
-0.501950988187502,-2.68210631161419,0.0,1.0,0,28555
-0.04139798987113,-0.5172660523805799,0.0,0.0,0,28562
-0.9896922520680634,-0.19482767347648958,0.0,0.0,1,28564
-0.1708032810442018,1.7010227825776645,0.0,0.0,3,28565
0.5548201846258909,-0.7299651458671702,0.0,1.0,0,28567
-0.9065629536531342,0.01311080464704474,0.0,0.0,1,28569
-0.9007339633061633,0.8344604881028139,0.0,,1,28575
0.868544182067784,1.5221309458832777,0.0,,3,28580
-0.8977766511104781,1.963998955471685,0.0,0.0,1,28581
1.0814062092853791,3.151527564632033,0.0,0.0,3,28583
0.8975401367569682,0.8922953216593033,0.0,,3,28589
0.7760693051110905,-0.6107604771519367,0.0,0.0,0,28601
0.02606577777440955,-0.23457350291404075,0.0,1.0,0,28606
0.4747464304202643,-0.5080939792085277,0.0,1.0,0,28608
-0.08068870110000372,2.0510035548535477,0.0,0.0,3,28612
1.3418328323079975,2.3858137659672294,1.0,0.0,3,28615
1.3241497112228502,0.20136741243849463,0.0,0.0,0,28616
-0.8671092938570766,-1.4485321684616916,0.0,0.0,0,28621
-0.7136236797820974,1.6544732246275287,0.0,,1,28627
0.15827712685353013,1.2735563201781954,0.0,,1,28633
-2.613629565096084,-0.45683058190293013,0.0,0.0,1,28643
0.5385262874254538,-0.4233738342147284,0.0,1.0,0,28644
0.8458609542757572,-0.801944998978488,0.0,1.0,0,28645
-2.2746698940088375,-0.5503646359865538,0.0,,1,28647
1.181864395013331,-0.04449764260102854,0.0,0.0,0,28649
-0.8965937647481422,1.3366258651400809,0.0,0.0,1,28653
1.7609236154975103,0.7080524258622843,0.0,1.0,3,28654
-2.2386479117388154,-0.6582411415949594,0.0,0.0,1,28655
1.1043114764178628,0.2971936817454814,0.0,1.0,0,28659
-1.6944394066965356,0.29435860896891347,0.0,0.0,1,28661
-1.8280636922173943,-0.8080647819826428,0.0,,1,28669
1.9450421438931855,-1.833177055901928,0.0,1.0,0,28677
-0.7912469955645511,0.11220111064702369,0.0,,1,28680
1.2088209219601358,-0.5918489601000727,0.0,,0,28686
-1.4572093848599732,0.5348761503108378,0.0,0.0,1,28689
-1.6772036748354502,1.3566822201707924,0.0,0.0,1,28700
0.33513993673205533,0.34798982511840487,0.0,0.0,0,28701
-0.7522173959639189,-0.40742721228620105,0.0,0.0,1,28704
-2.3363985975946453,-0.819391293647077,0.0,0.0,1,28706
-1.2671420122403678,-0.9868108942902655,0.0,,1,28708
3.8028578550252483,-1.4389592179471515,0.0,1.0,0,28720
1.6264351569641955,-1.6052496710164053,0.0,1.0,0,28722
1.2955629709852556,-0.529959905974635,0.0,1.0,0,28732
2.1025971179139304,0.6768929610490559,0.0,1.0,3,28741
1.2070728830779476,-0.213064248663755,0.0,1.0,0,28748
-0.915256811378298,-1.0333217336532958,0.0,0.0,1,28750
-0.4164483192184308,-0.4052923886561981,0.0,0.0,1,28751
3.741173152547611,1.0630253076494873,0.0,1.0,3,28752
0.7285961829983841,-0.9990994786013018,0.0,1.0,0,28755
-2.2136813923580223,0.2611168679501203,0.0,0.0,1,28756
-1.470575184439601,0.14530385431736687,0.0,0.0,1,28763
0.8265760002588628,-0.9315561507954492,0.0,1.0,0,28767
-0.9969092503158637,0.6524450277636399,0.0,0.0,1,28776
-0.9862046400293741,0.40339914403414906,0.0,,1,28780
-0.33319021264786264,-1.122069225398909,0.0,0.0,0,28782
0.6860090897721597,-1.078078874301974,0.0,1.0,0,28783
1.0648742643024205,0.08953909014763588,0.0,1.0,0,28784
-0.6403500922441722,1.8956616577473127,0.0,,1,28785
0.3263194218331831,-2.2079456234408292,0.0,0.0,0,28791
2.3389926554388545,-1.9498195278454518,0.0,1.0,0,28792
-2.67333054798411,-0.8600631587571956,0.0,0.0,2,28794
-0.19379994180796686,2.8647700042376156,0.0,,2,28798
-1.69911008628348,0.7895992567438054,0.0,0.0,1,28799
3.1862645573615165,0.738619581429962,0.0,1.0,3,28800
-1.8613572836963463,1.2634022180968663,0.0,,2,28806
-1.6286828158887798,0.1530635664673354,0.0,0.0,1,28807
0.4557675161166552,-0.8074739521116784,0.0,1.0,0,28814
1.8646411956584434,-1.152948159876656,0.0,,2,28819
-0.9990956305031328,-0.9703653019182442,0.0,0.0,1,28820
1.2911641542136092,-1.6840872988815399,0.0,1.0,0,28823
-1.5831390708199797,0.30116401691484956,0.0,1.0,1,28830
3.262966576689898,-1.1343430320046917,0.0,1.0,0,28831
-1.282428604124933,1.240145093114503,0.0,0.0,1,28836
-0.5921465919313851,-0.6987226018243015,0.0,1.0,1,28837
-0.12735798103055335,1.7789294616047104,0.0,0.0,3,28838
-0.8183839948159017,-0.5506609097333923,0.0,,1,28840
-0.41768448681564496,-0.032081084709970904,0.0,,1,28846
-0.011054315104832535,0.4873432754599523,0.0,1.0,1,28847
-0.12953002701608898,0.43945868456323345,0.0,,1,28854
1.450965915182334,-0.1585056203920506,0.0,1.0,3,28858
0.2759406495105011,0.18336815092815753,0.0,0.0,0,28863
0.9960678625508201,-0.190868190625559,0.0,1.0,0,28864
1.4459723097599722,-1.5123441656914243,0.0,1.0,0,28868
0.4587752339987313,0.7093194589565669,0.0,0.0,0,28875
-1.3800485389507848,-1.381883623215574,0.0,0.0,1,28876
2.5366629755940733,0.5491078416299231,0.0,1.0,3,28880
-1.7246954173061044,0.8110502284495071,0.0,0.0,2,28883
0.8735016114651976,-0.7811516055447592,0.0,0.0,0,28885
-2.179039389394602,0.7906013755369022,0.0,,1,28889
-0.42229496224970636,0.07508931773840173,0.0,1.0,1,28892
0.6716344427701535,-0.748624168964859,0.0,1.0,0,28897
1.0685263869772044,-0.02978992430457618,0.0,0.0,0,28900
1.157980363745782,-0.22175063410616663,0.0,0.0,0,28902
0.9756942781670206,-1.751709127309978,0.0,1.0,0,28904
0.8798949713685412,1.6100072820646851,0.0,0.0,3,28906
-1.9044357627896318,-0.8650027170442376,0.0,,1,28907
0.09675546255533903,-0.13238272324918887,0.0,0.0,0,28911
0.6589909103819764,2.662473193772089,0.0,0.0,2,28912
0.495396710689964,0.006934773666207858,0.0,1.0,0,28914
-1.1970498220152823,-1.892184349659894,0.0,1.0,1,28916
2.7610770813951566,-3.298920492626094,0.0,1.0,0,28919
-1.1493837513964063,-0.3563070223331281,0.0,1.0,2,28921
-1.0578298742576036,-1.1421016698201032,0.0,0.0,1,28922
-0.1579847451724894,-0.6308821740928965,0.0,,1,28934
-1.6178420840404786,0.8189456398337986,0.0,,1,28936
-2.0547123942870105,-1.1436139213435064,0.0,0.0,1,28937
-1.6884753184626793,0.609389012890984,0.0,0.0,1,28941
1.6069319220843448,-0.9883431236292763,0.0,1.0,0,28944
1.7283465565424967,-1.4901775525132428,0.0,1.0,0,28946
-0.9470978024582349,-0.5715701515312652,0.0,0.0,1,28947
-0.4971328285460315,-2.0627474616478096,0.0,0.0,0,28950
4.113099910758063,-0.6096928797429076,0.0,1.0,0,28951
-2.121642500374744,-0.4529358948135868,0.0,0.0,1,28952
0.3337668465211372,0.28776438530853965,0.0,1.0,0,28953
0.28937874653276746,-0.5012894173000643,0.0,,0,28957
-0.02554750777796553,-0.24953702639578898,0.0,0.0,0,28959
-1.864713901659011,-1.4268091811533938,0.0,,1,28961
0.7205236378256936,-0.7195810840291257,0.0,,0,28963
-1.728432910121339,-1.2416560207531535,0.0,0.0,1,28965
-1.1720816664778935,1.1650770881152654,0.0,0.0,1,28969
2.1572451425340873,2.502478423821834,0.0,,3,28978
1.3501647275968687,1.0604239653834815,0.0,1.0,0,28979
1.7852771081672332,0.1863434769786967,0.0,1.0,0,28980
-1.6510126631489574,-0.21539450512273478,0.0,0.0,1,28981
-1.4936245295183366,-1.4204021768151516,0.0,0.0,1,28983
-1.4036673847664454,0.9647957341249975,0.0,0.0,1,28984
-1.068749659833345,1.194361603915015,0.0,0.0,1,28987
2.4590086587151125,0.3844243683455177,0.0,1.0,3,28988
-1.8712736430482293,0.9042042456744573,0.0,0.0,2,29009
-1.1390798772945212,1.6604614081130913,0.0,0.0,1,29017
1.1008711163545508,-0.3373607528597037,0.0,1.0,0,29018
-0.00787636874275497,2.5357394933236086,0.0,0.0,1,29019
2.217419749037137,0.1940045407919341,0.0,1.0,3,29023
-1.0987875522927595,-0.7044005808006452,0.0,0.0,1,29024
-2.446782058190211,-1.042061418202143,0.0,,1,29028
-1.670156878735214,1.20174980007254,0.0,0.0,1,29039
0.6182355045394798,1.1058098086994081,0.0,0.0,3,29044
-1.123771921333662,-0.4157458264958594,0.0,0.0,1,29045
0.8344157748869734,1.4961477773037557,0.0,0.0,3,29053
-1.3737764751095234,-0.08099473944184926,0.0,1.0,1,29057
1.2624064217977244,1.2856793029606757,0.0,,0,29060
0.5567545763619998,1.1763738619765074,0.0,0.0,2,29067
-1.3017342590659735,-0.4184145303420257,0.0,,1,29070
0.9629201987977505,-0.5081946277638508,0.0,1.0,0,29071
-1.0789613476687883,-0.4121048708633974,0.0,0.0,1,29074
0.9218006697081027,-0.18983926953319571,0.0,1.0,0,29075
1.2814503142665032,-1.1757973701092241,0.0,1.0,0,29077
-1.8151894087688847,0.2613594767303742,0.0,0.0,1,29078
0.15288634042711513,-0.7229550342042629,0.0,1.0,0,29080
-0.060271727655894426,-2.124680285603001,0.0,,0,29082
-0.5480445838336814,-2.257319087461444,0.0,,2,29083
0.990110157972443,-0.10410408125421704,0.0,,0,29098
-2.096405262532965,0.27366830846992124,0.0,0.0,1,29104
-0.1449208755168654,0.3118737545456617,0.0,1.0,3,29108
-0.07702536623479761,1.6457773740124757,0.0,0.0,1,29111
0.6759186562189036,-0.30930942728908406,0.0,1.0,0,29114
-0.20575525748081022,0.3678435424250675,0.0,0.0,1,29115
-2.1651854775476305,-0.46375466088063316,0.0,0.0,1,29116
-0.5188960998939203,-0.5054912545596716,0.0,0.0,1,29127
-0.0799356817059656,-0.7420262348783141,0.0,,0,29129
-1.4980385267477405,-1.6804499533860497,0.0,0.0,1,29136
2.216641982516547,-0.22410659380143721,0.0,1.0,0,29141
1.3299867988664646,-0.22881753252060083,0.0,1.0,0,29147
-0.8924218051650484,-0.3535544592211768,0.0,0.0,1,29151
-1.4210051623376667,1.3373506536461464,0.0,0.0,1,29153
-1.5324532678549356,0.27326327457687977,1.0,0.0,1,29158
0.2872191378595053,-0.7923473475910482,0.0,,0,29159
-1.266554597900033,0.5431356501608358,0.0,0.0,1,29164
1.7056043652643262,-0.3105021910569296,0.0,1.0,0,29167
3.0637147898106982,2.4990316472993532,0.0,1.0,3,29169
-1.7071413240216602,-0.5772785432826503,0.0,0.0,1,29171
0.33485372187501056,-1.0230819503283743,0.0,0.0,0,29172
3.6998779988455146,4.489446978461943,0.0,0.0,3,29176
1.2456107833707606,4.336137022232438,0.0,0.0,3,29180
-1.4158157198549963,-0.4367559160300782,0.0,0.0,1,29184
-1.2462759611759864,0.4023722567015411,0.0,0.0,1,29193
1.0705176780079244,0.9697677432144849,0.0,1.0,0,29195
3.0531430408083473,-2.203486187027012,0.0,1.0,0,29201
-2.7399881150803105,-0.8037942129808373,0.0,0.0,1,29202
-0.7070646399519699,1.84122215350398,0.0,0.0,1,29206
-1.286215081108145,0.7444490560101255,0.0,0.0,1,29210
-3.053882803635283,-1.045965768810345,1.0,0.0,1,29211
-1.325558855694856,-1.899596157195124,0.0,1.0,1,29217
0.8657346527697336,-0.5028305206268092,0.0,1.0,0,29222
-1.1330855852658028,-1.519221843007035,0.0,0.0,1,29223
0.925457593579045,0.8658808981135028,0.0,0.0,0,29225
-0.7256385143858671,1.2819121462218521,0.0,,1,29229
-0.6882295446263139,-2.9697325326295836,0.0,,0,29232
-0.7128702646210948,-1.4321559327627076,0.0,1.0,0,29233
-0.8860271086429277,-0.11114110913301999,1.0,,1,29234
-0.8073753734908414,-0.29878551219539784,0.0,0.0,1,29239
1.1599664267983103,-0.6580971442570676,0.0,,0,29241
-1.690614656398318,-0.1955691084076749,0.0,0.0,1,29244
-1.9714482799881208,0.14971025154739123,0.0,,1,29248
-1.4761783386006704,0.1758055829551487,0.0,0.0,1,29250
0.1711094912526427,-0.025319059716222746,0.0,,0,29253
1.9114372096882375,1.4520974927129637,0.0,,3,29254
-1.5588229208816713,0.36701925699812193,0.0,,1,29256
1.0090839332994253,0.6157635116125709,0.0,1.0,0,29260
-1.2463925498951662,0.4326870295844104,0.0,0.0,1,29276
-0.5834466410253332,0.15397948699537245,0.0,1.0,1,29280
-1.6187956850121632,-0.4193724800792281,0.0,0.0,1,29284
0.6373640463034477,-1.4184423912251058,0.0,,0,29286
-0.6022619745589007,-1.0630834985628603,0.0,0.0,1,29288
-0.6446641013722614,1.427949433376046,0.0,0.0,1,29294
-0.7969186290892709,0.6945046557611696,0.0,0.0,1,29297
-2.456072006727949,-0.3764053509284378,0.0,0.0,1,29303
1.3226827905782519,2.3119802317412894,0.0,0.0,3,29311
-1.1738761166073926,-0.1754927183980338,0.0,0.0,1,29314
1.7764938457384558,-2.3424905314547395,0.0,1.0,0,29323
-2.337005247727601,-1.4647989307140243,0.0,0.0,1,29329
-1.7510921476790249,0.7607800613917995,0.0,0.0,1,29331
2.0553140834586103,-1.1642508535444318,0.0,1.0,0,29339
-0.8284921235872394,-0.8283652918172305,0.0,0.0,1,29345
1.505913230969334,1.1466226948590814,0.0,0.0,3,29346
-1.470705226231605,0.28299762052530264,0.0,0.0,1,29349
-1.403754269096039,0.4088269439739991,0.0,,1,29353
-0.36928311171116,0.4174310500597484,0.0,,1,29355
-1.8158570950036623,-0.550870459438702,1.0,,1,29358
-1.5682345344057558,-0.6498726908158899,0.0,,1,29359
-1.5615870620099352,-0.06751953590472405,0.0,0.0,1,29364
-0.9962425180793144,-1.8134575013006458,0.0,1.0,1,29365
0.030375780416953446,-1.5000641957098093,0.0,0.0,0,29371
-2.8356474326479613,-0.27049744551554333,0.0,0.0,1,29374
0.08958130603585275,0.31005487709842056,0.0,1.0,0,29375
-0.23454987088731039,-1.0344769511687832,0.0,1.0,0,29377
1.975763271084829,0.6360281038567323,0.0,1.0,3,29378
0.6307403929533032,-0.37979012043856003,0.0,,0,29386
0.06016495046109173,-0.5972710475539788,0.0,1.0,1,29390
-1.4362788105906266,0.06041742106147192,0.0,,1,29391
-2.3121616349423966,-0.2549495603808716,0.0,,1,29401
0.5784566777842349,-1.0305514942397058,0.0,0.0,0,29402
-1.4826165352332608,0.8048094096773076,0.0,0.0,1,29409
-0.6090899174617789,0.5407255650429064,0.0,0.0,1,29414
-1.4104502692541347,0.5240680267160478,0.0,0.0,1,29421
-0.10992410502347742,1.7822446930409062,0.0,0.0,1,29426
3.454957160572545,2.0281083678323166,0.0,0.0,3,29431
0.39397790467469007,-1.7469209895052698,0.0,1.0,0,29434
1.0018871301951406,-0.1675791934927459,0.0,1.0,0,29436
-0.36220088808227807,1.2691684929873426,0.0,0.0,1,29438
0.7421673969629611,-0.3498563051505484,0.0,1.0,0,29444
-1.709540265368731,0.09627940506177278,0.0,0.0,1,29445
-1.1835947266158162,0.6411484188178961,0.0,,1,29447
0.27657019566163943,-0.03352336300752688,0.0,0.0,0,29450
1.1835382260464395,-1.5528612534913764,0.0,1.0,0,29455
-1.9365430747905394,1.3377891000281878,0.0,,1,29460
0.1401255437115546,-1.8120919662513437,0.0,,2,29463
-1.6901353881884025,0.8169413328080787,0.0,0.0,1,29468
-0.6792074863918649,1.370816844461008,0.0,0.0,1,29470
-2.371428831839418,0.837888437662293,0.0,,1,29473
0.8899259723410001,-0.7141049624939352,0.0,1.0,0,29474
-0.6011829804111545,-0.2781517866080506,0.0,0.0,1,29482
0.5923432616903723,0.5666702523013384,0.0,0.0,2,29483
-0.528584553343002,0.7126383837185881,0.0,0.0,1,29485
-0.6870276654599263,3.086936795391284,0.0,0.0,1,29492
-1.6546913628752467,1.0669184884997618,1.0,0.0,1,29496
0.29493778775770196,0.7849679483906968,0.0,,0,29505
3.6648475413605084,-0.8191747024219146,0.0,1.0,0,29508
-0.3187800022460654,1.2050419698251271,0.0,0.0,1,29509
4.365206550901804,0.33382948753065506,0.0,1.0,3,29532
0.7578338653378804,0.05894968480964519,0.0,,0,29533
1.6131580750213457,-0.37550427856692015,0.0,,0,29536
2.1361011190058425,-1.8250371382725366,0.0,,0,29538
-1.8152096356932734,0.8391556201515539,0.0,0.0,1,29541
-0.3744398169065159,2.9284857528909396,0.0,0.0,1,29545
-1.3275764033595738,1.8888317036681268,0.0,,1,29548
-0.337498449035318,0.6753739682514077,0.0,0.0,1,29554
-2.781575489522021,-0.16070397006660875,1.0,0.0,1,29557
0.8532570102376846,-0.7289895971960928,0.0,,0,29559
0.08243547331252242,-0.3238894274976833,0.0,1.0,0,29569
-1.8387684826410486,0.40176463576021404,1.0,,1,29572
-0.15801184555935158,1.1152377300142016,0.0,0.0,1,29573
1.146015030705607,0.2519186256676582,0.0,1.0,0,29586
0.5162441134894256,-1.0830053119297605,0.0,0.0,0,29587
0.7785466494608456,0.4590232870639941,0.0,1.0,2,29589
0.30575356666194575,-1.561053940143885,0.0,,0,29594
-1.9530761527525988,0.9773724402666804,0.0,,1,29609
-1.6900480296796334,0.9311769451155658,0.0,0.0,1,29610
-1.9226480297297033,1.0125995289696492,0.0,0.0,1,29614
0.8673732236533064,-1.3773466944026989,0.0,,0,29628
-2.118021778813653,0.17815179603988718,0.0,0.0,2,29629
-3.0145710078102446,-1.5996041037950182,0.0,0.0,1,29630
-2.160279607645443,-0.340922383231684,1.0,,1,29632
1.9922274321043125,1.1694857520485615,0.0,1.0,3,29633
-2.392865192289813,-0.14763423851059748,0.0,,1,29638
2.6007452146874437,1.1898019169477523,0.0,1.0,3,29639
-1.2328390982621862,1.66737502455427,0.0,0.0,1,29646
-0.10171546831494895,-0.7461828921447111,0.0,1.0,0,29648
0.7915245124049118,-2.2437458954094818,0.0,1.0,0,29655
-1.6947066944654758,-0.49800334876862085,0.0,0.0,1,29656
-1.705168517244093,-0.7380920442603897,0.0,0.0,2,29667
1.5025490825602035,1.0774702107869503,0.0,1.0,3,29677
0.17267546774440748,-1.6073715269246345,0.0,1.0,0,29680
3.7145230001778966,0.8303892625430597,0.0,1.0,3,29681
-1.4042251941989201,0.2875914019372631,0.0,,1,29682
0.37455420307629667,-0.5914314247322158,0.0,1.0,0,29683
0.469044212889015,-0.9175708880950896,0.0,0.0,0,29684
0.009245786946336843,-1.6764330758283412,0.0,1.0,0,29690
0.5132001019928165,-2.446834877813456,0.0,,0,29701
2.039142678363559,1.0674220437743356,0.0,1.0,3,29704
-2.472066723301746,-0.21296191902955863,0.0,0.0,1,29710
-2.703516365403231,-0.06590115059165541,1.0,,1,29712
-1.3603887319060626,1.0911063069973712,0.0,0.0,1,29723
-1.172240576151997,0.9750778319201105,0.0,0.0,1,29724
0.8786884053321227,-0.6927497853405529,0.0,0.0,0,29726
1.5512113426651184,0.265250024388459,0.0,1.0,3,29734
4.16557651727,1.7946355553216649,0.0,1.0,3,29737
-0.6930056580364614,2.2198535265563804,0.0,,1,29742
0.32230809362296825,-0.45690706161868083,0.0,0.0,0,29746
-1.35773738678324,-1.5719484853387888,0.0,0.0,1,29757
0.4428100182075677,-0.4297513233015108,0.0,,0,29766
-0.17208980826456222,-1.6217128563905403,0.0,1.0,0,29776
-2.6884957327768735,-1.6072523845261733,0.0,0.0,1,29779
-1.8909753372355125,1.1614342808185076,0.0,0.0,1,29783
-0.027383697968792697,0.310400136699818,0.0,1.0,0,29786
-1.0032414732933288,-0.6019623327496365,0.0,0.0,1,29787
2.057250933918156,-1.5627516039544782,0.0,1.0,0,29792
2.2115172355245876,1.756401859145029,0.0,1.0,3,29794
1.1173978543896446,-2.9111738989175744,0.0,,0,29804
0.9786176124700942,-1.026225112731636,0.0,1.0,0,29808
-2.7786822753877307,-1.3133024119832866,0.0,0.0,1,29814
-0.06614099502328304,-1.2681574718350135,0.0,,0,29817
-0.2045209735314719,0.8959933950269777,0.0,0.0,1,29822
2.4665532756302104,-5.109929138345181,0.0,,0,29824
4.493219832060145,1.9430734067403914,0.0,1.0,3,29826
-1.9570479862836172,-0.38428168536519725,0.0,0.0,2,29827
-0.6468628707990806,-0.7737107261747691,0.0,0.0,1,29829
0.11208290690964362,-1.4366454246036315,0.0,,0,29831
1.5975167876780303,0.8464618850919583,0.0,1.0,3,29833
0.18302869882583833,1.0847347869801722,0.0,0.0,2,29834
1.4526398295398204,2.527613629457376,0.0,,3,29837
-0.8781741933683294,-0.0441321072964737,0.0,0.0,1,29841
2.1458636435679517,-0.07997133366233405,0.0,1.0,3,29847
1.9432876571251052,-2.996083794995556,0.0,,0,29849
0.6358911028794895,-1.2098924495820336,0.0,1.0,0,29850
-0.0492814602093952,1.4030642200788301,0.0,0.0,1,29854
0.3614771428116973,2.780529963167828,0.0,0.0,3,29861
-1.1223028829844046,-0.8038085843671743,0.0,0.0,1,29863
-0.35984526208869944,-0.4267487249900632,0.0,0.0,0,29869
1.0653133713949297,-0.3250651384147352,0.0,,0,29877
-0.8798106538908823,0.32296949001767195,0.0,0.0,1,29879
1.7184791283448684,0.7481832647881019,0.0,0.0,3,29885
-1.8800732519446903,0.6527675857718453,0.0,0.0,1,29886
1.4417112991122885,-0.7304920236252094,0.0,1.0,0,29888
-0.5923541460486885,2.1512762853385263,0.0,0.0,2,29892
0.7033055528785355,-0.10501743531411671,0.0,,0,29893
0.5989616102849734,-0.2512194408388485,0.0,,0,29897
-1.3087993496282437,0.3487479408065807,0.0,0.0,1,29898
0.6847056607226024,0.1429892749858965,0.0,,0,29905
0.09933789045820401,1.7110023360623126,0.0,0.0,3,29907
4.741182679701394,-2.1094822289369493,0.0,1.0,0,29909
0.2829802402587089,-1.2803017798267244,0.0,,0,29910
0.6973611703496534,-0.7038373030347712,0.0,,0,29919
3.0269546385367017,-2.9939126608528417,0.0,1.0,0,29920
1.9407717253749561,-1.3955807870335657,0.0,1.0,0,29921
2.161181971108456,0.2217655787072571,0.0,1.0,3,29923
0.04754788438503336,0.7795993704875097,0.0,0.0,0,29927
0.2581150899147587,-2.101629152657561,0.0,,0,29929
1.1357849692799395,-1.0350647628281922,0.0,1.0,0,29937
0.3373356672498081,-0.05395937978779574,0.0,1.0,0,29940
1.065323989225259,-0.6136637713055862,0.0,1.0,0,29941
0.6786907276581128,-0.3731549210830755,0.0,,0,29953
-1.4048154814907032,0.19951377252302674,0.0,0.0,1,29957
0.12835953332877115,-0.7167418058880697,0.0,0.0,0,29964
0.7322151718400814,-0.17588886340294105,0.0,1.0,0,29967
0.3520897853450273,1.258264581133578,0.0,0.0,2,29968
1.6614040615795476,-0.6913102966548258,0.0,1.0,3,29970
3.5492618443966113,1.8287158881031278,0.0,1.0,3,29971
1.953616280301914,-0.2536481782477287,0.0,1.0,0,29981
-0.925074421499064,0.43203423080464937,0.0,0.0,1,29983
-0.8928356760038774,1.2279676828639663,0.0,1.0,1,29984
-0.006569470926674892,-0.12957459319832113,0.0,0.0,2,29987
-1.7542964915264034,0.7991659609631514,0.0,0.0,1,29988
0.01702134008990067,-1.344833127873654,0.0,,0,29991
-1.248375122354737,0.1120291009502028,0.0,0.0,1,30006
-1.6401873872835244,0.27555649889742423,0.0,,1,30007
0.1290407470966342,3.2459796103606497,0.0,0.0,3,30012
0.10461972942169823,0.25934608875112425,0.0,1.0,1,30014
-0.29493448749157297,-0.7182106312162748,0.0,1.0,1,30018
0.7188679489767859,-0.4226128859554043,0.0,1.0,0,30023
0.31946374076591993,-0.7646841250625683,0.0,0.0,0,30033
-1.1525605326184531,0.6608168666732904,0.0,,1,30036
1.2176037811276976,-0.013051298867640547,0.0,0.0,0,30038
1.8486794264888888,-1.2590134742093904,0.0,1.0,0,30049
-1.028106015371321,-1.9012644712214108,0.0,0.0,1,30050
0.731736440798157,1.5064369683670995,0.0,1.0,3,30053
-1.34218599397202,1.401302389359037,0.0,0.0,1,30055
-0.9622631896878379,0.9444735862672682,0.0,0.0,1,30060
2.0057116627932055,-1.540609302751363,0.0,1.0,0,30061
0.35434766827745356,0.35087314908352324,0.0,,0,30065
0.9468182334889774,-0.5763562530216373,0.0,1.0,0,30067
0.6040864301942763,-0.3289142996151068,0.0,1.0,0,30070
-2.2386952353266483,-0.545925738730084,0.0,,1,30074
0.9099821153938623,3.222144403746938,0.0,0.0,3,30077
0.004037478865880036,-2.4645307368282423,0.0,1.0,0,30080
-2.255233973857342,-0.913605438045097,0.0,0.0,1,30085
-0.2857915636025033,-0.8221622225560963,0.0,1.0,1,30091
-0.48346773349440353,2.279886832926748,0.0,0.0,1,30097
-0.02318836410952228,-0.7131595005590148,0.0,,0,30101
-2.066859046153018,-0.984180988147816,0.0,0.0,1,30103
0.8696725918773897,-1.1748486234870952,0.0,,0,30107
-1.1474987191207628,0.7807591641127777,0.0,0.0,1,30108
1.542458570415623,-0.6644088611951465,0.0,,0,30111
2.3669287437313358,0.19033633077545437,0.0,1.0,2,30115
-1.469296679130924,0.21820349918684764,0.0,0.0,1,30122
2.535195161184625,1.3139730185551963,0.0,1.0,3,30123
-1.9737729103622879,-0.11532054084605446,1.0,,1,30128
0.8413561904841094,-1.212363526906627,0.0,1.0,0,30130
1.0443938977690266,0.6711248859255025,0.0,0.0,3,30131
-2.327573893981805,-0.2655610020745843,0.0,0.0,1,30134
1.7206263907656267,1.3051642386351985,0.0,1.0,3,30135
0.5499957056136326,-1.0889957804868713,0.0,,0,30137
2.6242204889530996,0.7796251399770485,0.0,1.0,3,30139
0.8568380228186818,-0.7790880699325978,0.0,1.0,0,30140
0.650491031467976,-1.0020468150960589,0.0,1.0,0,30145
0.4093007307096905,1.1242671143877154,0.0,,2,30146
-1.6972830477216208,0.9414446331295533,0.0,,1,30148
1.073711154581994,0.042501530354023265,0.0,1.0,0,30153
1.478459676239545,-0.04021920026632774,0.0,1.0,3,30157
-1.3756373551358534,-1.460706172137765,1.0,,1,30158
-1.8916408152070854,0.1734639210725485,1.0,0.0,1,30159
1.64672578918402,-0.9645185282415344,0.0,0.0,0,30164
-0.01214388790289306,-1.6668280908364956,0.0,1.0,0,30168
3.8820962214445816,3.0606592898396308,0.0,0.0,3,30169
0.30284600838198245,0.6805450002650649,0.0,,0,30173
-0.8863454262773034,-1.3519834030602065,1.0,0.0,1,30174
0.9034495213481051,3.097927027963848,0.0,,3,30175
-0.544198655696387,-0.8621361534676849,0.0,0.0,0,30178
2.37344786204121,1.0372280406276038,0.0,1.0,3,30179
-1.1570873443920153,-0.5194510697359676,0.0,,1,30184
1.2665724798218245,0.6525188549072489,0.0,1.0,0,30185
-0.18703067846514174,-0.2442929672473119,0.0,1.0,0,30187
-0.9683500286597716,-0.5722898768519351,0.0,0.0,1,30189
-2.2102171646443414,0.06942523726202848,0.0,,1,30200
-0.7107426249990758,-0.4889257632358237,0.0,0.0,1,30206
-1.7564704535285258,0.8726571971661907,0.0,0.0,1,30214
2.725463100210636,1.1536826719098807,0.0,1.0,3,30223
-1.3650824677064186,0.37663937224121546,0.0,0.0,1,30224
0.024200104688989067,-0.3153586987515876,0.0,0.0,0,30227
0.8608035679812104,2.874107414252551,0.0,0.0,3,30228
-0.14319736052626578,2.3963769212234403,0.0,0.0,3,30231
-1.0220259876654019,-0.7366132319643987,0.0,0.0,1,30232
2.7295437900628436,0.771821436072262,0.0,1.0,3,30233
-2.1267340398593952,-0.679949829539512,0.0,1.0,1,30235
1.5429956294647755,-0.010349194138625034,0.0,1.0,0,30240
-2.596311315605086,-1.5027726594918427,0.0,0.0,1,30243
0.14859423306584438,-1.0715068531185346,0.0,0.0,0,30248
-1.7790128990673975,-1.1663096801011796,0.0,0.0,1,30263
-0.059216280161764105,-0.13308791439181922,0.0,0.0,0,30265
-0.29434977332744783,0.23766028907248618,0.0,0.0,1,30270
-1.9698527358510363,0.1050244385946064,0.0,,1,30271
-1.1292988078160469,-0.22503187396011354,1.0,,1,30285
1.7453444725420602,1.0316828551582957,0.0,1.0,2,30291
-2.4935971682606675,-1.0380419397477294,0.0,0.0,1,30294
2.052442224703501,-1.863943257242698,0.0,1.0,0,30304
0.8385133560761031,-0.7805294315016523,0.0,,0,30308
0.2064160496858247,2.5713773421738932,0.0,0.0,3,30310
-0.8127773868369427,1.2419092827309741,0.0,0.0,1,30311
2.9381212554698064,-0.6891404730183105,0.0,1.0,0,30312
-0.1348817409248918,1.6205845144676012,0.0,0.0,1,30313
-1.2042443733087211,1.8084437877115356,0.0,,1,30314
-1.4498705386928714,0.17689447336587324,0.0,,1,30316
0.14647583304179673,1.1468847421479984,0.0,0.0,3,30317
1.61079388180945,1.463328801900509,0.0,1.0,3,30319
1.0560703575626835,0.25168304494752664,0.0,1.0,0,30324
0.7237073505234936,-1.0375784941278694,0.0,1.0,0,30333
2.3917247486418494,-0.5030462172773029,0.0,1.0,2,30336
-2.059207187234752,-0.510260863847073,0.0,0.0,1,30337
-0.04322877573715631,2.5458063143593512,0.0,0.0,3,30339
-1.0580547085344303,1.0099654670700409,0.0,0.0,1,30341
-2.092666648328606,-0.23127082722018016,1.0,0.0,1,30348
2.2286809506581453,-1.8932608108974878,0.0,1.0,0,30351
-1.0656797821570492,0.873881999392175,0.0,0.0,2,30356
0.9644481021508438,-1.1815629504152205,0.0,,0,30358
-1.7617785825276981,0.27556434151831516,0.0,0.0,1,30364
-1.2291859656607627,0.238077460033171,0.0,0.0,1,30366
2.910630994424202,-0.7296755335106304,0.0,1.0,0,30367
-0.25567640779197465,2.0758218982484045,0.0,,3,30373
1.6739741602761988,-3.040737959987454,0.0,,0,30375
-1.075624815599113,0.49220842555111616,0.0,0.0,1,30377
0.09601265155892086,-0.29278326270917776,0.0,0.0,3,30378
1.0336147855659643,0.13937697220600853,0.0,1.0,3,30396
-0.35986782707853315,-1.4379081386839678,0.0,0.0,0,30401
0.19276195779356337,-1.327443475931606,0.0,1.0,0,30413
2.9358823208274254,0.9544515435700823,0.0,1.0,3,30414
-0.19512743731626492,1.3250149574748153,0.0,0.0,1,30420
1.6773223619740303,0.7064939990075514,0.0,1.0,0,30421
1.9692256416541276,1.9760791039095305,0.0,1.0,2,30427
-2.0221753860732927,-0.25044102717412303,1.0,0.0,1,30429
3.526904421363057,-0.11046760939127902,0.0,1.0,3,30432
1.3941934900199526,-0.0710176653870623,0.0,1.0,0,30438
0.3689843863534316,-1.0730794509373844,0.0,1.0,0,30440
-0.45901911100098847,1.4610245997204931,0.0,0.0,1,30443
0.38423853647664846,-1.9487937454362523,0.0,1.0,0,30446
0.21056642646855175,1.0221461176233935,0.0,0.0,0,30447
-0.2965670398723008,1.9562625910117992,0.0,0.0,1,30449
-0.8167690990587408,-0.6695664425651559,0.0,,1,30454
1.5014293124998968,0.08625904463565211,0.0,0.0,0,30457
0.3760595309246273,-1.0980139393286492,0.0,1.0,0,30458
-1.2074428894653861,2.1299231274850063,0.0,1.0,1,30461
3.0293218220904152,-2.6517218312002075,0.0,1.0,0,30465
-1.2173287451878387,-0.6120095624745326,0.0,0.0,1,30467
-0.8738647898631722,1.2996858724424243,0.0,0.0,1,30471
-2.870799058322005,-1.5549523854392282,0.0,0.0,1,30473
-1.5712969161329955,0.9588635149202037,0.0,0.0,1,30475
1.2462664102878536,-0.7899793089904456,0.0,1.0,0,30478
-1.7821456809592067,1.4098760357550961,0.0,,1,30479
-1.684344662596015,-0.4400626249592179,0.0,0.0,1,30486
-0.7684100141032832,0.7886765274048244,0.0,,1,30488
2.445176826241585,-1.858406484943208,0.0,1.0,0,30491
-2.0467045126642884,-0.5636226468283257,0.0,0.0,1,30492
3.5455935546813033,0.5663210713348377,0.0,1.0,3,30500
1.2419349864154876,1.1220752196013368,0.0,,0,30501
1.4651062240558663,-1.5543852079945717,0.0,1.0,0,30504
-0.8686496617538744,2.1016869699404728,0.0,0.0,1,30508
-0.3709732562563681,-0.5755617951875874,0.0,1.0,1,30510
-0.04180010574817504,0.7773601010024054,0.0,,1,30512
0.6396734948293992,-0.8018378709448738,0.0,1.0,0,30522
-1.3855287995068775,1.4081215987665483,0.0,,1,30529
4.509476302578714,-2.9566357121959754,0.0,1.0,0,30535
1.153900798394032,-0.559597595409821,0.0,1.0,0,30538
-1.6438034408094588,1.5214170069533752,0.0,0.0,2,30543
-1.8943053452033183,0.044236406452069214,0.0,0.0,1,30546
0.4067086950702861,1.82246054090924,0.0,,2,30549
1.3098909382952368,0.2051861399432665,0.0,1.0,0,30559
-0.4732034422410917,-0.46511540790992717,0.0,0.0,1,30564
-1.5939360570978836,1.1807308271100005,0.0,,1,30570
0.667530586201544,-1.1521427627863645,0.0,1.0,0,30574
-1.0048488141027014,1.0749260039573838,0.0,0.0,1,30579
0.20965146098249152,0.9971390532078324,1.0,1.0,2,30585
0.1618169199870125,0.47877016691200985,0.0,0.0,3,30619
-2.081980297518241,-0.5055785148533362,0.0,0.0,1,30627
2.0580524852828415,0.8897890910883149,0.0,,2,30628
0.7276561772880674,0.9461196521205146,0.0,0.0,0,30630
2.386757917113898,-0.05898135681921115,0.0,1.0,3,30631
-1.5678223330668155,0.6206770404823526,0.0,0.0,1,30638
0.1775097282936425,-1.2341869966258878,0.0,1.0,0,30639
1.80931402517379,-0.060169245818538844,0.0,1.0,3,30650
1.676282371455631,0.8582220901835105,0.0,1.0,3,30656
0.910030996169864,0.15429957267614547,0.0,,0,30658
1.473925498024906,-2.0553961638731995,0.0,1.0,0,30664
-0.29144245838354293,1.146157914282418,0.0,0.0,3,30667
0.7622378692900086,2.1648875356466446,0.0,0.0,2,30668
-1.4199067086502752,0.2173921933949195,0.0,0.0,1,30669
-2.030049478085466,0.7120169027334233,0.0,,1,30679
4.278040028927588,-0.27620512087604354,0.0,1.0,3,30682
-1.69460699193632,-0.04245298616768616,1.0,0.0,1,30685
-0.8836194936357765,0.7618156942760599,0.0,0.0,1,30686
-1.5638342529730342,-0.8599187817729015,0.0,0.0,1,30693
1.2549516454956045,1.772194343328943,0.0,,3,30694
2.2400666377822636,0.5760232055486777,0.0,0.0,3,30696
3.354434493246992,-0.9157238245652247,0.0,1.0,0,30705
-0.12955356455230535,-0.16019366114414493,0.0,,1,30707
-1.3918797103174554,-0.43288402047687985,0.0,,1,30708
1.8341386968628577,0.18240664246101645,0.0,,0,30720
-2.7349985816867433,-1.4419679348192107,0.0,0.0,1,30723
-0.21221198480885195,3.6810132333884162,0.0,,3,30724
-1.5488735640839557,-0.07773974187476841,0.0,0.0,1,30728
-1.5285881621637032,0.20579958526686518,0.0,0.0,1,30733
-1.0713775936285252,0.12014302181074744,0.0,0.0,1,30734
-1.6596677597593368,0.12172109823342764,0.0,0.0,2,30736
0.9651733193781425,-0.4658058226579048,0.0,,0,30743
2.625143708684007,0.6940780327500199,0.0,1.0,3,30744
-2.0960289048161527,0.49355324238626147,0.0,,1,30747
1.5533054807158087,2.698635901206827,0.0,1.0,3,30753
-2.0273374631008814,-0.39035742372443555,0.0,0.0,1,30768
0.005368032795948842,3.645367434162784,0.0,0.0,3,30769
1.481564939296754,0.312746180119424,0.0,,0,30770
-0.9431381173636634,0.5295194076662225,0.0,0.0,1,30773
0.42239035230329774,1.3570676000294324,0.0,0.0,0,30774
2.9405697945081553,-0.9626238234471752,0.0,1.0,0,30777
-0.297845812670103,-1.6734053999483718,0.0,1.0,0,30779
2.9389589951295263,-1.216437814732109,0.0,,0,30783
-1.2725244898956598,-0.7358372577054445,0.0,,1,30787
1.2462153607267565,-0.8425566783314491,0.0,1.0,0,30790
0.5419261505902652,1.6168705927527134,0.0,0.0,0,30792
0.12460272277782576,-0.5368779135385648,0.0,0.0,0,30796
1.0976483644946062,-2.5322507347172643,0.0,1.0,0,30799
-0.6941218914240642,0.04592806819802321,0.0,0.0,1,30803
0.2202866280842532,1.5533042831594552,0.0,0.0,3,30804
-0.5284484641300865,3.1296517054037,0.0,0.0,1,30805
1.4695097325305708,-0.15796824365359266,0.0,1.0,2,30806
0.8136032774385795,-0.11414376547693013,0.0,1.0,0,30812
1.3139488923445215,0.09205355215069996,0.0,1.0,0,30817
1.7285496985429953,0.15417333265551417,0.0,1.0,0,30824
-1.2010043944457898,0.2979933122307137,0.0,0.0,1,30828
-1.6915028867538764,0.9394541492114925,0.0,0.0,2,30841
-1.3573813401034318,-0.6644215952018261,1.0,,1,30842
2.009335106849439,1.0447499288866202,0.0,1.0,3,30843
0.800826580870337,0.6038825618147982,0.0,0.0,3,30846
0.15581945048352305,-1.9263075750966412,0.0,1.0,0,30849
0.7484048464592942,2.0713863691642764,0.0,0.0,0,30853
-1.9348166448163047,-0.23482252675247153,0.0,0.0,1,30854
0.1372547919737428,0.7792672665533656,0.0,0.0,0,30859
0.017168205894841363,-0.3938138702300818,0.0,1.0,0,30860
-1.278650581434294,0.19745785404071273,0.0,,1,30861
0.03581107439244974,0.5476736507557847,0.0,,1,30874
-0.42455697789453856,-0.732449248119152,0.0,0.0,1,30877
-0.16583370396305025,-1.030190994808458,0.0,1.0,0,30878
-1.193933573884587,-0.4770920287903981,0.0,0.0,1,30886
1.9126951128328726,0.1908945926841571,0.0,1.0,0,30895
0.2646623546027742,0.8455681819822797,0.0,0.0,0,30896
-1.8825936586865293,1.162587837696265,0.0,0.0,1,30903
-1.954974474085546,-1.4782309761484342,0.0,0.0,1,30904
-2.30270516905072,-0.6924025741626637,0.0,0.0,1,30910
-1.989981369635237,-0.9076447133613222,0.0,0.0,1,30911
-1.3148897263362105,0.3654702029339126,0.0,0.0,1,30912
0.7155891224454922,0.17413888202474,0.0,0.0,0,30914
1.86165924019405,0.0818182941182973,0.0,1.0,3,30918
-1.7930048167837354,0.4913551904926113,0.0,0.0,1,30922
-1.9310658439018022,-0.5132504006747701,0.0,0.0,1,30925
1.3531325060713038,0.6634574955198099,0.0,1.0,0,30939
-1.1699480860984375,1.8880814764842484,0.0,0.0,1,30945
3.253205557279549,1.2441965056809732,0.0,1.0,3,30956
-0.3060407042834472,2.4588888122120443,0.0,0.0,3,30959
3.171784551505933,-2.46562669544676,0.0,1.0,0,30968
0.15143922441426752,-0.6107767251096572,0.0,0.0,2,30972
-1.6138364496354818,0.821731760734961,0.0,,1,30998
-0.5822301803378277,1.3988103682502346,0.0,0.0,1,30999
-0.7996117909328724,1.7946531158829446,0.0,0.0,2,31002
-0.6900818944305711,0.5050659544056068,0.0,0.0,1,31005
-1.0745081413492792,-1.069955954593933,0.0,0.0,1,31007
-1.7016151599003857,0.045649235718899145,0.0,0.0,1,31008
2.794604768642049,-0.9113378310764845,0.0,1.0,0,31018
-1.9759684585806057,1.0596947810513462,0.0,,1,31023
1.2777782900392312,-0.0662728300253879,0.0,0.0,0,31029
-1.4932385321682242,0.8245139324999922,0.0,0.0,1,31035
-1.0719713824613561,0.12868586271095697,0.0,0.0,1,31036
1.0816750881961619,-0.243137904182265,0.0,1.0,0,31037
-0.5303026208529157,1.0039919248685998,0.0,,1,31041
1.6820721158410248,0.6083116232956347,0.0,0.0,3,31044
1.7908770863218382,0.6587610824135012,0.0,1.0,2,31045
0.15328852645357854,0.07157415139107587,0.0,,0,31051
0.572188008955369,-0.39719132388710576,0.0,,0,31052
1.6119461862072422,0.612253444620183,0.0,1.0,0,31053
0.6038911120647464,1.446343068086744,0.0,,3,31058
-2.4524758698331626,-0.8300710620951134,0.0,0.0,1,31064
-0.6121691733338831,0.4644364898353683,0.0,0.0,1,31072
-0.10257147843614588,-0.1891852930895503,0.0,0.0,1,31074
-1.92686998633197,-0.7174059567116783,0.0,0.0,1,31075
-2.7011259976102284,-0.5154094963551235,0.0,,1,31083
-0.4105299010212287,-2.0087524536760286,0.0,0.0,0,31088
1.0826710990995045,-0.1935288624072271,0.0,0.0,0,31093
0.3435918801667865,-2.0745861861924406,0.0,1.0,0,31097
-1.6438482438267252,-0.7696371793121461,1.0,,1,31100
-0.5119473431166494,1.346926518079857,0.0,0.0,1,31106
-1.0081174916211049,1.7571417911682286,0.0,,1,31111
-1.5298333805545121,0.7609910068606008,0.0,,1,31112
-0.6261620477770111,1.5429593263114527,0.0,1.0,1,31116
-1.7327640532714232,0.6517463726047265,0.0,0.0,1,31120
0.7415171565769889,-0.06508479648849642,0.0,,0,31131
-2.133058667925186,0.6994223270134502,0.0,,1,31133
-0.9302617420351599,1.2360631252428904,0.0,,1,31134
0.04033338344762833,-0.04291011740012231,0.0,0.0,0,31135
-1.8732644600807034,-0.08878718619517373,0.0,0.0,1,31136
-1.7266643388237923,0.1899963382388312,0.0,0.0,1,31139
-1.9881953412033178,0.32201137675418573,0.0,0.0,1,31140
-1.1352272102348386,1.8102880584102068,0.0,0.0,1,31144
-2.173368348579891,0.4253139942731785,0.0,1.0,1,31149
2.7496179018972415,1.5731416591272276,0.0,1.0,3,31153
-2.0800347547103377,-1.2523860794164916,0.0,,1,31156
2.180446498807769,1.4372718549647234,0.0,1.0,3,31159
-0.25662853769300326,0.6499300052494584,0.0,0.0,1,31160
1.267563367612458,0.9015406476724908,0.0,1.0,3,31162
1.3301046295161412,-0.14648837356370734,0.0,0.0,0,31163
-2.5671365868721736,0.08840139240333929,0.0,0.0,1,31179
-1.7624916758594742,-0.011882326496859493,0.0,0.0,1,31180
0.5555149891305827,1.9024247562362224,0.0,,3,31182
-0.9347520723966872,-0.023239832352692478,0.0,1.0,1,31184
2.069330166576523,0.6815902972545401,0.0,0.0,3,31189
-2.0829799253978734,-0.8797743174896253,0.0,,1,31191
-1.8880518064629892,0.31770313198994715,0.0,0.0,1,31196
-1.8408714533728663,0.01559502977271349,0.0,0.0,1,31198
-1.9561824082691257,0.952130091203601,0.0,0.0,1,31199
0.2934680982959345,1.9783329794676727,0.0,0.0,3,31202
-0.6797436580690581,-0.5006589341538076,0.0,0.0,1,31207
-1.3467408483304653,0.5108231709585999,0.0,0.0,1,31208
2.591970995453296,-2.254165375889628,0.0,1.0,0,31209
0.613061866159845,-0.8963457175344373,0.0,1.0,0,31210
1.5202061872521357,-2.5122803880307503,0.0,1.0,0,31212
-1.8490003684205536,1.1606117087691192,0.0,0.0,1,31214
-1.682940123677798,0.11207524507458616,0.0,,1,31219
0.7320454942991349,-1.6955910909925407,0.0,1.0,0,31224
3.051578330503162,1.2119220837121785,0.0,1.0,3,31225
0.8299080290560173,0.7983344428884072,0.0,1.0,0,31230
0.507171947641881,-1.0618794946694436,0.0,0.0,0,31237
-0.4203918611463269,1.8575541299003833,0.0,0.0,1,31238
-1.7658527289894712,-1.123498672374574,0.0,0.0,1,31246
-1.5371658687027407,-1.360743676186867,0.0,0.0,1,31249
-0.19241601300649108,-0.3204343191027445,0.0,0.0,1,31250
0.452349863518977,-1.3742925331549816,0.0,1.0,0,31261
-2.0007756975281814,-0.7333154733450615,1.0,0.0,1,31262
0.5445998982882726,0.6919341424336257,0.0,0.0,3,31268
-0.2812571023860902,-0.1288768429506385,0.0,0.0,1,31271
1.4409380981448068,0.48718018501081145,0.0,1.0,0,31272
-1.6506690737379748,-0.641178258916489,0.0,0.0,2,31273
0.8064587340942956,-0.9903488540318371,0.0,0.0,0,31275
0.3100553626293998,0.8901793221272994,0.0,0.0,3,31280
-0.9103346572280611,0.7590938993679931,0.0,0.0,1,31281
0.8728113160176978,-0.856313612512576,0.0,1.0,0,31283
2.762309643898899,0.7216755620325188,0.0,0.0,3,31284
-0.27520313757053577,-1.8202404747692549,0.0,1.0,0,31285
-0.948503756952477,-0.856952460450888,0.0,0.0,1,31287
0.6554446326800737,-0.9834511223087434,0.0,1.0,0,31289
-1.105496384387123,-0.8094480648956601,0.0,0.0,1,31293
0.08375365117428803,-0.2478487295316101,0.0,,0,31299
-0.6392460465547688,-0.21770047280373897,0.0,0.0,1,31300
-1.2931745779445507,0.48915639054740295,0.0,0.0,1,31307
2.3262749273994445,1.0753332581788886,0.0,1.0,3,31308
0.3251487441175971,1.434242425142972,0.0,0.0,1,31313
-1.2166730191965247,-1.1579958439098466,0.0,0.0,1,31318
-1.1636607158641847,0.9286802586912555,0.0,0.0,1,31320
2.9477382574950948,1.7878883686965763,0.0,,3,31323
1.100059958462474,-0.6543423073126746,0.0,1.0,0,31329
0.7196708661823351,-0.4553327250042099,0.0,1.0,0,31340
1.299057954414219,-0.17860784402475424,0.0,1.0,0,31341
1.1801888961116958,0.2316871923401303,0.0,0.0,0,31345
-0.6386945494243351,-0.04804973947617721,0.0,0.0,1,31350
0.856647136814487,1.6559823486378134,0.0,0.0,0,31353
1.0680259362001707,2.1428047143449778,0.0,0.0,3,31358
1.5066653852461462,-1.560980332944361,0.0,1.0,0,31359
-1.740034338607199,-0.22724282139915003,0.0,0.0,1,31360
-0.579885827423578,2.23445878522622,0.0,0.0,1,31361
1.6216071120672184,0.5464672268027534,0.0,0.0,0,31373
1.0977226745229824,-1.14753168369619,0.0,1.0,3,31379
-0.4487709801002183,-0.31977898518227904,0.0,0.0,1,31383
-1.2566712625650254,1.5178375128449593,0.0,,2,31389
1.0215926167303266,2.6131287089165887,0.0,0.0,3,31392
2.5097880164249236,-2.424148029565893,0.0,1.0,0,31394
-1.1836904738482634,0.2843102012107399,0.0,,1,31400
0.39333600726745993,-0.5551564531580258,0.0,0.0,0,31405
-1.3775508480347085,1.5583345300559504,0.0,0.0,1,31408
-1.879419064432269,-0.495657748421419,0.0,0.0,1,31412
-0.1741513087019188,1.4202846549173869,0.0,0.0,1,31414
1.2386118401204638,-2.1045390834619613,0.0,1.0,0,31415
-0.9542855995489016,0.3720742585078012,0.0,0.0,2,31417
-1.3052889858710923,0.636012691093274,0.0,0.0,1,31418
-0.5622666436049384,-0.14056637738368102,0.0,0.0,1,31419
0.8580468067198365,0.2703091000242699,0.0,0.0,0,31422
-1.215134179302975,-0.13881410403729313,0.0,,1,31426
2.0391516078363776,0.7002202994819134,0.0,1.0,3,31433
2.7548378110364995,1.2742787333886363,0.0,0.0,3,31440
-0.4507773355663531,-0.41029796637753646,0.0,,1,31445
-0.5581430800066571,0.6748177116078043,0.0,0.0,1,31446
-3.0167414948190365,-1.0449747254821138,0.0,,1,31449
-1.6381914059468898,1.4139635608038599,0.0,0.0,2,31451
2.0905334782434326,0.41936892465944414,0.0,,3,31453
2.2229982923199287,-0.32499036371084705,0.0,1.0,3,31454
0.18915095392691406,-1.3932557045285086,0.0,0.0,0,31463
1.0462208292181965,-1.3054652455340536,0.0,1.0,0,31464
0.5448123041522724,0.6496903931436967,0.0,1.0,0,31465
-0.1403650672624621,-0.7445277439029301,0.0,1.0,0,31466
1.2058156620688454,0.7951046189161176,0.0,0.0,3,31470
-1.2492472163013209,0.7303821204845106,0.0,0.0,1,31473
-0.5555970303637743,-0.34721299656168275,0.0,0.0,2,31483
1.775109716098471,1.0752105128127447,0.0,1.0,3,31489
-1.5320160043560749,0.46062962883418795,0.0,,1,31491
-1.9759294791430275,0.6157574052452907,0.0,,1,31496
0.15334629736055663,-0.20925358709533184,0.0,0.0,0,31497
-0.6854844989934166,0.22106768523681086,0.0,0.0,1,31499
-0.7091331138985516,0.686827233853931,0.0,0.0,1,31502
0.8916918440696289,-0.009813045101883324,0.0,1.0,0,31507
0.1755866574620742,-1.0608754493299526,0.0,1.0,0,31512
-0.8876868454543806,0.6160950123239562,0.0,0.0,1,31517
1.1648518959800838,-1.0066721120222708,0.0,,0,31520
-1.8335370443561168,0.22456322035058573,1.0,,1,31523
0.5761716905631811,-1.5620563275994532,0.0,0.0,0,31527
1.2309721685165793,0.631543063059152,0.0,0.0,3,31528
-1.424807973043108,0.5734085984393927,0.0,0.0,1,31539
-1.6088496585791288,-0.2474309785399683,1.0,,1,31548
-0.4817501998106911,-0.9366239165902309,0.0,0.0,1,31550
0.6167131321879357,1.3892420206400107,0.0,,3,31557
-1.8790789207699832,0.22171803425114478,0.0,0.0,1,31562
1.406972314874523,-0.850062785107413,0.0,1.0,0,31567
-0.24487298057165519,0.33902773713518186,0.0,0.0,1,31569
-1.7818488470177631,-0.3164462342508538,0.0,0.0,1,31572
0.7822349028666518,-0.7234912429649213,0.0,,0,31584
-0.4030484347273155,0.6215375287045894,0.0,0.0,1,31585
-2.3252414022052306,-1.1958071936916124,0.0,0.0,1,31589
-1.246911693159696,-0.401112169178924,0.0,0.0,1,31592
0.7728907983157159,-1.1406281693895242,0.0,1.0,0,31597
0.14078791463196477,0.7939225655181394,0.0,0.0,1,31600
0.5689399130617244,-1.11995523840609,0.0,0.0,0,31602
1.8145221706151557,-0.6404007062103804,0.0,,0,31603
-3.04380214262707,-1.673750624541578,0.0,0.0,1,31607
-1.0464841980792376,1.7822798758028489,0.0,,1,31616
-1.3746185366885888,-0.08368686861749235,0.0,1.0,1,31620
0.9524713941805738,1.8009324173533974,0.0,0.0,3,31623
0.48117919186505553,-1.6464860210077148,0.0,,0,31624
2.5573051528409847,-2.643656208155177,0.0,,0,31626
-0.7683641619493835,-1.0975226726157947,0.0,0.0,1,31627
-1.415447487146751,1.6194239146643923,0.0,0.0,1,31629
1.4111276843318312,3.0048018776258125,0.0,1.0,3,31633
1.218827320043917,0.04621753236677064,0.0,1.0,3,31636
0.525738644106678,2.8810378945602917,0.0,1.0,3,31637
1.0668557502134906,-0.6823891373200939,0.0,1.0,0,31638
-1.4593056030563187,0.2031548059029906,0.0,0.0,1,31642
-0.8071018032089305,-0.361526482163639,0.0,0.0,1,31645
0.007681640358776666,-0.6174043479176553,0.0,1.0,0,31646
-1.6118338349440264,0.5098382177407056,0.0,0.0,1,31649
-1.623376131935594,-0.24474647277988887,0.0,0.0,1,31651
0.17998238809801,0.5561160652530441,0.0,,0,31654
-1.570853539742048,-0.9649298022595056,0.0,0.0,1,31655
1.842676451641368,1.467185854511115,0.0,0.0,3,31661
0.2804139394773285,3.405571789389964,0.0,0.0,3,31665
0.29448955903010626,0.021744988506584177,0.0,1.0,3,31670
1.1217954804808024,0.28810602039798794,0.0,1.0,0,31671
-1.7911716514480382,-0.9431339300027601,1.0,,1,31677
2.5761745498857462,-1.7179814923194767,0.0,,0,31678
-2.726350463224171,-1.1432062645962824,0.0,0.0,1,31679
-2.0908403612669537,0.8140062873277742,0.0,,1,31685
0.5022008960953351,-0.7188726430027201,0.0,0.0,3,31688
1.131206244313902,0.2528627016231113,0.0,1.0,0,31691
0.6669506233289095,-1.8476209475370207,0.0,1.0,0,31696
2.096977278230906,0.3528786582210393,0.0,,0,31698
1.6728603390083565,0.25541243831931054,0.0,0.0,3,31699
0.9734001336546471,-0.6312196743387032,0.0,1.0,0,31700
-1.3998042671559856,0.7829905168627359,0.0,0.0,1,31701
-2.129351824341926,-0.7010564465441517,0.0,0.0,1,31703
1.7906435953859072,1.033806332786935,0.0,1.0,0,31705
-0.5855481711056851,-0.12885884024836702,0.0,0.0,1,31709
0.954130645953218,2.9011899286359397,0.0,0.0,3,31710
-1.0321664991629529,1.5221833536323535,0.0,0.0,1,31712
-1.6993768898876103,1.1540473118811618,0.0,0.0,1,31719
-1.4881652633377678,-0.05406712986518907,1.0,0.0,1,31720
1.2052336143523241,-0.013111861794162101,0.0,,0,31721
1.1289034147107382,-0.5508412326955286,0.0,1.0,0,31724
-1.1923361022327743,-1.3905109972662102,0.0,0.0,1,31727
0.3934280317243248,1.085139792347608,0.0,0.0,3,31730
1.4874701305543985,-1.070747360660468,0.0,1.0,0,31731
0.27506707073061515,-0.4633520773000302,0.0,1.0,0,31736
0.647677809792022,-2.5773568467484305,0.0,1.0,0,31737
-2.3077391685429687,0.40474091031515796,0.0,0.0,1,31739
1.7670773925754366,0.32167608217780475,0.0,1.0,0,31740
0.6882183679619871,-0.9514279327064463,0.0,1.0,0,31744
2.668855249310743,1.067689730549689,0.0,0.0,3,31745
-2.4924332207930275,-0.8930744975661721,0.0,0.0,1,31747
3.0161432243582227,1.6369531136537117,0.0,1.0,3,31748
-0.8790290336106407,0.2881231074763022,0.0,0.0,1,31751
-1.4448062480836141,-0.46992579627361797,0.0,0.0,1,31752
-2.518046073216008,0.18055827181565065,0.0,0.0,1,31757
0.3408463350717558,-1.7857284654613241,0.0,0.0,0,31759
-0.7621387010445841,-0.1568733190831174,0.0,,1,31769
1.010253924350561,1.5562293163414813,0.0,0.0,3,31771
-1.033141027988333,1.8897100073441937,0.0,0.0,1,31776
0.7414505251239415,1.5083658848439707,0.0,0.0,0,31783
-0.21967433152384055,-1.6863733408856427,0.0,1.0,0,31787
1.4768137713481904,-0.13669512305616527,0.0,0.0,0,31790
1.4518220666286525,-3.8601473314675196,0.0,,0,31791
0.5120164515418837,-1.2235807398127172,0.0,1.0,0,31792
-1.6409253750708326,1.2984354664939326,0.0,0.0,1,31797
-0.7173526847930292,-0.9900449425049583,0.0,1.0,1,31801
2.8436239303530484,-2.0241094628583025,0.0,,0,31802
-0.09813052332647719,0.3328239239431435,0.0,0.0,1,31803
-1.613131414951409,0.8158275738545832,0.0,0.0,1,31804
-2.208571474677271,-0.5466270508831539,0.0,,1,31811
-0.6084201871226516,-0.6791343619240227,0.0,0.0,1,31819
2.224524903497296,0.8557565039725356,0.0,1.0,3,31825
1.1939519608352152,-0.2541949657600716,0.0,1.0,2,31831
3.2356599139193225,-1.7384237620315084,0.0,1.0,0,31833
-2.4123006711551054,0.38061583098567703,0.0,0.0,1,31841
1.1489957346010296,-0.403353837183652,0.0,1.0,0,31844
-0.9694164418483654,0.11501261052703209,0.0,0.0,1,31848
0.7349373878734942,-0.02962113618217603,0.0,1.0,0,31849
-0.15999276270311172,1.7567350240660617,0.0,0.0,3,31862
-0.2778770227544931,-1.9706906573938363,0.0,1.0,0,31863
-2.73562695857368,-1.2209137336043658,0.0,0.0,1,31868
0.8160102987000192,1.5205176968200673,0.0,,3,31870
-1.200645409566432,-0.4962109355737335,0.0,0.0,1,31871
0.4503800029871581,2.10278887049736,0.0,0.0,3,31873
-0.9147838066312417,1.2768194095562462,0.0,0.0,1,31889
-1.6590965819659005,1.1807724492223917,0.0,0.0,1,31890
-0.8686843711212446,0.8923067502679998,0.0,0.0,1,31891
-1.8459299085312668,-1.688946515555872,0.0,0.0,1,31892
1.2707077063960335,-0.20099156124301443,0.0,1.0,0,31896
1.0902804230303833,-0.6006309383164443,0.0,1.0,0,31899
-2.0516380475968945,-0.8241132363791626,0.0,,1,31900
-1.0586154518310757,0.8467036518532652,0.0,0.0,1,31901
1.13602788767227,0.14568673819713307,0.0,,0,31907
1.9845125699862018,0.8157270236573277,0.0,1.0,3,31910
-0.8513826807083373,0.26051672483313454,0.0,0.0,1,31911
1.5511864926006493,0.1185216812438303,0.0,0.0,0,31914
-0.036732030573759136,-0.5047530543233955,0.0,1.0,1,31917
1.3336345061695831,0.1374112007335038,0.0,1.0,0,31918
-2.2170412817192346,0.9239340723747232,0.0,0.0,1,31920
0.8227046992438545,-1.6739989728519558,0.0,1.0,0,31923
3.5804467498604295,-1.3667080868061974,0.0,1.0,0,31929
-1.4387237374423067,-0.18003248351499432,0.0,0.0,1,31930
3.0065214700809793,2.1433595066731255,0.0,0.0,3,31935
0.3933818574017881,0.7822609349306826,0.0,1.0,0,31936
-0.7043440740437765,0.4085950184103606,0.0,0.0,1,31941
2.3469270520084833,-1.7624281916889493,0.0,1.0,0,31945
1.4448375909040037,0.08873218424173393,0.0,1.0,3,31949
1.5762819471298284,0.36110863896348583,0.0,1.0,3,31951
0.3830307293180991,1.5793726061801592,0.0,0.0,2,31956
1.7270779731874413,-1.388477457677655,0.0,,0,31962
-2.0221333175442426,0.3536849812016037,1.0,0.0,1,31963
-1.1489771053170754,1.3993664440916869,0.0,0.0,1,31964
0.6967751234838543,-1.6308736805500808,0.0,,0,31968
1.0475575826858476,-0.6283480361098713,0.0,,0,31974
0.34630654945907946,0.8846660093853991,0.0,0.0,3,31976
-0.1779910666529764,-1.2518488264494945,0.0,0.0,0,31979
-2.2078410640924067,-0.7318105453480577,0.0,0.0,1,31985
0.12389355895947958,2.2577802048357016,0.0,0.0,3,31989
1.0384906589143597,-1.004026397739004,0.0,1.0,0,31990
1.3267709296497523,-0.25897581432868444,0.0,1.0,0,31991
2.8138994650572178,1.2908557796333542,0.0,1.0,3,31994
-2.4005903469522414,-1.374226324652947,0.0,0.0,1,32000
-1.5911420819180986,0.9468087539734511,0.0,0.0,1,32006
1.0436542862470115,-0.3758034229317895,0.0,1.0,0,32013
0.961046724486522,-1.1163304548432353,0.0,0.0,0,32017
-2.022284894451844,-2.3961018220206256,0.0,0.0,1,32025
-1.3559695149124387,-0.44999026062458153,0.0,,1,32036
1.5750268203222393,-0.2945729361346116,0.0,1.0,3,32039
0.11160236820970876,-0.6122924927447914,0.0,1.0,0,32045
-0.75786494817322,-1.7806158643078334,0.0,0.0,1,32046
0.6149495532941185,-0.435606925564218,0.0,1.0,0,32047
0.16560495029072567,-0.48885674808671387,0.0,1.0,0,32053
1.5168768578401621,-1.4883826405302496,0.0,1.0,0,32056
2.7575935644717187,-1.9634815491220263,0.0,,0,32058
1.0283541346983405,-0.9077751190171373,0.0,0.0,3,32061
-1.051594972424713,0.12341502892381169,0.0,,1,32062
-2.1041788226941662,0.3122801372296517,0.0,,1,32063
1.8901423608522614,-0.0784098516917855,0.0,1.0,3,32064
-0.1295959132270352,-1.2235822285218299,0.0,1.0,0,32066
-1.2595567369620668,1.7363694244360006,0.0,0.0,1,32071
-1.7056768905095294,1.379624863969556,0.0,0.0,1,32079
-2.286263808825401,-0.5705133814630906,0.0,0.0,1,32083
1.0778978987451928,-1.5487906618408593,0.0,1.0,0,32088
0.6542784994144415,-0.736787628771653,0.0,1.0,0,32100
2.100040659174924,0.018200426988884598,0.0,1.0,3,32101
-0.7364795030951041,0.2562134527910489,0.0,0.0,1,32105
1.7381288616817396,-0.8976016153114771,0.0,1.0,0,32108
1.713992617077857,0.27114580550356,0.0,1.0,3,32113
-0.9945329467651267,-1.17124210613671,0.0,0.0,1,32119
2.5650310013643236,2.1606139695602735,0.0,1.0,2,32120
-1.3050481610584743,-0.7121526632130555,0.0,0.0,1,32125
-1.5516330037104649,-1.0544122892585834,0.0,0.0,1,32126
1.6975478944285747,0.48483853681778194,0.0,,3,32127
-0.5204836806228454,-0.42882687450791096,0.0,0.0,1,32134
-0.4384369549847794,-1.4940364092230103,0.0,0.0,0,32135
-1.8951879368602296,1.2872551253275388,0.0,,1,32139
0.5824271181399434,-1.672707463552503,0.0,1.0,0,32143
1.1826492303641807,-0.9677846837340545,0.0,1.0,0,32146
-0.5797774831582078,-1.420996454428348,0.0,1.0,0,32149
-1.4212236134860838,0.09382739989935647,0.0,0.0,1,32153
-1.1805062215453836,-0.10110300595518976,0.0,0.0,1,32155
4.630812319147096,-0.9656792914045288,0.0,1.0,3,32158
-2.3082200100944963,-0.8001498203698875,0.0,,1,32161
1.0851981236571062,-0.7242097066708783,0.0,1.0,0,32162
-0.15941580448424564,-1.8689390582489567,0.0,1.0,0,32163
-2.0258304522985062,-0.15294007402164905,0.0,0.0,1,32164
-2.288011955126982,0.7906068231156591,0.0,0.0,1,32168
-1.0564519898138311,-0.7357262759489276,0.0,0.0,1,32173
0.7056714821313377,-0.4799832140329075,0.0,1.0,0,32174
0.4745932463235269,-1.305244416871897,0.0,1.0,0,32181
0.18982004273394742,0.7834695917623276,0.0,0.0,0,32188
-1.4297786785664437,0.5292015388356952,0.0,,1,32191
1.3062694643489339,0.05935462834422786,0.0,,0,32192
3.108427475847558,1.7270150928795238,0.0,1.0,3,32197
0.2372569590738348,0.5011240025723394,0.0,0.0,3,32198
2.4795506122076594,-0.3516777350635722,0.0,1.0,2,32201
-0.7162040356957692,0.7786859771147016,0.0,,1,32203
-0.28355322935855254,-0.22598057287902543,0.0,1.0,1,32210
-0.3038873024198385,0.7509843021564947,0.0,,1,32211
-2.2956486233037867,-1.3595534949471724,0.0,0.0,1,32214
-1.452193144378836,0.6528367387756495,0.0,0.0,1,32216
0.4166230243975617,-1.8065715628499934,0.0,,0,32221
1.0338695142340133,-2.540055539363186,0.0,1.0,0,32225
-2.2486703803504144,-0.4446315916672745,0.0,0.0,1,32229
-0.7412958479656109,-0.0387000796902022,0.0,0.0,1,32238
0.3554626116340998,0.3965582499005293,0.0,0.0,3,32240
1.4797243509342433,1.7658053622246477,0.0,0.0,3,32243
-0.35177071468123666,-1.187081321963281,0.0,1.0,1,32250
-0.7705425024443763,0.8134951089405874,0.0,0.0,1,32251
0.9605695613559806,-0.5458196193645017,0.0,1.0,0,32254
0.056106612228321445,-1.7252347278446338,0.0,1.0,0,32260
2.3094497249242676,0.3684617775032056,0.0,0.0,0,32262
-1.467603342263396,0.012556028644343648,0.0,0.0,1,32267
-1.8232989588270363,-0.669545557969203,0.0,0.0,1,32268
-0.5168824282474076,-2.2951765985257806,0.0,1.0,0,32269
0.39213761398041336,-0.503539891631126,0.0,,0,32271
-0.006669804939274155,-0.8851358129699447,0.0,,0,32276
-0.19138030161997927,-0.40495970005081766,0.0,0.0,1,32277
-0.06317526570613143,1.7590616486627215,0.0,0.0,1,32278
1.4344020857483706,2.542768473934283,0.0,0.0,3,32281
-0.7390497744160561,0.36726319414810127,0.0,,2,32282
-0.7578561534953544,1.6435353016948864,0.0,0.0,1,32284
1.0783660137790663,0.340053390279464,0.0,1.0,0,32285
0.7525807707182911,-0.33274539348624604,0.0,,0,32288
2.508650794914764,-1.3324131341734091,0.0,1.0,3,32289
0.8328473544869162,-0.7570555899836524,0.0,,0,32296
-2.3468319854070567,-1.2065667571848653,0.0,0.0,1,32298
-1.0115675569309746,-0.783790993800437,0.0,0.0,1,32302
-0.14271727477415824,0.2943928938230579,0.0,0.0,0,32307
2.484340010736786,0.9401579573710249,0.0,1.0,3,32316
-1.933546676306557,-0.17212000643951528,0.0,0.0,1,32317
-1.710830803900448,0.6699802084240708,0.0,,1,32318
2.270953852324623,-1.8810190070483785,0.0,1.0,0,32319
0.22544362471415985,-0.894167168805704,0.0,1.0,0,32324
-1.8019554306141534,-0.5720980371577924,0.0,0.0,1,32325
-2.133595324382266,-1.0354733470354107,0.0,0.0,1,32328
-0.7148262392871104,-0.6456510334402941,0.0,,1,32330
-1.005149730680397,0.415790238709438,0.0,0.0,1,32332
2.4806384301147624,1.5943452685989357,0.0,,3,32339
-0.4840182660650218,0.11681442220302378,0.0,0.0,2,32341
0.41022407014378937,-0.09287487789580726,0.0,1.0,0,32343
-0.9204024849052778,-1.3495977408796356,0.0,,1,32346
2.5969740748917234,1.0274290080408799,0.0,1.0,3,32347
-1.571239151741005,-1.9603740184838707,0.0,0.0,1,32348
0.9494664358443808,1.1829575991119017,0.0,1.0,2,32353
0.5390405375026871,0.12074888689879842,0.0,1.0,0,32359
0.6299703652235611,1.4680190151706047,0.0,,0,32360
-1.1806300638882496,0.019980720162620404,0.0,,1,32364
-1.64650291103648,-0.5379195891147321,0.0,0.0,1,32369
-1.5993941947987576,1.313047859651777,0.0,0.0,1,32372
0.5548743534479109,-0.7704927550470723,0.0,,2,32374
-1.3548925597603623,0.4872596304920799,0.0,0.0,1,32385
0.23477183881497773,-0.7273500527420645,0.0,,0,32386
-1.2524006438476207,0.488382896920395,0.0,,1,32388
-0.8067457631060215,-0.027642281215744153,0.0,,1,32390
1.6943286388546865,0.7669249147457073,0.0,1.0,0,32396
1.7227661337255173,0.9319808622972788,0.0,1.0,0,32398
-0.5562061970429589,1.7609725910281162,0.0,0.0,1,32401
-1.9490294254353135,0.19724245882271604,0.0,0.0,1,32404
-1.0855349745846445,0.5927342644522922,0.0,,1,32412
-1.9513200669749249,-0.0020216541453009175,0.0,0.0,1,32415
-0.23476723021313134,-0.7802780245462236,0.0,1.0,0,32418
0.08798107618493593,0.33139252107982825,0.0,1.0,0,32425
3.949751821126006,3.0426161643966427,0.0,1.0,3,32426
1.5340089066031857,-0.6168822643934816,0.0,1.0,0,32428
0.7782817519551892,-0.663956031625487,0.0,1.0,0,32430
3.650747795684833,-1.3606671077720447,0.0,,0,32435
1.7579008143698074,1.3592233626417385,0.0,1.0,3,32439
-0.7874656633447265,-0.2567182695757425,0.0,0.0,1,32444
-1.2497924816801296,1.5686244806372487,0.0,0.0,1,32445
0.005356010683943593,0.26815396327455254,0.0,0.0,0,32447
2.696354635434101,0.3052044060696715,0.0,1.0,3,32448
-0.0010324188475110058,0.8159922988508767,0.0,,2,32452
3.7005896134758367,3.224633455107158,0.0,0.0,3,32455
-0.2242581552841925,0.30089683061376055,0.0,1.0,1,32457
-2.3211984239903187,-0.6518919858613672,0.0,1.0,1,32461
0.5906589108813506,-1.0168018844541977,0.0,0.0,0,32467
1.4437605101219682,-0.4311449754216739,0.0,1.0,0,32468
-0.24935793777226772,0.09382812454463461,0.0,0.0,1,32474
0.5718818122524394,2.466216624520545,0.0,0.0,3,32476
1.1620676806792771,2.8172466927240296,0.0,0.0,3,32483
0.11690671596568235,-1.1376171500557883,0.0,1.0,0,32489
-0.8744889698088093,-0.003613980721739344,0.0,,1,32492
-1.2171408729527031,1.8576906216677846,0.0,0.0,1,32493
-0.5011122477799186,2.352904331431467,0.0,,3,32497
-0.1098952486267234,-0.8155540715241016,0.0,1.0,0,32501
-1.7276601221758765,-0.08474175230051184,0.0,0.0,1,32502
1.9071394071491312,-3.1521115532490285,0.0,1.0,0,32505
2.1213599308124915,1.4040224070568634,0.0,1.0,3,32508
1.2384721808297565,-0.28905091207609845,0.0,1.0,2,32513
-1.6077347077858468,-0.39138536199992596,0.0,0.0,1,32514
0.9061133495505863,-1.3996347552163915,0.0,1.0,0,32521
2.2331655408710223,-2.607168603874131,0.0,1.0,0,32523
-1.6851198526297329,0.6818694168670557,0.0,1.0,1,32525
-0.1773185187072139,1.4945515422111284,0.0,0.0,1,32527
2.039282199077473,-0.04073365962408557,0.0,1.0,0,32530
2.0091769503846715,-0.7928465136432337,0.0,1.0,0,32531
-1.7940239979871504,-0.5738251026738951,0.0,0.0,1,32534
-1.4380886027621935,-0.2651170670548162,0.0,0.0,1,32538
-0.19432356060114217,0.3076810599170646,0.0,0.0,1,32541
0.5735778610643196,-0.6124651012177154,0.0,,0,32548
1.9304106486889396,1.0311105393986548,0.0,1.0,3,32549
-1.5554643321661155,0.7415233558839075,0.0,,1,32550
-0.9630806168528584,0.10497267994933505,1.0,1.0,1,32551
-1.0211797838193226,-1.7591698769005504,0.0,1.0,1,32563
0.887041512165787,-1.1986717812192356,0.0,1.0,0,32567
0.18483227690689538,-0.7408078926661816,0.0,1.0,0,32568
2.0062830115335406,-1.1550198424150535,0.0,,0,32574
0.287258077633969,-0.16908207857487934,0.0,,0,32576
1.2902718547767724,-2.050903362070859,0.0,1.0,0,32586
-0.34725455434378005,-0.9106447682009974,0.0,,1,32588
-2.1459731833767193,1.2756328094844571,0.0,,1,32590
-0.04471991651507047,0.7193698823839175,0.0,0.0,1,32593
0.43872862911178023,-0.6400527566941621,0.0,1.0,0,32594
1.2839132507070956,-0.4244726431793103,0.0,0.0,0,32600
1.0307701388934938,-0.9924114757065801,0.0,1.0,0,32612
-2.585239050486875,0.252750489676884,0.0,0.0,1,32613
1.0423086533276358,-0.6685253038725595,0.0,1.0,0,32616
-0.19206929348787735,0.6938980641328742,0.0,,1,32620
0.36375650815983396,0.9711907668722297,0.0,,0,32621
-0.8241258038596613,0.44308507222457577,0.0,1.0,1,32627
0.29063992383026943,-1.3570805314332877,0.0,0.0,0,32629
-0.8080277916674987,0.375104431408882,0.0,0.0,1,32630
0.525723609371982,0.9879865055816899,0.0,0.0,0,32638
0.5352317930835307,-0.7568524600901074,0.0,1.0,0,32639
0.5888960250512768,-0.41851735946938773,0.0,0.0,0,32645
2.2244659552020414,-1.8129379354284672,0.0,1.0,2,32653
-0.29385553372193046,0.38907310060373945,0.0,,1,32656
1.224381884795137,-0.06379332338424541,0.0,1.0,0,32658
2.5449444219832764,0.8410273200918983,0.0,1.0,2,32663
0.4831417427830334,-0.38470786234414833,0.0,,0,32674
-1.3509377743768094,0.4915976926735825,0.0,,1,32676
-0.08108992071216252,-0.08280243881842661,0.0,0.0,0,32678
0.18234193303527052,0.44670391292761746,0.0,,0,32683
0.5651827355053874,-1.0459597702016288,0.0,0.0,0,32684
2.5943390811143128,1.1251136726556898,0.0,1.0,3,32687
-1.8855297774704733,0.07184435075719472,1.0,0.0,1,32692
1.7483194659459211,-1.1676224447427292,0.0,1.0,0,32695
3.407447493983564,-1.853463946186543,0.0,1.0,0,32704
1.5604884667105383,-0.153206522940915,0.0,1.0,0,32707
-1.333849445689412,-1.4409967721961348,0.0,0.0,1,32711
-0.14118036307330176,0.2277691400607248,0.0,0.0,1,32716
2.6421476961805213,2.9970517524397504,0.0,1.0,3,32718
1.4322915293540999,2.027726615656913,0.0,0.0,3,32724
2.2292887733879234,-3.320215298640887,0.0,,0,32727
-0.540117247080863,-0.0598650071652876,0.0,0.0,1,32728
3.117709697192949,2.846228569225594,0.0,1.0,3,32730
-1.3802190543365083,0.6133137826418182,0.0,0.0,1,32737
-1.7463534043158901,0.6061363537409764,0.0,0.0,1,32738
1.326096495022655,0.2860482424100686,0.0,,0,32739
2.2799306930900856,-0.046706824745394594,0.0,1.0,0,32742
0.6698372911621621,0.6215789831409287,0.0,0.0,0,32746
-2.2888666610803914,-0.09054281326752889,0.0,,1,32754
1.8732777295696161,0.40144252182410123,0.0,1.0,3,32761
-1.2563867779298352,-0.9988334124149519,0.0,0.0,1,32765
-0.9187067805395407,0.24528808691680107,0.0,0.0,1,32767
-1.2974874582980578,-2.4419157021019653,0.0,0.0,1,32768
1.620840154189839,0.05355986052447059,0.0,0.0,3,32769
0.6849298158043837,-0.575551434118159,0.0,,0,32771
-1.809672453477634,0.7844291574275143,0.0,0.0,1,32780
1.6500355307637924,-2.369146103954554,0.0,1.0,0,32783
-2.1300638206222486,0.1641738847004805,0.0,1.0,1,32784
1.7878719059800274,0.19299554852330852,0.0,1.0,3,32785
2.2989177105019194,1.4471252902281,0.0,1.0,3,32792
-3.0937021508883173,-1.3381026258617201,0.0,0.0,1,32793
1.032099767829318,-0.7954891686697669,0.0,1.0,0,32798
-0.6427410875226031,-2.9855519936914923,0.0,1.0,0,32799
-1.3400648732116374,0.7555990093192214,0.0,0.0,1,32802
1.8063411149276614,0.9824762073377107,0.0,1.0,3,32805
2.1460095369964223,-1.4389954093660284,0.0,1.0,0,32812
-0.6957675844041623,0.487558812784623,0.0,0.0,1,32814
-0.8094988958994727,1.3930191568517047,0.0,,1,32815
-0.5999813597045976,0.07395472161778385,0.0,0.0,1,32819
-1.11133361793825,1.014055457513698,0.0,,1,32820
1.5364938498899363,-0.805931103993852,0.0,,0,32826
0.4874235861836455,1.5797475876070932,0.0,0.0,0,32828
-3.00212488720117,-1.042842599954991,0.0,0.0,2,32834
2.1186482866223897,-1.9883384787739076,0.0,,0,32838
-1.3498093357092258,0.08015419670133543,0.0,0.0,1,32848
-0.31301544864720926,0.5381208082335901,0.0,0.0,1,32849
-1.1900265737783964,0.47129047688339937,1.0,,2,32853
0.892640110141958,-1.4058635640617512,0.0,1.0,0,32857
0.11262849119497798,-0.4573516295992925,0.0,1.0,0,32860
0.9886477571365905,-0.20112583992788943,0.0,1.0,0,32864
-0.02359653156515232,0.7581045007883447,0.0,,1,32870
-1.8904513602670758,-1.36734376199964,0.0,,1,32871
-1.5665908742040704,0.785321370183267,0.0,,1,32872
-0.8405030738464303,-0.36728280179619904,1.0,0.0,1,32875
0.31186280253112725,-1.3898137935116084,0.0,,0,32879
-0.9632954617605739,-0.4062432507357622,0.0,0.0,1,32883
-0.5258185100873589,1.1800866635103702,0.0,0.0,2,32885
3.46267759088208,3.0042633834039076,0.0,0.0,3,32886
0.4859282086216796,-0.33654590097369236,0.0,,2,32888
0.7921070623648311,-0.9977099625249635,0.0,,0,32895
1.2969804480428047,-0.09001847956913275,0.0,1.0,0,32898
-0.5866470668240014,-0.6362553139199152,0.0,0.0,1,32901
-0.41954618645677005,2.2269512382950456,0.0,0.0,2,32902
0.7039417924217817,-0.6929334623224505,0.0,,0,32904
1.9036370525622826,-1.4192706582890577,0.0,1.0,0,32909
-0.9165183393744007,0.9771985431033209,0.0,,1,32910
1.5155596821900228,-1.5626126437048176,0.0,,0,32918
1.3119494706990285,1.2131988076021443,0.0,1.0,0,32919
-1.7695891176810055,1.1208786988020967,0.0,,1,32920
0.43454734819613866,-0.758220766524029,0.0,0.0,0,32922
0.8178837160287948,-0.10065900937237131,0.0,1.0,0,32925
-2.6197895045513047,0.4493586742267587,0.0,0.0,2,32929
1.5399597939458702,0.9005410589229133,0.0,1.0,0,32934
0.8704905237925727,1.2786509549008673,0.0,0.0,3,32938
0.6954449670682596,-0.5823947153967401,0.0,,0,32939
1.8986440923860173,0.9703500624854839,0.0,1.0,3,32940
2.90702413817709,-1.9269903473320331,0.0,1.0,0,32943
0.5783372122349116,-0.1733779118277617,0.0,1.0,0,32971
0.2075378078272661,-1.3428874047794428,0.0,1.0,0,32973
2.9261855445509877,0.6510240982795166,0.0,1.0,3,32978
-1.0299756798332649,1.0970691234757417,0.0,0.0,1,32980
0.8984786334923892,-0.19925972292011465,0.0,1.0,0,32981
4.183547548699857,-2.859452567912218,0.0,1.0,0,32984
-0.047294485739711525,-0.8928187132214652,0.0,1.0,0,32985
-1.9475252120096345,0.39420998088081405,0.0,0.0,2,32992
2.8099434664336727,-2.598524022397474,0.0,,0,32993
1.5000500169670266,0.8256582264958633,0.0,1.0,0,32997
-1.7633961908934945,0.286075768136155,0.0,0.0,1,33006
0.29335213506708324,-1.2978516610776387,0.0,1.0,0,33007
0.14802581923872057,-0.13450186188307653,0.0,,0,33016
-2.3978849296965654,-0.8750112824626733,0.0,,1,33019
0.9669734652262924,-0.2482575977886286,0.0,1.0,0,33025
-1.817544838058135,0.8150739413355033,0.0,0.0,1,33035
0.27942643373537934,-1.1635769664331153,0.0,1.0,2,33037
-1.9986442969858516,-0.7868258619109729,0.0,0.0,1,33038
0.6600802541718377,-2.1057078417516055,0.0,1.0,0,33043
-2.1278492090954253,-1.104101070076769,0.0,0.0,1,33046
-0.01261604222750322,0.4025453546246061,0.0,0.0,2,33056
-1.715242949539163,0.6917220064401941,0.0,,1,33058
0.9482826031748188,-0.20347807744750443,0.0,,0,33059
-0.32293904665864986,-0.18113564356926978,0.0,0.0,1,33063
-1.8909168837500836,-0.5210365528029169,1.0,0.0,1,33069
-0.3187136759169223,0.2283832750200981,0.0,0.0,1,33070
-1.7433208381953218,1.0160311134489393,0.0,0.0,1,33071
0.572261965996606,-1.1062939400903906,0.0,1.0,0,33077
-2.4629614911728814,-0.8537847312031817,0.0,0.0,1,33080
3.2675776237512397,-1.0197719006696442,0.0,1.0,0,33083
-0.16149294199949357,-1.448781091311395,0.0,1.0,0,33099
0.9165290048738838,-0.15262194998712258,0.0,1.0,0,33101
-0.347563727595674,-1.4125259142797644,0.0,1.0,0,33103
-0.6782938556823633,2.1376698846258884,0.0,0.0,1,33105
0.9147622467993332,-1.4662363171027828,0.0,1.0,0,33107
0.5461526389252748,-0.6731326835720717,0.0,1.0,2,33108
0.3750990066759865,0.15821711002075833,0.0,,0,33112
1.0105219098205178,-0.28907416877074527,0.0,0.0,0,33114
-1.4608847037536283,-0.5674065501571737,0.0,0.0,1,33118
1.0741213270604013,1.2524138472467699,0.0,0.0,3,33121
0.21004232197818376,0.31428118878176114,0.0,,0,33138
-1.746488014558581,-0.3593812235482017,0.0,0.0,1,33143
0.43252729147839397,3.659708804231653,0.0,0.0,3,33148
-0.7702263041153024,-0.7563128139558122,0.0,0.0,1,33149
0.9318543122916653,3.1961271364616484,0.0,0.0,3,33150
-1.3239753990669425,0.7321857135323395,0.0,,1,33151
-0.7335029685888221,1.642725921298402,0.0,0.0,1,33161
2.334557167793108,1.474773221584562,0.0,1.0,3,33162
0.7130131802266831,3.744114336483977,0.0,0.0,3,33166
-0.4492365871669554,-0.10554094947550409,0.0,0.0,1,33169
-0.3847623027988193,-0.9644978595781618,0.0,0.0,1,33172
2.2314187912201797,-0.9584344475953139,0.0,1.0,0,33175
-1.447769732786064,-0.37107382291468377,0.0,0.0,1,33176
0.5104516113166458,-0.3903799657403095,0.0,1.0,0,33177
-1.4702343431218234,-1.7118918144808182,0.0,,1,33181
1.7950515909277294,1.4424093405492284,0.0,,2,33187
1.332505011397433,0.024498317299469413,0.0,0.0,0,33194
-1.087418518633468,1.2500195322211207,0.0,0.0,1,33196
-0.6211484958435848,-1.0057240049933973,0.0,0.0,2,33203
-0.09263780484314613,2.4761189993786297,0.0,0.0,3,33204
-1.1159289349869075,-1.177588250221384,0.0,0.0,1,33222
-1.3212478827670848,1.5188451282726052,0.0,0.0,1,33224
1.9237527041911169,0.2589255583804958,0.0,1.0,0,33226
-1.7184127949249035,0.016708637112640402,0.0,0.0,1,33233
1.0145003374479604,3.685173945839029,0.0,0.0,3,33235
1.3475066521875156,0.3123444861480438,0.0,1.0,3,33238
-1.4205725234536208,0.6203173773334918,0.0,0.0,1,33240
1.8528190984596846,0.4828128609929087,0.0,,3,33241
1.3016019663396032,-0.11851836559336115,0.0,,0,33246
0.5769863321483556,0.5712732310734072,0.0,0.0,3,33248
0.3388950568472908,-0.842375249935242,0.0,1.0,0,33250
-1.4049468145123591,-1.2545513235074186,0.0,0.0,1,33252
0.852755570734882,0.8668206305474693,0.0,0.0,2,33255
1.366628282021805,-1.0071634963770126,0.0,1.0,0,33261
-2.9179110342179366,-0.6670424088486171,0.0,0.0,1,33264
-1.1422988762099817,0.09187668221819083,0.0,0.0,1,33265
0.2901647531944003,1.6416176791089605,0.0,0.0,3,33267
-1.3534324161026579,1.4836147060831737,0.0,0.0,1,33268
-1.3937009973310956,-2.3573964971952117,0.0,1.0,1,33269
-1.410066755882409,-1.4221201861709007,0.0,1.0,1,33271
1.028798747077471,0.04382536768011991,0.0,1.0,0,33272
2.068721288734569,-1.917405270182847,0.0,1.0,0,33275
1.8587278153628528,-1.8651512005264685,0.0,,0,33279
-1.4094978566706986,0.460328167814747,0.0,0.0,1,33281
-1.6640312198624745,1.8622069967804569,0.0,0.0,1,33282
-1.6465904344781757,-0.13539543027953474,0.0,0.0,1,33284
-1.3375284196258395,1.401298051593827,0.0,0.0,1,33285
-0.48777037117839817,-0.11812305690790802,0.0,0.0,1,33287
-1.8645568416923037,0.4636885177387177,0.0,0.0,1,33288
-0.926097500015495,1.5187115275931635,0.0,0.0,1,33297
-1.220949380864519,-0.5830200224617482,0.0,0.0,1,33307
-1.4199567258544399,1.309268644649429,0.0,,1,33312
4.048288387226476,1.0142957381941082,0.0,1.0,3,33316
0.05501887667658976,0.6561797926539964,0.0,1.0,2,33322
0.4939309581394303,-0.5205874361949718,0.0,1.0,0,33324
-1.1744507417931294,-0.09132370910231699,0.0,0.0,1,33328
1.5279437421220403,-1.6954070747949577,0.0,1.0,0,33333
0.4877927096364048,-1.4310248997896715,0.0,,0,33340
2.40405606022793,0.8888036870182656,0.0,1.0,3,33344
-1.8720848491700917,0.8620855126415556,0.0,0.0,1,33345
-0.6427394634209044,2.278766056271982,0.0,0.0,1,33347
0.7263920471226207,2.7589319797090486,1.0,,3,33351
1.845264125558797,0.21080710356355398,0.0,1.0,0,33355
1.1528801803263824,0.3839377810208282,0.0,1.0,0,33356
3.2333758939666004,1.8457746691665071,0.0,1.0,3,33357
-2.799551933732684,-1.446805501800019,0.0,0.0,1,33359
2.57613878882584,-1.7789992406863846,0.0,1.0,0,33362
0.5683714766614302,0.1795336871167117,0.0,1.0,3,33363
1.1359463709873803,-0.8504165562409831,0.0,1.0,0,33367
-1.4480343746638384,0.003773814470825621,0.0,0.0,1,33368
-1.5539851061265213,-1.6947121981779567,0.0,0.0,1,33372
-1.1994055148442688,-0.05790563257754678,0.0,0.0,1,33375
-0.44232440390834954,-0.885320991312177,0.0,,1,33381
-2.409675835610667,-1.884649354256426,0.0,,1,33383
-2.1486884293048583,-1.8465636428275471,0.0,0.0,1,33390
3.020781857516436,1.1819219437183952,0.0,1.0,3,33397
-2.694030247182294,-1.9262792933709614,0.0,0.0,1,33402
1.839686815709908,0.26459823234534896,0.0,1.0,0,33406
-0.7338037607376419,1.177225256667549,0.0,,1,33411
0.6096681912959132,-2.092994033482301,0.0,1.0,0,33417
1.3132469398364868,-0.16437513581452237,0.0,1.0,0,33419
-0.35815909588852973,-0.5788733110568598,0.0,,1,33420
-2.3549034064079364,0.3666889734618143,0.0,0.0,1,33423
-1.3003114714510287,1.5397869453603423,0.0,0.0,1,33425
-1.9511913486328383,0.24704361075942916,0.0,1.0,1,33426
2.1757223917654516,-0.10968389885065429,0.0,1.0,0,33427
-1.854601836440423,-0.09011714802243379,0.0,0.0,1,33428
1.67087922311528,1.0516064450974159,0.0,0.0,0,33438
0.860165729100856,-0.8849576605091044,0.0,1.0,0,33439
-1.5755571981441794,0.3972760789268575,0.0,0.0,1,33440
0.713384325015792,1.018571466309151,0.0,,0,33442
1.4553430878116276,1.7991871913719473,0.0,0.0,3,33444
1.150924408095888,1.9702683834687669,0.0,0.0,3,33447
0.9387517579659324,-0.921608899411353,0.0,1.0,0,33451
-0.5291199754699087,1.2211516037325212,0.0,0.0,1,33454
1.5845411888798568,0.015637048744061396,0.0,1.0,3,33462
1.5737675114404333,0.2577516111927472,0.0,1.0,0,33466
-1.0298591462295668,0.25706418665396114,0.0,,1,33467
1.5522962421467457,0.376397928563602,0.0,1.0,0,33470
1.2764453570133925,0.9863419321605227,0.0,1.0,0,33471
2.1884614252169667,-2.250708276066197,0.0,,0,33490
-1.1667649772987652,-0.31957982545229746,0.0,0.0,1,33493
-0.45661221630581883,1.966628076469865,0.0,0.0,1,33499
-0.19880301105647585,-0.07172677302641683,0.0,0.0,1,33503
-2.3129404459695238,0.6251343948437127,0.0,0.0,1,33508
-0.8170492898634555,-1.179539034649957,0.0,,1,33510
-1.3904850958421742,0.2564492479534672,0.0,0.0,1,33513
0.7314941321844025,-0.3377361563274904,0.0,0.0,2,33521
0.5257053505367423,-1.3860612423580618,0.0,1.0,0,33523
-1.1006925530211162,0.4735078776924779,0.0,,1,33527
-1.5774242868904904,1.3646254953748007,0.0,,1,33531
0.8530333019665117,-0.990480353120172,0.0,,0,33532
0.6361602326088728,-1.3013048949869517,0.0,1.0,0,33535
0.3811298168312508,-1.1089080535075306,0.0,1.0,0,33541
0.7718478603374503,1.4122671385383345,0.0,0.0,0,33542
0.06737238496693228,-0.8842501705005579,0.0,,0,33543
-1.5437488017815877,1.355517480637747,0.0,,1,33553
2.3139862305097854,-0.9099602111003854,0.0,1.0,3,33554
-1.2032718005820011,0.12804849967599402,0.0,0.0,1,33559
-0.8271159542521798,-0.9537207945966732,0.0,,1,33563
-0.3792186113794124,0.5005932191547517,0.0,0.0,1,33564
-1.7198898577163118,-0.28965471830920464,0.0,0.0,1,33565
-1.3394916631969402,-1.2456304189166638,0.0,0.0,1,33571
0.3963909686253494,-1.6056120825027673,0.0,,0,33572
0.7844796932483253,1.5858491047401895,0.0,0.0,3,33578
-0.8351622114014008,-1.5138177263012658,0.0,,1,33584
0.11016861070615049,1.5507314691145528,0.0,0.0,3,33590
-2.1966167317618877,0.0016070138292313197,0.0,0.0,1,33595
-0.872294157633474,0.2152949389797032,0.0,0.0,1,33602
-0.8440075862326925,1.3087771870367235,0.0,0.0,2,33606
1.4334209447818078,-0.9707401923108866,0.0,,0,33613
-0.9787970576858634,-1.2073736114634446,0.0,0.0,1,33619
0.7173183103847912,-0.8639221202675474,0.0,1.0,0,33620
1.0098735315318028,-1.605274389182728,0.0,1.0,0,33626
-1.4398759974250783,0.14385592829696803,0.0,0.0,1,33628
-2.0731010950948114,-0.2577688325344964,0.0,1.0,1,33630
-0.19929746383038924,-0.9310898748842448,0.0,,0,33640
-1.7666227831321215,-0.4832445163626217,0.0,0.0,1,33642
0.931551443238477,-0.33642058451697787,0.0,1.0,0,33645
-2.214988069867047,-1.5011261950237897,0.0,0.0,1,33646
2.384115545562032,-0.44799529972795404,0.0,0.0,0,33648
1.1675964031192858,-0.14796021176603824,0.0,,0,33659
-0.3592578612004809,-0.022264942436612742,0.0,,2,33661
1.5306455859665242,2.6150475129621293,0.0,0.0,3,33663
-1.7426808593186445,0.3457779965013893,0.0,0.0,1,33666
1.3072683425196612,0.18276986944669874,0.0,,0,33669
0.5950334779422713,-0.8615109552344824,0.0,1.0,0,33670
0.6898002977500193,-2.2625692737423218,0.0,1.0,0,33676
1.7379393766144178,0.10364322464333166,0.0,,0,33677
-1.4870513110481507,-1.738991700821272,0.0,0.0,1,33678
-0.04395224713984534,0.38816935305059835,0.0,0.0,0,33680
-2.327996442692864,-0.15808916880426666,1.0,0.0,1,33683
0.5014717242901778,0.6851284284998739,0.0,1.0,0,33684
0.7263428657796996,-1.4617461546986412,0.0,,0,33685
-1.439853139310888,-0.580096571684072,0.0,0.0,1,33686
-0.5943848591769099,0.713017618252329,0.0,0.0,1,33687
1.37047265167469,-0.39036442904621793,0.0,1.0,0,33691
3.400835145379373,3.445335066580622,0.0,0.0,2,33693
0.9618490117642726,-0.5997612490469001,0.0,0.0,0,33695
0.4421437257874587,-1.9668525353168225,0.0,1.0,0,33701
-0.023326006322789455,0.4613939133902682,0.0,,0,33708
0.06857516090505522,1.3493112821963815,0.0,0.0,1,33710
1.665734199346798,1.1846921092678666,0.0,1.0,3,33712
-0.3146454912644709,2.275413254987062,0.0,,3,33713
0.7418729074644371,-1.300750604648024,0.0,1.0,0,33716
-0.3719885747719246,0.015503378446331961,0.0,0.0,1,33724
1.2659621192730037,0.0480990006380462,0.0,0.0,0,33728
-0.12426053597872953,0.48724601320982425,0.0,0.0,1,33732
-0.037266275950767785,0.6100230177990834,0.0,0.0,1,33733
0.6191456828821458,1.373080776643943,0.0,0.0,3,33734
-0.5207816167212751,-0.3187140825562716,0.0,0.0,1,33736
0.5082589247408106,-0.23448041048574841,0.0,1.0,0,33737
1.5259862756254032,-2.0229151615759626,0.0,,0,33739
1.7323668207717684,-1.1873614747713088,0.0,1.0,0,33741
-0.44943708314092085,0.6295667244179477,0.0,1.0,1,33743
-0.7609054540908569,2.488707217606062,0.0,0.0,1,33745
0.08080264125217197,0.4740047776576304,0.0,1.0,0,33748
-3.368441831697028,-1.2333637534894042,0.0,0.0,1,33751
-1.8263986991759136,0.4463630150123934,0.0,0.0,1,33753
0.9127310720823965,-0.5999554777918915,0.0,1.0,0,33765
-0.19991341721469538,-0.04419794096420209,0.0,0.0,0,33767
-0.7146758847475679,0.28303985548704697,0.0,0.0,1,33770
-0.34259423932783445,0.49588310073759634,0.0,0.0,1,33771
1.5490663641021076,0.3016115149026626,0.0,0.0,0,33783
0.7989727603708783,-0.36045541000174885,0.0,1.0,0,33786
1.4581110493251546,-1.4231967605736535,0.0,,0,33794
-1.8851281849698265,0.5379109297557724,0.0,0.0,1,33797
-1.6265376805945222,-0.12349713262736231,0.0,,1,33798
1.354547291037818,0.08453022822583078,0.0,1.0,0,33800
-1.8469700988179294,0.8319569471954704,0.0,0.0,1,33801
0.7765590904782991,-1.2788317577868082,0.0,1.0,0,33803
0.7380842065401899,-1.7867757711469536,0.0,1.0,0,33808
-2.0987989457217564,-1.6026557530081234,0.0,0.0,1,33810
-1.3059309539643975,0.1715331979821548,0.0,,1,33817
-1.9249374405775468,0.8500340698250687,0.0,0.0,1,33828
1.368438774220696,0.2284144095928638,0.0,,0,33838
2.7702804873024034,-0.5754571583861467,0.0,1.0,2,33846
1.3040978634074172,-0.1331624682109926,0.0,0.0,0,33851
-1.3833277094848517,-0.402733553989828,0.0,0.0,1,33855
-1.2689488899790362,1.2845347347794558,0.0,,1,33859
2.8262198249002255,1.2294949243342461,0.0,1.0,3,33861
0.8038971474908982,0.10390181987534015,0.0,,0,33862
3.5980131890734026,0.6958907218654811,0.0,1.0,3,33866
1.1141765459729822,-0.25129816228784563,0.0,0.0,0,33868
-1.8889208821707588,-2.4939393822342653,0.0,0.0,1,33875
0.849051383054598,-0.2232264176343739,0.0,1.0,0,33876
2.3543933729700965,-2.5134949319210045,0.0,1.0,0,33879
-1.2145916297931258,1.0453890927612994,0.0,,1,33880
0.35565251890733757,-0.7663135803410019,0.0,1.0,0,33886
0.8854020251143113,-0.8281178558343271,0.0,,0,33896
-0.5735078234499457,0.23131352193851984,0.0,0.0,1,33902
-1.4608167482616516,2.0455757722319783,0.0,0.0,1,33907
-1.830879276189105,-1.375470779159613,0.0,,1,33909
0.4675835858032894,1.3813565649290132,0.0,0.0,0,33913
-0.8470341163931238,0.7406897480780389,0.0,0.0,1,33918
0.7258652710442467,-0.6403170344506142,0.0,,0,33926
2.133863810606783,-2.7232533684694493,0.0,1.0,0,33927
0.17399737072349603,-2.6534445387988157,0.0,,0,33929
0.7448486882249837,-1.2023961612793543,0.0,1.0,0,33932
-1.2747006142148531,0.24175861216289596,0.0,0.0,1,33934
-0.46134653822579386,-1.9173579434866728,0.0,0.0,0,33935
0.2774529342780813,-0.9077780470332201,0.0,1.0,0,33936
0.6284973492538224,-3.0034067990939715,0.0,1.0,0,33937
0.058272858796959044,0.04722782467308897,0.0,0.0,0,33939
0.4621114628832482,-0.2191332389398687,0.0,,0,33948
0.4629408849848769,0.49854200524363756,0.0,0.0,2,33954
0.19150137517401655,2.0356225917521664,0.0,0.0,3,33957
1.2159228244304374,-0.2948847997896715,0.0,,0,33964
-1.7459672709756693,-2.002116438200266,0.0,0.0,1,33970
-1.966075087390938,-0.5954499167378714,0.0,0.0,1,33977
4.73785180777785,0.1363736286136695,0.0,,3,33979
0.18757213076406518,-0.48058800882941743,0.0,1.0,0,33981
-1.0730403374499573,0.409379346116755,0.0,0.0,1,33983
-0.4074517684342714,0.670382353421251,0.0,0.0,2,33984
-1.904961775296724,0.3190338338893416,0.0,0.0,1,33987
1.3792141406112948,-0.9954218356687169,0.0,1.0,0,33989
-1.0944187052762344,-0.13891062982160005,0.0,0.0,1,33990
2.0050616024356334,1.4344911282561454,0.0,1.0,0,33991
0.6032027857598293,-0.13595820977188783,0.0,1.0,0,33992
-1.3962837894443039,-1.316058983680094,0.0,0.0,1,33993
0.412191182862723,-0.4169230236860587,0.0,0.0,0,33996
-1.006316915924334,-0.5531826791655525,1.0,,1,33999
-1.6981463545523439,0.6311779381901754,0.0,0.0,1,34000
1.401485687984261,0.6488594474537135,0.0,0.0,3,34015
-1.5204613450412268,0.8237390832790297,0.0,0.0,1,34017
1.8990438738603739,0.5678761398396538,0.0,1.0,0,34019
0.24981645762892343,0.6283294443088624,0.0,0.0,0,34024
1.1066423980086526,0.04530289323653429,0.0,1.0,0,34028
1.4551160454280088,0.09311830974284159,0.0,1.0,0,34050
-0.7646223357818249,0.022221708916412383,0.0,,1,34051
-1.2658702123874452,-0.9913522624657662,0.0,0.0,1,34057
-1.4546712642525859,0.4047350826852483,0.0,0.0,1,34058
-0.9381058412386692,1.2373241961155887,0.0,,1,34059
2.4896056640366266,-0.1316841344690134,0.0,1.0,0,34061
0.15435666191609235,-1.4865033532130234,0.0,1.0,0,34068
1.5388949525571944,-1.017173724777552,0.0,1.0,0,34069
-0.8275694118019097,2.1073059451403933,0.0,0.0,1,34070
3.9923156873753967,2.0802636861916493,0.0,1.0,3,34071
-1.6631083305282206,-0.09586486233383514,0.0,0.0,1,34072
-0.6780639590017951,0.0895858626642797,0.0,0.0,1,34078
-2.4011727090115214,-0.1946759804433867,0.0,,1,34081
-0.8352600400299425,0.14029584444636278,0.0,0.0,1,34085
1.9394415749742828,3.0283623262222745,0.0,0.0,3,34086
-1.9318121868127875,-0.5006889540123305,0.0,0.0,1,34098
0.0002946174399354585,2.5822451959222352,0.0,0.0,2,34099
0.8729087318140201,0.6934577885536717,0.0,0.0,3,34101
2.8487466176218494,0.8346104038603075,0.0,0.0,3,34103
-0.9424322505126769,-0.7033664449119111,1.0,0.0,1,34104
0.514498782303752,0.7534532650921999,0.0,1.0,3,34107
1.891139198111992,0.40278981421543203,0.0,1.0,3,34108
1.71180922254766,-0.6924248462021227,0.0,1.0,0,34118
1.90528933250485,0.830639821427715,0.0,1.0,3,34121
-0.5564674575411523,-0.5433431465139638,0.0,0.0,0,34122
-1.756127961537616,0.7191491883631386,0.0,0.0,1,34126
2.2949251799135966,1.0125035323275478,0.0,0.0,3,34129
1.1261578817773035,0.20651559406948608,0.0,1.0,0,34133
-1.5123795768027066,0.21297973912017285,0.0,0.0,1,34136
1.3060865440446252,-0.820998482943202,0.0,1.0,0,34137
1.021063684578066,-0.3540574175083517,0.0,0.0,0,34139
-0.5677398627672939,1.1627562102374798,0.0,0.0,1,34140
-2.1442346540877493,-0.2446092498864275,0.0,,1,34149
-1.7957478853290871,-1.3848539620483808,0.0,1.0,1,34150
0.03257094296350895,1.6731715313492186,0.0,0.0,3,34160
1.3488304504223525,-2.7895508271040397,0.0,1.0,0,34162
0.5224657534990573,-1.2812786271305714,0.0,1.0,0,34164
-0.9796155865536574,1.801062892656036,0.0,0.0,1,34170
-1.1719480119270065,1.3301662636844036,0.0,1.0,1,34173
-0.6513607773462324,1.2989990099962685,0.0,,1,34178
-0.6936869049487249,3.2676723884754466,0.0,,1,34179
1.1694757810695067,-0.27734701154987107,0.0,,0,34180
2.0772010846703433,2.0825730467534282,0.0,1.0,3,34181
-1.263696079057204,-0.3003227238145689,0.0,0.0,1,34185
2.1488805275339393,-1.9242709376082094,0.0,1.0,0,34191
1.439047489671935,-0.7634062844287927,0.0,1.0,0,34193
1.451858484637735,-0.04721707959986156,0.0,1.0,0,34200
-0.9782765983561386,-1.2947029880368144,0.0,0.0,1,34204
0.268715996220713,1.8562357822337214,0.0,0.0,1,34205
1.2586496457434935,0.5733999699592471,0.0,1.0,0,34209
-1.1529126929970295,-0.8974715664547737,0.0,0.0,1,34211
1.6259360088133183,0.39837401016949237,0.0,,3,34214
0.5503327714457387,0.507272693258216,0.0,1.0,0,34215
-0.9355658029055368,0.0167170834152761,1.0,0.0,1,34220
-0.06909571301871463,-0.5356804033201961,0.0,1.0,0,34222
-2.2734269976212653,-0.3068608638489136,0.0,0.0,1,34223
-1.226584738849387,0.5259407820686354,0.0,,1,34233
-1.7005032881912123,-0.452710464551034,1.0,,1,34234
-0.8147367247465158,0.04340857576156986,0.0,0.0,1,34242
-1.0022250510375947,-0.17016045263298563,0.0,0.0,1,34249
-1.4487330680693509,0.8648455377742746,0.0,0.0,1,34261
-1.421941266143762,0.21394735299084114,0.0,0.0,1,34264
-0.31991063394429786,-0.004456024407518669,0.0,0.0,1,34271
-1.6644565801287927,0.793809200220945,0.0,0.0,1,34274
0.3783300221450033,-1.164669454604161,0.0,1.0,2,34280
-1.795535872699831,0.45366166376276795,0.0,0.0,1,34283
-1.8483343345399572,0.32430014281077435,0.0,0.0,1,34285
1.2081461231313981,-0.7105010156149868,0.0,1.0,0,34291
-0.8215185696719789,-0.06376725649878556,0.0,0.0,1,34292
0.7338230849982937,-0.30883464666285465,0.0,1.0,0,34298
-1.334150015782015,1.2629504505620945,0.0,0.0,1,34299
-0.6476795596953923,-0.27542408048185685,0.0,0.0,1,34303
-1.6465516512430092,0.7732462902855307,0.0,1.0,1,34310
-0.43687642338596994,2.563710072870713,0.0,0.0,1,34315
2.6622984405731143,0.673333833707149,0.0,1.0,3,34317
-2.7756939923819597,-1.8112552179715802,0.0,0.0,1,34324
-1.3456086021329277,-0.5468167033759492,0.0,,1,34327
0.8302906624225075,0.007431210250501079,0.0,0.0,0,34328
-0.4948665602011072,0.06385154678238694,1.0,0.0,1,34329
-0.9342023204156257,0.3936189198481071,0.0,1.0,1,34332
2.0783216029369123,-3.315080766511667,0.0,1.0,0,34335
-1.0731444544065218,-0.8256050430779928,0.0,0.0,1,34337
1.111461634146916,-0.7943709623264936,0.0,1.0,0,34340
-1.5024047490750034,-1.0734784569699667,0.0,1.0,1,34346
0.25871835864118464,-0.40565753443018143,0.0,1.0,0,34347
-0.4772042338360355,-1.6664172949457743,0.0,0.0,0,34350
1.3494039428387117,-0.4301650793803453,0.0,1.0,0,34359
0.505178612407466,-0.7015398329827233,0.0,,0,34360
0.8738707867655321,-0.27303041130842204,0.0,1.0,0,34366
-3.0411846519371504,-1.1702023820493068,1.0,0.0,1,34375
1.1534573785750912,-1.4394455483541058,0.0,0.0,0,34378
1.1269653388226133,1.5792920876703636,0.0,1.0,0,34394
0.8153224883842756,3.1540969685529467,0.0,0.0,3,34395
-0.06077937340026565,-0.6273472192823198,0.0,,0,34399
1.634117464599652,1.215632462294797,0.0,1.0,3,34406
-1.96418044405141,0.5952533572851868,0.0,,1,34408
-1.0695762598436205,0.28433299179799926,0.0,0.0,2,34411
-1.113313165796073,0.8580270708717908,0.0,0.0,1,34416
-0.8504353200680385,0.34976900406520695,0.0,0.0,1,34419
-2.634279306594044,-1.607082855020663,0.0,0.0,1,34429
-1.0547182525541006,-1.0610997082295155,0.0,0.0,1,34430
1.3799991588357723,1.4558794517706133,0.0,0.0,3,34431
2.430411964262063,0.2754051733469048,0.0,1.0,3,34433
-1.082965817726658,0.8949459860308053,0.0,0.0,1,34436
-1.246531717401765,-0.9097132499970232,0.0,,1,34441
-2.017801373038189,1.1596644159752993,0.0,,1,34445
-0.3965603373330766,1.8832991055897812,0.0,0.0,1,34452
0.5922020731089591,-1.2950307590726209,0.0,,0,34453
-1.3178362887928783,0.09599975383194881,0.0,0.0,1,34457
-1.429843672425307,1.5914213698041777,0.0,0.0,1,34465
-0.6908835483677818,0.16355303795109713,0.0,0.0,1,34466
2.3171227070547022,-0.189657135203507,0.0,1.0,3,34468
1.858840473080179,-0.6572819665137565,0.0,1.0,3,34473
-1.9468191568739361,0.6395629915113016,0.0,0.0,1,34475
-1.139673538557315,1.0056170263554813,0.0,,1,34483
2.3440797829494686,-1.2779185424116069,0.0,1.0,0,34484
-2.1864655628353273,-0.4615760327961918,0.0,0.0,1,34497
3.8845900727058567,-1.5393018054839416,0.0,1.0,0,34500
0.8996837806499335,-0.757975615820993,0.0,,0,34506
0.40580140556712735,-1.2046870909367715,0.0,1.0,0,34507
-2.1935452481839497,-0.1763162856376991,1.0,0.0,1,34508
0.7314881110686259,-0.6771313144136102,0.0,1.0,0,34510
0.038545870517606315,-0.22074855131392132,0.0,0.0,0,34521
-1.191718001591409,0.33210178442140764,0.0,1.0,1,34522
1.1626996130750216,-0.420577826574898,0.0,,0,34524
1.815141410322339,-0.3385970266514791,0.0,1.0,0,34527
0.9661538861327038,-0.7010311394218856,0.0,1.0,0,34531
-0.3175216326066405,-1.7114627752561813,0.0,1.0,0,34535
-1.451116460017837,-2.174971278287327,0.0,0.0,1,34541
-0.7220310005662335,0.20795180500913238,0.0,0.0,1,34543
0.32880174701764825,0.8053120176760785,0.0,0.0,0,34545
1.3448763315695302,-0.11258357138405659,0.0,1.0,0,34546
1.5451128472188367,0.4390500152598694,0.0,1.0,0,34554
2.3295955443059193,-1.3116779462869805,0.0,,2,34556
-0.0011149473819068137,0.35214903912454976,0.0,1.0,1,34558
0.4830186911417848,-2.6886472898871374,0.0,1.0,0,34559
-0.1684707204688383,0.11432597415266442,0.0,0.0,1,34566
-1.9710914055170676,0.9773458915975773,0.0,0.0,1,34573
0.6917574405216917,-0.45714180377902197,0.0,1.0,0,34578
-2.15617915111954,0.4194060823632375,0.0,,1,34590
0.15324844753947284,-0.4193908873253634,0.0,1.0,0,34592
-1.969205299563213,-0.11642822258135539,0.0,0.0,1,34593
0.7054279185970607,1.543659644816548,0.0,0.0,3,34599
0.3263883336407779,-0.6910996444624394,0.0,,0,34600
0.08914843438878542,-0.08507287450534613,0.0,1.0,0,34603
2.2742864772144835,1.0336803322799266,0.0,1.0,3,34607
-0.12376503628062333,0.1785958678969809,0.0,,1,34611
0.20044814837002078,0.21230340242251777,0.0,0.0,0,34628
-1.424703326546309,1.0562974781225947,0.0,,1,34629
-1.9622532637465275,-0.39392198252483007,0.0,0.0,1,34635
1.5679185090556542,0.25311910296370815,0.0,1.0,0,34636
1.1494063718449892,-0.673615616022704,0.0,,0,34638
-0.20919971873468604,-0.27520777866005114,0.0,1.0,0,34640
-1.1769657645460816,0.7474303360692122,0.0,0.0,1,34649
-0.3877170797054482,-0.49952143560479195,0.0,0.0,1,34654
-1.137235981289691,-0.5577023256413384,0.0,0.0,1,34655
1.8310468928195858,0.1615670819666389,0.0,1.0,0,34657
-1.20904159733947,-1.1307029221149196,0.0,0.0,1,34659
1.3100670100467096,0.27504076248728543,0.0,1.0,0,34664
2.631439191416519,-1.8486966657743629,0.0,,0,34672
-0.5652367995468593,-0.01424272616496634,0.0,,1,34677
-0.6763480635655591,-1.1606570617716525,0.0,0.0,0,34679
-1.9241798124455631,-0.019622864011576414,0.0,0.0,1,34682
-2.422995166171454,-0.6118378588184611,0.0,,1,34686
0.9943761223841141,1.8301604645783598,0.0,0.0,0,34687
-1.179105622005927,0.600633141338977,0.0,0.0,1,34691
-0.23139762836220223,-2.00901157408084,0.0,1.0,0,34695
1.9747831839018506,-0.9435474945599452,0.0,1.0,0,34698
-1.4444127859074336,0.28412586826158465,0.0,0.0,1,34701
-1.9994398650816536,-1.6264933193063338,0.0,0.0,1,34703
1.227596660371947,0.21699354459946749,0.0,1.0,0,34714
-1.811634471994194,-0.1939825114921792,0.0,0.0,1,34715
-1.2302509950451472,1.9446218361151375,0.0,,1,34718
2.6749445116949055,3.0681473708096965,0.0,0.0,3,34725
0.5440942056116262,-1.0611278445468253,0.0,,0,34726
-0.34098862879456976,-0.09431679736609234,0.0,0.0,1,34727
2.290319102792563,-2.495346317435229,0.0,1.0,0,34729
-1.0630793611984006,-0.30547948992523966,0.0,0.0,1,34731
3.0974796096502613,0.7134258519815525,0.0,1.0,3,34736
-2.505758545262167,-0.45869547063138655,0.0,0.0,1,34737
-1.7525240180625736,-0.6060417474079799,0.0,0.0,1,34739
2.0743881911795077,0.12877415731880534,0.0,1.0,0,34742
1.0212001600054936,-0.8258720709047063,0.0,1.0,0,34743
-1.1062336351584627,-1.1141067481073945,0.0,0.0,1,34747
0.2390661828185043,0.41397933634026446,0.0,0.0,3,34754
0.6505577924677681,-1.349197205931037,0.0,,0,34755
1.4264449590569601,-1.1883751687184338,0.0,,0,34757
1.9134306413937523,3.465684433533835,0.0,0.0,3,34759
1.705204224813844,-0.04109072067398033,0.0,1.0,3,34761
0.06836741469025762,2.410909112227372,0.0,1.0,2,34762
0.2025112915186581,-0.6776427376005106,0.0,1.0,0,34768
0.26817109644996795,0.3052705400620373,0.0,0.0,0,34769
-1.8110213580530512,-0.6382114642057707,0.0,0.0,1,34772
-1.139664707133435,-1.3277685755208632,0.0,0.0,1,34777
-1.895022329178693,0.3862609480796709,0.0,0.0,1,34779
-0.6041711692268787,-0.013925779580525247,0.0,0.0,1,34781
1.8764547160907057,-0.5183073349484151,0.0,1.0,2,34785
-0.6517252051118498,1.3778262218235355,0.0,0.0,1,34787
-1.5771470314951792,1.0970834550583164,0.0,,1,34791
3.421278590817631,1.3603016647584827,0.0,0.0,3,34792
1.827232645778436,0.4226124176454308,0.0,1.0,0,34810
0.9918965101485266,-0.5765891037199256,0.0,,0,34812
1.7140822939072642,-3.1284655621860447,0.0,1.0,0,34817
2.265664265616116,1.5368689375758056,0.0,1.0,3,34823
-0.14076303575003468,0.08996147537958495,0.0,0.0,0,34824
1.4371555269112137,0.5526418536410875,0.0,0.0,0,34826
-0.5240595776366944,-2.0444891932375007,0.0,1.0,0,34827
0.9129569581579577,-0.22689246519352935,0.0,0.0,0,34831
-2.635638535528957,-1.1993453042749798,0.0,0.0,1,34835
-0.01978434264783859,1.4014590685431034,0.0,,2,34837
1.9329380972537853,2.579935188002449,0.0,0.0,3,34840
-0.6387123843803615,1.440034621188234,0.0,,1,34850
0.9721323992759913,-0.42954982495692645,0.0,1.0,0,34852
1.8561120970666842,0.5536030193881057,0.0,1.0,3,34855
-0.22927366257808576,-0.468044618615663,0.0,1.0,1,34857
-2.3841713647095646,-1.1481530028546092,1.0,0.0,1,34864
-1.2835606083278963,-0.2539772044757931,1.0,0.0,1,34865
-0.10736085132060455,-1.90696857391715,0.0,1.0,1,34866
2.2052457857315373,-2.606879507016575,0.0,1.0,0,34868
0.725826439568605,-1.096078332316913,0.0,,0,34874
1.1829686289834755,1.9768567860220225,0.0,0.0,3,34886
0.7747400993110104,1.5036349315978743,0.0,0.0,0,34889
1.697441258408971,0.047527203930473244,0.0,1.0,0,34900
-1.9405129877236713,1.0365050215385565,1.0,0.0,1,34902
-0.2942245994199747,-0.759135008524465,0.0,1.0,0,34903
-0.6482194884124743,1.9017068367541277,0.0,0.0,1,34911
-0.6877835799922855,-1.134801181419323,0.0,,1,34913
-1.73815025591773,1.4565441182691412,0.0,0.0,1,34916
-1.2538667145843208,2.0432251121350165,0.0,0.0,1,34919
4.096290762189597,1.2274120806833255,0.0,1.0,3,34920
-0.8955565550182699,-0.476334697916695,0.0,,1,34925
-1.5360196382300788,0.17694583455230845,0.0,0.0,1,34932
-0.8831686060813672,1.5541172060405175,0.0,0.0,1,34940
-1.021907260770207,0.07488034409581351,0.0,0.0,1,34941
-1.44228375551179,0.22545676301982165,0.0,,1,34944
-1.2538546332233889,0.11031544744236978,0.0,0.0,1,34948
-0.9379598302169463,-0.5529081186302166,0.0,0.0,1,34950
-0.19653061865093333,-1.6703550859615561,0.0,1.0,0,34951
-0.9126040018905895,0.8603963858791368,0.0,1.0,1,34960
-1.855355954336089,0.6368110925229824,0.0,0.0,1,34961
0.9521314819276901,1.1803666773593995,0.0,0.0,3,34962
1.1621000524990626,0.9355036388676773,0.0,1.0,0,34968
0.19920713416643873,-0.3351206780631475,0.0,,0,34969
-2.1995529424932103,-0.4909004955397387,0.0,0.0,1,34970
-2.0735269645267707,0.36130605709217967,0.0,,2,34975
0.5845057517684977,-1.4512868084352402,0.0,1.0,0,34989
-0.19126546019362525,-1.2834292116758264,0.0,0.0,0,35003
-1.4963762156977327,1.1150398254704927,0.0,,1,35004
0.3494743987070989,-1.5901289213029433,0.0,,0,35009
-1.2090811896842601,1.4279529167581921,0.0,0.0,1,35014
2.4675507447854965,-1.114228073292317,0.0,1.0,3,35015
-1.7883423035299961,1.5502770077742931,0.0,,1,35026
0.12209739903427501,-0.5030300372140755,0.0,0.0,0,35027
-2.0139341662116528,0.03640888518254769,1.0,,1,35034
0.3937025147584462,0.514766248093677,0.0,,3,35035
-0.10112595904398798,-0.4658022229073433,0.0,1.0,0,35043
2.1677947573601615,2.312338939060261,0.0,1.0,3,35044
2.917637520818645,-0.2309527393716744,0.0,1.0,0,35047
-1.842582093599663,0.5944687370182792,0.0,0.0,1,35054
0.48719729874980644,-0.7197435361245526,0.0,1.0,0,35059
-0.13342439930392344,-0.9677484714652275,0.0,,0,35060
0.9956541948019694,-0.06947901742323459,0.0,,0,35068
-2.7143428294529715,-0.07321425766871574,0.0,,1,35069
1.166051597500505,0.8002767667414052,0.0,1.0,0,35071
-0.2253146622689532,0.09069690989094335,0.0,0.0,1,35072
-0.23593462531191178,0.2345651065348048,0.0,0.0,0,35077
-1.2850083581647809,-0.8473767423612594,0.0,,1,35080
-0.7022247844817352,0.6881599047622935,0.0,0.0,1,35084
1.894003666148402,0.32494004951600947,0.0,1.0,3,35085
0.4568318070741924,-0.7869674525724882,0.0,1.0,0,35089
0.11902470297509357,-0.6709411221051039,0.0,1.0,0,35097
-0.6691234251899901,1.4326161133416375,0.0,0.0,1,35098
-0.18246422970876797,1.1566866820402477,1.0,0.0,1,35101
0.7407506865531005,1.9340543142608666,0.0,0.0,2,35117
0.39994600298304084,2.056273247009958,0.0,,3,35127
1.1023456741215194,-0.9122272932725329,0.0,,0,35130
-1.9582615515834518,-0.7599264329060615,0.0,0.0,1,35136
0.3278640178656093,3.1436213812026303,0.0,0.0,3,35137
-1.3272545921010355,0.48282232076940773,0.0,,1,35141
-1.4705317572153918,0.9014881656330423,0.0,0.0,1,35145
-1.9650948353850224,-0.7674594344975447,0.0,0.0,1,35151
-2.4324261198333383,-0.15534831808016444,0.0,,1,35152
-0.34050156250232544,-1.0906267988105327,0.0,0.0,1,35156
1.254181674384833,1.3599050663054024,0.0,0.0,3,35157
-1.2495940854624534,1.2108937744936061,0.0,0.0,1,35162
1.3182285959998583,0.2306506956530377,0.0,0.0,3,35174
-0.743498554776776,0.22933122151789126,0.0,,1,35181
0.29134340692468624,-1.1868261192663745,0.0,1.0,0,35193
-0.039213961122121416,-0.014664825742608766,1.0,,1,35204
